player_id,current_player_id,player_name,position,historical_gsis_id,age,experience,career_stage,age_band,mapping_status,history_status,experience_source,source_state,source_percentile,state_percentile,prior1_coverage,prior2_coverage,league_y1_points,player_specific_scoring_multiplier,y2_candidate,y2_route_cell,y2_active_probability,y2_player_league_conditional_active_points,y2_player_league_expected_points,y2_standard_conditional_to_y1_ratio,y2_standard_expected_to_y1_ratio,y2_p_out,y2_p_depth,y2_p_usable,y2_p_starter,y2_p_premium,y2_p_elite,y2_player_league_mean_depth,y2_player_league_mean_usable,y2_player_league_mean_starter,y2_player_league_mean_premium,y2_player_league_mean_elite,y3_candidate,y3_route_cell,y3_active_probability,y3_player_league_conditional_active_points,y3_player_league_expected_points,y3_standard_conditional_to_y1_ratio,y3_standard_expected_to_y1_ratio,y3_p_out,y3_p_depth,y3_p_usable,y3_p_starter,y3_p_premium,y3_p_elite,y3_player_league_mean_depth,y3_player_league_mean_usable,y3_player_league_mean_starter,y3_player_league_mean_premium,y3_player_league_mean_elite
sleeper:player:10213,sleeper:10213,Tre Tucker,WR,00-0038563,24.485102363498225,3,developmental,prime,EXACT_NAME_POSITION,MAPPED_2025,PHASE2_ENTRY_SEASON,premium,0.5330578512396694,0.7386363636363636,1,1,106.353,1.3170650154798762,D1,WR|developmental,0.8054320208512259,99.17349892233965,79.8775116519069,0.9324936665852364,0.7510602583087161,0.1945679791487741,0.039713115378975296,0.06656080854077713,0.1454424532524993,0.34547007364537624,0.20824557003359795,9.263779561022533,21.5619496218738,45.7069132307255,96.43644218882768,183.00896831903918,D1,WR|developmental,0.6624133690169527,100.93663064619403,66.86177356356518,0.9490717765008418,0.6286778329108269,0.3375866309830473,0.046506516208918845,0.06788010372602069,0.124836254312944,0.23680113324888938,0.1863893615201798,10.299377362013551,22.481671368394302,43.556125339391286,99.65671225960953,192.18114697146538
sleeper:player:10218,sleeper:10218,Xavier Hutchinson,WR,00-0038618,25.251716325455007,3,developmental,prime,EXACT_NAME_POSITION,MAPPED_2025,PHASE2_ENTRY_SEASON,starter,0.17768595041322313,0.625,1,1,43.0505,1.285089552238806,D1,WR|developmental,0.6127051058310359,58.191542619613124,35.654255279221296,1.351704222241626,0.8281960785408136,0.3872948941689641,0.06452493220271976,0.10697721442173497,0.18867226757010505,0.2018631244211587,0.0506675672153174,5.246798296467961,17.9342590136967,40.39978857487513,88.2146649080209,157.2513097209718,D1,WR|developmental,0.4713569217445821,62.32305666672161,29.376404144139055,1.4476732364716232,0.6823708004352808,0.5286430782554179,0.05766541896053557,0.091931128878929,0.13450044523143967,0.1254391377711123,0.06182079090256556,7.025020267096953,18.56100615031215,36.769703769368476,92.43141550308832,173.48387832708244
sleeper:player:10219,sleeper:10219,Chris Rodriguez,RB,00-0038611,25.933455170195145,3,developmental,prime,EXACT_NAME_POSITION,MAPPED_2025,PHASE2_ENTRY_SEASON,premium,0.5449438202247191,0.85,1,1,119.758,1.0808483754512634,D1,RB|developmental,0.7589720147004992,97.14406560675451,73.72962718975594,0.8111697390299981,0.6156551310956758,0.24102798529950076,0.03680865747013684,0.0588368846295011,0.14139550187591243,0.3282428810420431,0.1936880896829058,10.214035538612876,19.472941467359846,38.08200041098156,90.21663642259472,192.11477012762782,D1,RB|developmental,0.5554378523292207,84.78074931367604,47.09043731765027,0.7079339110011527,0.3932132911175059,0.4445621476707793,0.0386504922091277,0.06833589082420949,0.1000550642681188,0.23236755514967203,0.11602884987809266,5.391351095412463,14.27578075184468,30.121929481254686,87.27284617102886,194.89360867722843
sleeper:player:10222,sleeper:10222,Jayden Reed,WR,00-0039146,25.344805163692616,3,developmental,prime,EXACT_NAME_POSITION,MAPPED_2025,PHASE2_ENTRY_SEASON,elite,0.731404958677686,0.2777777777777778,1,1,146.6105,1.275983463881636,D1,WR|developmental,0.8532873681398054,129.13488900721782,110.18916957599478,0.8808024596275016,0.751577612626618,0.14671263186019456,0.021233322962551007,0.036624166406437224,0.07108185067767055,0.2834005168568442,0.44094751123630244,5.477849643395045,16.910131773664798,40.961881903877966,90.71278132401727,183.31851206731946,D1,WR|developmental,0.71928581839706,117.35160154925461,84.40934276056129,0.8004310847398693,0.5757387278575634,0.28071418160294004,0.01895243324327372,0.04191682656447855,0.10372076253814412,0.24459749079052107,0.3100983052606425,3.9607388349348156,15.939121669766006,38.10213582452248,90.78359160100939,185.4532496803867
sleeper:player:10226,sleeper:10226,Andrei Iosivas,WR,00-0038619,25.881434937062362,3,developmental,prime,EXACT_NAME_POSITION,MAPPED_2025,PHASE2_ENTRY_SEASON,premium,0.359504132231405,0.26136363636363635,1,1,71.338,1.2796053811659192,D1,WR|developmental,0.7331109889010271,68.49054028315986,50.21116771735295,0.960084951682972,0.7038488283572985,0.2668890110989729,0.054822909756661715,0.09425741056797324,0.20068570472442543,0.286526181557069,0.09681878229489774,3.316053985244149,15.642040609809836,38.54560159533721,87.15412420274363,163.68212586967473,D1,WR|developmental,0.5401554954771844,73.73781440755307,39.8298856767165,1.0336400572983975,0.5583263572950812,0.45984450452281556,0.040410213245827144,0.07748706687072542,0.13603491768560683,0.19099702143714745,0.0952262762378776,3.5300408644412458,15.203138329412202,34.34526763956335,89.79275192524759,175.2340447919283
sleeper:player:10227,sleeper:10227,Payne Durham,TE,00-0039050,25.213385627357166,3,developmental,prime,EXACT_NAME_POSITION,MAPPED_2025,PHASE2_ENTRY_SEASON,usable,0.0234375,0.75,1,1,15.178,1.45244019138756,D1,TE|developmental,0.5436599537852287,38.345543061859516,20.846936168880042,2.5263897128646406,1.3734969145394678,0.4563400462147713,0.1352166280273351,0.16761007625393423,0.15959618031792078,0.06612162567644357,0.015115443509595006,17.79203798152433,28.897621602941378,42.40646657750011,76.06673815012701,119.08732633453498,D1,TE|developmental,0.4119092805077036,47.49326208257675,19.562915413397988,3.12908565572386,1.288899421096191,0.5880907194922964,0.07419213773883733,0.11720252175145833,0.12122448965866756,0.07342284404575886,0.025867287312981564,21.954238913512725,29.628152120933247,39.96525633272262,81.47850536416618,140.50325081035203
sleeper:player:10229,sleeper:10229,Rashee Rice,WR,00-0039067,25.361232605734546,3,developmental,prime,EXACT_NAME_POSITION,MAPPED_2025,PHASE2_ENTRY_SEASON,elite,0.9049586776859504,0.7444444444444445,1,1,199.6955,1.293783608681568,D1,WR|developmental,0.878746899431275,167.9727106702058,147.60549869051002,0.841144195388508,0.739152853672266,0.12125310056872496,0.013437542597682725,0.020067803723824735,0.03624049484812378,0.1950437245434144,0.6139573337182294,15.02875204786846,26.18297374255515,51.16088776681127,102.11001293685815,203.7732826369378,D1,WR|developmental,0.7666763490253026,147.66642293744437,113.21235401130603,0.7394579393999582,0.5669249132369334,0.23332365097469743,0.018088615961220387,0.03095088717437202,0.0696056556750392,0.20296643984589066,0.4450647503687803,11.017473519290522,23.31743438436677,47.38075603339908,99.20557953430722,199.65183926268742
sleeper:player:10231,sleeper:10231,Elijah Higgins,TE,00-0039041,24.846506088420707,3,developmental,prime,EXACT_NAME_POSITION,MAPPED_2025,PHASE2_ENTRY_SEASON,starter,0.1953125,0.9545454545454546,1,1,35.158,1.4262880324543612,D1,TE|developmental,0.7113257065598848,50.52988471325122,35.943205946042944,1.4372229567452988,1.0223336351909365,0.2886742934401152,0.06462781896400831,0.10195804791155369,0.23267012156384842,0.22936008146346207,0.08270963665701234,8.997882014630674,19.866378411600646,33.5412489475868,68.57985683535642,118.51856288917115,D1,TE|developmental,0.5969657040185126,61.220129602279286,36.546317768129235,1.7412858980112431,1.0394879620037896,0.40303429598148743,0.05852470037216407,0.09697942175726113,0.18707752555187115,0.16052521639214237,0.09385883994507387,18.11551007680568,25.89919330875109,35.863939213915586,79.93778225627958,143.11978910366662
sleeper:player:10232,sleeper:10232,Michael Wilson,WR,00-0038559,25.52276911914687,3,developmental,prime,EXACT_NAME_POSITION,MAPPED_2025,PHASE2_ENTRY_SEASON,premium,0.5909090909090909,0.8977272727272727,1,1,125.0955,1.3174881516587678,D1,WR|developmental,0.7815505279508718,108.10584382273007,84.49017931422918,0.8641865120866064,0.6754054247693096,0.21844947204912823,0.026466142707274234,0.05637105002054926,0.11292518137824388,0.33672429693481826,0.24906385690998614,7.874519666663878,20.077380208320815,44.40424881383171,95.48154893329378,184.6300520413005,D1,WR|developmental,0.6227571644191878,100.91575282309726,62.8460080733397,0.8067096963767463,0.5023842430250465,0.3772428355808122,0.040813153098635375,0.05610616535110368,0.1361423469106376,0.20813063610645588,0.1815648629523553,8.827694387802548,21.075203898950964,42.48147459079252,98.6239980670786,192.73040765119907
sleeper:player:10235,sleeper:10235,Roschon Johnson,RB,00-0039021,24.58366701574981,3,developmental,prime,EXACT_NAME_POSITION,MAPPED_2025,PHASE2_ENTRY_SEASON,usable,0.028089887640449437,0.625,1,1,9.208,1.0832941176470587,D1,RB|developmental,0.5159915458399882,28.670612007943877,14.793793410157488,3.1136633370920808,1.6066239585314388,0.4840084541600118,0.14798776563513028,0.17838298602805838,0.1282893810306296,0.051922784203684104,0.009408628942485816,8.28983251939057,17.628567932070734,35.358841505613064,82.99473142212362,167.59951107144857,D1,RB|developmental,0.34398419816452286,31.966476215635296,10.995962689180597,3.471598198917821,1.1941749228041485,0.6560158018354771,0.08124263898808247,0.11889143060757865,0.08005528013263284,0.05011529309584665,0.013679555340382198,5.752883003270707,14.086451115608593,30.506930371645602,79.93481304385521,175.855681408153
sleeper:player:10236,sleeper:10236,Dalton Kincaid,TE,00-0038933,25.873221216041397,3,developmental,prime,EXACT_NAME_POSITION,MAPPED_2025,PHASE2_ENTRY_SEASON,elite,0.8046875,0.5192307692307693,1,1,121.548,1.3161667569030862,D1,TE|developmental,0.9276368844499713,110.49166435452891,102.49614327952713,0.9090372885981579,0.8432565182440446,0.07236311555002872,0.012035651992242042,0.020316519819217223,0.0544634383845618,0.2452026147789363,0.5956186594750139,9.109236662336915,17.78293804292717,32.40090901072397,67.2095868040802,140.66145779199536,D1,TE|developmental,0.847007951253254,102.19327676186766,86.5585179819263,0.8407647740963872,0.7121344487932858,0.152992048746746,0.018693551638761432,0.03139232974619095,0.08782519294530436,0.22474448630417432,0.48435239061882296,7.631401576720194,15.403192641949866,29.377367430164586,66.73652302178012,141.12365429960826
sleeper:player:10859,sleeper:10859,Sam LaPorta,TE,00-0039065,24.63568724888259,3,developmental,prime,EXACT_NAME_POSITION,MAPPED_2025,PHASE2_ENTRY_SEASON,elite,0.9140625,0.7884615384615384,1,1,145.863,1.3394214876033057,D1,TE|developmental,0.9290811106051008,117.69315023566303,109.34648273156279,0.8068746031252821,0.749651952390687,0.07091888939489921,0.01211466277106392,0.017932618605444147,0.0448838925537469,0.1840761350715994,0.6700738016032465,4.097891959615121,12.622225978413697,27.89300031533625,63.589833953765826,143.4366946816957,D1,TE|developmental,0.8643332742041144,104.05074423926243,89.9345204516966,0.7133457027434129,0.6165684268916489,0.13566672579588557,0.01687708258546318,0.028456388474237943,0.08389235279167334,0.21291807572467827,0.5221893746280617,2.902346786520276,10.909154854170845,26.243215965721493,63.02766102734519,141.62250768498257
sleeper:player:10871,sleeper:10871,Luke Schoonmaker,TE,00-0038547,26.92731541373197,3,developmental,prime,EXACT_NAME_POSITION,MAPPED_2025,PHASE2_ENTRY_SEASON,starter,0.1484375,0.6818181818181818,1,1,29.2005,1.4106521739130435,D1,TE|developmental,0.617766620324869,38.27848478899676,23.647170179255433,1.310884566668268,0.8098207283866863,0.38223337967513105,0.08849179426202776,0.1476441369638737,0.21759544171037187,0.13422129527327192,0.029813952115323682,9.372145568101729,20.176005300744624,33.56677772590432,67.83082958589274,115.0677262119113,D1,TE|developmental,0.44459123801850153,45.33480697851325,20.15545795990701,1.5525352983172636,0.6902435903462958,0.5554087619814985,0.06708552158831677,0.09734954696023229,0.15941888963197462,0.08919928994394903,0.03153798989402887,16.659012036754955,24.2984943975469,34.009976023181416,77.21795302274012,138.33515854810545
sleeper:player:11199,sleeper:11199,Emari Demercado,RB,00-0038705,26.615194014935284,3,developmental,prime,EXACT_NAME_POSITION,MAPPED_2025,PHASE2_ENTRY_SEASON,starter,0.11797752808988764,0.34210526315789475,1,1,22.588,1.1237810945273632,D1,RB|developmental,0.5005932935933386,47.31796887470458,23.687057885135445,2.0948277348461386,1.0486567152973014,0.4994067064066614,0.07465632323975802,0.11251173860851058,0.17945515697598435,0.11259268965709034,0.021377385111995325,9.807896942272821,19.73320292345456,38.15957248669561,89.21645895525425,179.7023455002919,D1,RB|developmental,0.303159280307692,44.847020128542944,13.595790346113656,1.98543563522857,0.6019032382731386,0.696840719692308,0.04801721697221639,0.06775252150982537,0.09920618010346999,0.06504591619780115,0.023137445524379116,3.719583500440385,12.51228430276184,28.3658994181912,83.89994684102685,185.76061236054505
sleeper:player:11201,sleeper:11201,Blake Whiteheart,TE,00-0038710,25.44610772295119,3,developmental,prime,EXACT_NAME_POSITION,MAPPED_2025,PHASE2_ENTRY_SEASON,starter,0.0390625,0.045454545454545456,1,1,16.7705,1.4841150442477873,D1,TE|developmental,0.6100336829147227,32.569171580764205,19.86829168889511,1.942051315152453,1.1847167161918317,0.3899663170852773,0.12204002281611268,0.18572498350070518,0.19897614761152366,0.09066293954335121,0.01262958944302999,9.85658059813428,21.19932228282005,35.04229584377951,69.6193958950299,114.30858315584557,D1,TE|developmental,0.45329981773583894,34.523505987618854,15.64949897178977,2.058585372387159,0.9331563740967636,0.5467001822641611,0.09337621251527764,0.10739275255378772,0.15856445952257064,0.07409567890562908,0.019870714238573835,10.881071131574174,18.74551770522848,29.297077651152737,72.01115462615049,132.8156759323688
sleeper:player:11237,sleeper:11237,Jacob Saylors,RB,00-0038896,25.484438421049028,3,developmental,prime,EXACT_NAME_POSITION,MAPPED_2025,PHASE2_ENTRY_SEASON,starter,0.09550561797752809,0.23684210526315788,1,0,20.8905,1.09088772845953,D1,RB|developmental,0.6396533614089263,30.202385104989517,19.319057154973432,1.4457473542992998,0.924777154925609,0.36034663859107374,0.16077006893882195,0.2320719474518138,0.17375153865655507,0.06329102921919927,0.009768777142536166,9.098156295495311,18.775405632172394,36.6007861995271,86.0908983532812,173.0898847226045,D1,RB|developmental,0.42010998206639927,27.40596704782686,11.513520324974872,1.3118866014612796,0.5511366566130477,0.5798900179336007,0.10311684280235686,0.12797805175549254,0.13089537075315227,0.0455589693086669,0.012560747446730726,3.707531517704607,12.225046954639843,27.4640884716786,81.48559310268348,179.87400987282425
sleeper:player:11256,sleeper:11256,Tyson Bagent,QB,00-0038416,25.232550976406085,3,developmental,prime,EXACT_NAME_POSITION,MAPPED_2025,PHASE2_ENTRY_SEASON,usable,0.28688524590163933,0.34615384615384615,1,1,7.7305,1.0212021136063407,D1,QB|developmental,0.4561457614252361,34.9901236079627,15.960596575517277,4.526243271193675,2.0646266833344904,0.5438542385747639,0.16930750879061646,0.15978426753703925,0.08151074968122148,0.029873074700309935,0.015670160716049004,11.14175970318471,21.344390810143846,45.3168865778635,104.7681883220196,245.0615472584711,D1,QB|developmental,0.3829575737032226,52.779746197651,20.212403544524317,6.827468623976587,2.6146308187729534,0.6170424262967774,0.10400119896199342,0.1111836078306105,0.0854953344181877,0.046468314181147885,0.03580911831128319,9.868661686943069,16.415081048565145,47.407683462658,97.9409657337924,244.53759426427985
sleeper:player:11292,sleeper:11292,Tommy DeVito,QB,00-0038476,27.069686578095375,3,developmental,prime,EXACT_NAME_POSITION,MAPPED_NO_2025_ROW,PHASE2_ENTRY_SEASON,depth,0.040983606557377046,0.19230769230769232,0,0,3.4255,1.2277777777777779,D1,QB|developmental,0.31227432932091803,35.80536352128848,11.181095879702024,10.452594809893,3.2640770339226455,0.687725670679082,0.13988845364321809,0.10402998194715178,0.030995025181631924,0.013199140168587102,0.024161728380329185,2.0625348082347905,14.622981982439773,42.80802651262192,112.64955498163252,271.40564176768794,D1,QB|developmental,0.37566966585525474,53.62734322953959,20.146166111746197,15.655333011104828,5.88123372113449,0.6243303341447453,0.10128357718354582,0.15575663857902294,0.037670273415631436,0.04310354554275008,0.03785563113430441,6.611455327156187,14.22144436082062,50.62907566377263,110.15342676158983,280.1759000839412
sleeper:player:11370,sleeper:11370,Chris Brooks,RB,00-0038685,25.640499120447373,3,developmental,prime,EXACT_NAME_POSITION,MAPPED_2025,PHASE2_ENTRY_SEASON,starter,0.1404494382022472,0.4473684210526316,1,1,27.588,1.2343624161073825,D1,RB|developmental,0.6428421874144978,42.304062228974296,27.19483589979287,1.5334225833324016,0.9857487277001911,0.35715781258550217,0.11945140924067085,0.19413433255645227,0.21443797926416364,0.0995494851028096,0.015268981250401499,10.6062292649729,21.500947104231294,41.78843109499844,98.08398980014293,198.34967377449553,D1,RB|developmental,0.4299520631873409,37.03699843100195,15.924133889675595,1.3425039303683466,0.5772123346989849,0.5700479368126591,0.08829157379934874,0.12627867213186672,0.13355377682662228,0.06463760759867505,0.017190432830828137,4.45046154358991,14.135880653882314,31.54174663103791,92.87980508364437,205.35187491146897
sleeper:player:11435,sleeper:11435,Emanuel Wilson,RB,00-0038797,26.319500058180523,3,developmental,prime,EXACT_NAME_POSITION,MAPPED_2025,PHASE2_ENTRY_SEASON,usable,0.016853932584269662,0.375,1,1,8.363,1.130135135135135,D1,RB|developmental,0.4190030335855035,35.6528382473617,14.938647381577816,4.2631637268159395,1.7862785342075593,0.5809969664144965,0.0863128173821242,0.10713657966015189,0.1509910242993917,0.06483745335427109,0.00972515888956458,7.155132528446195,16.852050339955717,35.353192333390616,84.79129950495299,172.74062773943353,D1,RB|developmental,0.2487676431506174,40.5897208768823,10.097409198683422,4.8534880876339,1.2073907926202825,0.7512323568493826,0.04267576236127677,0.07252866226275198,0.061370162827210445,0.053773084591677504,0.018419971107700713,1.9477089706485393,10.620216001078946,27.967906679630804,78.81718355800204,178.57688750775577
sleeper:player:11559,sleeper:11559,Michael Penix,QB,00-0039917,25.31742609362273,2,developmental,prime,EXACT_NAME_POSITION,MAPPED_2025,PHASE2_ENTRY_SEASON,premium,0.4672131147540984,0.16666666666666666,1,1,104.9655,1.0487111599560397,D1,QB|developmental,0.8246187212465678,109.52032463808797,90.31251005356907,1.0433935401449805,0.8604018468312832,0.17538127875343223,0.06399474728281766,0.1050133467394807,0.19896104657260485,0.22376154689092806,0.2328880337607365,1.2099652309840643,12.6759005158776,37.06603626702766,102.96016676601488,251.1538072697922,D1,QB|developmental,0.7513962156945031,127.87429087810297,96.0842582504247,1.2182506716788177,0.9153889444667503,0.2486037843054969,0.06675521365101529,0.0965122515655446,0.13924520439016713,0.2007459922507478,0.2481375538370283,9.282540072206821,16.379635981851592,43.6231160676921,109.71819465369671,265.1108877810357
sleeper:player:11560,sleeper:11560,Caleb Williams,QB,00-0039918,23.786936076716152,2,developmental,young,EXACT_NAME_POSITION,MAPPED_2025,PHASE2_ENTRY_SEASON,elite,0.8934426229508197,0.7833333333333333,1,1,311.778,1.0326510333863275,D1,QB|developmental,0.9541511733450486,268.50220731662523,256.19169615689344,0.8611967724362374,0.8217119109010047,0.04584882665495138,0.0053763581730508735,0.014817104463475898,0.020590763831486537,0.07736145453127181,0.8360054923457635,28.763502203926564,39.429641970317846,64.47920061334302,131.112438532105,291.8426941361954,D1,QB|developmental,0.9373987819798968,254.0972077125797,238.19041301426503,0.8149940268799585,0.7639744081181643,0.06260121802010321,0.011682508803268082,0.03331434086295126,0.0262803529052582,0.08897241645021484,0.7771491629582045,25.343077600299953,32.676315274194934,61.60228361767019,126.239253785926,288.1750657955792
sleeper:player:11562,sleeper:11562,Spencer Rattler,QB,00-0039376,24.925905391623374,2,developmental,young,EXACT_NAME_POSITION,MAPPED_2025,PHASE2_ENTRY_SEASON,usable,0.22131147540983606,0.038461538461538464,1,1,5.718,1.0284172661870503,D1,QB|developmental,0.40156382716953576,32.76476459879534,13.157144268601176,5.730109233787224,2.3010045940190937,0.5984361728304642,0.04988980137267732,0.1334121038387495,0.1394206333574365,0.059123872165852236,0.019717416434820324,0,1.3891421060549616,25.405126441869573,84.81153783669741,223.93555322016888,D1,QB|developmental,0.37697081343400685,49.2638078917053,18.571017733792793,8.615566262977493,3.247817022349212,0.6230291865659932,0.03940635819348824,0.15018120792095754,0.0625167314465154,0.07920995639846196,0.04565655947458375,0,0,29.98582127149511,80.25099649043956,226.46744266778657
sleeper:player:11563,sleeper:11563,Bo Nix,QB,00-0039732,25.517293305132892,2,developmental,prime,EXACT_NAME_POSITION,MAPPED_2025,PHASE2_ENTRY_SEASON,elite,0.860655737704918,0.7166666666666667,1,1,308.8555,1.0414604127326679,D1,QB|developmental,0.961530041469184,252.9327126164982,243.2024016510547,0.8189354329662195,0.7874310208205931,0.03846995853081603,0.012083714121566216,0.01466467328688029,0.030847395072253727,0.09127723619721331,0.8126570227912704,18.61525136196354,29.46227321444638,54.623219349193086,121.82423204233085,282.70307890179964,D1,QB|developmental,0.9342065363495495,247.07827007001916,230.82213488935116,0.7999801527575814,0.7473466876560436,0.06579346365045047,0.021882883311111732,0.022331850916295064,0.03534307689823388,0.07184908414715728,0.7827996410767516,16.01078232616475,23.38729010154272,52.21610329834649,117.91396761635387,280.572437021567
sleeper:player:11564,sleeper:11564,Drake Maye,QB,00-0039851,23.006632579724428,2,developmental,young,EXACT_NAME_POSITION,MAPPED_2025,PHASE2_ENTRY_SEASON,elite,0.9262295081967213,0.85,1,1,328.3805,1.0356392708464741,D1,QB|developmental,0.9594525829217428,284.93097243811525,273.3777574601536,0.86768542114442,0.8325030184805541,0.04054741707825715,0.0046588706269729725,0.012438095362856765,0.015102273022015925,0.059079875228257764,0.8681734686816395,38.018263114126725,48.64507042446049,73.85858934501698,140.7477692243242,303.1246629085082,D1,QB|developmental,0.9469544098163035,268.0533498298631,253.83430168742117,0.8162888777800849,0.7729883524978529,0.05304559018369648,0.011104416392320692,0.027018245414291073,0.022594983970802195,0.07587710100036309,0.8103596630385265,32.72201684405642,40.099109807256845,69.36699751081066,133.9041594632952,296.9791569663247
sleeper:player:11565,sleeper:11565,J.J. McCarthy,QB,00-0039923,22.615111877725074,2,developmental,young,EXACT_NAME_POSITION,MAPPED_2025,PHASE2_ENTRY_SEASON,usable,0.30327868852459017,0.4230769230769231,1,0,8.263,1.0787206266318539,D1,QB|developmental,0.49184551842974455,80.47617075832616,39.581843927869585,9.739340525030396,4.7902509896973955,0.5081544815702554,0.04366048935847125,0.12273143687254472,0.1640463250363428,0.11244718764491453,0.04896007951747129,18.48164225843251,29.21335718364034,54.58854608343753,117.39193824568632,266.2186321219127,D1,QB|developmental,0.5032369651744906,109.29458251895146,55.00107401685006,13.226985661255167,6.656308122576553,0.49676303482550943,0.045674175405998454,0.1475293006971959,0.07173295718610816,0.12515418869923384,0.11314634318595422,22.670207346037365,29.595515213278833,62.50758293810308,115.63449654340074,270.83005153111156
sleeper:player:11566,sleeper:11566,Jayden Daniels,QB,00-0039910,24.704134924057303,2,developmental,young,EXACT_NAME_POSITION,MAPPED_2025,PHASE2_ENTRY_SEASON,elite,0.9590163934426229,0.9166666666666666,1,1,333.7555,1.0356072359438997,D1,QB|developmental,0.920710036587603,272.11505838777816,250.53906536424893,0.8153125817785121,0.7506664769996269,0.07928996341239702,0.012944074532672259,0.017735946399124684,0.018013579149038034,0.07128735846896377,0.8007290780378042,31.63701831281818,42.173097183572615,67.48810962546835,134.37257910652085,297.9619593873373,D1,QB|developmental,0.8961904593861268,246.79386092788906,221.1743035986408,0.7394450755954256,0.6626836219886738,0.10380954061387315,0.011525738453461892,0.027400368828251358,0.033111706494295456,0.12129231554681616,0.702860330063302,23.88995945015332,31.285821891433898,60.899215904816174,124.91614582507067,288.64036978453913
sleeper:player:11570,sleeper:11570,Rasheen Ali,RB,00-0039796,24.539860503637993,2,developmental,prime,EXACT_NAME_POSITION,MAPPED_2025,PHASE2_ENTRY_SEASON,starter,0.10674157303370786,0.2894736842105263,1,1,24.7755,1.2837046632124351,D1,RB|developmental,0.7070190744660355,42.166652825954664,29.812627854337105,1.701949620631457,1.203310845566673,0.2929809255339645,0.1462735049534084,0.22740992614442035,0.22758832354698855,0.09236032135128766,0.013386998469930507,12.595424190862744,23.946176095736273,44.96491589447202,103.20604499359686,206.09695089836134,D1,RB|developmental,0.5206791217071666,37.86005346769092,19.712939387343674,1.5281246985001682,0.7956626258740963,0.47932087829283343,0.114965212744094,0.15588217862330314,0.1646851519322464,0.06697350706828815,0.01817307133923484,6.958636295157756,16.989969411148977,35.06346804588207,98.42960575069966,214.48748574560804
sleeper:player:11571,sleeper:11571,Isaiah Davis,RB,00-0039798,23.526834911052244,2,developmental,prime,EXACT_NAME_POSITION,MAPPED_2025,PHASE2_ENTRY_SEASON,starter,0.1853932584269663,0.6578947368421053,1,1,35.9905,1.2518434782608694,D1,RB|developmental,0.7469081563857729,58.543369362266596,43.726520078981885,1.626633955134455,1.214946168543974,0.2530918436142271,0.09812296023089052,0.17476395408626463,0.26252974163090004,0.1785233004012456,0.0329682000364721,14.94239028348319,26.006333902883966,46.66251751837768,104.28711692524989,207.69650114162036,D1,RB|developmental,0.6034668850664279,51.46055009976168,31.054737872508035,1.4298370431019765,0.8628593065533415,0.39653311493357213,0.10570748397763265,0.1615495521851221,0.18181577142940755,0.12022703053156024,0.03416704694270533,10.849044043315969,20.732755019301898,38.23998548620953,101.47456727212806,216.75642874217286
sleeper:player:11575,sleeper:11575,Ray Davis,RB,00-0039875,25.782870284810777,2,developmental,prime,EXACT_NAME_POSITION,MAPPED_2025,PHASE2_ENTRY_SEASON,premium,0.33707865168539325,0.23333333333333334,1,1,59.533,1.1350428979980933,D1,RB|developmental,0.8042620087751646,54.870042503792085,44.12989060567848,0.9216744075351837,0.7412677104409064,0.19573799122483537,0.08686202239654273,0.16072925793493184,0.2842351512540733,0.22414282411976122,0.048292753069855546,8.787613701173324,18.707719425877023,37.76975464201223,91.13332856953221,190.44947122323458,D1,RB|developmental,0.5855990600137565,50.58989818305431,29.62539682218825,0.8497790835848069,0.49762983256661436,0.4144009399862435,0.0754259273436132,0.11358058161047811,0.19829242382722115,0.15170591438092004,0.046594212851523986,3.256449384889487,12.37673593952071,28.492818697659434,87.17192936084165,195.29489502844592
sleeper:player:11576,sleeper:11576,Braelon Allen,RB,00-0039794,21.615775820174267,2,developmental,young,EXACT_NAME_POSITION,MAPPED_2025,PHASE2_ENTRY_SEASON,premium,0.4438202247191011,0.55,1,1,72.458,1.0879579579579581,D1,RB|developmental,0.8051121681804699,98.10322045077955,78.98409652261374,1.3539322152250897,1.0900673013692586,0.19488783181953007,0.04839070405004419,0.08835281442968405,0.1615535464431468,0.30867643276722223,0.19813867049037268,17.103180422398257,26.42106335688229,44.978793960199795,96.50527591345184,195.6543777423313,D1,RB|developmental,0.6897701393952913,92.0130048214838,63.4678231618945,1.269880549028179,0.8759256833185362,0.3102298606047087,0.03937667874679752,0.07723867096349683,0.16098279430767126,0.2675668547704438,0.14460514060688193,14.721281956594293,23.54953103484406,39.6646353758495,95.4939759359399,201.46494613977896
sleeper:player:11577,sleeper:11577,Will Shipley,RB,00-0039746,23.009370486731417,2,developmental,prime,EXACT_NAME_POSITION,MAPPED_2025,PHASE2_ENTRY_SEASON,starter,0.07303370786516854,0.13157894736842105,1,1,21.6855,1.2081058495821728,D1,RB|developmental,0.740583140247855,42.58468563676662,31.53750021534435,1.963740086083633,1.4543127995824099,0.259416859752145,0.17343266459110862,0.24509321024373987,0.22871892336713875,0.0821323408472555,0.011206001198612266,17.455182936299444,28.20821610653443,47.88662583519558,102.57839606150696,198.0169155838019,D1,RB|developmental,0.589214546720965,39.70018750479341,23.391927985374167,1.8307250238543455,1.078689815101066,0.41078545327903504,0.13659920030659511,0.17275933421292225,0.19261410447372707,0.06891886784646119,0.018323039881259332,12.28232540780443,21.69333584964654,38.4514990137929,98.27593725307804,206.68396416839835
sleeper:player:11581,sleeper:11581,MarShawn Lloyd,RB,00-0039811,24.654852597931512,2,developmental,prime,EXACT_NAME_POSITION,MAPPED_NO_2025_ROW,PHASE2_ENTRY_SEASON,elite,0.6685393258426966,0.18055555555555555,0,0,163.5905,1.103477234401349,D1,RB|developmental,0.8864267343763935,151.34461835572876,134.15591581451025,0.9251430758860005,0.8200715555885595,0.11357326562360648,0.04914926545699896,0.08716751277503644,0.02996567288287899,0.15310203473792336,0.5670422485235558,13.124592538697755,22.364573791952623,41.69365253172884,95.39850557328394,204.05235076236272,D1,RB|developmental,0.7335587177613621,119.83863892241153,87.90867830619106,0.7325525560617,0.537370313717429,0.26644128223863794,0.03539635071008836,0.06029609135320605,0.10447180408296919,0.2195669870761227,0.31382748453897574,6.0541989907263485,15.228000826517205,32.141016336466706,90.12863358934665,202.7518094271642
sleeper:player:11583,sleeper:11583,Jonathon Brooks,RB,00-0039344,22.116812802453165,2,developmental,prime,EXACT_NAME_POSITION,MAPPED_NO_2025_ROW,PHASE2_ENTRY_SEASON,elite,0.6573033707865169,0.1527777777777778,0,0,164.743,1.1116261808367072,D1,RB|developmental,0.9286863475748341,155.26388261833853,144.19144805911256,0.9424611826805299,0.8752508334746397,0.07131365242516585,0.054466224342044886,0.10263836757667222,0.03189294572846954,0.16826605755053334,0.5714227523771142,20.15172335165787,29.49666573458072,48.9290075993222,103.04273221909709,212.04490923138675,D1,RB|developmental,0.8450088422785818,129.08166352304718,109.07514705300353,0.7835335250848121,0.6620927569183731,0.15499115772141825,0.041273143505178335,0.07240288236151923,0.12035879397249333,0.24122294834356545,0.3697510740958254,13.731162384996756,22.966347371819687,39.86167574091915,98.50791801469688,211.72491689227485
sleeper:player:11584,sleeper:11584,Bucky Irving,RB,00-0039361,23.036749556801304,2,developmental,prime,EXACT_NAME_POSITION,MAPPED_2025,PHASE2_ENTRY_SEASON,elite,0.7808988764044944,0.4583333333333333,1,1,204.538,1.1074066053059015,D1,RB|developmental,0.9343602564923396,152.7037921759551,142.68035442487832,0.7465790815200848,0.6975738221009217,0.06563974350766044,0.01924269330446131,0.02650141108621825,0.07690085084554293,0.3153924970604303,0.49632280419568675,17.78332320489679,26.832855688741994,46.54784353662965,100.78552717691387,214.09550013849744,D1,RB|developmental,0.8679708593635763,132.81259317931958,115.27746063615906,0.6493296755581828,0.563599236504508,0.13202914063642368,0.024171070270176193,0.04905866495384038,0.11284524376433033,0.3143616008793779,0.3675342794958515,13.395056909636457,22.690567827311334,40.46209673634788,97.9931129929179,213.50196741449787
sleeper:player:11586,sleeper:11586,Blake Corum,RB,00-0039738,24.76710678521804,2,developmental,prime,EXACT_NAME_POSITION,MAPPED_2025,PHASE2_ENTRY_SEASON,premium,0.5786516853932584,0.95,1,1,122.1455,1.0630591818973019,D1,RB|developmental,0.8370612338819765,106.66888290014907,89.28838673721086,0.873293595753827,0.7310002148029265,0.1629387661180235,0.026665929930095412,0.04970282511449598,0.1307293676750943,0.38767369415782155,0.24228941700446927,13.214863828576146,22.238279032865165,40.64241655311371,91.95623924555197,193.4402377297394,D1,RB|developmental,0.6847752796747082,89.23306042466383,61.10459390852931,0.7305472606413158,0.500260704721249,0.3152247203252918,0.04170004882871244,0.08565246278625864,0.1061776423459069,0.3089237231687721,0.1423214025450581,9.147166301238183,17.907633960895552,33.80486307825176,89.60911149076877,196.15899059040242
sleeper:player:11597,sleeper:11597,Theo Johnson,TE,00-0039847,24.51248143356811,2,developmental,prime,EXACT_NAME_POSITION,MAPPED_2025,PHASE2_ENTRY_SEASON,premium,0.3828125,0.46,1,1,54.1655,1.3259608323133414,D1,TE|developmental,0.8329736344161918,60.42824640976257,50.33513603333712,1.115622424047827,0.9292840651953203,0.16702636558380823,0.040100904935381584,0.061797935657724984,0.18921598718885063,0.35885095988124166,0.1830078467529929,5.59507561638156,15.351853801645248,28.64539882003517,62.22430762009471,117.00392092919553,D1,TE|developmental,0.7163052522913971,72.3482624151192,51.823440362106155,1.3356889978883089,0.9567610446152285,0.2836947477086029,0.0475313705241797,0.06200634067630911,0.15585445975187223,0.26453564264272,0.18637743869631604,14.308888577411484,21.74079951477896,32.1671820079599,72.95044158057006,136.732542930809
sleeper:player:11599,sleeper:11599,Cade Stover,TE,00-0039359,25.22159934837813,2,developmental,prime,EXACT_NAME_POSITION,MAPPED_2025,PHASE2_ENTRY_SEASON,starter,0.1796875,0.8636363636363636,1,1,31.963,1.3777155172413793,D1,TE|developmental,0.5609171677423574,55.96807120931707,31.393451986732707,1.7510268500865709,0.9821810213913809,0.43908283225764255,0.062214912041604266,0.08613298588048396,0.1754124060477151,0.1660850340184006,0.0710718297541535,16.65877893334105,27.172875966947018,40.33944018626348,74.05112972670962,121.59140896079451,D1,TE|developmental,0.4468808805302028,61.97235146953755,27.694258993234143,1.9388778108918923,0.8664474233718408,0.5531191194697972,0.048046138515753053,0.0648872026523585,0.14764548581077414,0.12059012422171721,0.0657119293295999,21.519921916515525,29.019001796095974,38.6063126858735,81.0315289713885,141.6135266793484
sleeper:player:11600,sleeper:11600,Ja'Tavion Sanders,TE,00-0039356,22.434410015263833,2,developmental,prime,EXACT_NAME_POSITION,MAPPED_2025,PHASE2_ENTRY_SEASON,usable,0.0078125,0.25,1,1,13.1855,1.3593298969072165,D1,TE|developmental,0.6923601541986393,33.587115019165594,23.254380133756925,2.547276555243684,1.7636327885750958,0.3076398458013607,0.1398752904752831,0.1570242057999242,0.25397734427402585,0.12228705880877866,0.01919625484062747,10.584407814743251,20.98580648524335,33.59076844272867,64.93603744587752,104.52415042631186,D1,TE|developmental,0.6156561869118279,48.40723941881581,29.802216439516073,3.6712479176986705,2.260226494218352,0.3843438130881721,0.09149204900565529,0.1514372709081393,0.1625449845709474,0.15402661991492955,0.05615526251215635,18.2738803969628,25.435182766968524,35.10595517025104,73.72326684757093,128.51555044831966
sleeper:player:11603,sleeper:11603,AJ Barner,TE,00-0039793,23.33244351355606,2,developmental,prime,EXACT_NAME_POSITION,MAPPED_2025,PHASE2_ENTRY_SEASON,elite,0.6953125,0.25,1,1,108.3255,1.364301007556675,D1,TE|developmental,0.961885439695703,103.86792049967922,99.90904038011226,0.9588501368530882,0.9223039854892177,0.03811456030429705,0.01256977928075495,0.022380996812324815,0.07038109793730046,0.3279950337712042,0.5285585318941185,9.58055434852785,18.891027173299154,33.635693113517675,69.47601392331657,140.40206691470922,D1,TE|developmental,0.9227517012606762,103.69293521211821,95.68283237569517,0.9572347712414733,0.8832900136689437,0.07724829873932382,0.022906796455215806,0.03938494905947332,0.10264573919275888,0.27018990333638604,0.48762431321684213,11.39035006913419,19.34888937356072,32.65104194394759,72.763860827882,146.93342419883288
sleeper:player:11604,sleeper:11604,Brock Bowers,TE,00-0039338,22.719152343990636,2,developmental,prime,EXACT_NAME_POSITION,MAPPED_2025,PHASE2_ENTRY_SEASON,elite,0.9921875,0.9807692307692307,1,1,188.323,1.3543545487234807,D1,TE|developmental,0.9633548373337366,144.4210736166915,139.12873988157145,0.7668796356084573,0.7387772066161405,0.03664516266626339,0.007690535882529529,0.008187417200416627,0.014531095458587585,0.06286165782721036,0.8700841309649925,9.024128851080492,17.526877151936212,33.198339874388886,69.82223520241911,154.05899862453262,D1,TE|developmental,0.9324199111910771,134.34881446206106,125.26950964934146,0.713395679030501,0.6651843356857179,0.06758008880892286,0.012923017868932544,0.01621332164597506,0.02834514187443564,0.1093479636113955,0.7655904661903384,8.713462900109509,16.898450064149444,32.762268924661115,70.23252068025221,151.87557351450621
sleeper:player:11608,sleeper:11608,Isaiah Williams,WR,00-0039451,24.589142829763787,2,developmental,prime,EXACT_NAME_POSITION,MAPPED_2025,PHASE2_ENTRY_SEASON,starter,0.24380165289256198,0.9107142857142857,1,1,51.723,1.3194642857142855,D1,WR|developmental,0.6791534982602713,55.0766024428896,37.40546722137867,1.0648377403261529,0.7231882764220691,0.32084650173972873,0.0856369082097617,0.148265803146902,0.20496106037386788,0.19376658836794686,0.04652313816179284,6.016176217041837,18.905620188851028,42.184118693926415,91.57998046689683,165.4222341264603,D1,WR|developmental,0.5429686342773771,55.005604059198035,29.86631771362491,1.0634650747094723,0.577428179216691,0.45703136572262293,0.08901405677961857,0.12180988705723114,0.16549721555007135,0.11917022050847724,0.04747725438197874,8.42418095510396,20.334625748489138,39.50624662407778,96.41185547877795,181.38986653581983
sleeper:player:11610,sleeper:11610,Malik Washington,WR,00-0039880,24.865671437469626,2,developmental,prime,EXACT_NAME_POSITION,MAPPED_2025,PHASE2_ENTRY_SEASON,premium,0.4669421487603306,0.5568181818181818,1,1,99.833,1.3231676607024518,D1,WR|developmental,0.8034805048484072,84.28104998644183,67.71818059226013,0.8442203478453201,0.6783145912900557,0.19651949515159284,0.04788244475474541,0.07865042004823997,0.18013788681972162,0.34040695947605903,0.15640279374964114,4.450747460386204,17.011644689411387,41.01950744377938,91.90246987331362,175.78769877425708,D1,WR|developmental,0.6542155607651604,88.39882045770905,57.83188389671885,0.8854669343574675,0.579286246999678,0.3457844392348396,0.04739789088413122,0.08156819373450473,0.14170815423519872,0.23581306985042666,0.14772825206089907,6.47312824566165,18.6580325766034,39.05622571426665,96.44082142694236,187.6863568802186
sleeper:player:11618,sleeper:11618,Jalen McMillan,WR,00-0039855,23.734915843583373,2,developmental,prime,EXACT_NAME_POSITION,MAPPED_2025,PHASE2_ENTRY_SEASON,premium,0.49173553719008267,0.625,1,1,98.4305,1.2733570504527814,D1,WR|developmental,0.699211427722294,80.71614593267908,56.437651637829575,0.8200318593594371,0.5733756471604795,0.30078857227770595,0.05479163097260713,0.07664946227188836,0.1345712418396034,0.26260663404892454,0.17059245858927063,0.48798092411343,12.500841107580998,35.695279055991996,84.68917295554277,166.53277156907066,D1,WR|developmental,0.5565050881283784,84.2223884264102,46.87018769362192,0.8556533638090856,0.4761754506339186,0.4434949118716216,0.04345137530457999,0.057384480920214635,0.12837508944459614,0.2018873460952783,0.12540679636370933,4.90687607452417,16.6523407849322,36.5660090688352,91.41010869619814,179.83620478173094
sleeper:player:11620,sleeper:11620,Rome Odunze,WR,00-0039919,23.247568396339418,2,developmental,prime,EXACT_NAME_POSITION,MAPPED_2025,PHASE2_ENTRY_SEASON,elite,0.7892561983471075,0.43333333333333335,1,1,163.5455,1.2604662813102119,D1,WR|developmental,0.9293142428056004,150.5614750650011,139.9189231957258,0.9206090969485625,0.8555351458507009,0.07068575719439964,0.014638888722480547,0.02464527293873559,0.057205285418801315,0.2791346890512389,0.5536901066743442,16.410774344586923,27.57920816360139,51.52104077482622,100.88687152932258,194.85753479570226,D1,WR|developmental,0.8630679810898751,137.06883077296087,118.29971904556908,0.8381082376033634,0.7233443845631282,0.13693201891012485,0.020270251026748943,0.04425969644129498,0.09493408522579208,0.25956778302343597,0.44403616537260315,13.76616725761455,25.652156464561287,47.98696729752836,99.70870955524933,194.68808608938178
sleeper:player:11623,sleeper:11623,Jordan Whittington,WR,00-0039751,24.91769167060241,2,developmental,prime,EXACT_NAME_POSITION,MAPPED_2025,PHASE2_ENTRY_SEASON,starter,0.14049586776859505,0.4642857142857143,1,1,43.6155,1.337898773006135,D1,WR|developmental,0.6592644219493282,41.945880453330815,27.653426630220768,0.9617195825642447,0.6340275046765661,0.3407355780506718,0.10863774993122863,0.18029792541658368,0.2131933031706408,0.1338588772675162,0.023276566163358912,3.4165440463047503,16.75141879559264,39.993711305950335,89.75641376449532,159.85737313239858,D1,WR|developmental,0.5088839931559729,44.42633800963925,22.6078522876422,1.0185905930148513,0.518344448364508,0.4911160068440271,0.0858413896384316,0.14060524401727292,0.16234724925932703,0.09169784659667814,0.028392263644263224,5.719818815257336,17.70086525815604,36.17828344278249,94.81308722771998,178.23235049869368
sleeper:player:11624,sleeper:11624,Xavier Worthy,WR,00-0039894,22.34953489804719,2,developmental,prime,EXACT_NAME_POSITION,MAPPED_2025,PHASE2_ENTRY_SEASON,elite,0.6570247933884298,0.07777777777777778,1,1,129.9705,1.2735962763351298,D1,WR|developmental,0.9401510024974582,115.54025450587974,108.62528610251431,0.8889729169763888,0.8357687790884417,0.0598489975025418,0.021755266936641187,0.045284099029250686,0.13363789311678415,0.4050446172879592,0.33442912612682296,11.529388512147108,23.13099754900895,46.885295118576295,96.35033490708364,185.4956801364991,D1,WR|developmental,0.8820320631072541,112.61190017138182,99.32730663859205,0.866442001618689,0.764229626250511,0.11796793689274587,0.026732659469202696,0.07955547537659025,0.13526607482522665,0.33381612278154993,0.3066617306546846,11.316564008733959,23.208467126606244,44.63201407211368,97.95648168910812,190.5740691965086
sleeper:player:11625,sleeper:11625,Adonai Mitchell,WR,00-0039890,22.899854206451877,2,developmental,prime,EXACT_NAME_POSITION,MAPPED_2025,PHASE2_ENTRY_SEASON,premium,0.43388429752066116,0.4659090909090909,1,1,85.8155,1.277016369047619,D1,WR|developmental,0.8305257172310765,79.55197190430651,66.06995852297061,0.9270116925765918,0.769907050858768,0.1694742827689235,0.054877098870462555,0.08817234625584637,0.20335685842446677,0.34247574148602034,0.14164367219428045,7.0300179483242635,19.190459902087667,42.27374594749184,91.14198393795101,170.72085595975696,D1,WR|developmental,0.7130715429818273,85.18629576095339,60.74392335916932,0.9926679418164944,0.7078432609396825,0.2869284570181727,0.052485197366978834,0.09344772265226535,0.1637010430128145,0.25781524339323136,0.14562233655653725,9.731368325626159,21.45420043257582,41.0364807006841,96.20796901434552,183.3971998502487
sleeper:player:11626,sleeper:11626,Xavier Legette,WR,00-0039342,24.589142829763787,2,developmental,prime,EXACT_NAME_POSITION,MAPPED_2025,PHASE2_ENTRY_SEASON,premium,0.40082644628099173,0.375,1,1,80.848,1.3253770491803278,D1,WR|developmental,0.7804883940094897,76.55698049847454,59.75183475947022,0.9469248527913436,0.7390638576027883,0.21951160599051034,0.054041313617013864,0.08821278077041889,0.20070338498029497,0.31614986157261055,0.12138105306915141,4.311480313361521,16.986494878302143,40.84544350348652,91.36399960247145,172.497071184609,D1,WR|developmental,0.623275548622333,81.79409511626243,50.98025950765575,1.011702146203523,0.6305692102173925,0.37672445137766697,0.0461349474036783,0.08480612230039082,0.1492361010625403,0.22369404113947883,0.1194043367162448,5.985466212430286,18.11646268876691,38.26658642568776,95.4792722932827,185.07563102467097
sleeper:player:11627,sleeper:11627,Troy Franklin,WR,00-0039868,22.568567458606267,2,developmental,prime,EXACT_NAME_POSITION,MAPPED_2025,PHASE2_ENTRY_SEASON,starter,0.11983471074380166,0.375,1,1,42.433,1.3198444790046657,D1,WR|developmental,0.7155452129906871,68.06111992188272,48.70080855088826,1.6039667221710159,1.1477107098458337,0.2844547870093129,0.06500373363623012,0.11150550294497863,0.22938794192977097,0.25137383186200135,0.05827420261770602,12.031818357994661,25.256770373456337,48.10465929519746,97.18957129466631,165.37133710476388,D1,WR|developmental,0.6236222936227978,72.43222183194369,45.170348311032015,1.706978574033033,1.0645098935034527,0.37637770637720225,0.0697559568916548,0.11827036696798787,0.18003365118611728,0.17279647123578074,0.08276584734125704,14.688419157319679,26.492065889795832,44.4531802142665,102.68342718067662,184.44944987985792
sleeper:player:11628,sleeper:11628,Marvin Harrison,WR,00-0039849,23.05865281285721,2,developmental,prime,EXACT_NAME_POSITION,MAPPED_2025,PHASE2_ENTRY_SEASON,elite,0.6818181818181818,0.14444444444444443,1,1,139.138,1.2829691101890273,D1,WR|developmental,0.9298976998569936,130.59642488974336,121.44131511451897,0.9386107669345783,0.872811993233473,0.07010230014300645,0.018241767279637087,0.034934613478977444,0.0936485943244107,0.36088858406775814,0.4221841407062102,13.234014472143482,24.873142107902417,48.87837639100004,98.82483640058341,189.70116461886894,D1,WR|developmental,0.8624524856291574,123.14989540924378,106.21093340067307,0.8850917463902296,0.7633495766841054,0.13754751437084256,0.02263890726248802,0.059807547949415354,0.11874002126562629,0.3030320952392763,0.35823391391235143,11.63724816046586,23.641093351491655,45.386056390988706,99.03922790757744,192.98105027195714
sleeper:player:11629,sleeper:11629,Devontez Walker,WR,00-0039792,24.203097941778406,2,developmental,prime,EXACT_NAME_POSITION,MAPPED_2025,PHASE2_ENTRY_SEASON,starter,0.19421487603305784,0.6964285714285714,1,1,44.3955,1.2558840169731258,D1,WR|developmental,0.6693169929816789,52.60427305878018,35.20893386168989,1.1849010160664974,0.793074385054564,0.3306830070183211,0.08768686553179399,0.15594644436882626,0.19172441942779672,0.1885466463864399,0.045412617266822025,6.861983933368642,19.23893292566038,41.23873006209331,88.07305133647415,156.22607102216125,D1,WR|developmental,0.5470241511720675,51.98717749207017,28.438241639431297,1.171001058487238,0.6405658600405739,0.4529758488279325,0.08784312025964959,0.12100786556846647,0.17611317790092748,0.11634841026391037,0.04571157717911358,8.677847977214435,19.969232853798612,37.831407070023,92.29033709495718,171.92744834021929
sleeper:player:11631,sleeper:11631,Brian Thomas,WR,00-0039893,22.899854206451877,2,developmental,prime,EXACT_NAME_POSITION,MAPPED_2025,PHASE2_ENTRY_SEASON,elite,0.6735537190082644,0.12222222222222222,1,1,137.8405,1.2745307443365694,D1,WR|developmental,0.9349907430055865,127.15151592442056,118.88549034846065,0.9224539661740967,0.8624859192215688,0.06500925699441351,0.01858465856456178,0.036694783895996626,0.104389560200976,0.37938918254244086,0.3959325578016112,14.166319929696813,25.757961893487604,49.57303397184646,99.19513630574804,189.0942306197243,D1,WR|developmental,0.8711918277977176,120.5120972114784,104.98915424140411,0.8742865646270757,0.7616713102564494,0.12880817220228236,0.023673022501312792,0.06533593989821297,0.12176136090736224,0.31340796603927457,0.3470135384515551,11.994153670458399,23.913337739807307,45.40334698234692,98.87611992909022,191.9979241054754
sleeper:player:11632,sleeper:11632,Malik Nabers,WR,00-0039337,22.097647453404246,2,developmental,prime,EXACT_NAME_POSITION,MAPPED_2025,PHASE2_ENTRY_SEASON,elite,0.8636363636363636,0.6333333333333333,1,1,186.148,1.291797362942401,D1,WR|developmental,0.8980292729249982,163.51317475417335,146.83961743814848,0.8784041448426702,0.7888326355273678,0.10197072707500177,0.018128026912045975,0.024631711360151427,0.044219877430042256,0.21051451787371842,0.6005351393490401,16.396681346002623,27.63894936763685,52.43748747813682,103.19228770981272,202.85129276835758,D1,WR|developmental,0.8306216255877659,143.40460491300863,119.11496604961454,0.7703795093850518,0.6398938804049172,0.16937837441223413,0.02067690919582098,0.03586772419163955,0.08994708463462679,0.248611847961841,0.43551805960383755,14.458519942961916,26.703081280809887,50.34616464031426,102.48299647806026,201.7166681907632
sleeper:player:11635,sleeper:11635,Ladd McConkey,WR,00-0039915,23.806101425765075,2,developmental,prime,EXACT_NAME_POSITION,MAPPED_2025,PHASE2_ENTRY_SEASON,elite,0.7727272727272727,0.3888888888888889,1,1,164.063,1.2964282892137495,D1,WR|developmental,0.9340932932934598,146.3755768835044,136.72844466884266,0.8921912733736699,0.8333898847932968,0.0659067067065402,0.014213773363657273,0.02546721480908356,0.06297357731292409,0.3022736517782992,0.5291650760294957,12.006643170744974,23.537896859470717,48.10514658262914,98.83918177369003,194.74547995634143,D1,WR|developmental,0.8649751918574026,136.10018545816905,117.72328402850783,0.8295605069891996,0.7175492586903071,0.13502480814259743,0.020337363608213775,0.04760627339932681,0.09763569347857384,0.26291701172636084,0.4364788496449273,10.917558368070976,23.128356769665572,45.937982487812285,99.31499065540382,196.58090541719207
sleeper:player:11637,sleeper:11637,Keon Coleman,WR,00-0039901,22.294776757907417,2,developmental,prime,EXACT_NAME_POSITION,MAPPED_2025,PHASE2_ENTRY_SEASON,starter,0.15289256198347106,0.5178571428571429,1,1,41.738,1.2667071320182093,D1,WR|developmental,0.6879225505418604,63.61898328176679,43.764933242072985,1.524246089457252,1.0485632575128896,0.31207744945813964,0.07224424046247058,0.11273829053613027,0.21122265858763994,0.2319490327825195,0.059768328173100044,10.434489593053422,23.02119378026286,45.07231284198611,92.19627917226907,159.12440915268576,D1,WR|developmental,0.600615532058021,68.03421403476696,40.86240566064084,1.6300305245763325,0.979021650789229,0.399384467941979,0.07091240077386717,0.11253622430921603,0.17531767431543305,0.16413100895709956,0.07771822370240518,13.237588824940222,24.590468385424337,42.230884751830565,97.54268797768698,176.8282526631085
sleeper:player:11643,sleeper:11643,Jaylen Wright,RB,00-0039874,22.420720480228887,2,developmental,prime,EXACT_NAME_POSITION,MAPPED_2025,PHASE2_ENTRY_SEASON,premium,0.398876404494382,0.4166666666666667,1,1,70.173,1.1174044585987262,D1,RB|developmental,0.8241777648438975,80.58695229587751,66.41797421879812,1.148403977254464,0.9464890231114264,0.1758222351561025,0.06789030814054711,0.09878234000120366,0.23228305607266564,0.30623367919364697,0.11898838143583411,14.895522525306012,24.575497805285796,43.49697219137139,96.34446993108939,196.41881009924282,D1,RB|developmental,0.6975068117609916,79.45952834964399,55.42356228319231,1.13233762771499,0.7898132085444873,0.3024931882390084,0.06352360099401469,0.09165503516967652,0.18501810984371747,0.2475399560352804,0.10977010971830253,12.09624886018177,21.13105792762084,37.27391656691732,95.10813260958466,202.96039279054216
sleeper:player:11646,sleeper:11646,Jalen Coker,WR,00-0039491,23.838956309848935,2,developmental,prime,EXACT_NAME_POSITION,MAPPED_2025,PHASE2_ENTRY_SEASON,premium,0.5413223140495868,0.7613636363636364,1,1,107.818,1.311654501216545,D1,WR|developmental,0.7988760071144251,93.01124395653264,74.30445118874049,0.8626689788025436,0.6891655492472545,0.20112399288557492,0.04670004693453767,0.07081540054317172,0.1473847019719184,0.3287390409724793,0.20523681669231794,4.929152682325375,17.15852753149044,41.23129425182627,91.78603946331897,178.3727477077441,D1,WR|developmental,0.6689687868364809,95.22275859787959,63.70105329844659,0.8831805319879759,0.590820209041594,0.33103121316351913,0.0490153927764711,0.07092695964051231,0.13489649800825074,0.24076566454065554,0.1733642718705912,8.199222781283678,20.339442267146566,41.39169947897277,97.21761774851277,189.57937739615414
sleeper:player:11647,sleeper:11647,Kimani Vidal,RB,00-0039391,24.01144445128921,2,developmental,prime,EXACT_NAME_POSITION,MAPPED_2025,PHASE2_ENTRY_SEASON,premium,0.2752808988764045,0.05,1,1,51.9605,1.1020254506892897,D1,RB|developmental,0.7867223592692092,80.37567828349323,63.233343247052744,1.5468611403564865,1.2169502458031145,0.2132776407307908,0.06463908006019647,0.07237692559959535,0.22764380429542655,0.30237268823623936,0.11968986107775145,14.251898082676428,24.016067257369627,42.344504449116364,94.00261366603773,188.07455594704325,D1,RB|developmental,0.6129199083694526,70.32213431051996,43.10183611794823,1.3533767825659866,0.8295115735596892,0.38708009163054735,0.06180889195836775,0.07820761174978026,0.19884137313726466,0.1711835556233671,0.1028784759006729,7.617824240196666,16.425943133387786,31.590961809056175,89.04500536573308,192.67122721197762
sleeper:player:11655,sleeper:11655,Tyrone Tracy,RB,00-0039384,25.77465656378981,2,developmental,prime,EXACT_NAME_POSITION,MAPPED_2025,PHASE2_ENTRY_SEASON,starter,0.21910112359550563,0.8157894736842105,1,1,36.338,1.1427044025157234,D1,RB|developmental,0.5812017221505836,73.07531701794,42.47150009752657,2.0109889652138255,1.1687902498080953,0.41879827784941637,0.04116955265249118,0.06833564138202876,0.16900217457597086,0.2287024918159766,0.07399186172411623,8.69484308308739,18.74696408252463,37.68873074187704,90.46649700796924,186.1429138011187,D1,RB|developmental,0.40432412042019106,64.94840589442781,26.26020708595808,1.7873412376693216,0.7226651738113841,0.5956758795798089,0.04706640382807218,0.07247563572834356,0.09854390306251345,0.12807877440204715,0.0581594033992147,3.727548860784842,12.78107750145138,28.91348002189588,86.68068030655616,192.69877136413186
sleeper:player:1166,sleeper:1166,Kirk Cousins,QB,00-0029604,37.035668083533544,14,veteran,aging,DIRECT_ID,MAPPED_2025,PHASE2_ENTRY_SEASON,starter,0.4344262295081967,0.25,1,1,54.7655,1.086186037286791,D1,QB|veteran,0.4042807485337149,37.254308543332655,15.061199744004494,0.6802514090683486,0.2750125488492663,0.5957192514662851,0.07054717260282015,0.11920806115875217,0.1310831343887408,0.06083293744669077,0.022609442936710987,0,1.7330927180465838,27.116711271705764,93.97317556094626,246.94961828698675,D1,QB|veteran,0.22287465027584275,48.52594161572843,10.815202266911438,0.8860677181022436,0.19748203279275156,0.7771253497241573,0.04797802824420723,0.0603231342261796,0.05419535555484725,0.040322972134816046,0.02005516011579261,0,1.9022271858680322,31.627152419626363,95.71867357058395,255.63235365422594
sleeper:player:11783,sleeper:11783,Ryan Flournoy,WR,00-0039410,25.8485800529785,2,developmental,prime,EXACT_NAME_POSITION,MAPPED_2025,PHASE2_ENTRY_SEASON,premium,0.4256198347107438,0.4431818181818182,1,1,85.2805,1.2795273818454613,D1,WR|developmental,0.7640945113867011,77.91154657818397,59.5317851140397,0.9135915781237678,0.6980703104934856,0.23590548861329885,0.04591402101827065,0.07733052804077784,0.17585287850798276,0.32338827030541406,0.14160881351425583,2.5628226792165023,14.772260916140345,37.87072509114555,86.82588790430792,166.18753150375971,D1,WR|developmental,0.5891362659058565,81.34587466952645,47.923804849650615,0.9538625438350672,0.5619550172624529,0.41086373409414345,0.042244825874118624,0.07380439347014112,0.1321092645243689,0.21228057190043842,0.12869721013678947,3.661559260121295,15.400973256299663,34.92727011453242,90.33349549983302,177.48792960487955
sleeper:player:11834,sleeper:11834,Devaughn Vele,WR,00-0039424,27.721308445758638,2,developmental,aging,EXACT_NAME_POSITION,MAPPED_2025,PHASE2_ENTRY_SEASON,premium,0.3925619834710744,0.3522727272727273,1,1,76.688,1.3199311531841653,D1,WR|developmental,0.6197130079330774,62.0667792484798,38.463590460793725,0.8093414777863523,0.5015594416439824,0.3802869920669226,0.055852911099241,0.10143401302324546,0.18372203841798532,0.20417714119202987,0.07452690420057571,0.6135069370223374,13.230891766521227,36.97744411497302,87.1766816696775,167.646904811566,D1,WR|developmental,0.40384711512744487,66.28777712028392,26.770127558237707,0.8643826559603056,0.3490784419757681,0.5961528848725551,0.028661236878881457,0.07287698909048507,0.10553920709204562,0.13761443736925574,0.05915524469677699,0,11.357257691522818,31.464309044724107,88.21223862393751,177.20236052596275
sleeper:player:12048,sleeper:12048,George Holani,RB,00-0039299,25.711684702629075,2,developmental,prime,EXACT_NAME_POSITION,MAPPED_2025,PHASE2_ENTRY_SEASON,premium,0.29775280898876405,0.11666666666666667,1,1,55.008,1.123758937691522,D1,RB|developmental,0.7686601275393948,47.87156311265899,36.79696180768665,0.8702654725250688,0.6689383691042512,0.23133987246060517,0.10785838708428985,0.1613104481166741,0.2608205539850493,0.19102502296841384,0.04764571538496778,4.793060782258031,14.699757794875094,33.45652589592761,86.18741775526364,182.9894323150344,D1,RB|developmental,0.537644401283121,41.63289738185485,22.38369418654897,0.7568516830616429,0.4069170699997994,0.46235559871687903,0.07870233707969325,0.10837538063031386,0.19987282633744655,0.1124008147105393,0.03829304252512802,0,8.786720573765356,24.433371842452672,82.8320245093111,189.00237214243188
sleeper:player:12467,sleeper:12467,Jordan James,RB,00-0040177,21.42686023669206,1,developmental,young,EXACT_NAME_POSITION,MAPPED_NO_2025_ROW,APPROVED_2025_ROSTER_FIRST_OBSERVED_FALLBACK,starter,0.19662921348314608,0.7105263157894737,0,0,32.118,1.0670431893687709,D1,RB|developmental,0.6845778818746385,102.17248849691956,69.94502576108206,3.1811597389912056,2.1777515960234775,0.3154221181253615,0.08238323972526722,0.14973178728481612,0.03211441503675654,0.16753476478549226,0.2528136750423064,19.328424892699044,28.751937804643813,46.381668142043615,95.57928964503809,184.10884817286188,D1,RB|developmental,0.5914602774755442,81.81681319535231,48.39139503468784,2.5473819414456784,1.5066752299236514,0.4085397225244558,0.07086800192163545,0.09208354074558839,0.11925664558255064,0.1800383891415208,0.1292137000842489,13.81319937034487,22.24901934921484,37.1859398592874,91.18644318545368,189.70110681982192
sleeper:player:12469,sleeper:12469,Dylan Sampson,RB,00-0040162,20.964153952511,1,developmental,young,EXACT_NAME_POSITION,MAPPED_2025,PHASE2_ENTRY_SEASON,premium,0.46629213483146065,0.6166666666666667,1,0,89.493,1.2490300069783669,D1,RB|developmental,0.9078082742040011,121.37473804879889,110.18499148004284,1.3562483998614294,1.2312135192701423,0.09219172579599888,0.03992687865519856,0.07811451715615438,0.15844939834217142,0.3869504649808522,0.24436701506962455,20.45906856517472,31.12725440815776,52.49265901562901,111.79360538523925,226.54700939759832,D1,RB|developmental,0.852125668216625,114.81135103424312,97.83369921890791,1.2829087306743894,1.0931994593868561,0.14787433178337495,0.04694331262953479,0.08325333141633806,0.17147171329591532,0.33581256624880496,0.21464474462603195,17.20849701707541,27.367664192239964,45.95624312783244,110.14403756420892,232.3815501569898
sleeper:player:12470,sleeper:12470,Riley Leonard,QB,00-0040206,22.96830188162659,1,developmental,young,EXACT_NAME_POSITION,MAPPED_2025,PHASE2_ENTRY_SEASON,usable,0.3524590163934426,0.6538461538461539,1,0,9.298,1.0724336793540945,D1,QB|developmental,0.4740071829773531,67.0677268000378,31.79058424918065,7.213134738657541,3.419077677907147,0.5259928170226469,0.0739880973402822,0.15386759921728016,0.11522162315874253,0.088503323995773,0.04242653926527525,14.26958865814848,24.853493398548448,50.21016459370281,112.82295351204179,262.57513088903113,D1,QB|developmental,0.503277561867124,87.27187690355194,43.92197742758739,9.386091299586143,4.723809144717939,0.496722438132876,0.06588430795549148,0.13298581949846905,0.09976679897948482,0.11792471457560826,0.08671592085807041,13.109934647991615,20.034317781410383,53.051865784697846,105.69585142525843,261.047684477473
sleeper:player:12471,sleeper:12471,DJ Giddens,RB,00-0040179,22.01824815020158,1,developmental,prime,EXACT_NAME_POSITION,MAPPED_2025,PHASE2_ENTRY_SEASON,starter,0.15168539325842698,0.5,1,0,26.158,1.106046511627907,D1,RB|developmental,0.6388212651859867,57.30926479513946,36.61037704330972,2.1908886304434385,1.399586246781471,0.3611787348140133,0.10436064337126402,0.1393550637103832,0.19242756399666192,0.15722158442641015,0.04545640968126743,15.429284653636241,25.190541259212154,43.38931005668433,93.93649458534563,184.16750893541607,D1,RB|developmental,0.5545252008193865,56.24268051839237,31.18798370908213,2.150113942900542,1.192292365971486,0.4454747991806135,0.09527572232734126,0.09004717760134073,0.1878322240735247,0.13207277627970762,0.04929730053747217,11.651707160094835,20.343038602856012,35.92587139835889,91.06635537669409,192.1119995004317
sleeper:player:12472,sleeper:12472,Raheim Sanders,RB,00-0040466,23.233878861304476,1,developmental,prime,EXACT_NAME_POSITION,MAPPED_2025,PHASE2_ENTRY_SEASON,starter,0.2303370786516854,0.868421052631579,1,0,35.0455,1.070091603053435,D1,RB|developmental,0.5806358521335016,71.61888546502033,41.584492590833726,2.0435971940768525,1.1865857982004457,0.41936414786649845,0.06598187021832054,0.09073559542236627,0.14377719056191182,0.19563967008847147,0.08450152584243142,13.352784656494892,22.74885305254668,40.51531731109739,89.98630443781667,179.98788303099056,D1,RB|developmental,0.48953478104305315,63.95247837919185,31.306962500518274,1.8248413741904626,0.8933233225526322,0.5104652189569469,0.06893762743598716,0.06997193658292823,0.13765322522805024,0.14987451434470192,0.0630974774513856,9.441687586296386,17.9292886173482,33.09497773639763,87.17642354914994,186.70117765469965
sleeper:player:12474,sleeper:12474,Woody Marks,RB,00-0040583,24.67401794698043,1,developmental,prime,EXACT_NAME_POSITION,MAPPED_2025,PHASE2_ENTRY_SEASON,premium,0.5224719101123596,0.7833333333333333,1,0,103.6705,1.138610653487095,D1,RB|developmental,0.8276100616927858,110.27055344496665,91.2610195394865,1.0636637562755717,0.8802988269516062,0.17238993830721416,0.03594771382711453,0.054847874336357856,0.13091372665920153,0.34794082516424724,0.2579599217058647,10.397338127662893,20.09436882409656,39.687591255118,94.2041491828356,200.85292851402198,D1,RB|developmental,0.6955104688075815,98.48135896194796,68.49481614043215,0.9499458280026427,0.6606972681759242,0.3044895311924185,0.05263513437429315,0.059384576532420644,0.12069188686944549,0.27593604800384036,0.18686282302758184,5.951919634720824,15.274368774594775,32.25118705393833,91.41747807132168,204.19599401409394
sleeper:player:12481,sleeper:12481,Cam Skattebo,RB,00-0040715,23.570641423164062,1,developmental,prime,EXACT_NAME_POSITION,MAPPED_2025,PHASE2_ENTRY_SEASON,elite,0.8258426966292135,0.5694444444444444,1,0,216.198,1.12603125,D1,RB|developmental,0.9326566683298105,165.6556369311719,154.49983443027952,0.7662218749996388,0.7146219411385837,0.06734333167018947,0.017656103870407034,0.02365765622184671,0.050097221643219086,0.24691184112284623,0.5943338454714915,13.112719674601035,22.19070850183769,42.383823704826845,97.5655490832032,214.57625969615057,D1,RB|developmental,0.8757036054085642,140.76275399427607,123.26645118002632,0.6510825909318128,0.5701553722977378,0.12429639459143582,0.025088385526770472,0.03577440883691934,0.09808517073952144,0.2921208683718209,0.424634771933532,9.520346790684181,19.002486901153457,37.541208171550174,95.39333046404207,213.8288853626319
sleeper:player:12482,sleeper:12482,Savion Williams,WR,00-0040009,23.7759844486882,1,developmental,prime,EXACT_NAME_POSITION,MAPPED_2025,PHASE2_ENTRY_SEASON,starter,0.05371900826446281,0.08928571428571429,1,0,25.9605,1.2541304347826088,D1,WR|developmental,0.691018762851998,33.48670203533805,23.139939412452787,1.2899097488622349,0.8913518388495132,0.30898123714800196,0.13419559979182608,0.21626645159410945,0.20328980982317793,0.11853772938330082,0.018729172259583766,1.9991643290488954,14.493096430557479,36.1104890214775,81.80325092061112,144.14004607729262,D1,WR|developmental,0.5803180423353073,37.296279729569946,21.643704039054033,1.436654907631592,0.8337167635081771,0.41968195766469274,0.10664274979188813,0.15028822510095075,0.20278121870104743,0.0935841924940691,0.02702165624735182,3.873089726449815,14.989857746642535,32.49128284358535,85.72855137955229,161.5892363696099
sleeper:player:12483,sleeper:12483,Jack Bech,WR,00-0040729,22.705462808955694,1,developmental,prime,EXACT_NAME_POSITION,MAPPED_2025,PHASE2_ENTRY_SEASON,premium,0.26859504132231404,0.011363636363636364,1,0,58.6455,1.337411630558723,D1,WR|developmental,0.8489205329435231,54.79573683414781,46.5172261162778,0.9343553526553241,0.7931934439347912,0.1510794670564769,0.09812373633890555,0.17354770836134775,0.30020415664886824,0.20551904958068148,0.07152588201372004,4.350483009184597,17.40471549138506,41.05815350414674,91.37637526449845,167.27340507694817,D1,WR|developmental,0.7445006885027098,61.89727606142359,46.08256464417216,1.0554480064356786,0.7857817674701751,0.2554993114972902,0.09305819417409078,0.12970109975662206,0.21709700050121392,0.23844665653135177,0.06619773753943126,6.207625175473758,18.312621498307458,37.74388832564018,95.80785949637615,182.6433779732754
sleeper:player:12487,sleeper:12487,Terrance Ferguson,TE,00-0040737,22.4891681554036,1,developmental,prime,EXACT_NAME_POSITION,MAPPED_2025,PHASE2_ENTRY_SEASON,premium,0.4453125,0.62,1,0,62.6605,1.271004056795132,D1,TE|developmental,0.901311719310202,66.13984013365545,59.612613025766905,1.055526849189768,0.9513587192213101,0.09868828068979796,0.04894278059112537,0.07342071969045831,0.17193160991213222,0.3567495876856584,0.25026702143082774,8.977839356984177,18.235049852808395,31.154701109401074,63.71427275971178,118.86449718899073,D1,TE|developmental,0.8464188248713935,71.99713326826118,60.939728935030736,1.1490034913264524,0.9725381849016643,0.15358117512860647,0.05965138232655281,0.05579078494772085,0.1899622574285391,0.30035614919562287,0.2406582509729579,13.512977826949024,20.702240054483184,30.999144154962725,70.21173438432112,132.97476070760317
sleeper:player:12489,sleeper:12489,RJ Harvey,RB,00-0040730,24.572715387721857,1,developmental,prime,EXACT_NAME_POSITION,MAPPED_2025,PHASE2_ENTRY_SEASON,premium,0.5674157303370787,0.9166666666666666,1,0,134.4805,1.1906197432492254,D1,RB|developmental,0.8555068790498427,130.57378623734007,111.70677234962811,0.9709495892515277,0.8306540528153011,0.14449312095015732,0.02379727571504245,0.0437936294832571,0.09759381587358543,0.36500189345049117,0.32532026452746654,12.372532729827848,22.506193017531924,43.08276384644263,100.52852148062544,213.7247736211733,D1,RB|developmental,0.7411117606569666,109.49176537393879,81.14563501371927,0.8141832114986097,0.6034007533710781,0.2588882393430334,0.047620665251951536,0.06155114259961564,0.10623891572621275,0.32021377238309556,0.2054872646960911,7.795458028098708,17.598180458304213,35.30197116789398,97.91350219080789,216.9843811192096
sleeper:player:12490,sleeper:12490,Bhayshul Tuten,RB,00-0040719,23.546000260101167,1,developmental,prime,EXACT_NAME_POSITION,MAPPED_2025,PHASE2_ENTRY_SEASON,elite,0.7247191011235955,0.3194444444444444,1,0,180.0655,1.1067332513829133,D1,RB|developmental,0.9556180911120714,136.76995562899572,130.6998439196636,0.7595566925868406,0.725846116661235,0.04438190888792859,0.023292654595418297,0.03869859914258955,0.09501814331130476,0.3632977882296108,0.435310905833148,13.818502810577113,22.962991800796317,42.513509580261356,96.51123435813331,207.63887316647916,D1,RB|developmental,0.908215290963625,122.40243873451561,111.16776650992537,0.6797661891618084,0.6173740472768264,0.09178470903637503,0.031234497028193448,0.0516571197989017,0.1460484452494664,0.3182478390820136,0.36102738980504984,9.109331127374274,18.352689428849523,35.76318288381165,93.46287735729607,207.65094329054173
sleeper:player:12492,sleeper:12492,Pat Bryant,WR,00-0040134,22.7273660650116,1,developmental,prime,EXACT_NAME_POSITION,MAPPED_2025,PHASE2_ENTRY_SEASON,premium,0.32644628099173556,0.17045454545454544,1,0,69.7655,1.3238235294117646,D1,WR|developmental,0.8293174333746393,76.4126734492453,63.37036222222256,1.095278804699247,0.9083338071428222,0.17068256662536074,0.06401996206977828,0.10413464221487184,0.21061523586442582,0.32167073106024036,0.12887686216532296,6.431531595237603,19.269174238942618,42.8488415878623,93.04025529654743,170.6984563548679,D1,WR|developmental,0.7342220584535855,83.30260179176555,61.16260776208945,1.194037193050513,0.8766884457516888,0.26577794154641454,0.059855492765464306,0.08430887663971949,0.1856742513869524,0.2670118838551253,0.1373715538063239,8.430489406233896,20.47693532213768,39.9685037293052,97.64728531410147,185.17299201698444
sleeper:player:12493,sleeper:12493,Oronde Gadsden,TE,00-0040189,22.187998384634867,1,developmental,prime,EXACT_NAME_POSITION,MAPPED_2025,PHASE2_ENTRY_SEASON,premium,0.5703125,0.94,1,0,86.5655,1.3226203208556149,D1,TE|developmental,0.9207039914151746,85.53510837529849,78.75251568726685,0.9880969713719495,0.9097448254473994,0.07929600858482544,0.04139932154977008,0.043491782640350814,0.1591994412877241,0.24595832886114571,0.4306551170761838,9.24459886871295,18.60894949700185,32.45962751004497,66.88636658180816,129.89894569731766,D1,TE|developmental,0.8777709085157815,88.80638410863531,77.95166046103827,1.0258865726950728,0.9004933889486952,0.12222909148421846,0.04768108808991837,0.04495926996744977,0.136948297596316,0.3060741518141648,0.3421081010479326,14.722584718544303,22.327151350088908,33.98081324191595,74.22509803122634,142.86086935577143
sleeper:player:12495,sleeper:12495,Ollie Gordon,RB,00-0040198,21.62946535520921,1,developmental,young,EXACT_NAME_POSITION,MAPPED_2025,PHASE2_ENTRY_SEASON,starter,0.16292134831460675,0.5526315789473685,1,0,27.713,1.1334560327198364,D1,RB|developmental,0.820727245412364,65.26876540287782,53.56785404056971,2.3551678058267895,1.9329503857601023,0.17927275458763603,0.0805230270707116,0.18290995997040543,0.25651264780402516,0.2481752055431407,0.05260640502408108,18.619499346187446,28.60663323941233,47.28519239093437,99.14223577032845,192.03408411791477,D1,RB|developmental,0.7470783954845075,58.76057138279217,43.89875338640924,2.1203251680724633,1.5840491244689945,0.2529216045154925,0.09342698181214538,0.1608125942406084,0.25455746232556764,0.1788551459635097,0.059426211142676356,14.106092056770132,23.023152494359397,39.0440016449361,95.56140690533664,199.3709394229727
sleeper:player:12496,sleeper:12496,Tai Felton,WR,00-0040154,22.467264899347693,1,developmental,prime,EXACT_NAME_POSITION,MAPPED_2025,PHASE2_ENTRY_SEASON,usable,0.012396694214876033,0.16666666666666666,1,0,8.0605,1.439375,D1,WR|developmental,0.6189836136472485,25.13923046004953,15.56077171447244,3.1188177482847874,1.9304970801404924,0.3810163863527515,0.19543671347062447,0.21854930903734293,0.1431082609521067,0.05424480707207856,0.007644523115095865,1.7767068823606984,15.267337821739883,40.43712857589271,89.60574394309079,160.81295970430065,D1,WR|developmental,0.5178547650563788,35.94346016425246,18.61349211867227,4.459209746821222,2.3092230157772184,0.48214523494362116,0.11598608260594818,0.17553009125886337,0.13580442468564344,0.07076236424085101,0.01977180226507281,3.6994811460389507,16.243744197765484,40.12011926602333,90.59469662875452,175.70240732232125
sleeper:player:12497,sleeper:12497,Tory Horton,WR,00-0040648,22.757483042088474,1,developmental,prime,EXACT_NAME_POSITION,MAPPED_2025,PHASE2_ENTRY_SEASON,starter,0.25206611570247933,0.9464285714285714,1,0,52.9755,1.2643317422434368,D1,WR|developmental,0.6965830754772677,78.03143383367129,54.35537616375966,1.472972106609117,1.0260474401140085,0.3034169245227323,0.06273790084763928,0.0959163473626637,0.14014167233453162,0.2702595024519044,0.12752765248052875,9.423913484394406,21.793031968037788,44.10570221661046,91.5867320168615,162.6361004223475,D1,WR|developmental,0.640630802937209,79.71755424408671,51.06952078357978,1.5048004123431908,0.9640214964196616,0.359369197062791,0.08284996096056559,0.0711621721249735,0.1719171069500002,0.1842120299323262,0.13048953296934354,12.284711284093639,23.711626977546352,41.98767174987047,96.88364334247005,178.54941971671622
sleeper:player:12498,sleeper:12498,Mason Taylor,TE,00-0040736,21.317343956412522,1,developmental,young,EXACT_NAME_POSITION,MAPPED_2025,PHASE2_ENTRY_SEASON,premium,0.5546875,0.9,1,0,84.028,1.4134230445752733,D1,TE|developmental,0.9231412842102462,92.73946329162526,85.61162723999992,1.1036733385493556,1.018846423097062,0.07685871578975378,0.03246408601378079,0.04551708782190324,0.12880182203807616,0.2568864399194884,0.4594718484169976,8.019699610362894,18.01227616159761,32.78661678080738,69.33946652738346,136.0171775473773,D1,TE|developmental,0.8819514578708412,95.19783026231416,83.95986518598883,1.1329298598361754,0.9991891415479225,0.11804854212915883,0.03143764323407367,0.04531567651509827,0.13148025685347464,0.3062404809165746,0.36747740035162,13.101368985304674,21.202437489353773,33.75159264621695,76.25444877473265,149.11752133812348
sleeper:player:12499,sleeper:12499,Elic Ayomanor,WR,00-0040170,22.24823233878861,1,developmental,prime,EXACT_NAME_POSITION,MAPPED_2025,PHASE2_ENTRY_SEASON,starter,0.08677685950413223,0.23214285714285715,1,0,30.903,1.3206410256410257,D1,WR|developmental,0.7116280949528591,58.99258373593913,41.98077998035338,1.9089597688230635,1.3584694036292069,0.28837190504714094,0.08075625286152013,0.12999841116837887,0.22501151363538618,0.22659531585610695,0.04926660143146691,7.8823400408422,21.00234963403689,43.85505786769312,92.22712400570434,159.29315555922636,D1,WR|developmental,0.6435036253345838,65.0678854319226,41.87142016829755,2.1055523875326863,1.354930594709172,0.35649637466541617,0.08099462012964435,0.11165244670230344,0.2045823767423243,0.17109525540526543,0.07517892635504629,10.832898642758082,22.577998921495283,41.10496901543775,97.41222622652329,178.20157194593787
sleeper:player:12500,sleeper:12500,Quinn Ewers,QB,00-0040234,22.467264899347693,1,developmental,young,EXACT_NAME_POSITION,MAPPED_2025,PHASE2_ENTRY_SEASON,depth,0.13934426229508196,0.6538461538461539,1,0,4.2755,1.0327294685990338,D1,QB|developmental,0.36804643366623924,63.85375481563276,23.50114673609209,14.93480407335581,5.496701376702629,0.6319535663337608,0.07166261878260576,0.12066629703194974,0.0886463960077247,0.05441152279930213,0.03265959904465692,17.84606683388915,28.29883367480517,52.22772360580065,111.48088641408691,248.37693532931488,D1,QB|developmental,0.4459516048614607,84.74853113442008,37.7937434690461,19.821899458407223,8.839607874879219,0.5540483951385393,0.06606786551968692,0.11855096230011467,0.10844870018238406,0.08467321647836451,0.06821086038091047,21.62696434762008,28.11330762720208,59.08301884210018,109.41206033527666,254.50915969904898
sleeper:player:12501,sleeper:12501,Matthew Golden,WR,00-0040667,22.086695825376292,1,developmental,prime,EXACT_NAME_POSITION,MAPPED_2025,PHASE2_ENTRY_SEASON,premium,0.5743801652892562,0.8522727272727273,1,0,118.4205,1.2699249329758713,D1,WR|developmental,0.8704162939705005,97.36649497776506,84.7493837154436,0.8222097945690573,0.7156648022550455,0.12958370602949953,0.0500623476150633,0.08592444692360943,0.14499330884847877,0.3562570347261026,0.2331791558572464,10.352615578454747,22.163451325896958,45.552799888963165,94.76378448820817,179.95437448026917,D1,WR|developmental,0.8024289811300362,95.42469741708125,76.57154272303052,0.8058123164239406,0.6466071560500971,0.19757101886996375,0.06492709179330435,0.072443017534588,0.18858977216276923,0.27505778430338396,0.2014113153359907,12.69795138417739,24.490237614985997,44.94173019246322,99.2934065976522,189.59202872475558
sleeper:player:12502,sleeper:12502,Gunnar Helm,TE,00-0040584,22.98746723067551,1,developmental,prime,EXACT_NAME_POSITION,MAPPED_2025,PHASE2_ENTRY_SEASON,premium,0.5859375,0.98,1,0,91.3155,1.3898858447488585,D1,TE|developmental,0.9042680077448698,85.36655427240818,77.19424395995485,0.9348528373869516,0.8453575127985374,0.09573199225513018,0.0505506698957313,0.048006814440853675,0.1915790101275526,0.219560862116456,0.39457065116427625,9.307947492515666,19.087426492029998,33.709698445047245,69.87486609090179,136.87672354429932,D1,TE|developmental,0.8496258240167623,88.24530028711774,74.97548597204906,0.9663781098183521,0.8210597978661788,0.15037417598323766,0.04806611801628633,0.05087373346832124,0.1397196443175927,0.30849617548335256,0.30247015273120953,13.695169520763981,21.698043862703056,34.18036556990028,76.10210148955622,148.6443394679813
sleeper:player:12503,sleeper:12503,Isaiah Bond,WR,00-0040782,21.4651909347899,1,developmental,young,EXACT_NAME_POSITION,MAPPED_2025,PHASE2_ENTRY_SEASON,starter,0.10330578512396695,0.30357142857142855,1,0,31.2455,1.3018958333333333,D1,WR|developmental,0.7432530863818044,62.93192749871932,46.774349345379086,2.014111712045553,1.4969947462955975,0.25674691361819557,0.06765714362204193,0.13788166769028867,0.21251213992330942,0.25987964973493793,0.06532248541122648,8.11792802021235,21.006970902622417,43.59341363703995,91.31806235229318,158.18139190544179,D1,WR|developmental,0.682754049397132,70.05347486530613,47.82929363862797,2.2420340485927936,1.5307578255629763,0.317245950602868,0.0580082523662218,0.1196363905223537,0.21509021934649586,0.19617952891721846,0.09383965824484225,11.307074668551737,22.899763713374654,41.328512097498425,96.65184470364515,176.71923724107302
sleeper:player:12506,sleeper:12506,Harold Fannin,TE,00-0040663,21.11747674490236,1,developmental,young,EXACT_NAME_POSITION,MAPPED_2025,PHASE2_ENTRY_SEASON,elite,0.9296875,0.8269230769230769,1,0,151.8455,1.3754121376811592,D1,TE|developmental,0.9800299270025083,136.09810441787516,133.38021533782995,0.8962933008740803,0.8783942582284622,0.01997007299749165,0.005985836370609325,0.010694856604484555,0.018501161631891232,0.1007363535607197,0.8441117188348035,5.344032214357267,14.044995573491125,29.788268483274802,66.45822138864293,149.21264372311086,D1,TE|developmental,0.9654853346386673,126.2382658276298,121.8811943267942,0.8313599403843368,0.802665830247154,0.03451466536133274,0.010861266385555046,0.01779541703913048,0.051998602562464774,0.14585684115336064,0.7389732074981563,6.165755775884349,14.400596370751057,30.345010510077984,67.84477082083795,148.96946002080935
sleeper:player:12507,sleeper:12507,Omarion Hampton,RB,00-0040666,22.464526992340705,1,developmental,prime,EXACT_NAME_POSITION,MAPPED_2025,PHASE2_ENTRY_SEASON,elite,0.8932584269662921,0.7361111111111112,1,0,243.8555,1.1155329368709974,D1,RB|developmental,0.9481077880491718,172.70698113390387,163.74483386351565,0.7082349224598331,0.6714830457525691,0.05189221195082816,0.016969238609951223,0.021326704836959018,0.04484288714537697,0.2309679873128191,0.6340009701440655,15.326366285277237,24.183397533411775,44.380600071858126,99.24999221186161,217.75247394656768,D1,RB|developmental,0.909543444965885,145.6389097355047,132.46491568190652,0.597234467688876,0.5432106951941068,0.09045655503411498,0.024469720693032205,0.03909417210709458,0.08990287031166144,0.30736240695200523,0.44871427490209154,12.988019269819077,22.435333198269486,41.28949179190422,98.18627559188488,217.0182749380025
sleeper:player:12508,sleeper:12508,Jaxson Dart,QB,00-0040691,22.30572838593537,1,developmental,young,EXACT_NAME_POSITION,MAPPED_2025,PHASE2_ENTRY_SEASON,elite,0.7786885245901639,0.55,1,0,298.428,1.0405076531501691,D1,QB|developmental,0.959006633070607,250.32358759260984,240.06198091534392,0.838807308940883,0.8044217731424126,0.04099336692939304,0.008070668052807244,0.02328788439157244,0.026859735651217624,0.10660787611920262,0.7941804688558071,21.632034352665677,32.70069782512279,57.579328434830515,124.74013213680183,282.4056100306277,D1,QB|developmental,0.9541703967354694,236.26629179271984,225.43830137507769,0.7917028287986376,0.7554194022513896,0.04582960326453056,0.014378601120397823,0.04200920473997367,0.043088767233693134,0.12989396076123597,0.7247998628801688,20.584993571445818,27.907843378271373,55.82052768622508,122.81150171558674,283.6813747878789
sleeper:player:12509,sleeper:12509,Tre' Harris,WR,00-0040727,23.507669562003326,1,developmental,prime,EXACT_NAME_POSITION,MAPPED_2025,PHASE2_ENTRY_SEASON,premium,0.29338842975206614,0.07954545454545454,1,0,61.848,1.3145164718384699,D1,WR|developmental,0.8260162644268385,67.14820277282257,55.465507617382784,1.0856972379514709,0.8968035767912104,0.1739837355731615,0.07024950654403132,0.11478486760629912,0.2552642391601089,0.2749354357189482,0.11078221539745096,4.037138224469648,16.82566944514888,40.148533714577454,89.74780827441279,165.43477361479793,D1,WR|developmental,0.7140444070626831,75.79035125489344,54.11767642287286,1.2254292985204605,0.8750109368592818,0.28595559293731687,0.06410956047834693,0.09459273421173577,0.1748341360463658,0.2643450124923291,0.11616296383390556,5.5640426020733535,17.488065629114875,36.72472570584206,93.80742740376887,179.82033347447
sleeper:player:12511,sleeper:12511,Will Howard,QB,00-0040203,23.93752096210052,1,developmental,young,EXACT_NAME_POSITION,MAPPED_NO_2025_ROW,APPROVED_2025_ROSTER_FIRST_OBSERVED_FALLBACK,depth,0.20491803278688525,0.9615384615384616,0,0,5.713,1.1180039138943247,D1,QB|developmental,0.4232075566339377,121.98652456878193,51.62561900502001,21.35244609990932,9.036516542100475,0.5767924433660623,0.10668252330319866,0.11617560166215656,0.010790368210502626,0.025407169204444444,0.1641518942536355,13.950939401399486,25.165539906763843,51.24088987323623,115.68666706100107,266.34780702541894,D1,QB|developmental,0.5796121564938533,138.1735320624871,80.08705888911074,24.185809918166832,14.018389443219105,0.42038784350614666,0.08931675164987014,0.11029080775699444,0.05726505600893158,0.08330945142979698,0.2394300896482602,14.166454472241227,21.246308283780927,55.1112014846224,109.55262949731608,268.1190542059295
sleeper:player:12512,sleeper:12512,Quinshon Judkins,RB,00-0040784,21.843022101754315,1,developmental,young,EXACT_NAME_POSITION,MAPPED_2025,PHASE2_ENTRY_SEASON,elite,0.8146067415730337,0.5416666666666666,1,0,210.4205,1.0970828988529717,D1,RB|developmental,0.9618314367093159,175.91364242665912,169.19927143200243,0.8360100010534104,0.8041007004165585,0.03816856329068408,0.010462345393578478,0.018780488200811966,0.03624185554147617,0.2175603856353919,0.6787863619380574,17.840393214104473,26.72078723146465,46.35605639644854,100.12976658792422,213.68503795648638,D1,RB|developmental,0.9321557831304695,155.3884318506963,144.8462253812014,0.7384662228760805,0.6883655603004527,0.06784421686953046,0.015781702516633793,0.033237326547594696,0.08007148039019225,0.2688696046127577,0.5341956690632911,14.588512635288943,23.82051996453497,41.74393170982922,98.33088496736235,213.4865283395141
sleeper:player:12514,sleeper:12514,Emeka Egbuka,WR,00-0040129,22.883426764409947,1,developmental,prime,EXACT_NAME_POSITION,MAPPED_2025,PHASE2_ENTRY_SEASON,elite,0.8388429752066116,0.5666666666666667,1,0,179.628,1.2798574991093694,D1,WR|developmental,0.9503904432779479,161.9172665296005,153.88462271142066,0.9014032696996043,0.8566850530619985,0.04960955672205214,0.012494965993989799,0.021314998716833924,0.039786169757873975,0.23056499763257626,0.6462293111766739,14.50471102475388,25.71689458415198,50.196342792337326,100.44980657998418,198.06885794211647,D1,WR|developmental,0.910892176882022,148.46087647447578,135.2318509536482,0.8264907279181184,0.7528439383261418,0.08910782311797805,0.022683304385956768,0.03373006008419009,0.08448309010314294,0.23134211104299685,0.5386536112657353,13.193270040316687,25.304984663530664,48.45232545510881,100.46952999428773,198.1659600276596
sleeper:player:12517,sleeper:12517,Colston Loveland,TE,00-0040126,21.396743259615185,1,developmental,young,EXACT_NAME_POSITION,MAPPED_2025,PHASE2_ENTRY_SEASON,elite,0.9453125,0.8653846153846154,1,0,149.1205,1.3097979797979797,D1,TE|developmental,0.9797587790518206,132.0502067305749,129.37734931988857,0.8855268506380739,0.8676027059987633,0.020241220948179373,0.005876266877471749,0.01015630952826617,0.015500356677970346,0.08427131963174034,0.863954526336372,5.089929953370182,13.339165339984906,28.38350929640218,63.360591691329525,142.86924124598332,D1,TE|developmental,0.9647703671491974,122.82788312804753,118.50070190160513,0.8236820767637417,0.7946640596135685,0.035229632850802606,0.010427297501645097,0.01662518785633514,0.04388412316828471,0.12852039884071134,0.7653133597822211,5.578639852201299,13.435298040143419,28.74999631111953,64.35277852229493,142.01614656239423
sleeper:player:12518,sleeper:12518,Tyler Warren,TE,00-0040128,23.2749474664093,1,developmental,prime,EXACT_NAME_POSITION,MAPPED_2025,PHASE2_ENTRY_SEASON,elite,0.9609375,0.9038461538461539,1,0,153.783,1.3454330708661417,D1,TE|developmental,0.9659024495499338,135.64204160850994,131.01698025161377,0.8820353459648331,0.8519601012570556,0.03409755045006624,0.008051709353998958,0.01047051510265536,0.01918822470640997,0.0905324425559446,0.8376595578309248,6.075029222020484,14.489656095153503,30.008268694277493,65.92532298546786,148.35641119155918,D1,TE|developmental,0.9400876462112637,124.98181106121078,117.49385657975452,0.812715391566108,0.764023699497048,0.05991235378873627,0.015971834147554553,0.015927597714543065,0.04383158218765166,0.13240738260314577,0.7319492495583687,5.894773605320259,13.976393674560297,29.93563957958564,66.15100966601005,146.32993671222977
sleeper:player:12519,sleeper:12519,Luther Burden,WR,00-0040735,21.72255419344682,1,developmental,young,EXACT_NAME_POSITION,MAPPED_2025,PHASE2_ENTRY_SEASON,elite,0.78099173553719,0.4111111111111111,1,0,165.5905,1.277704475308642,D1,WR|developmental,0.9584671903826615,160.27667967471484,153.61993885168576,0.9679098720923897,0.927709855648034,0.04153280961733852,0.01100338794717371,0.02395746666590485,0.03774025490611791,0.23676605496299277,0.6490000259004722,15.20965789905125,26.561191844338158,50.797446579486724,100.84654002620813,195.7197089779134,D1,WR|developmental,0.927674905505657,149.12459620970762,138.33914569740978,0.9005625093813209,0.8354292407922542,0.07232509449434299,0.014696803892802613,0.036056185493440085,0.08650189036165888,0.24253122520594736,0.5478888005518081,14.407407942068225,26.450446665056152,48.973170586416515,101.58915744427811,197.6658144363212
sleeper:player:12521,sleeper:12521,Elijah Arroyo,TE,00-0040739,22.409768852200934,1,developmental,prime,EXACT_NAME_POSITION,MAPPED_2025,PHASE2_ENTRY_SEASON,premium,0.3671875,0.42,1,0,54.223,1.3505105853051058,D1,TE|developmental,0.8997781006131833,60.076003284373094,54.05507212764458,1.107943184338253,0.9969030139911953,0.10022189938681669,0.06015152471991958,0.09326442742744635,0.21789257259186617,0.3570763483078252,0.17139322756612602,9.015514194193724,19.00173419918468,32.4817924903561,66.66001571670697,121.7103693089812,D1,TE|developmental,0.8378617169279193,68.22366376244881,57.16199605511843,1.2582052590680857,1.0542020186105239,0.16213828307208067,0.06890476349765375,0.06704588728751298,0.20979249395083502,0.3005768762970628,0.19154169589485479,13.251931275104065,20.80830640763834,31.24467584357216,73.02054010064352,137.57098191429998
sleeper:player:12522,sleeper:12522,Cam Ward,QB,00-0040676,23.272209559402313,1,developmental,young,EXACT_NAME_POSITION,MAPPED_2025,PHASE2_ENTRY_SEASON,elite,0.5819672131147541,0.15,1,0,255.333,1.0457181471925299,D1,QB|developmental,0.9533951133626045,202.36284510996126,192.93174765399067,0.7925448144578305,0.7556083532249677,0.04660488663739548,0.010041954385082739,0.04053941560225957,0.06866575750851522,0.21545068260959618,0.6186973032571508,10.699819823334753,22.33216768091969,46.73683716354726,114.12159934092135,265.27054482792533,D1,QB|developmental,0.9433860713221782,193.42655665556381,182.47591937266907,0.7575462500168949,0.714658580648287,0.05661392867782178,0.018107165249602823,0.07687895568873664,0.07799193652611519,0.23283819205306142,0.5375698218046622,15.805377345782741,23.04270058551022,49.16856985383826,119.18311840120015,276.8628189458789
sleeper:player:12524,sleeper:12524,Shedeur Sanders,QB,00-0040668,23.565165609150085,1,developmental,young,EXACT_NAME_POSITION,MAPPED_2025,PHASE2_ENTRY_SEASON,starter,0.45081967213114754,0.75,1,0,65.508,1.073022113022113,D1,QB|developmental,0.6556513106541275,128.3587694458406,84.15859542111637,1.9594365489076238,1.284707141434884,0.3443486893458725,0.03853932881366974,0.09379822835594395,0.1134901890998325,0.20522497680269686,0.2045985875819845,8.746861207600416,20.217392605352792,45.28465772345479,111.70509269206285,263.25256134126573,D1,QB|developmental,0.6880781380189738,143.57035498994685,98.78762253620572,2.1916461346697638,1.508023791540052,0.3119218619810262,0.05171703199913851,0.08718330287793875,0.11379386551445413,0.17972491755122635,0.25565902007621605,14.15063885480999,21.346975677514695,50.38732812726743,114.7552349357318,273.1628621941841
sleeper:player:12526,sleeper:12526,Tetairoa McMillan,WR,00-0040124,22.409768852200934,1,developmental,prime,EXACT_NAME_POSITION,MAPPED_2025,PHASE2_ENTRY_SEASON,elite,0.8471074380165289,0.5888888888888889,1,0,183.388,1.2946558418637486,D1,WR|developmental,0.9554227116568857,167.35930471427235,159.8988807311211,0.9125968150275501,0.8719157236630591,0.04457728834311425,0.011691570243110043,0.02026732320546352,0.03666058990294766,0.2186399702895864,0.6681632580157781,15.701144813885987,27.01840661258632,51.811028295999606,102.65748716381563,201.7819215477196,D1,WR|developmental,0.9213251261476929,153.67727666752867,141.58673631174477,0.837989817586367,0.7720610743982418,0.07867487385230709,0.02269071519644138,0.03251027373818762,0.0815725413684469,0.22346146334947528,0.5610901324951417,14.602795103791872,26.861244099908543,50.36825539371914,102.86854393165478,201.9039251112819
sleeper:player:12527,sleeper:12527,Ashton Jeanty,RB,00-0040122,21.749933263516706,1,developmental,young,EXACT_NAME_POSITION,MAPPED_2025,PHASE2_ENTRY_SEASON,elite,0.8595505617977528,0.6527777777777778,1,0,236.073,1.136879364314953,D1,RB|developmental,0.9676448062689819,191.22961494160765,185.04234370306392,0.8100444139804537,0.783835270035387,0.03235519373101814,0.008119817184895668,0.015077469422205511,0.027933307353334137,0.18151640106437678,0.7349978112441697,18.594166654698952,27.699265657493488,48.18006177056432,104.02608727395668,223.4638738686986,D1,RB|developmental,0.9420660099785101,169.3441672823688,159.53338398483456,0.7173381423643059,0.6757798815825382,0.05793399002148991,0.014724265716033325,0.031129271072906868,0.06596511463026564,0.24455998819987862,0.5856873703594256,15.683574481637814,25.28600790235259,44.21233474220119,102.51426465893164,222.86285720604585
sleeper:player:12529,sleeper:12529,TreVeyon Henderson,RB,00-0040734,22.86152350835404,1,developmental,prime,EXACT_NAME_POSITION,MAPPED_2025,PHASE2_ENTRY_SEASON,elite,0.7134831460674157,0.2916666666666667,1,0,180.8305,1.112803076923077,D1,RB|developmental,0.9616926217520207,154.35110254941847,148.43831648106524,0.8535678580185226,0.8208699112210895,0.03830737824797926,0.01566737858792542,0.027208939030280366,0.06800236067169989,0.31762268041422453,0.5331912630478907,16.784613207220275,26.015428748400236,45.63396639702193,99.9382021829357,211.22183367769324,D1,RB|developmental,0.9244226040075393,139.09179784553285,128.5796019604577,0.769183284045185,0.7110504143961207,0.07557739599246072,0.02873345189185058,0.038869739901756226,0.11932611836949081,0.28690548153114964,0.45058781231329204,11.68664246465004,20.97421903963081,38.34004099211278,96.58006465052821,211.15578610450908
sleeper:player:12531,sleeper:12531,Trevor Etienne,RB,00-0040644,21.147593721979234,1,developmental,young,EXACT_NAME_POSITION,MAPPED_2025,PHASE2_ENTRY_SEASON,usable,0.0056179775280898875,0.125,1,0,7.5605,1.1906299212598426,D1,RB|developmental,0.7519955621815471,36.140995092466994,27.177867922360253,4.780238753054295,3.594718328465082,0.24800443781845294,0.20960481078215412,0.28110921256421606,0.18885750409469723,0.06406505334543501,0.00835898139504466,16.023138676631223,26.18360281935386,45.68352366132038,97.47240587230546,189.81234524118298,D1,RB|developmental,0.6614228379252295,42.99863611224595,28.440279924275973,5.687274136928239,3.761692999705836,0.3385771620747705,0.12742892160292113,0.22290525258279473,0.19642417894395714,0.08964592819605836,0.02501855659949812,13.818112442908417,22.93096102931085,41.46863333552002,94.20025156056505,198.968706878828
sleeper:player:12533,sleeper:12533,Jacory Croskey-Merritt,RB,00-0040242,24.389275618253624,1,developmental,prime,EXACT_NAME_POSITION,MAPPED_2025,PHASE2_ENTRY_SEASON,elite,0.601123595505618,0.013888888888888888,1,0,129.2955,1.059365014338386,D1,RB|developmental,0.9445870896155858,109.38609799033416,103.32469594509503,0.8460162804609145,0.7991360561279784,0.055412910384414205,0.02601129014630824,0.07433356414002312,0.12985859352968238,0.40566743703303454,0.3087162047665375,12.170641824018926,21.130208025266796,39.52558007777386,90.75976982651284,192.68965415086373,D1,RB|developmental,0.8789252326076183,125.51157424610456,110.31528958920582,0.9707342811320159,0.8532028538441463,0.12107476739238165,0.03223755295962812,0.0542588201910789,0.13632445857687467,0.19977142657420488,0.45633297430583175,5.819160695774893,14.568064275132095,30.51807662814952,86.11881500939899,192.78205665377166
sleeper:player:12534,sleeper:12534,Kyle Monangai,RB,00-0040236,23.239354675318452,1,developmental,prime,EXACT_NAME_POSITION,MAPPED_2025,PHASE2_ENTRY_SEASON,premium,0.5561797752808989,0.8833333333333333,1,0,123.2955,1.099870651204282,D1,RB|developmental,0.8816287570461742,117.05417892028062,103.1983302685475,0.9493791656652564,0.8369999737909939,0.11837124295382584,0.03068409396482231,0.05217953756111598,0.11942499891981385,0.3829019015958799,0.29643822500454214,14.899277843297183,24.29218235125977,43.26386129398678,96.32792896022256,200.45549395960268,D1,RB|developmental,0.797172471871511,101.03629053979185,80.54334947833402,0.8194645428242867,0.6532545752142943,0.20282752812848903,0.05455786563444362,0.07172427182559797,0.12586864711683157,0.3400904127236238,0.204931274571014,11.06625916464699,20.11467466222293,36.34854442130093,94.36189714814171,204.11803437366723
sleeper:player:12535,sleeper:12535,Isaac TeSlaa,WR,00-0040669,23.529572818059233,1,developmental,prime,EXACT_NAME_POSITION,MAPPED_2025,PHASE2_ENTRY_SEASON,premium,0.34297520661157027,0.2159090909090909,1,0,67.8655,1.262613953488372,D1,WR|developmental,0.8571864879832183,64.8797787216193,55.614069663513185,0.9560053152429335,0.8194748386663796,0.14281351201678172,0.07158736295847049,0.14495180366843502,0.22473338855386193,0.32073313155913247,0.09518080124331842,5.304015899383588,17.500971945661718,40.04873007116595,87.94532561745464,162.74611048573917,D1,WR|developmental,0.7563203735185233,66.15247057325584,50.03246125313798,0.9747584645107726,0.7372296859691299,0.24367962648147667,0.07721090292461744,0.10904323951080586,0.2357243079133923,0.23880097725717556,0.09554094591253216,6.861478114319627,18.36413054228207,37.13049563182435,91.92063480131617,175.80837285025837
sleeper:player:12536,sleeper:12536,Jaylin Noel,WR,00-0040138,22.992943044689486,1,developmental,prime,EXACT_NAME_POSITION,MAPPED_2025,PHASE2_ENTRY_SEASON,premium,0.384297520661157,0.32954545454545453,1,0,73.348,1.2868070175438597,D1,WR|developmental,0.8709627337509925,65.29724812227525,56.87146973099371,0.8902389720547969,0.7753649687925193,0.12903726624900747,0.07773464724289118,0.152148533003346,0.23581891545450398,0.31332391203150667,0.0919367260187447,6.059955401600144,18.37770207218995,41.502343301289564,90.40581443627639,168.49544747143634,D1,WR|developmental,0.7778840111255675,67.30197127945905,52.35312737552335,0.9175706396828686,0.7137635296875626,0.2221159888744325,0.08288911714770493,0.11771209697835128,0.24093182056132695,0.24178678969338208,0.09456418674480227,7.836998643433554,19.594962543074445,39.13831616806055,94.49487222031226,181.03770962693264
sleeper:player:12540,sleeper:12540,Chimere Dike,WR,00-0040705,23.715750494534454,1,developmental,prime,EXACT_NAME_POSITION,MAPPED_2025,PHASE2_ENTRY_SEASON,starter,0.09504132231404959,0.26785714285714285,1,0,31.1655,1.3177801268498945,D1,WR|developmental,0.681734569879084,57.08308642503812,38.91551337134394,1.8316114429429373,1.2486728392403117,0.318265430120916,0.07472658529408847,0.12429552032215771,0.21362299710452,0.22049452821033227,0.04859493894798553,5.425481621840195,18.492886877033662,41.32631980546617,89.60841567427488,156.9110938439862,D1,WR|developmental,0.5910326612296463,62.198592640500635,36.76139973305378,1.9957514764884448,1.1795543063019613,0.40896733877035374,0.07475338035543741,0.10301423941955874,0.18594686104194252,0.15615863738797317,0.0711595430247344,7.667300063244645,19.39391664584641,37.97085078457073,94.0450280236342,174.87309628163064
sleeper:player:12543,sleeper:12543,Tahj Brooks,RB,00-0040208,23.305064443486177,1,developmental,prime,EXACT_NAME_POSITION,MAPPED_2025,PHASE2_ENTRY_SEASON,starter,0.12921348314606743,0.39473684210526316,1,0,22.488,1.0969756097560976,D1,RB|developmental,0.7389500680831743,39.08499302487827,28.88185825676419,1.7380377545748074,1.2843231170741813,0.2610499319168257,0.15277118592675676,0.23307065553680745,0.2202421306157791,0.11272591046249271,0.02014018554133828,11.422884321079927,21.08730280172557,39.10663602338272,88.97294466046132,177.72697004679125,D1,RB|developmental,0.6101023877085954,36.27029187382916,22.128591675110837,1.6128731711948219,0.984017772817095,0.3898976122914046,0.14230469094468157,0.14655271705227937,0.20661693313440105,0.08912773333095814,0.025500313246275264,7.153554085523132,15.744980791412308,31.308314195275162,85.42894978938347,185.10443754562408
sleeper:player:12544,sleeper:12544,LeQuint Allen,RB,00-0040238,21.073670232790544,1,developmental,young,EXACT_NAME_POSITION,MAPPED_2025,PHASE2_ENTRY_SEASON,starter,0.06179775280898876,0.07894736842105263,1,0,23.888,1.3534277620396602,D1,RB|developmental,0.8275241873076374,57.740691526973706,47.7818188304399,2.4171421436274994,2.000243588012387,0.17247581269236256,0.140924412268862,0.26987220704746884,0.26094812519705224,0.13554650690452372,0.02023293588973062,22.50780141376147,34.58637449535275,56.5905784528915,117.8349493780226,224.22340584055985,D1,RB|developmental,0.7526473203452767,55.84266613576504,42.02983302801949,2.3376869614771034,1.759453827361834,0.2473526796547233,0.12309483123236845,0.18673473110755434,0.29094447002503315,0.11676569526216522,0.03510759271815553,16.85413932756072,27.387167571234023,46.042764077908465,113.19910364110987,234.34761400251605
sleeper:player:12545,sleeper:12545,Tyler Shough,QB,00-0040743,25.927979356181165,1,developmental,prime,EXACT_NAME_POSITION,MAPPED_2025,PHASE2_ENTRY_SEASON,elite,0.6967213114754098,0.38333333333333336,1,0,290.4555,1.0446912203719023,D1,QB|developmental,0.9524984917982752,211.0262656624938,201.00219977334748,0.7265356161700978,0.6920240786397487,0.04750150820172483,0.02937753539665859,0.0216137033293562,0.057384246593938724,0.13612028543351465,0.708002721044807,1.47766377801043,12.824785326330609,37.54232547354228,104.99926357958218,260.21754617662526,D1,QB|developmental,0.925760995127306,211.6970408569877,195.9808632092709,0.728845006746258,0.6747362787389838,0.07423900487269397,0.026483601047422606,0.028361946655564883,0.05685349175911568,0.12655068294396699,0.6875112727212359,0.0003533902677413439,7.305810333196467,34.4310231122546,103.06670391726028,262.9381776875861
sleeper:player:12670,sleeper:12670,KeAndre Lambert-Smith,WR,00-0040184,23.877287007946773,1,developmental,prime,EXACT_NAME_POSITION,MAPPED_2025,PHASE2_ENTRY_SEASON,usable,0.024793388429752067,0.6666666666666666,1,0,20.7955,1.3161708860759493,D1,WR|developmental,0.5840362014618382,36.089052743681655,21.077313278775765,1.735426065431543,1.013551647172502,0.4159637985381618,0.1445862625143323,0.1798599192802666,0.15022897630559748,0.09124943843941347,0.018111604922228398,5.351192231944094,18.37433036301971,41.04814635086952,88.38512498125027,152.779657211691,D1,WR|developmental,0.48922344295597886,46.018864087438565,22.513507129779946,2.212924146446999,1.0826143699252215,0.5107765570440211,0.10271229365406716,0.12994211745268425,0.12985622343653358,0.09328911480867962,0.03342369360401427,7.545288594578688,19.15645521185277,37.965658781984125,92.23911217715656,170.96556565768
sleeper:player:12718,sleeper:12718,Konata Mumpfield,WR,00-0040590,22.856047694340063,1,developmental,prime,EXACT_NAME_POSITION,MAPPED_2025,PHASE2_ENTRY_SEASON,starter,0.0371900826446281,0.017857142857142856,1,0,24.048,1.3322991689750692,D1,WR|developmental,0.6561858982502272,35.56359197473881,23.336327544948563,1.4788586150506826,0.9704061687021192,0.3438141017497728,0.13396514598551673,0.20142479787430778,0.19399267281691163,0.10945059378808275,0.017352687785408324,2.7571358934692753,15.991158114313563,38.94162388566083,87.16747416204485,152.7734588933337,D1,WR|developmental,0.5574396761319254,40.58298449574661,22.622565733775936,1.687582522278219,0.9407254546646681,0.44256032386807465,0.10134108408495619,0.13987433277087066,0.19972124043811823,0.09166327060004692,0.024839748237933366,5.058219426274693,16.838056351714386,35.63032546979103,91.4078773149088,171.4941134703224
sleeper:player:13079,sleeper:13079,Jahdae Walker,WR,00-0040277,23.159955372115785,1,developmental,prime,EXACT_NAME_POSITION,MAPPED_2025,PHASE2_ENTRY_SEASON,starter,0.045454545454545456,0.05357142857142857,1,0,25.3655,1.294158163265306,D1,WR|developmental,0.6285676866671149,38.56715995329356,24.24207051316233,1.520457312226984,0.9557103354226145,0.37143231333288507,0.1181401472632194,0.1838872712228753,0.17842174170140299,0.12546463559550028,0.022653890884116994,3.132894430595796,16.01696398530085,38.31193625499895,85.34312797439082,149.35214767696303,D1,WR|developmental,0.5380402604821365,42.53908189587011,22.887738703924892,1.6770448796936828,0.9023176639106223,0.4619597395178635,0.09424211784987027,0.12037735840319032,0.1982460373055144,0.09661231770499107,0.028562429218570436,5.336284080339036,16.795200800165322,34.90807654023394,89.58281201874703,167.62870931638244
sleeper:player:13269,sleeper:13269,Fernando Mendoza,QB,,22.919019555500796,0,developmental,young,UNMATCHED,UNMATCHED_COLD_START,UNMATCHED_COLD_START,elite,0.5163934426229508,0.016666666666666666,0,0,196.753,1.0550324414177703,D1,QB|developmental,0.934422449808847,198.0634838446546,185.07496579179715,1.0066605533061992,0.9406462203463081,0.06557755019115297,0.03554371391489987,0.1368737887377573,0.018069255335193497,0.08410716178199544,0.6598285300390009,6.903637805486427,18.674992327444492,43.16821296389714,110.6742598438825,260.95408842018827,D1,QB|developmental,0.9469662902582366,158.7847095121958,150.3637673164958,0.8070256083119232,0.7642260464465385,0.05303370974176336,0.043095421333398505,0.13871763346406998,0.07785202608405295,0.26122224564490437,0.42607896373181087,8.90239102873369,16.138689831759443,42.44103059116402,112.43102329590947,270.0621231088607
sleeper:player:13272,sleeper:13272,Carson Beck,QB,,24.78353422725997,0,developmental,young,UNMATCHED,UNMATCHED_COLD_START,UNMATCHED_COLD_START,usable,0.4180327868852459,0.9615384615384616,0,0,15.373,1.0810829817158931,D1,QB|developmental,0.507201925949225,128.45612953227507,65.15319629875303,8.35595716725916,4.238157568383076,0.492798074050775,0.09868465759371053,0.12697222285726037,0.00473087296944156,0.050932108819838756,0.22588206370897376,2.4947647097379098,13.24761326259503,38.87670705745119,102.87531969854334,255.8916972187794,D1,QB|developmental,0.621265102761948,138.48344105606702,86.03492923852565,9.00822487842757,5.59649575479904,0.378734897238052,0.08043023175032762,0.10658874419501348,0.029299073106867326,0.10914661544847237,0.29580043826126723,0,4.948275659403913,37.7664955791792,92.87189396830851,251.0622464750031
sleeper:player:13274,sleeper:13274,Germie Bernard,WR,,22.74926932106751,0,developmental,prime,UNMATCHED,UNMATCHED_COLD_START,UNMATCHED_COLD_START,premium,0.41735537190082644,0.42045454545454547,0,0,86.043,1.3146371275783042,D1,WR|developmental,0.7364938662357186,112.04573050905825,82.5209932578217,1.3022062283864837,0.9590668997805945,0.26350613376428145,0.0818615662495549,0.1150442158465779,0.01851202532291298,0.15301874022330203,0.3680573185933707,7.386078459898733,19.948606329298713,43.653964264197306,93.91793932453437,175.0870156008185,D1,WR|developmental,0.606853366786989,99.61438394767168,60.45132427905636,1.1577279261261424,0.702571089792968,0.393146633213011,0.06301760955979627,0.054095976145581814,0.09953073549299825,0.20013065345880357,0.1900783921298091,8.063465739363947,20.116971504716062,40.11562372831793,97.08363642860617,186.41144426086183
sleeper:player:13275,sleeper:13275,Ty Simpson,QB,,23.696585145485532,0,developmental,young,UNMATCHED,UNMATCHED_COLD_START,UNMATCHED_COLD_START,depth,0.1557377049180328,0.7307692307692307,0,0,5.053,1.0208080808080808,D1,QB|developmental,0.43249766678839985,91.57666925082721,39.606695783235764,18.123227637211002,7.838253667768804,0.5675023332116002,0.11425742487030804,0.12731332238213783,0.02507410906392356,0.028296183354795057,0.13755662711723537,7.755776092978663,18.127725047797856,41.78566819696104,100.62823720868585,236.3936009843879,D1,QB|developmental,0.595501218334423,105.21388294350234,62.654995478551015,20.82206272382789,12.399563720275285,0.40449878166557696,0.09616940955438066,0.1427349185607311,0.06730383273444104,0.09039253657051412,0.19890052091435614,9.05733062201045,15.493351324109234,45.90783789396132,96.36707445505525,240.1797498403577
sleeper:player:13276,sleeper:13276,Omar Cooper,WR,,22.716414436983648,0,developmental,prime,UNMATCHED,UNMATCHED_COLD_START,UNMATCHED_COLD_START,starter,0.23553719008264462,0.875,0,0,47.8555,1.2829892761394102,D1,WR|developmental,0.5734691950342846,92.08408409088011,52.8073855790664,1.924211095712721,1.103475788134413,0.4265308049657154,0.08714250900414279,0.11363611506265354,0.016098756448712413,0.12855032755466902,0.22804148696410687,8.536642314930484,21.06398534327792,43.6852290710406,91.605705101639,163.0871247259774,D1,WR|developmental,0.4874426089004176,82.96838139562783,40.442324283729704,1.7337271869613282,0.8450925031340119,0.5125573910995824,0.08229877246253765,0.05370158404271649,0.09628986450762421,0.1308189442410297,0.12433344364650954,10.021055372007956,21.590195170583755,40.272171820998395,95.37693442586965,177.77408527036482
sleeper:player:13279,sleeper:13279,Carnell Tate,WR,,21.615775820174267,0,developmental,young,UNMATCHED,UNMATCHED_COLD_START,UNMATCHED_COLD_START,elite,0.6983471074380165,0.18888888888888888,0,0,142.538,1.3005291970802921,D1,WR|developmental,0.9147450019623073,173.23696371847214,158.46764671659795,1.2153738913024745,1.1117571925844192,0.08525499803769265,0.02214632255563186,0.048202713541137816,0.0,0.06677296925292252,0.7776229966126151,13.553142678659366,25.29611561359571,49.6937128954768,100.32788707476672,193.21568776670705,D1,WR|developmental,0.8497749129500227,150.36047069239928,127.77255589375805,1.0548798965356556,0.8964104722513158,0.15022508704997728,0.019020530454373023,0.038864704916054704,0.06501399476077194,0.19286419500164767,0.5340114878171753,11.352283629433172,23.532772449381667,45.78693854351956,99.86665965762215,195.5099147809886
sleeper:player:13281,sleeper:13281,Jordyn Tyson,WR,,22.053840941292428,0,developmental,prime,UNMATCHED,UNMATCHED_COLD_START,UNMATCHED_COLD_START,premium,0.45041322314049587,0.5113636363636364,0,0,89.908,1.302070963070239,D1,WR|developmental,0.7608120227025641,116.78898868634332,88.85446671184373,1.2989832794227802,0.9882820962744554,0.2391879772974359,0.08170705491119523,0.1139602237652754,0.013888916809151828,0.14924292127714225,0.4020129059397994,8.829980365814995,21.186183750118456,44.77943991822013,94.65190244313723,176.53798520121097,D1,WR|developmental,0.6459438365117829,103.08214693995048,66.58527747026295,1.1465291958440904,0.7405934674363011,0.3540561634882171,0.0672059504479334,0.054416061859386224,0.1011251480188244,0.210209656896484,0.21298701928915487,9.82351095837594,21.790987999286234,41.9138331977014,98.00509080439463,187.3313235873831
sleeper:player:13285,sleeper:13285,Malachi Fields,WR,,23.017584207752382,0,developmental,prime,UNMATCHED,UNMATCHED_COLD_START,UNMATCHED_COLD_START,premium,0.28512396694214875,0.056818181818181816,0,0,61.463,1.3318093174431203,D1,WR|developmental,0.7069351896437653,94.98802096193303,67.15037461261008,1.5454504492447982,1.0925333064219136,0.29306481035623466,0.09127151885832702,0.12483879275820042,0.06735848489497862,0.12393094787477171,0.29953544525748754,4.889336244771796,17.863602597358348,41.466445382702325,91.68064322549304,167.98967110505282,D1,WR|developmental,0.5616274880650327,88.78260906430361,49.86275371264464,1.4444887015652281,0.8112645609983997,0.4383725119349673,0.06416046078482597,0.06032624627628252,0.0894118118540404,0.20669932034764804,0.14102964880223579,5.3118990686322896,17.38450296892779,36.81347372783934,94.67989875680115,181.60272056634537
sleeper:player:13286,sleeper:13286,Jadarian Price,RB,,22.89711629944489,0,developmental,prime,UNMATCHED,UNMATCHED_COLD_START,UNMATCHED_COLD_START,elite,0.6348314606741573,0.09722222222222222,0,0,158.428,1.1051831182420648,D1,RB|developmental,0.9277160551140977,150.31983690804498,139.45412610172605,0.9488211484588898,0.880236612857109,0.07228394488590228,0.0565548874644619,0.11671214397257831,0.011195921755278329,0.15592567878478605,0.5873274231369932,14.762872707631209,24.10527512661599,43.35793097253665,97.1127521674913,204.61845747150167,D1,RB|developmental,0.8522927302095573,131.09352704894042,111.73006008134189,0.8274643816051482,0.7052418769494149,0.14770726979044269,0.045160784706352146,0.058902427041134416,0.11607367895474253,0.2030265097831863,0.429129329724142,8.002405443569007,17.16755765124606,33.77487353312263,92.29421521896747,204.36474989955752
sleeper:player:13287,sleeper:13287,Jeremiyah Love,RB,,21.254372095251785,0,developmental,young,UNMATCHED,UNMATCHED_COLD_START,UNMATCHED_COLD_START,elite,0.7696629213483146,0.4305555555555556,0,0,208.8405,1.13654693877551,D1,RB|developmental,0.9496194432827184,192.49789709680988,182.79974587416663,0.9217460075838255,0.8753079305698208,0.05038055671728159,0.029032787709516356,0.05532083284893681,0.0,0.07781159885533291,0.7874542238689324,18.28517905041874,27.60713157223882,47.8022796656676,103.46911637389225,219.302308667229,D1,RB|developmental,0.9065033401230826,155.4553885764225,140.92082898465873,0.744373761681391,0.6747773012641645,0.09349665987691735,0.02518423123826818,0.04745625795707113,0.0814870822321388,0.2412690346128488,0.5111067340827558,13.658655965168297,23.191676648153763,41.299290236340745,100.54242135437137,218.8449437048904
sleeper:player:13288,sleeper:13288,Nicholas Singleton,RB,,22.65344257582291,0,developmental,prime,UNMATCHED,UNMATCHED_COLD_START,UNMATCHED_COLD_START,usable,0.03932584269662921,0.875,0,0,17.3405,1.1115705128205127,D1,RB|developmental,0.5467320037297909,75.33607295987396,41.18864212248562,4.344515611422621,2.375285725468448,0.4532679962702091,0.125530701317995,0.1367869725647396,0.05027257020931492,0.11593640336630637,0.11820535627143502,18.14569484599419,28.06230555384307,46.09656783490547,96.17059719330436,182.77662783729147,D1,RB|developmental,0.44575803949900317,70.10987840285445,31.2520419463699,4.043128998751735,1.8022572559251409,0.5542419605009968,0.08756619030898809,0.09799391921532209,0.05344040517179588,0.12933672304801244,0.07742080175488465,11.630687720735652,20.254886538092293,35.62760692259612,90.36236263401335,189.32386729943636
sleeper:player:13293,sleeper:13293,Ja'Kobi Lane,WR,,22.073006290341347,0,developmental,prime,UNMATCHED,UNMATCHED_COLD_START,UNMATCHED_COLD_START,premium,0.30991735537190085,0.125,0,0,66.2955,1.2823114119922632,D1,WR|developmental,0.7444790360346176,96.30216310020971,71.69494155289266,1.452619907840045,1.0814450687134518,0.2555209639653824,0.0931934636009416,0.1299492758197892,0.05199882209592113,0.15146489527156418,0.3178725792464015,6.9948760106215575,19.478241911422543,42.25901856821431,90.8516738523766,165.32921169290597,D1,WR|developmental,0.620274358226004,89.7099223701554,55.64476452465277,1.3531826801239206,0.8393445184764089,0.37972564177399604,0.06754258533428374,0.06487085599664753,0.10567547347799237,0.2194917226472044,0.1626937207698759,7.9208043587653405,19.576175726242273,38.27586095624553,94.37615537563713,178.74227017905392
sleeper:player:13294,sleeper:13294,Makai Lemon,WR,,22.24823233878861,0,developmental,prime,UNMATCHED,UNMATCHED_COLD_START,UNMATCHED_COLD_START,premium,0.5991735537190083,0.9204545454545454,0,0,123.6755,1.3018473684210525,D1,WR|developmental,0.7709277435996607,134.68057896223652,103.82899484605294,1.088983500873144,0.8395275931453922,0.22907225640033935,0.0600314437633864,0.10870872260354493,0.0,0.12298474662496034,0.47920283060776897,10.372174924455276,22.398745201389747,46.47070544904147,96.93175687832982,185.41266035370538,D1,WR|developmental,0.6623384505849935,105.9776447214292,70.19306900143833,0.8569008794905151,0.5675584008266661,0.3376615494150065,0.06738738733505874,0.04889143529404237,0.12891908559672044,0.1939036057588853,0.22323693660028668,11.33679256081955,23.444423644211764,44.71845704382885,99.99845719104499,193.192745314204
sleeper:player:13296,sleeper:13296,Caleb Douglas,WR,,22.979253509654544,0,developmental,prime,UNMATCHED,UNMATCHED_COLD_START,UNMATCHED_COLD_START,premium,0.3347107438016529,0.19318181818181818,0,0,71.2555,1.3393890977443608,D1,WR|developmental,0.7169577499851796,101.58449056775432,72.83178779084783,1.4256371868523035,1.0221216297808287,0.2830422500148204,0.08648240825291166,0.12395899829185274,0.03328312875263276,0.16517079633921117,0.30806241834857123,5.8535005848456585,18.81676794412956,42.70480866669924,93.4990217081682,172.45984766735108,D1,WR|developmental,0.5766247842657525,93.00938226622102,53.631514983950595,1.3052940792811927,0.7526649168688817,0.4233752157342475,0.06010339054065232,0.058574053495501884,0.10484197696735262,0.19509216001759339,0.15801320324465226,6.360608139517853,18.555636926465603,38.37120242276021,96.60675502410515,185.37823527935302
sleeper:player:13298,sleeper:13298,KC Concepcion,WR,,21.938848846998912,0,developmental,young,UNMATCHED,UNMATCHED_COLD_START,UNMATCHED_COLD_START,premium,0.5661157024793388,0.8295454545454546,0,0,123.118,1.3238494623655914,D1,WR|developmental,0.7787785325092046,146.88778296761564,114.39305206305026,1.1930650511510554,0.9291334497234381,0.2212214674907954,0.04906927493490926,0.09011323053626817,0.0,0.09165530285799377,0.5479407241800334,10.982573319489175,23.325192264246613,47.67415632437902,98.9793158398709,187.3930026084632,D1,WR|developmental,0.6752406294362308,126.02517376445132,85.09731765751847,1.02361290602878,0.6911850229659227,0.32475937056376925,0.04306978671718084,0.04717013796582126,0.0847727143554073,0.19908647780403668,0.3011415125937847,12.157037308500591,24.444139155945532,45.64748837981868,102.48705638747553,196.41010021332164
sleeper:player:13301,sleeper:13301,Antonio Williams,WR,,22.133240244495095,0,developmental,prime,UNMATCHED,UNMATCHED_COLD_START,UNMATCHED_COLD_START,starter,0.16115702479338842,0.5535714285714286,0,0,41.4955,1.2498644578313252,D1,WR|developmental,0.5879847551789864,77.46922823848686,45.55072519971172,1.8669308295715648,1.0977268667617386,0.4120152448210136,0.10234130722497743,0.13128101146376647,0.03304098814829695,0.14392258037825215,0.17739886796369342,8.653012376412809,21.04728643403412,42.835018888871225,89.33950767663097,155.74378822823135,D1,WR|developmental,0.5073714344581971,73.78540020231138,37.43660434271887,1.7781542625660947,0.9021846788861172,0.4926285655418029,0.08495042464006121,0.06863088893869425,0.11314576187380711,0.13686474241646218,0.10377961658917234,10.384046493560435,21.592189942758075,39.09283137793802,93.53934919094243,171.97169788622338
sleeper:player:13303,sleeper:13303,Cade Klubnik,QB,,22.8943783924379,0,developmental,young,UNMATCHED,UNMATCHED_COLD_START,UNMATCHED_COLD_START,usable,0.36885245901639346,0.7307692307692307,0,0,10.203,1.08773987206823,D1,QB|developmental,0.5029869678402604,112.79626254329376,56.73505008036526,11.055205581034379,5.560624334055206,0.4970130321597396,0.10878274990483183,0.14561483541238548,0.021334601381575582,0.054722687126123645,0.1725320940153439,10.614638349676337,21.342946931239904,47.09340213850085,110.73130447627764,263.18742372967466,D1,QB|developmental,0.6371413800783575,125.00436859748407,79.6454559240247,12.251726805594833,7.806082125259699,0.3628586199216425,0.08950466172460025,0.14254856816055517,0.04215731727499999,0.12272449185979128,0.2402063410584108,7.585658735607665,14.626193372093496,48.11869331416649,101.70938752566694,259.6549823993867
sleeper:player:13305,sleeper:13305,Mike Washington,RB,,23.165431186129762,0,developmental,prime,UNMATCHED,UNMATCHED_COLD_START,UNMATCHED_COLD_START,premium,0.3651685393258427,0.31666666666666665,0,0,60.273,1.1120479704797048,D1,RB|developmental,0.771757124911563,101.59374257453284,78.40569467832692,1.685559746064288,1.3008427434892391,0.228242875088437,0.10345697623235571,0.1454859643188086,0.052847638456968056,0.17398977142509223,0.2959767744783384,10.929203501666537,20.57735867241964,39.34078732113665,91.6605026602661,190.06294649114054,D1,RB|developmental,0.6139894544954718,82.13421723011871,50.42954323253317,1.3627033203941847,0.8366854683279937,0.3860105455045282,0.08276272356954892,0.05992128659756038,0.12855440755294628,0.19790941539958895,0.1448416213758273,5.023094952376322,13.978283853027072,30.03335436233014,87.18649442351965,193.73073136789964
sleeper:player:13311,sleeper:13311,Chris Bell,WR,,22.23454280375367,0,developmental,prime,UNMATCHED,UNMATCHED_COLD_START,UNMATCHED_COLD_START,starter,0.2024793388429752,0.7321428571428571,0,0,47.4305,1.3304488078541377,D1,WR|developmental,0.5892920980305292,90.005617498896,53.03959917045773,1.8976316399552184,1.1182593303983244,0.4107079019694708,0.09515860519721035,0.12331123218719905,0.023732412677390517,0.1386769189734778,0.20841292899525146,9.446825670630918,22.532636988924693,45.86997507779908,95.49480643869212,168.08263595024795,D1,WR|developmental,0.5087379179575151,83.18939704526314,42.32160064894823,1.7539219920781592,0.89228662250974,0.4912620820424849,0.0855450714928014,0.06164352541732749,0.10629536391476191,0.1373713085883549,0.1178826485442694,11.23622210738989,23.204746862411298,42.225265175169596,99.78738489432233,184.3672628593017
sleeper:player:13317,sleeper:13317,Ted Hurst,WR,,22.166095128578956,0,developmental,prime,UNMATCHED,UNMATCHED_COLD_START,UNMATCHED_COLD_START,usable,0.024793388429752067,0.6666666666666666,0,0,21.048,1.332151898734177,D1,WR|developmental,0.4845273833277933,65.20318968281977,31.59273088164243,3.0978330332012436,1.5009849335633996,0.5154726166722067,0.12273019683121617,0.12258270366981738,0.03568115341463403,0.10419746335352162,0.09933586605860413,10.542295218613688,23.72356094354838,46.672683537968474,94.5844301279641,159.7608439860736,D1,WR|developmental,0.4190956246406614,76.05757182881135,31.875395574247666,3.6135296383889854,1.5144144609581751,0.5809043753593386,0.07908124953557405,0.07792351763648046,0.0643238637609561,0.11197847119777611,0.08578852250987469,12.384435274740548,24.136585257207177,43.17417111684626,98.10661549479289,177.78896950686556
sleeper:player:13320,sleeper:13320,Zachariah Branch,WR,,22.426196294242864,0,developmental,prime,UNMATCHED,UNMATCHED_COLD_START,UNMATCHED_COLD_START,starter,0.16942148760330578,0.5892857142857143,0,0,44.223,1.322062780269058,D1,WR|developmental,0.5768770582754954,82.86226727904847,47.801340989975316,1.8737369079223134,1.080915835424447,0.4231229417245046,0.0989032600928318,0.1272214582699415,0.0306255496859256,0.1403454774424994,0.1797813127842971,8.677643834421488,21.76130964217365,44.839167980813414,94.03736033038135,164.66475475085934,D1,WR|developmental,0.492533899888395,78.26530864820363,38.54831769446866,1.7697874103566837,0.8716802951963608,0.507466100111605,0.08256625853150897,0.06522096428086778,0.1084932321005255,0.1329433068344833,0.10331013814100948,10.359201456280683,22.221350509264152,40.833354038623774,98.28715050515869,181.46271269886785
sleeper:player:13329,sleeper:13329,Malik Benson,WR,,23.874549100939785,0,developmental,prime,UNMATCHED,UNMATCHED_COLD_START,UNMATCHED_COLD_START,starter,0.07851239669421488,0.19642857142857142,0,0,30.6005,1.3246969696969697,D1,WR|developmental,0.48930954617462574,62.82395561564768,30.740361211187395,2.053036898601254,1.0045705531343407,0.5106904538253743,0.09878458389947434,0.12383244332102619,0.04464891489943861,0.12033420690899993,0.10170939714568666,3.911655851569557,17.094543675749065,39.98797042951454,88.48808528098358,155.3792294155249,D1,WR|developmental,0.38270101461271033,62.85123095865359,24.053229857534518,2.0539282351155563,0.7860404195204169,0.6172989853872897,0.06431688211749968,0.06329729384722811,0.09616061953007433,0.09940553476770055,0.059520684350207645,4.6615334482190365,16.435398490664507,34.936228736013774,91.5083420123516,172.3295582323064
sleeper:player:13330,sleeper:13330,Kenyon Sadiq,TE,,21.495307911866774,0,developmental,young,UNMATCHED,UNMATCHED_COLD_START,UNMATCHED_COLD_START,premium,0.4296875,0.58,0,0,64.9155,1.3495945945945944,D1,TE|developmental,0.862167765593594,99.39579503217178,85.69585051228638,1.5311565809732928,1.3201138481916708,0.13783223440640602,0.05016062735032875,0.08540557546418137,0.015057385641766625,0.12065285189948535,0.5908913252378318,10.452562978746698,20.32506847436179,33.98715530548687,68.51850116796963,126.34634451319387,D1,TE|developmental,0.7842842513027635,93.54873116245803,73.36879658007189,1.441084658709523,1.1302200026198965,0.21571574869723653,0.04411816402839494,0.04214198927177974,0.10155591046521444,0.2336648276164712,0.3628033599209031,14.335150385386704,21.95476553613898,32.73108089223578,74.53838898774647,140.76524552388526
sleeper:player:13337,sleeper:13337,Emmett Johnson,RB,,22.8943783924379,0,developmental,prime,UNMATCHED,UNMATCHED_COLD_START,UNMATCHED_COLD_START,premium,0.2640449438202247,0.016666666666666666,0,0,52.4155,1.1494627192982456,D1,RB|developmental,0.772273715735273,105.21370050970086,81.25377543888489,2.0073012851103367,1.5501860220523487,0.22772628426472696,0.13029602077871316,0.12106710672319133,0.05988288244725309,0.15614366090090961,0.3048840448852059,13.161252328372031,23.361435673568288,42.44991377297339,96.27189372747506,193.96340042512276,D1,RB|developmental,0.6160138688257877,76.06693975721682,46.858289849581254,1.4512298796580556,0.8939777327237411,0.3839861311742123,0.09695033892492842,0.06473840875671208,0.17540285275895026,0.14304821776573431,0.13587405061946262,5.796484814989471,14.973166494782847,30.740735626709537,90.65115987673589,198.4741015869382
sleeper:player:13345,sleeper:13345,Jonah Coleman,RB,,23.034011649794316,0,developmental,prime,UNMATCHED,UNMATCHED_COLD_START,UNMATCHED_COLD_START,starter,0.25280898876404495,0.9736842105263158,0,0,47.5055,1.132431466030989,D1,RB|developmental,0.6453661143753967,107.00469550637776,69.05720455887348,2.2524696194414915,1.4536675660475837,0.3546338856246033,0.08973240860445782,0.12565032632939996,0.032929678924547824,0.14661693002089954,0.25043677049609153,16.11908042955532,26.150525292228505,44.945376526448214,97.80331890694409,193.68289781309804,D1,RB|developmental,0.5304418679553871,78.8965563661385,41.85003673410199,1.6607878322749683,0.8809514000295122,0.46955813204461294,0.08888208679575982,0.08307310640250545,0.08940383940977452,0.16258665583115448,0.10649617951619281,9.812258396838228,18.836587162839255,34.46547001843454,93.09282033324669,199.03148950208774
sleeper:player:13346,sleeper:13346,Denzel Boston,WR,,22.738317693039555,0,developmental,prime,UNMATCHED,UNMATCHED_COLD_START,UNMATCHED_COLD_START,premium,0.47520661157024796,0.5795454545454546,0,0,100.6905,1.3318849206349208,D1,WR|developmental,0.7447273998131132,122.05411632547988,90.89704468756189,1.2121711216597382,0.9027370475622017,0.2552726001868868,0.07861261911420912,0.10806311832872373,0.009650171118472542,0.13976156987607136,0.40863992137563643,8.377325900100423,20.98997605588842,45.190067952136694,96.40188406976607,181.2374769861574,D1,WR|developmental,0.6197992111156442,106.57056249365043,66.05235056171499,1.0583973909519808,0.6559938679588937,0.3802007888843558,0.06443667237831312,0.050245339345539486,0.09363190817844776,0.20006193940456335,0.21142335180878047,9.117797711041499,21.388831977983102,42.04111008977799,99.61635524670687,191.67376717588854
sleeper:player:13347,sleeper:13347,Demond Claiborne,RB,,22.89711629944489,0,developmental,prime,UNMATCHED,UNMATCHED_COLD_START,UNMATCHED_COLD_START,starter,0.08426966292134831,0.18421052631578946,0,0,19.9505,1.0961813186813187,D1,RB|developmental,0.5906251646750849,58.70667971961317,34.67364237692399,2.9426169629639944,1.7379836283263073,0.40937483532491514,0.1441754506328445,0.16543181366186638,0.07347451277052472,0.1209870536416239,0.08655633396822535,12.64319326696346,22.37217344059313,40.261936246093505,89.90195908981116,176.9314279442849,D1,RB|developmental,0.46056493201008586,51.75649784406092,23.837227910630073,2.5942456501872595,1.194818571495956,0.5394350679899141,0.10397238630034006,0.07173857490487914,0.13153714061612787,0.09900053290382602,0.05431629728491278,6.015045501841679,14.561958340456123,29.871617069412494,84.02234252358353,182.62826908733837
sleeper:player:13349,sleeper:13349,Eli Stowers,TE,,23.381725839681856,0,developmental,prime,UNMATCHED,UNMATCHED_COLD_START,UNMATCHED_COLD_START,starter,0.1015625,0.4090909090909091,0,0,24.5555,1.3795224719101122,D1,TE|developmental,0.6093843987220816,62.54428223991765,38.113509826276385,2.5470579804898152,1.5521373959510654,0.3906156012779184,0.09906120846139553,0.12229355995441822,0.06283255187727271,0.1536632288985409,0.17153384953045425,15.274976985638753,25.913347080190842,38.86690313295083,72.05685763286964,116.10956450314326,D1,TE|developmental,0.5247082690072152,66.33591767930575,34.807004538513645,2.7014688228423673,1.4174830298105778,0.47529173099278477,0.08503804840287853,0.053738837852317714,0.1298042196765903,0.14712702404606598,0.1090001390293627,20.60906010353661,28.02591612820142,37.29659733912583,79.40150010832156,137.8439342305771
sleeper:player:13405,sleeper:13405,Kaytron Allen,RB,,23.64730281935974,0,developmental,prime,UNMATCHED,UNMATCHED_COLD_START,UNMATCHED_COLD_START,starter,0.17415730337078653,0.6052631578947368,0,0,30.818,1.128864468864469,D1,RB|developmental,0.5847455276103574,80.83188282194773,47.2660819684584,2.6228789286114518,1.5337167229689923,0.41525447238964264,0.1058613959448922,0.13888309649114733,0.052314577382743345,0.1372385451711482,0.15044791262042628,12.433362085218633,22.414186313179663,41.01896934338156,92.88601383443654,185.73528448058488,D1,RB|developmental,0.4486989834847527,63.75425511245598,28.606469461786595,2.0687343472144843,0.9282389986951326,0.5513010165152473,0.08677032600154617,0.07026998206279107,0.1014966355299198,0.11906460335000918,0.07109743654048647,5.779517049126775,14.679775330878188,30.46862678597655,87.3413251360291,191.02950336335604
sleeper:player:13413,sleeper:13413,Cyrus Allen,WR,,23.554213981122132,0,developmental,prime,UNMATCHED,UNMATCHED_COLD_START,UNMATCHED_COLD_START,starter,0.22727272727272727,0.8392857142857143,0,0,47.148,1.2970563961485557,D1,WR|developmental,0.5376345341099605,89.94423976423609,48.35712944151965,1.9077000034834157,1.0256454025943762,0.46236546589003946,0.08291261743727975,0.10808760793869365,0.016819132651044476,0.1221620490158123,0.20765312706713035,7.03133040925789,19.708252278384,42.553958226124635,90.94758328068679,162.85746461226705,D1,WR|developmental,0.44081052156557854,80.90260759556753,35.66272065021746,1.715928726469151,0.7563994368842254,0.5591894784344215,0.07440617205667459,0.04976103214946683,0.08838885110723008,0.11847861883254969,0.10977584741965735,8.124673336528765,19.81172713647994,38.66039977920259,94.34611251110658,177.4269828246998
sleeper:player:13414,sleeper:13414,Kaelon Black,RB,,24.87388515849059,0,developmental,prime,UNMATCHED,UNMATCHED_COLD_START,UNMATCHED_COLD_START,starter,0.24157303370786518,0.9210526315789473,0,0,44.5405,1.0997654320987655,D1,RB|developmental,0.5539978812905171,96.01608033830847,53.19270507724296,2.1557027949463623,1.1942547810923307,0.4460021187094829,0.08003752171215738,0.11113015787914014,0.031069231270157406,0.1276355537443812,0.20412541668468095,10.870717524085135,20.62675983037895,38.85236072962796,90.12489750969436,182.82941505437762,D1,RB|developmental,0.40451480340167656,69.61585223096498,28.160642778848967,1.5629786875083345,0.6322480164984444,0.5954851965983234,0.06910159116648727,0.06335919846409833,0.07147841363072563,0.12189522365631324,0.07868037648405204,3.9994453213423773,12.753137265888638,27.887786350171936,84.79571808252426,187.42511282378894
sleeper:player:13417,sleeper:13417,De'Zhaun Stribling,WR,,23.704798866506497,0,developmental,prime,UNMATCHED,UNMATCHED_COLD_START,UNMATCHED_COLD_START,premium,0.5495867768595041,0.7840909090909091,0,0,117.423,1.3010858725761774,D1,WR|developmental,0.7233558363580277,127.99944983137632,92.58914908614263,1.0900713644803515,0.7885094835436212,0.2766441636419723,0.0718763066266899,0.09539199858847841,0.0,0.11610334136314263,0.43998418977971676,7.559187923145476,19.73008728269723,43.604547606065275,93.97468774179384,180.12682434840883,D1,WR|developmental,0.5857727898369203,108.95625461758469,63.82360923752441,0.9278953409262638,0.5435358425310579,0.41422721016307973,0.06105788222917398,0.04186366986696281,0.07933633072164403,0.1826528417865387,0.22086206523260074,7.877839244321404,19.938618249647856,40.6310708283356,96.62974695136838,188.50988885880938
sleeper:player:13424,sleeper:13424,Seth McGowan,RB,,24.85745771644866,0,developmental,prime,UNMATCHED,UNMATCHED_COLD_START,UNMATCHED_COLD_START,starter,0.20786516853932585,0.7631578947368421,0,0,34.9205,1.1582255389718077,D1,RB|developmental,0.5322307676976995,88.7861895659808,47.254741833655444,2.542523433684535,1.3532091989993111,0.4677692323023005,0.08586558731306075,0.11709656877051743,0.03957271491518717,0.12533776279623088,0.16435813390270326,9.493011797519596,19.68441025602353,38.86132105420908,92.25312072113388,188.81933873712794,D1,RB|developmental,0.3789522183643914,66.40163170935742,25.163045639276305,1.901508618414897,0.7205809091873343,0.6210477816356086,0.06925177754007483,0.05938140861600031,0.07669041930478822,0.10712321426454571,0.0665053986389824,2.5462564472855362,11.709733694551147,28.06778156463545,86.45283532950701,193.63445820250325
sleeper:player:13425,sleeper:13425,Jalon Daniels,QB,,23.841694216855924,0,developmental,young,UNMATCHED,UNMATCHED_COLD_START,UNMATCHED_COLD_START,depth,0.05737704918032787,0.2692307692307692,0,0,3.173,1.04375,D1,QB|developmental,0.3995525512836199,56.75451989192067,22.67641321969386,17.88670655276416,7.146679237218361,0.6004474487163801,0.12626520795270202,0.1404675058401815,0.03864195654077355,0.02530771640083409,0.06887016454912874,4.103367285085085,14.770429849993077,38.76382824544974,98.24901955720352,233.76111949620224,D1,QB|developmental,0.5535051649465471,70.825181365359,39.20210369400214,22.321204338278914,12.354901889064653,0.4464948350534529,0.10217753845126917,0.19455614276833816,0.07435404261722146,0.07893527169610871,0.10348216941360959,7.356932206902079,13.842123560991345,44.81529789590156,95.55532094392105,240.4514386722333
sleeper:player:13434,sleeper:13434,Will Kacmarek,TE,,23.551476074115143,0,developmental,prime,UNMATCHED,UNMATCHED_COLD_START,UNMATCHED_COLD_START,premium,0.2578125,0.14,0,0,44.083,1.408402555910543,D1,TE|developmental,0.7584675345076137,80.87300670294249,61.339550002198514,1.8345622281365264,1.3914558900755056,0.24153246549238627,0.0712381294899957,0.08616624602769464,0.07342260764319818,0.18841861300225185,0.3392219383444734,12.590975539197093,23.256976329054652,36.93559447233259,72.07527718670718,124.24430712680144,D1,TE|developmental,0.6334925967473827,79.54418522426478,50.39065245387429,1.804418601825302,1.1430858256895922,0.3665074032526173,0.07675162011516157,0.03731874344233642,0.10447187212057939,0.22682083739727024,0.18812952367203506,16.55640948800541,24.322000613103867,34.325755715318515,78.42919847474667,142.650668229553
sleeper:player:1373,sleeper:1373,Geno Smith,QB,00-0030565,34.89462480406853,13,veteran,aging,DIRECT_ID,MAPPED_2025,PHASE2_ENTRY_SEASON,elite,0.5327868852459017,0.05,1,1,239.893,1.0756568917585867,D1,QB|veteran,0.8727208662791736,84.79133928089304,73.9991710701923,0.3534548289482938,0.30846740451031207,0.12727913372082644,0.0394419696958986,0.13673706927171023,0.3079004001934247,0.2669848666145957,0.12165656050354431,1.1193629369237326,13.183193301776383,38.1498894243849,107.3299992657485,260.9850063588602,D1,QB|veteran,0.7002146068861788,81.88634160570072,57.33801249678307,0.3413452731246877,0.23901494623345854,0.29978539311382124,0.0948213203112646,0.1206315407261768,0.17620668031087808,0.2316076716577072,0.07694739388015207,7.537226080495779,14.944524295195192,41.463735443239905,113.80468791092744,274.94518974384863
sleeper:player:1466,sleeper:1466,Travis Kelce,TE,00-0030506,35.907650396654276,13,veteran,aging,DIRECT_ID,MAPPED_2025,PHASE2_ENTRY_SEASON,elite,0.8359375,0.5961538461538461,1,1,136.3255,1.3680431510286,D1,TE|veteran,0.6824434652594114,102.27314369968084,69.79563858938393,0.7502128633284371,0.5119778661320438,0.31755653474058865,0.011612185393474913,0.028323145353390165,0.06362015194578788,0.21123733669027092,0.36765064587648744,6.34128913112298,15.292003645925432,30.588729132740664,66.925419609339,144.71803144830315,D0,TE|veteran,0.3152390799802277,81.53426843406818,25.702787768016574,0.5980852330200013,0.1885398386069853,0.6847609200197723,0.009861918832074388,0.017213825551735482,0.04064923834630373,0.09927730153286453,0.14823679571724957,81.53426843406818,81.53426843406818,81.53426843406818,81.53426843406818,81.53426843406818
sleeper:player:1479,sleeper:1479,Keenan Allen,WR,00-0030279,33.34770734512002,13,veteran,aging,DIRECT_ID,MAPPED_2025,PHASE2_ENTRY_SEASON,premium,0.4834710743801653,0.6022727272727273,1,1,103.908,1.3618348623853211,D1,WR|veteran,0.3623775454571656,65.1456034016874,23.607303858029454,0.6269546464342244,0.22719428588779933,0.6376224545428344,0.02854260304312089,0.06129143727887386,0.09210774600058098,0.12762490310515162,0.052810856029438205,0,8.394512871507654,33.17050820925975,85.54632375512219,172.6858975491156,D0,WR|veteran,0.12720933578161975,54.119196994964945,6.884467102764121,0.520837635167311,0.0662554096197032,0.8727906642183803,0.013121884473289491,0.019258024510330127,0.029019034166055023,0.044060088028260815,0.021750304603684236,54.119196994964945,54.119196994964945,54.119196994964945,54.119196994964945,54.119196994964945
sleeper:player:19,sleeper:19,Joe Flacco,QB,00-0026158,40.62506416969548,18,veteran,aging,DIRECT_ID,MAPPED_2025,PHASE2_ENTRY_SEASON,usable,0.319672131147541,0.5,1,1,8.1655,1.0590791180285344,D1,QB|veteran,0.13113022658039353,51.24428653311408,6.719674904037858,6.275707125480874,0.8229348973164973,0.8688697734196065,0.019733579321979104,0.0348056447097058,0.041065530876558294,0.024382535210430364,0.011142936461719965,0,8.815996849739241,33.782242453925015,95.4359033349611,242.17794521395462,D1,QB|veteran,0.056172986080752274,90.43528448669639,5.080019976680068,11.075290488848985,0.622132138470402,0.9438270139192477,0.006584131858639106,0.016834749419481224,0.006909330442351945,0.010986308445828305,0.01485846591445171,1.2158600668920527,8.024516984032907,40.52094952465823,92.39847445651962,245.1015543327562
sleeper:player:2133,sleeper:2133,Davante Adams,WR,00-0031381,32.68787175643579,12,veteran,aging,DIRECT_ID,MAPPED_2025,PHASE2_ENTRY_SEASON,elite,0.8966942148760331,0.7222222222222222,1,1,189.5705,1.2521169088507265,D1,WR|veteran,0.6833133731169032,139.56919057974494,95.36949439824143,0.7362389748391492,0.5030819373174699,0.3166866268830968,0.011619562275312507,0.028341412662724438,0.04534530944734704,0.19161580905426473,0.40639127967725447,4.777663260114257,15.58891342999587,39.7372772441668,89.00960545331431,187.0478657381045,D0,WR|veteran,0.36113412432588987,108.20946749093295,39.07813128610891,0.5708138528459489,0.2061403609006091,0.6388658756741101,0.012375132906854854,0.022371658575979288,0.03998635072913302,0.11003536646024466,0.17636561565367803,108.20946749093295,108.20946749093295,108.20946749093295,108.20946749093295,108.20946749093295
sleeper:player:2216,sleeper:2216,Mike Evans,WR,00-0031408,32.03077407475855,12,veteran,aging,DIRECT_ID,MAPPED_2025,PHASE2_ENTRY_SEASON,elite,0.7479338842975206,0.32222222222222224,1,1,155.698,1.2793590797041907,D1,WR|veteran,0.6040745115507102,113.41361945092541,68.51027677301589,0.7284205285291102,0.4400202749747324,0.39592548844928976,0.01898315822661116,0.043318938063103114,0.07470122272966465,0.22186405243889076,0.24520714009244055,4.0293281988291225,15.472926842767432,39.632017722358405,89.63452878792353,183.17687096443356,D0,WR|veteran,0.3028532895726993,93.15747543050972,28.213047882417776,0.5983215932800017,0.18120366274722716,0.6971467104273007,0.011328356604323526,0.02561282360300791,0.05110345098799336,0.11416545894625128,0.10064319943112322,93.15747543050972,93.15747543050972,93.15747543050972,93.15747543050972,93.15747543050972
sleeper:player:2306,sleeper:2306,Jameis Winston,QB,00-0031503,31.652942907794134,11,veteran,aging,DIRECT_ID,MAPPED_2025,PHASE2_ENTRY_SEASON,usable,0.4016393442622951,0.8846153846153846,1,1,13.5305,1.1200745033112582,D1,QB|veteran,0.2726238593867488,77.39644434746741,21.100117360818285,5.720146657364282,1.5594484579888612,0.7273761406132512,0.0702218971937374,0.066038492876603,0.07180644073275909,0.041549341672811685,0.023007686910837745,26.914705671091856,38.00818370623187,64.55771145395163,130.5532702464425,288.6013969872683,D1,QB|veteran,0.1935108556286691,103.48932282235194,20.026307407784874,7.648595604179589,1.4800862797224696,0.8064891443713309,0.04288675620377809,0.039888110550420956,0.03814903800511239,0.04101157882116494,0.0315753720481927,30.438874280750436,37.73516809500638,71.9691696197613,128.2419268184744,291.70645336510506
sleeper:player:2307,sleeper:2307,Marcus Mariota,QB,00-0032268,31.839120584269356,11,veteran,aging,DIRECT_ID,MAPPED_2025,PHASE2_ENTRY_SEASON,depth,0.12295081967213115,0.5769230769230769,1,1,4.4355,1.1672368421052632,D1,QB|veteran,0.320656752611553,63.486197135028185,20.35727780897502,14.313199669716647,4.589624125572093,0.679343247388447,0.07607280307943372,0.09477770543374932,0.09860177647636076,0.03512616429104996,0.016078303330959356,23.4489984734876,35.2720074909933,62.28238909721319,129.11735307532186,283.23232686859427,D1,QB|veteran,0.238795328505241,90.29411017218366,21.56181170065502,20.357143540115807,4.861190779090299,0.761204671494759,0.05371964499479911,0.07667620838990284,0.04859333311427777,0.03186097560617849,0.02794516640008278,35.39853571902405,42.711403170933046,77.70340439652574,134.39721109004745,297.9897375124168
sleeper:player:2449,sleeper:2449,Stefon Diggs,WR,00-0031588,31.7569833740597,11,veteran,aging,DIRECT_ID,MAPPED_2025,PHASE2_ENTRY_SEASON,elite,0.7066115702479339,0.2111111111111111,1,1,145.2555,1.2992441860465118,D1,WR|veteran,0.7336688278349314,115.14240894883585,84.47639620758271,0.7926888066120445,0.5815710675849293,0.26633117216506863,0.016362130562839878,0.04336464396256835,0.09151357076441266,0.2904053783882478,0.29202310415686267,4.008088289191682,15.723000394205055,40.12234794870871,90.74513647202646,183.9045515331253,D0,WR|veteran,0.43194660334408264,97.41434204084884,42.07779416154333,0.6706413322789762,0.28968124554005403,0.5680533966559174,0.015126677294816147,0.03822754578739452,0.06826443683662685,0.15655645061033072,0.1537714928149144,97.41434204084884,97.41434204084884,97.41434204084884,97.41434204084884,97.41434204084884
sleeper:player:2505,sleeper:2505,Darren Waller,TE,00-0031610,32.96713827114862,11,veteran,aging,DIRECT_ID,MAPPED_2025,PHASE2_ENTRY_SEASON,elite,0.6015625,0.019230769230769232,1,0,96.398,1.338861111111111,D1,TE|veteran,0.7112475017217917,78.56574614882891,55.87969066926304,0.8150142756989659,0.5796768674584851,0.28875249827820826,0.013251580458493516,0.04376978657067265,0.12000042105825161,0.3144087774478811,0.2198169361864929,9.859071982352111,19.289922669991594,33.40306491195803,68.45403050987895,133.62845100538425,D0,TE|veteran,0.3980391506393193,70.81514449178654,28.187199965911383,0.7346121754786048,0.2924044063768064,0.6019608493606807,0.021568672729871324,0.025927360931661845,0.08333633964630167,0.11622245999870724,0.15098431733277726,70.81514449178654,70.81514449178654,70.81514449178654,70.81514449178654,70.81514449178654
sleeper:player:3163,sleeper:3163,Jared Goff,QB,00-0033106,30.883591038830364,10,veteran,prime,DIRECT_ID,MAPPED_2025,PHASE2_ENTRY_SEASON,elite,0.7459016393442623,0.48333333333333334,1,1,297.1355,1.0389353146853146,D1,QB|veteran,0.9334450060868715,243.99433128354858,227.75529005013416,0.8211551002271643,0.766503127529811,0.06655499391312847,0.014736624830145324,0.02718558897586585,0.046303355321930424,0.1344028557994928,0.7108165811594371,29.70909149301103,40.86004438673775,65.59402657327159,132.68308909243257,288.87404961467354,D1,QB|veteran,0.8483885569309217,239.50832007271083,203.19611803943647,0.8060575733048083,0.683850021419307,0.15161144306907826,0.03245921499718733,0.03381386157857492,0.04967873725873028,0.12922053922960614,0.6032162038668231,35.12883220129475,42.42305591794069,69.90969021142897,137.41468092457353,297.39179904802495
sleeper:player:3198,sleeper:3198,Derrick Henry,RB,00-0032764,31.658418721808115,10,veteran,aging,DIRECT_ID,MAPPED_2025,PHASE2_ENTRY_SEASON,elite,0.9606741573033708,0.9027777777777778,1,1,261.9205,1.0391608807776234,D1,RB|veteran,0.7689918055291557,161.3610302387764,124.08530998536136,0.6160687316906329,0.4737518063128368,0.23100819447084434,0.007682305685431461,0.02269662157712731,0.04147637812322329,0.15407259760502803,0.5430639025383457,8.894198879287897,17.025738401261076,36.015168635498334,87.34198852412833,200.12335376517981,D0,RB|veteran,0.4397790696188967,105.93903327205254,46.589769488708605,0.4044701856939512,0.17787752195306825,0.5602209303811033,0.013071364286603016,0.02809951823412969,0.025468817296447444,0.12817022767362296,0.24496914212809356,105.93903327205254,105.93903327205254,105.93903327205254,105.93903327205254,105.93903327205254
sleeper:player:3202,sleeper:3202,Austin Hooper,TE,00-0032392,30.842522433725538,10,veteran,aging,DIRECT_ID,MAPPED_2025,PHASE2_ENTRY_SEASON,premium,0.3515625,0.38,1,1,51.553,1.3477908496732025,D1,TE|veteran,0.5580297606824629,42.9503414003572,23.96756873287141,0.8331298159245283,0.46491123179778887,0.4419702393175371,0.04835937029519703,0.09410084852646051,0.1787090497019728,0.1746636712004424,0.062196820958390145,3.3615707004026105,13.351869400773907,26.75839392881388,60.76566693381583,115.00686562714021,D0,TE|veteran,0.28936547568607374,33.74716636304426,9.765264847699369,0.6546111062992311,0.189421854163664,0.7106345243139263,0.03167856419195479,0.04278831470715861,0.0792242888005815,0.09547224683159732,0.04020206115478152,33.74716636304426,33.74716636304426,33.74716636304426,33.74716636304426,33.74716636304426
sleeper:player:3214,sleeper:3214,Hunter Henry,TE,00-0033090,30.735744060452987,10,veteran,aging,DIRECT_ID,MAPPED_2025,PHASE2_ENTRY_SEASON,elite,0.7890625,0.4807692307692308,1,1,118.773,1.3080726872246695,D1,TE|veteran,0.8315494009162699,95.49064343725797,79.405187343361,0.8039760167484024,0.6685457750781829,0.16845059908373006,0.013011602982850362,0.029949133739169537,0.07809108024608631,0.2665481653021817,0.443949418645982,5.106632036785659,13.774354437310508,28.24463749479052,62.817882746758585,135.09774700682462,D0,TE|veteran,0.6007186386003912,88.56061542592938,53.20001233227711,0.7456291869863471,0.447913350107155,0.3992813613996088,0.01937935104337011,0.03435992666950585,0.07816472761811948,0.19368380966109391,0.2751308236083018,88.56061542592938,88.56061542592938,88.56061542592938,88.56061542592938,88.56061542592938
sleeper:player:3257,sleeper:3257,Jacoby Brissett,QB,00-0033119,32.723464547526646,10,veteran,aging,DIRECT_ID,MAPPED_2025,PHASE2_ENTRY_SEASON,elite,0.5491803278688525,0.08333333333333333,1,1,237.498,1.0500862183313437,D1,QB|veteran,0.899932932781488,140.23504819715336,126.20213820281754,0.5904683331950306,0.5313818988068006,0.100067067218512,0.020849376771963156,0.0644868457854141,0.19477784238009382,0.30372343477119484,0.3160954330728221,7.241377105356438,18.97627011970459,43.39933953109591,110.94552044439162,261.55852724048907,D1,QB|veteran,0.788985034755233,129.7975449925947,102.40832054712625,0.5465205811947668,0.43119655974840315,0.21101496524476704,0.054691118794083136,0.10758878745269139,0.13573115452768722,0.27181604005341514,0.21915793392735605,14.768796369280988,22.010300734286478,48.05866558326977,118.45929609836341,276.1038168272988
sleeper:player:3271,sleeper:3271,Tyler Higbee,TE,00-0033110,32.66596850037988,10,veteran,aging,DIRECT_ID,MAPPED_2025,PHASE2_ENTRY_SEASON,premium,0.3984375,0.5,1,1,61.0455,1.3357877461706782,D1,TE|veteran,0.45896628469937417,52.19833800231617,23.957277260405206,0.8550726589562895,0.39244952142918327,0.5410337153006258,0.03634182268390816,0.06676154425799413,0.13312747651255807,0.1532916255263798,0.069443815718534,7.739591685081604,17.59454381594878,31.005934294423337,65.09712931533402,120.88593965974535,D0,TE|veteran,0.20464750684827981,35.74035958406645,7.314175482740221,0.5854708305127561,0.11981514579682731,0.7953524931517202,0.020326013796067504,0.025969350970049602,0.053841119108860705,0.07120283611554912,0.03330818685775294,35.74035958406645,35.74035958406645,35.74035958406645,35.74035958406645,35.74035958406645
sleeper:player:3294,sleeper:3294,Dak Prescott,QB,00-0033077,32.09374593591929,10,veteran,aging,DIRECT_ID,MAPPED_2025,PHASE2_ENTRY_SEASON,elite,0.9098360655737705,0.8166666666666667,1,1,313.043,1.0363946366495613,D1,QB|veteran,0.92604537796814,267.196207498389,247.43581296449923,0.8535447446465471,0.7904211656689313,0.07395462203185998,0.008821685558035804,0.012038059239248059,0.024249463822494606,0.06707376208218739,0.8138624072661742,26.101050340937604,36.75586311200838,61.94995310066065,128.80793747801602,290.73858214404595,D1,QB|veteran,0.8482766822004939,255.70127281853473,216.90542734094998,0.8168247583192556,0.6928933959262784,0.1517233177995061,0.014882433314986714,0.0315767236338601,0.02396969024422633,0.05697632131635768,0.7208715136910631,23.25218212743778,30.620653867568887,59.845603853881464,124.40306822938953,287.24948157689784
sleeper:player:3634,sleeper:3634,Kalif Raymond,WR,00-0032464,31.067030808298597,10,veteran,aging,DIRECT_ID,MAPPED_2025,PHASE2_ENTRY_SEASON,starter,0.128099173553719,0.4107142857142857,1,1,42.5905,1.3084639016897082,D1,WR|veteran,0.3494110095341012,31.96527696125949,11.169019693070826,0.7505259849323087,0.2622420420767736,0.6505889904658988,0.06990506668512897,0.12231543307970795,0.09923026111078723,0.0493790156070622,0.008581233051414817,1.547811202337323,14.6361263285386,37.316268850311815,85.99723729706061,153.9678138330633,D0,WR|veteran,0.17303249420682898,21.87241730560802,3.7846389207219655,0.5135515503600104,0.08886110566257653,0.826967505793171,0.038557479318341956,0.05488529312451835,0.048340137059027295,0.02483919834837878,0.006410386356562623,21.87241730560802,21.87241730560802,21.87241730560802,21.87241730560802,21.87241730560802
sleeper:player:4017,sleeper:4017,Deshaun Watson,QB,00-0033537,29.966392191489216,9,veteran,prime,DIRECT_ID,MAPPED_NO_2025_ROW,PHASE2_ENTRY_SEASON,premium,0.5,0.8333333333333334,0,0,176.2855,1.0639477337195968,D1,QB|veteran,0.6919074854833458,165.6611370180606,114.62218075647833,0.9397320654169549,0.6502076504107164,0.3080925145166542,0.11755121430248368,0.1358711660961565,0.0,0.05292047253124306,0.38556463255346257,13.011589355763087,24.859181121534693,49.544092442443215,117.39517460233999,268.44370528027963,D1,QB|veteran,0.6478386362451382,146.90963744279492,95.17373917220795,0.8333620033570255,0.5398841037533316,0.35216136375486184,0.09566567721425703,0.09827384230962682,0.04194298959070333,0.18064904953678013,0.23130707759377084,20.87532858640257,28.15047796476779,54.80129192506053,124.8510128844701,283.42186909018795
sleeper:player:4033,sleeper:4033,David Njoku,TE,00-0033885,29.145020089392663,9,veteran,aging,DIRECT_ID,MAPPED_2025,PHASE2_ENTRY_SEASON,premium,0.5,0.76,1,1,77.8105,1.3907149240393208,D1,TE|veteran,0.617300267936327,62.34398478936331,38.48495851469226,0.8012284304735647,0.4945985248095342,0.382699732063673,0.040890640261868026,0.07193734798387379,0.1617496920057085,0.2112429638422728,0.1314796238426039,7.96959140294016,17.977001051386093,32.29939034069432,68.18264838906418,131.11033761395484,D0,TE|veteran,0.3847411636009259,56.46624419727256,21.724888496632673,0.7256892604118024,0.2792025304635322,0.6152588363990741,0.03303002466898307,0.04535097146630651,0.09520025773452116,0.13632786468701505,0.07483204504410013,56.46624419727256,56.46624419727256,56.46624419727256,56.46624419727256,56.46624419727256
sleeper:player:4034,sleeper:4034,Christian McCaffrey,RB,00-0033280,29.235371020623283,9,veteran,aging,DIRECT_ID,MAPPED_2025,PHASE2_ENTRY_SEASON,elite,0.9719101123595506,0.9305555555555556,1,1,315.358,1.139710878207445,D1,RB|veteran,0.836703147380181,191.38617802431088,160.13341751800456,0.6068854382140643,0.5077829562529079,0.163296852619819,0.006588172773378607,0.020281249256796943,0.03661114980275603,0.13450853069078167,0.6387140448564679,15.453807582592953,24.397644199122155,45.23122227319129,101.71738053067556,225.76451726134417,D0,RB|veteran,0.6019355734942642,143.13572177838267,86.15848277618622,0.4538832748126975,0.27320848932383585,0.3980644265057358,0.016595570928590316,0.03389808361877066,0.026292223077316126,0.15403507104540923,0.37111462482417784,143.13572177838267,143.13572177838267,143.13572177838267,143.13572177838267,143.13572177838267
sleeper:player:4035,sleeper:4035,Alvin Kamara,RB,00-0033906,30.106025448845628,9,veteran,aging,DIRECT_ID,MAPPED_2025,PHASE2_ENTRY_SEASON,premium,0.4101123595505618,0.45,1,1,74.238,1.175581947743468,D1,RB|veteran,0.4295623197254198,68.0171774894455,29.217616543541816,0.9162043359121408,0.3935668598769069,0.5704376802745802,0.04033096078207578,0.06985396316325679,0.1359025493888098,0.13412468267501587,0.04935016371626159,8.094242956709737,18.242977052973693,38.18941349965423,93.78718310219467,199.54561713380417,D0,RB|veteran,0.1780238835273259,34.007640024535505,6.054172146767136,0.45808938851444686,0.08155085194599983,0.8219761164726741,0.02173661076320728,0.02994374032729884,0.04699120889412307,0.059030193463041156,0.02032213007965558,34.007640024535505,34.007640024535505,34.007640024535505,34.007640024535505,34.007640024535505
sleeper:player:4037,sleeper:4037,Chris Godwin,WR,00-0033921,29.51189962832912,9,veteran,aging,DIRECT_ID,MAPPED_2025,PHASE2_ENTRY_SEASON,elite,0.6652892561983471,0.1,1,1,140.903,1.3143936567164178,D1,WR|veteran,0.7437549324737702,103.70792861239627,77.13328344210737,0.7360235666550483,0.5474211581166291,0.2562450675262298,0.02543763846695019,0.061121037990711814,0.1400569022571429,0.29717378507616454,0.21996556868280076,7.583671411513679,19.563121757052222,44.09228378549959,95.25532949930451,187.58317128002517,D0,WR|veteran,0.4982976453101533,99.13788624291928,49.40017527587251,0.703589605919812,0.35059704389454105,0.5017023546898467,0.021709010513187837,0.06024067292433124,0.0941770058241673,0.19773172723483193,0.12443922881363505,99.13788624291928,99.13788624291928,99.13788624291928,99.13788624291928,99.13788624291928
sleeper:player:4039,sleeper:4039,Cooper Kupp,WR,00-0033908,32.214213844226784,9,veteran,aging,DIRECT_ID,MAPPED_2025,PHASE2_ENTRY_SEASON,premium,0.45867768595041325,0.5340909090909091,1,1,91.073,1.2973361823361822,D1,WR|veteran,0.4586605601891728,61.68585152504202,28.292867216221914,0.6773231531303682,0.31066141684387155,0.5413394398108272,0.036685462938374935,0.07194655594955102,0.12761411454692187,0.15919282487547756,0.06322160187884752,0,9.040778145035409,32.57547580132951,82.29655322344058,164.25245124279354,D0,WR|veteran,0.2015404780874338,34.85570162845399,7.024834770271563,0.3827226689408935,0.07713410967324634,0.7984595219125662,0.020975609862966673,0.03454804698953293,0.04804796560047767,0.06784586175787745,0.03012299387657909,34.85570162845399,34.85570162845399,34.85570162845399,34.85570162845399,34.85570162845399
sleeper:player:4046,sleeper:4046,Patrick Mahomes,QB,00-0033873,29.95817847046825,9,veteran,prime,DIRECT_ID,MAPPED_2025,PHASE2_ENTRY_SEASON,elite,0.8278688524590164,0.65,1,1,307.2605,1.0469198269106272,D1,QB|veteran,0.9321214533666193,251.15473571228603,234.10671727204522,0.8174000098036879,0.7619160851201024,0.06787854663338067,0.013545821230643034,0.022160413990744768,0.03278420873530932,0.1051746171385712,0.758456392271351,22.90522019593818,33.90415024371901,59.09164428235037,126.6595128190871,287.1443643952173,D1,QB|veteran,0.8588919840822684,238.21574680975613,204.60159541707074,0.7752891986108079,0.6658896780323886,0.1411080159177316,0.031715273298896514,0.02642847673381074,0.043745255357269024,0.11191764934970082,0.6450853293425913,23.395816167160792,30.792445694594754,59.40620739522775,126.01427921915247,288.8669501158085
sleeper:player:4054,sleeper:4054,Mo Alie-Cox,TE,00-0033217,31.951374771555884,9,veteran,aging,DIRECT_ID,MAPPED_2025,PHASE2_ENTRY_SEASON,starter,0.1171875,0.5,1,1,25.458,1.3798373983739838,D1,TE|veteran,0.3354542380921248,34.509140147246825,11.576237315309038,1.3555322549786637,0.4547190398031675,0.6645457619078752,0.06289538731914344,0.10519896989132907,0.10832416491820884,0.0489119083795633,0.01012380758388022,12.195337627237148,22.80040970326469,35.81027403178289,69.07667450554952,113.87387638053198,D0,TE|veteran,0.1567684253182886,12.144396077251663,1.9038578494723446,0.4770365337910151,0.07478426622171203,0.8432315746817114,0.034168192308423606,0.040964078404246394,0.05055427058536056,0.024501423933028378,0.006580460087229695,12.144396077251663,12.144396077251663,12.144396077251663,12.144396077251663,12.144396077251663
sleeper:player:4066,sleeper:4066,Evan Engram,TE,00-0033881,30.998583133123883,9,veteran,aging,DIRECT_ID,MAPPED_2025,PHASE2_ENTRY_SEASON,elite,0.640625,0.11538461538461539,1,1,106.513,1.4220694259012017,D1,TE|veteran,0.8019160208742849,84.38178992557314,67.66710921136544,0.7922205733156811,0.6352943698080556,0.19808397912571507,0.01702649727100301,0.044146415058726754,0.1363405844912626,0.3484515330619051,0.2559509909913874,9.89440904799649,19.780181959535234,34.92882505449856,72.20820227254883,143.39519691950164,D0,TE|veteran,0.5451423471902669,81.28062401431292,44.30951015625212,0.7631051985608603,0.41600095909656204,0.4548576528097331,0.02531127155969771,0.04202976663312166,0.10297755205862633,0.18733226924538457,0.1874914876934366,81.28062401431292,81.28062401431292,81.28062401431292,81.28062401431292,81.28062401431292
sleeper:player:4137,sleeper:4137,James Conner,RB,00-0033553,30.3277959164117,9,veteran,aging,DIRECT_ID,MAPPED_2025,PHASE2_ENTRY_SEASON,starter,0.05056179775280899,0.02631578947368421,1,1,19.993,1.1424571428571428,D1,RB|veteran,0.13117160015963147,34.22658069726078,4.489555358052451,1.7119282097364468,0.2245563626295429,0.8688283998403685,0.0342936690701798,0.039297423101069304,0.038032696787817635,0.016020927658956973,0.0035268835416078026,8.429574824222355,18.657810350456202,37.19428179720681,88.88735480363341,178.23489513958637,D0,RB|veteran,0.053741296722145004,0,0,0.0,0.0,0.946258703277855,0.012811026338560504,0.011655491337843882,0.018751895923978124,0.008273101597276886,0.0022497815244856105,0,0,0,0,0
sleeper:player:4147,sleeper:4147,Samaje Perine,RB,00-0033526,29.96091637747524,9,veteran,aging,DIRECT_ID,MAPPED_2025,PHASE2_ENTRY_SEASON,premium,0.38764044943820225,0.38333333333333336,1,1,67.9155,1.11703125,D1,RB|veteran,0.5184477249047678,58.281304595826754,30.215809772188166,0.858144379351205,0.44490300111444614,0.48155227509523224,0.052056221225379846,0.09739411463045325,0.17545585097262983,0.14767828453719004,0.04586325353911478,7.605815987130328,17.298407054184242,36.185150158273835,88.95879737467148,188.5809906890168,D0,RB|veteran,0.22874644534902766,31.084563797138518,7.110483473820509,0.4576946911550165,0.10469603365683107,0.7712535546509723,0.029756372315838046,0.04405169072672042,0.06292227785033444,0.06892660083998163,0.023089503616153098,31.084563797138518,31.084563797138518,31.084563797138518,31.084563797138518,31.084563797138518
sleeper:player:4177,sleeper:4177,Mack Hollins,WR,00-0033555,31.95958849257685,9,veteran,aging,DIRECT_ID,MAPPED_2025,PHASE2_ENTRY_SEASON,starter,0.1115702479338843,0.3392857142857143,1,1,33.068,1.3070355731225296,D1,WR|veteran,0.2531186795458169,34.601079676891466,8.758179598674369,1.0463614272677957,0.26485362279770075,0.7468813204541831,0.03788047558954603,0.06635126205866983,0.08490743166701914,0.05297306094370167,0.011006449286880242,0,7.269920076385267,29.958586431201564,77.98939408177226,145.4390629451088,D0,WR|veteran,0.11497313338679793,3.246571760894753,0.37326852811516387,0.09817865492000583,0.011287907587854236,0.8850268666132021,0.019374331735878242,0.030654807985123888,0.03300325734824171,0.02405879554867416,0.00788194076887992,3.246571760894753,3.246571760894753,3.246571760894753,3.246571760894753,3.246571760894753
sleeper:player:4179,sleeper:4179,Joshua Dobbs,QB,00-0033949,30.59884871010356,9,veteran,prime,DIRECT_ID,MAPPED_2025,PHASE2_ENTRY_SEASON,depth,0.09016393442622951,0.4230769230769231,1,1,3.5655,1.0395043731778426,D1,QB|veteran,0.30807800181399003,26.9646890221189,8.307227513470025,7.562666953335829,2.329891323368398,0.69192199818601,0.13452112577044703,0.10903495310729698,0.04443927125960031,0.012609509671538026,0.007473142005107784,8.81040732209827,19.390554706876696,43.363768484187695,102.75801812109334,238.856813340766,D1,QB|veteran,0.21043170104803544,38.20957295365772,8.040505432957202,10.71646976683711,2.255084962265377,0.7895682989519646,0.08546480421460886,0.05752799466502621,0.040243257665994014,0.01601338624036485,0.011182258262041524,10.187512647999867,16.673891225031372,47.66266868778134,98.21684810209268,243.2183811953319
sleeper:player:4199,sleeper:4199,Aaron Jones,RB,00-0033293,30.74943359548793,9,veteran,aging,DIRECT_ID,MAPPED_2025,PHASE2_ENTRY_SEASON,premium,0.5898876404494382,0.9833333333333333,1,1,135.3405,1.1602271753107585,D1,RB|veteran,0.4645425062293975,98.46071825919098,45.739188825271185,0.7275037277030231,0.3379564049583915,0.5354574937706025,0.020024310928608725,0.04400847585724113,0.09379965208457065,0.1991473264288714,0.10756274093010568,8.974368217328212,18.79439660025967,38.91651576772403,94.9409170809335,206.15675000644995,D0,RB|veteran,0.19989598255742647,54.53611777345845,10.901550847193006,0.4029549009606027,0.08054906585385016,0.8001040174425735,0.016931300297280443,0.033060952858018716,0.03441330966688508,0.08893961912494312,0.026550800610299078,54.53611777345845,54.53611777345845,54.53611777345845,54.53611777345845,54.53611777345845
sleeper:player:421,sleeper:421,Matthew Stafford,QB,00-0026498,37.566822042889314,17,veteran,aging,DIRECT_ID,MAPPED_2025,PHASE2_ENTRY_SEASON,elite,0.8114754098360656,0.6166666666666667,1,1,303.7605,1.0369022017409113,D1,QB|veteran,0.8819214283334322,261.2469345361237,230.39926965382892,0.860042482601009,0.7584898946829128,0.11807857166656777,0.007762306285514101,0.017268963587389902,0.021612751293015216,0.06998129684402607,0.765296110323487,25.42373632076548,36.36656786826757,61.25977045978399,128.19508889495373,286.5278631083894,D1,QB|veteran,0.6968447169900359,259.91083974239405,181.11749556293117,0.8556439686608169,0.5962509791856782,0.3031552830099641,0.009218905448253604,0.031018916087231868,0.01683005566628765,0.03487982914321169,0.6048970106450511,25.589091930736423,32.90613502723419,61.055695566878036,127.3304120924758,288.3003927282215
sleeper:player:4217,sleeper:4217,George Kittle,TE,00-0033288,31.896616631416112,9,veteran,aging,DIRECT_ID,MAPPED_2025,PHASE2_ENTRY_SEASON,elite,0.8984375,0.75,1,1,141.7805,1.330647583294228,D1,TE|veteran,0.7809908500148285,115.85737936618531,90.48355319168752,0.8171601832846218,0.6381946261417298,0.21900914998517151,0.011259846215884968,0.0222738579577511,0.05428043470157522,0.17958318065065543,0.5135935304889618,9.869722278462552,18.38251971538751,33.49654694783592,68.92519123019001,147.5231974477108,D0,TE|veteran,0.5206636229242724,92.2438664215418,48.028025683582584,0.6506103901562049,0.33874916285090395,0.4793363770757276,0.014469311341585042,0.02497092875661699,0.06129519819878669,0.15451778771659486,0.2654103969106888,92.2438664215418,92.2438664215418,92.2438664215418,92.2438664215418,92.2438664215418
sleeper:player:4454,sleeper:4454,Kendrick Bourne,WR,00-0033307,30.078646378775744,9,veteran,aging,DIRECT_ID,MAPPED_2025,PHASE2_ENTRY_SEASON,starter,0.2603305785123967,0.9821428571428571,1,1,55.588,1.3141371158392436,D1,WR|veteran,0.35780405658090586,56.03758263331915,20.050474387189315,1.0080877641454837,0.36069789140082953,0.6421959434190941,0.04328794500307871,0.07662272534154535,0.10519779518231978,0.1002153454775567,0.032480245576405296,4.273186341088241,17.104723877927956,40.32687980304432,89.69075435427601,163.92110041112116,D0,WR|veteran,0.2017213988330323,44.11439767352648,8.898818007380427,0.793595698235707,0.1600852343559838,0.7982786011669677,0.03486172692321421,0.04364843161098163,0.05193745870824505,0.04916108655062249,0.022112695039968894,44.11439767352648,44.11439767352648,44.11439767352648,44.11439767352648,44.11439767352648
sleeper:player:4866,sleeper:4866,Saquon Barkley,RB,00-0034844,28.55910798989712,8,established,aging,DIRECT_ID,MAPPED_2025,PHASE2_ENTRY_SEASON,elite,0.8820224719101124,0.7083333333333334,1,1,236.938,1.1020372093023256,D1,RB|established,0.8419653726653697,156.30506848047256,131.6034552326472,0.6596876333913199,0.5554341440910584,0.15803462733463025,0.013661103757090511,0.026175328246569797,0.0683105447239329,0.25466018522852346,0.4791582107092531,15.093513637770103,23.86912705720416,43.788553768306784,97.97155897698013,214.6092904723424,D1,RB|established,0.6201845600509016,124.44077582901576,77.176247809911,0.5252039598081175,0.32572338675058876,0.3798154399490984,0.02148350522606467,0.047995366390756466,0.06972078720004479,0.23562525775768714,0.24535964347634853,8.961603313209915,18.286393839177478,36.81769920679003,93.13230595496928,210.28224400397346
sleeper:player:4881,sleeper:4881,Lamar Jackson,QB,00-0034796,28.649458921127742,8,established,prime,DIRECT_ID,MAPPED_2025,PHASE2_ENTRY_SEASON,elite,0.9426229508196722,0.8833333333333333,1,1,329.248,1.0348503897410106,D1,QB|established,0.9475974510654467,284.2311972504215,269.3367580277796,0.86327387638018,0.818036124829246,0.05240254893455332,0.016266092828486303,0.03332892872647241,0.02647407822625844,0.1311958781343211,0.7403324731499085,61.210232028524544,71.78085724565366,97.0278311088524,163.8552339578772,326.7219562994885,D1,QB|established,0.8983187418499471,247.75315310697331,222.56130078841358,0.7524818772079811,0.6759685731983599,0.10168125815005291,0.0432094945362287,0.03333087537016036,0.08159550942096219,0.17447251100037972,0.5657103515222162,58.08747950528607,65.46791936058503,94.89934173461775,159.09496788292728,322.37028709449766
sleeper:player:4892,sleeper:4892,Baker Mayfield,QB,00-0034855,30.38529196355846,8,established,prime,DIRECT_ID,MAPPED_2025,PHASE2_ENTRY_SEASON,elite,0.680327868852459,0.35,1,1,285.6505,1.0463005018131206,D1,QB|established,0.9385943938726158,240.4444372112383,225.67980080432443,0.8417434494644268,0.7900556827463084,0.061405606127384216,0.013967665794052177,0.029367236866059118,0.055542305765046276,0.15505768377392068,0.6846595016735375,32.25889369814238,43.662873986320434,68.37018708236842,135.91190844840395,290.7654642221452,D1,QB|established,0.8674208339847785,231.3745428547727,200.6990989259338,0.8099917306455708,0.7026037025173552,0.13257916601522146,0.035041111181120244,0.04799651099725061,0.06519592936205296,0.1547184337958063,0.5644688486485484,38.80198524523284,46.10796727844794,73.12741897627221,142.05861494330026,301.84077764974006
sleeper:player:4943,sleeper:4943,Sam Darnold,QB,00-0034869,28.241510777086457,8,established,prime,DIRECT_ID,MAPPED_2025,PHASE2_ENTRY_SEASON,elite,0.6475409836065574,0.2833333333333333,1,1,281.7255,1.059516735614893,D1,QB|established,0.9455448823915067,227.75142677901374,215.3491960482604,0.8084160886359728,0.7643936954527027,0.05445511760849331,0.014486051727547999,0.037810752061830856,0.06475202202347438,0.1886338365963703,0.6398622199822831,27.563301757563433,39.197432569640036,64.1156125813006,132.49240209345143,288.06773831607273,D1,QB|established,0.8957616360820869,214.25779297083528,191.92391117489248,0.7605197008110209,0.6812443714711394,0.10423836391791308,0.03910847878717809,0.06634598917470574,0.08646887413232174,0.1847134616771477,0.5191248323107337,34.76711874405392,42.14480016912751,69.17900820466207,139.4379824856447,300.5638923328642
sleeper:player:4981,sleeper:4981,Calvin Ridley,WR,00-0034837,30.700151269362134,8,established,aging,DIRECT_ID,MAPPED_2025,PHASE2_ENTRY_SEASON,premium,0.5,0.6477272727272727,1,1,101.953,1.292999365884591,D1,WR|established,0.41907177478451607,65.39161819499542,27.40378149300818,0.6413898384058871,0.26878837790950905,0.5809282252154839,0.03894901309966389,0.06437344289696752,0.10505591564079284,0.1387585224317967,0.07193488071529512,0,9.114994203074849,32.69299195245942,82.48086882791726,165.94873201168465,D1,WR|established,0.21127184701257185,62.545931990433985,13.214194574741692,0.6134780927528762,0.12961064975765002,0.7887281529874282,0.022786779239435544,0.03223107260506365,0.051511194820685585,0.072632887653543,0.03210991269384412,0,7.030971274496805,27.30845929518921,82.9728825239017,172.9785895219104
sleeper:player:4983,sleeper:4983,DJ Moore,WR,00-0034827,28.383881941449857,8,established,aging,DIRECT_ID,MAPPED_2025,PHASE2_ENTRY_SEASON,elite,0.7975206611570248,0.45555555555555555,1,1,164.2205,1.256469013006886,D1,WR|established,0.8572434146391288,127.88364106094538,109.62740913956952,0.778731285442106,0.6675622662187091,0.1427565853608712,0.016138619430188714,0.037178087699778116,0.08397507090471906,0.2977252808768643,0.4222263557275786,6.922544614497563,18.030282828637535,41.92620066962345,91.14238169100636,185.18315938098908,D1,WR|established,0.6808516854615305,110.476852618109,75.2183513095246,0.6727348450291468,0.45803265310679614,0.3191483145384695,0.02348821606656772,0.056289496935953365,0.09412880532970473,0.2359834155391317,0.270961751590173,3.240956354241802,15.095488252228066,37.45506908089861,88.88142850178768,183.76160219110292
sleeper:player:4984,sleeper:4984,Josh Allen,QB,00-0034857,29.28191543974209,8,established,prime,DIRECT_ID,MAPPED_2025,PHASE2_ENTRY_SEASON,elite,0.9918032786885246,0.9833333333333333,1,1,389.0705,1.0344043282907505,D1,QB|established,0.9482273376858115,302.438437890924,286.7803947751665,0.7773358244609241,0.7370910793163874,0.05177266231418853,0.01354278774669034,0.005056481697298839,0.01373508581236183,0.036050329815406915,0.8798426526140536,49.82793220854225,60.346768653220444,85.68892625259913,152.7706728376085,317.2340697598493,D1,QB|established,0.8912304783495868,292.4057603104868,260.6009256336898,0.7515495528714895,0.6698038675090757,0.1087695216504132,0.023799157328364507,0.000949567682220403,0.017491878943587096,0.05847361686686001,0.7905162575285548,49.40655918304218,56.828157046008606,86.38081403551664,150.7825556941584,315.0388906887833
sleeper:player:4993,sleeper:4993,Mike Gesicki,TE,00-0034829,29.914371958356433,8,established,aging,DIRECT_ID,MAPPED_2025,PHASE2_ENTRY_SEASON,elite,0.640625,0.11538461538461539,1,1,100.063,1.335954606141522,D1,TE|established,0.8258965665102938,77.9942899278658,64.41521625883274,0.7794518446165495,0.6437466022289232,0.17410343348970625,0.01753926827690715,0.044208363834509504,0.13356889915764944,0.34850205316630134,0.28207798207492635,6.156530004016995,15.443660165098764,29.67496220345385,64.69684988448587,131.57304570432044,D1,TE|established,0.6074691963719921,77.05787792945846,46.810287179939195,0.7700936203137868,0.4678081526632141,0.39253080362800785,0.02829961322260192,0.04569512719527574,0.1155669280268949,0.20721147532880363,0.21069605259841595,6.500255199510643,14.248167032029198,26.635129585546768,66.7500371327489,137.95107469899523
sleeper:player:5001,sleeper:5001,Dalton Schultz,TE,00-0034383,29.142282182385674,8,established,aging,DIRECT_ID,MAPPED_2025,PHASE2_ENTRY_SEASON,elite,0.7421875,0.36538461538461536,1,1,121.473,1.414944670937682,D1,TE|established,0.8643306538422547,105.19568824990033,90.92385800642235,0.866000578316995,0.748510846084499,0.13566934615774529,0.014566600660076588,0.03041648306595852,0.09135190298356616,0.30163733134292287,0.4263583357897306,12.321945537513548,21.847131543754298,37.314477458081825,74.62875693512356,150.48442412403216,D1,TE|established,0.6867471131381574,94.17670124851382,64.67557770729158,0.7752891691858589,0.5324275987856691,0.3132528868618426,0.02333668641252523,0.042474444982234065,0.09441821628232926,0.23772054908602375,0.2887972163750451,8.832369666999591,17.13166700173583,31.404819413762365,72.51758483566216,150.75524220009132
sleeper:player:5008,sleeper:5008,Durham Smythe,TE,00-0034798,30.064956843740802,8,established,aging,DIRECT_ID,MAPPED_2025,PHASE2_ENTRY_SEASON,premium,0.2109375,0.02,1,1,38.3755,1.416070110701107,D1,TE|established,0.5249101699498108,40.68596891643991,21.35647885850119,1.060206874605931,0.556513370731357,0.47508983005018923,0.06032824427223918,0.09343695731891542,0.24439677314350386,0.10216966051940342,0.024578534695748864,10.696891760843766,21.499338952611552,35.10507394346942,70.12112809085076,120.36936843037694,D1,TE|established,0.25966774598677467,36.22039657214852,9.405268736636907,0.9438416847245905,0.24508524284079442,0.7403322540132253,0.058555156900378616,0.053301322565760985,0.07434782663974303,0.06182036696961725,0.011643072911274735,9.283606182190736,17.03663510462532,26.846986665290093,71.07732505324752,134.29007276725943
sleeper:player:5012,sleeper:5012,Mark Andrews,TE,00-0034753,29.988295447545124,8,established,aging,DIRECT_ID,MAPPED_2025,PHASE2_ENTRY_SEASON,elite,0.8515625,0.6346153846153846,1,1,131.948,1.3135689397710304,D1,TE|established,0.8620918529686725,101.2481604127638,87.28521421990894,0.7673338012911434,0.661512218600577,0.13790814703132748,0.013953216897692335,0.02868381210642678,0.08137332787483542,0.25597495800839865,0.4821065380813193,6.7736647795511855,15.313474355441157,30.06284063041389,64.95152449670711,140.3821945895911,D1,TE|established,0.6716611650657116,87.53854539025888,58.796241384978956,0.6634321504703283,0.4456016111269511,0.3283388349342884,0.020611061866677438,0.04125088740548445,0.09038510280318106,0.21879474874852306,0.3006193642418456,4.632012134815611,12.431402204147666,26.800296910563144,63.68605352484436,139.15085862154282
sleeper:player:5022,sleeper:5022,Dallas Goedert,TE,00-0034351,30.661820571264297,8,established,aging,DIRECT_ID,MAPPED_2025,PHASE2_ENTRY_SEASON,elite,0.8203125,0.5576923076923077,1,1,125.0455,1.3155760126249343,D1,TE|established,0.8399676357132565,108.92657276539833,91.49479579209964,0.8710955033599637,0.7316920304377178,0.1600323642867435,0.011310667948229363,0.02377781439857868,0.06553953198747342,0.23157979513371524,0.5077598262452598,10.87946724805032,19.510902957323292,34.17548380636209,69.02017227343272,143.1469935097572,D1,TE|established,0.6269514045754981,96.25696449650232,60.348439091255976,0.7697755176835817,0.4826118420195527,0.37304859542450186,0.01877959609567267,0.03283140737785163,0.07543989223049138,0.19285153479737038,0.3070489740741121,9.47302573487911,17.25577326404981,31.361991573434498,68.57795102319116,143.3409765745092
sleeper:player:5045,sleeper:5045,Courtland Sutton,WR,00-0034348,29.895206609307515,8,established,aging,DIRECT_ID,MAPPED_2025,PHASE2_ENTRY_SEASON,elite,0.756198347107438,0.34444444444444444,1,1,156.4155,1.2752996331023236,D1,WR|established,0.8130042627592392,127.74753692474408,103.85929207681025,0.8167191673762771,0.6639961645540899,0.1869957372407608,0.01418408711112646,0.03322871498575886,0.07856864261415343,0.28473906758484835,0.40228375046335213,5.407050383292582,16.789042614479328,40.901743783370875,90.75377564162238,184.37229855841403,D1,WR|established,0.5904383327248889,109.91421841494544,64.89756786367967,0.7027066909286193,0.41490496698651774,0.4095616672751111,0.01960244669420027,0.04642919383311311,0.08036875831890629,0.20501837799592348,0.23901955588274573,0.36788520902826094,12.364742153978797,34.6637548719366,87.29271100117836,182.55317345943328
sleeper:player:5127,sleeper:5127,Kyle Allen,QB,00-0034577,29.484520558259238,8,established,prime,DIRECT_ID,MAPPED_2025,PHASE2_ENTRY_SEASON,usable,0.2540983606557377,0.19230769230769232,1,1,6.9805,1.1045094936708861,D1,QB|established,0.33883425483636453,25.551782340000795,8.657819128915147,3.660451592292929,1.2402863876391585,0.6611657451636355,0.1404271925207424,0.13150844107297563,0.04621567547065445,0.01336055111924701,0.007322394652745085,6.819599353946321,17.857512477012392,43.72651520034684,107.72640757190838,258.33266147472006,D1,QB|established,0.22163151654713664,30.44911727437542,6.748484039041441,4.362025252399602,0.9667622719062302,0.7783684834528634,0.0891552185369338,0.06630218884007587,0.03776928747344566,0.01825038379836187,0.010154437898319536,2.0514269151225464,9.094809626769932,42.65418692247016,96.79243753114014,254.57494379449312
sleeper:player:5844,sleeper:5844,T.J. Hockenson,TE,00-0035229,28.16484938089078,7,established,aging,DIRECT_ID,MAPPED_2025,PHASE2_ENTRY_SEASON,elite,0.6171875,0.057692307692307696,1,1,105.2155,1.405684702738811,D1,TE|established,0.8795120283267701,87.88620154945137,77.2969713866933,0.8352970954797665,0.7346538427008692,0.12048797167322989,0.015210419108901165,0.041862465422280906,0.14697904181190896,0.39187225920773416,0.2835878427759449,13.654943703731764,23.5237216490909,38.39367552493132,75.27601027528709,144.44507470393648,D1,TE|established,0.7270891755142004,86.77654150728388,63.094284018504815,0.8247505501307685,0.5996671974994636,0.2729108244857996,0.035949497842953336,0.05443227305029189,0.14349527656456826,0.23045084331639845,0.26276128473998844,12.067615647512016,20.203150431105723,32.86039941378321,75.67721730012254,149.9671661504911
sleeper:player:5846,sleeper:5846,DK Metcalf,WR,00-0035640,27.71583263174466,7,established,aging,DIRECT_ID,MAPPED_2025,PHASE2_ENTRY_SEASON,elite,0.7644628099173554,0.36666666666666664,1,1,159.478,1.2783807615230462,D1,WR|established,0.8614092586190152,130.36035931416913,112.29362047012687,0.8174190754472035,0.7041323597620165,0.13859074138098482,0.015340138058388337,0.033933861804191626,0.08160787931082648,0.29450751518992346,0.43601986425568523,6.268392214730579,17.659506357372035,41.85707286795115,91.86046485613463,186.06662143362638,D1,WR|established,0.70116438046399,112.96761789750153,79.2088698155944,0.708358631895945,0.49667584127963976,0.29883561953601,0.023327986335177686,0.05544838841310019,0.09620300902368101,0.2453038577169147,0.2808811389751164,3.5442051382384223,15.577712851052693,37.995816824293684,90.70235267180756,186.40440878887864
sleeper:player:5848,sleeper:5848,Marquise Brown,WR,00-0035662,28.244248684093446,7,established,aging,DIRECT_ID,MAPPED_2025,PHASE2_ENTRY_SEASON,starter,0.06611570247933884,0.14285714285714285,1,1,30.4055,1.3277510917030568,D1,WR|established,0.4267080367837486,43.563508164475515,18.58889904427615,1.4327509221843255,0.6113663332053789,0.5732919632162514,0.05904133203318774,0.10614405343748712,0.15488819859403827,0.08993774442046287,0.01669670829857263,3.3611824781482684,16.61653715326035,39.51410225429856,88.12162355913604,154.5799043175417,D1,WR|established,0.2666326434989109,42.33416810740746,11.287671152805338,1.3923194194276516,0.37123780739686363,0.7333673565010891,0.04301135221081571,0.07503151592481021,0.0771300144184899,0.05456166275153666,0.016898098193258423,1.8277139509109108,13.619199855522117,32.00239240341741,88.93612532365486,169.62510200014307
sleeper:player:5849,sleeper:5849,Kyler Murray,QB,00-0035228,28.06902263564618,7,established,prime,DIRECT_ID,MAPPED_2025,PHASE2_ENTRY_SEASON,elite,0.7131147540983607,0.4166666666666667,1,1,291.4205,1.045342205323194,D1,QB|established,0.895609260549675,219.37163898974825,196.4712713811787,0.7527666687475598,0.6741847995634442,0.10439073945032495,0.023967505856520112,0.048295150365426164,0.051831269700202756,0.16831713104142423,0.6031982035861018,22.423229955892847,33.72840646837186,58.514779643796906,126.00138215747265,281.93690985101176,D1,QB|established,0.8341655344317287,184.31828371279514,153.75195963882274,0.632482216291562,0.527594865971415,0.1658344655682713,0.04082953180232319,0.06492863768969279,0.10727070035405742,0.203543091364815,0.4175935732208403,22.327846274767275,29.646833315794588,56.97858711142769,125.35664664187182,285.6552182663424
sleeper:player:5850,sleeper:5850,Josh Jacobs,RB,00-0035700,27.554296118332342,7,established,aging,DIRECT_ID,MAPPED_2025,PHASE2_ENTRY_SEASON,premium,0.4887640449438202,0.6833333333333333,1,1,90.523,1.082811004784689,D1,RB|established,0.6676549479896776,98.30574179132988,65.63431492277704,1.0859752967900962,0.7250567802964665,0.3323450520103224,0.027926512415498154,0.05646890680290828,0.14524061710334105,0.2679247679518574,0.17009414371607273,13.769901571431975,23.045024422395375,41.5915605407476,93.29651102643727,193.4882151347584,D1,RB|established,0.4149974065274019,82.16962831099217,34.10018264438232,0.9077210025186103,0.3767018618956765,0.5850025934725981,0.04015055054331569,0.05407030929917502,0.07714283014762091,0.1597744788111303,0.08385923772615998,7.2597935844519,16.097063515722095,32.06101695996506,88.38248950975384,194.89541512705688
sleeper:player:5854,sleeper:5854,Drew Lock,QB,00-0035704,28.808257527533076,7,established,prime,DIRECT_ID,MAPPED_2025,PHASE2_ENTRY_SEASON,depth,0.00819672131147541,0.038461538461538464,1,1,2.7755,1.0513257575757575,D1,QB|established,0.3574247200807994,37.16748729794429,13.284578743574405,13.391276273804465,4.786373173689211,0.6425752799192006,0.18469404832738553,0.10008255830808403,0.055487322594491684,0.010460503317742554,0.006700287533095604,21.652094496076508,32.48397274530653,56.52265884107328,116.28002223468765,251.01133171868355,D1,QB|established,0.2683524624536541,52.296796805831896,14.03397420128338,18.842297534077424,5.056376941554091,0.7316475375463459,0.10758060740877616,0.08117978177358735,0.048187853938749255,0.01944232190530635,0.011961897427234965,26.77878212275772,33.27306855505679,64.16299187180336,115.4847705665325,260.3957410982515
sleeper:player:5857,sleeper:5857,Noah Fant,TE,00-0035644,27.781542399912386,7,established,aging,DIRECT_ID,MAPPED_2025,PHASE2_ENTRY_SEASON,premium,0.3046875,0.26,1,1,46.6405,1.4090785498489427,D1,TE|established,0.6830983680861097,52.620164114869986,35.94474823529096,1.1282075474077247,0.770676734496649,0.3169016319138903,0.053652156442940496,0.09603556672674227,0.22580058517478901,0.22964716739048233,0.07796289235115555,10.004788236690654,20.526221815930548,34.396364495945704,69.63294014193343,124.14875132459692,D1,TE|established,0.4667894391780505,59.05965230413511,27.568421977097888,1.2662739958648621,0.591083328375508,0.5332105608219495,0.05127902304987222,0.06778870168320267,0.12524304612112647,0.15868397566430184,0.06379469265954738,14.583493263972487,22.39447666236874,32.96266851324557,76.37883698345422,141.9249673062775
sleeper:player:5859,sleeper:5859,A.J. Brown,WR,00-0035676,28.173063101911744,7,established,aging,DIRECT_ID,MAPPED_2025,PHASE2_ENTRY_SEASON,elite,0.9297520661157025,0.8111111111111111,1,1,204.5555,1.2885385826771654,D1,WR|established,0.854408360527152,155.2481346452588,132.6453041971541,0.758953607432989,0.6484563074429879,0.14559163947284803,0.012685348714925701,0.02464596502529262,0.05133247383117966,0.20878210467298117,0.5569624682827728,8.255286950095158,19.291307693647042,44.257732342237205,95.03712391441896,197.41226156142577,D1,WR|established,0.6900719591955721,129.9131903894634,89.64944981740439,0.6350999625503271,0.43826467544213865,0.30992804080442793,0.022476306316883476,0.04264859615799139,0.06946136825141569,0.21101696920110433,0.3444687192681772,4.5747960415363265,16.8449404529843,41.0839302302946,92.3493387388417,193.0137192238128
sleeper:player:5870,sleeper:5870,Daniel Jones,QB,00-0035710,28.266151940149353,7,established,prime,DIRECT_ID,MAPPED_2025,PHASE2_ENTRY_SEASON,elite,0.6639344262295082,0.31666666666666665,1,1,283.6855,1.0524411055462808,D1,QB|established,0.9398911354009436,227.13427214150073,213.48148893154203,0.8006552049417427,0.7525287296373697,0.06010886459905641,0.013853016103877454,0.03476106693877789,0.055112229455660626,0.1684388516696228,0.6677259712330049,21.615406702635028,33.12935462581367,57.93125203266712,125.86128507802097,281.0101687541706,D1,QB|established,0.8907037878501454,206.66782831893903,184.07981751044255,0.7285103691198141,0.6488869452631261,0.10929621214985463,0.03868247976719852,0.06262305582722036,0.08640349734393499,0.1792827355620749,0.5237120193497166,26.497813089291586,33.836498636329736,60.8511433130137,130.41705676922084,290.8021727982921
sleeper:player:5872,sleeper:5872,Deebo Samuel,WR,00-0035719,29.62962962962963,7,established,aging,DIRECT_ID,MAPPED_2025,PHASE2_ENTRY_SEASON,premium,0.5826446280991735,0.875,1,1,121.578,1.2811169652265542,D1,WR|established,0.6122087925039673,84.32412413466261,51.623970215436444,0.6935804515180592,0.4246160507282275,0.3877912074960327,0.028602767542083754,0.06403502766653082,0.12572371108732847,0.24409873376801403,0.14974855244001026,0,11.757635971997571,35.37957343757574,85.056527969341,171.35943691794876,D1,WR|established,0.37775028884347606,73.72622741268154,27.850103700480258,0.6064109247781798,0.22907190199279687,0.6222497111565239,0.03559855807081321,0.05127996404296872,0.08993865746034635,0.12671242770132127,0.07422068156802655,0,11.823227543546551,32.51859785032678,87.30411902714717,178.610770390445
sleeper:player:5892,sleeper:5892,David Montgomery,RB,00-0035685,28.236034963072477,7,established,aging,DIRECT_ID,MAPPED_2025,PHASE2_ENTRY_SEASON,elite,0.7921348314606742,0.4861111111111111,1,1,202.6605,1.0969445196211096,D1,RB|established,0.8678620746787398,130.86875314537227,113.57602761536263,0.6457536280892047,0.5604250834048206,0.13213792532126023,0.018891637845423935,0.03744602221732617,0.10688388247687694,0.32395748996808826,0.38068304217102444,10.796999620505414,19.724753804788612,39.2924665068223,93.00549529286296,205.69312048229972,D1,RB|established,0.667576244665111,106.78614807247048,71.28789571247232,0.5269213688531829,0.35176018865280767,0.332423755334889,0.02669268938706867,0.06242704361935493,0.10387065088468568,0.2596340002869253,0.21495186048707643,5.297266588737811,14.51123094609922,32.2557571682384,89.01540578263214,203.66770351288085
sleeper:player:5906,sleeper:5906,Dawson Knox,TE,00-0035689,28.797305899505123,7,established,aging,DIRECT_ID,MAPPED_2025,PHASE2_ENTRY_SEASON,premium,0.4140625,0.54,1,1,61.1955,1.3202912621359224,D1,TE|established,0.7006792399369783,51.72914528898029,36.24553820367223,0.8453096271618058,0.5922909070711446,0.29932076006302166,0.04371867561705089,0.08019503933318749,0.2053814823940368,0.25405609768009163,0.11732794491261153,4.459536430946769,14.150050225177605,27.465419574008365,61.17518293779316,117.04792506315275,D1,TE|established,0.4747281219127579,58.80288180150905,27.915381640688285,0.9609020565484234,0.4561672286473398,0.5252718780872421,0.044264574982382766,0.0636908397826586,0.11847743817456846,0.16594162269392615,0.08235364627922201,11.411194858248658,18.849765507921244,29.28010554685876,70.23618997114603,134.6093807119544
sleeper:player:5927,sleeper:5927,Terry McLaurin,WR,00-0035659,29.963654284482228,7,established,aging,DIRECT_ID,MAPPED_2025,PHASE2_ENTRY_SEASON,elite,0.8305785123966942,0.5444444444444444,1,1,174.838,1.2619126669072536,D1,WR|established,0.7758255634086207,131.67311977591376,102.1553723359191,0.753114996602076,0.5842858665502871,0.22417443659137926,0.01694505240797819,0.03308911697452438,0.07097661723740513,0.24570622280813012,0.40910855398058293,5.91860246166502,16.994758447442692,41.10309079592152,90.63132080340706,186.5194486131697,D1,WR|established,0.5491106797682077,107.65753046787206,59.11589973737976,0.6157559024232264,0.3381181421509041,0.4508893202317923,0.01931954026730623,0.04301805045441943,0.07694970979744944,0.19520826471251823,0.21461511453651436,0.07105178862937347,12.005927696891415,34.75108221122055,86.12267909619806,182.24304052617964
sleeper:player:5947,sleeper:5947,Jakobi Meyers,WR,00-0034960,28.810995434540065,7,established,aging,DIRECT_ID,MAPPED_2025,PHASE2_ENTRY_SEASON,premium,0.6239669421487604,0.9886363636363636,1,1,127.418,1.310210796915167,D1,WR|established,0.6298577261391566,87.27084523227127,54.96821613624064,0.6849177136061724,0.43140071368441385,0.3701422738608434,0.025649882153337137,0.07163494913046477,0.1309195647712255,0.25525797341033,0.14639535667379916,1.8052579227390912,13.831149124820834,38.151031381801694,88.96154571181154,179.16044689729875,D1,WR|established,0.4055401187762433,69.38304009850762,28.137606322605635,0.544530914772698,0.22082913185425634,0.5944598812237567,0.03806834301059587,0.058700600210017974,0.12485279780341692,0.11991827657829598,0.06400010117391655,1.8453083281376843,14.050435527682446,35.75524901440216,90.99244933294835,185.4182836371507
sleeper:player:5967,sleeper:5967,Tony Pollard,RB,00-0035261,28.340075429338043,7,established,aging,DIRECT_ID,MAPPED_2025,PHASE2_ENTRY_SEASON,elite,0.7359550561797753,0.3472222222222222,1,1,183.598,1.0905732105732107,D1,RB|established,0.8520853847001972,126.40817744255777,107.71056050539262,0.6885051985455057,0.5866652169707329,0.14791461529980277,0.018425789427879626,0.0368976478116822,0.11052335360323515,0.3265162634674257,0.3597223303899746,10.264871130794052,19.261721026291617,38.55378296371338,91.82234566065995,201.73372967675465,D1,RB|established,0.6365683685610356,104.77614786909426,66.69718151313916,0.5706824032347534,0.36327836639363803,0.3634316314389644,0.026117818062092426,0.05497793695451352,0.10463527929197015,0.24327226328473833,0.20756507096772117,3.9654296174216785,13.084007560580588,30.28449265867748,87.16663200564847,199.9384145372453
sleeper:player:5973,sleeper:5973,Josh Oliver,TE,00-0035249,28.449591709617582,7,established,aging,DIRECT_ID,MAPPED_2025,PHASE2_ENTRY_SEASON,premium,0.2421875,0.1,1,1,42.048,1.345536,D1,TE|established,0.7017950189632629,41.866893004283604,29.38197696987411,0.9956928511292713,0.6987722833398523,0.2982049810367371,0.06062506255249159,0.10821547374702008,0.29178549384696756,0.1957366837076147,0.045432305109168944,7.907721867592247,18.158573386404342,31.160637091549233,64.74961773394425,113.8272617705752,D1,TE|established,0.46490197513912446,45.356300457481375,21.086233667686667,1.0786791394948958,0.5014800624925482,0.5350980248608755,0.07881864159175114,0.08932118950145337,0.13566134728699175,0.13003510866749216,0.03106568809143602,14.449449965279772,21.85754199297439,31.178560478556385,73.69120015110701,134.64492550419206
sleeper:player:5995,sleeper:5995,Justice Hill,RB,00-0034975,27.797969841954316,7,established,aging,DIRECT_ID,MAPPED_2025,PHASE2_ENTRY_SEASON,premium,0.4550561797752809,0.5833333333333334,1,1,82.0105,1.2304651162790696,D1,RB|established,0.6535468012170175,65.59501882332822,42.86941472775621,0.7998368358116122,0.52273080554022,0.34645319878298253,0.06971505789376173,0.13831440577055304,0.21135818498605424,0.1778240191501731,0.056335133416475384,11.295043629486514,21.793083443013636,42.82515455166748,101.08826331007516,213.72656426279116,D1,RB|established,0.37793901584063483,54.8053644573858,20.713085505811698,0.6682725316561392,0.2525662629274507,0.6220609841593652,0.05862156059898645,0.08571635694292072,0.10840571565065478,0.09973071224776371,0.025464670400309218,6.0752684228953475,16.066990980151274,34.449477268271025,97.34005276751441,217.4552719161153
sleeper:player:6001,sleeper:6001,Drew Sample,TE,00-0035631,29.377742184986687,7,established,aging,DIRECT_ID,MAPPED_2025,PHASE2_ENTRY_SEASON,starter,0.0859375,0.3181818181818182,1,1,23.9505,1.4130088495575224,D1,TE|established,0.4534233545328721,33.44351045523104,15.164068697966037,1.3963595939638436,0.6331420512292452,0.5465766454671279,0.08784645751467261,0.14100377344282317,0.15208821663011693,0.06158211463505516,0.010902792310204261,11.604526331427685,22.527341065163718,35.74624437886174,69.63755312881183,114.02599434464263,D1,TE|established,0.2653003730464837,37.37282537506728,9.915024513806442,1.560419422353073,0.4139798548592489,0.7346996269535163,0.06176826256331722,0.07256332916070839,0.08243743168063014,0.03899789369343989,0.009533455948388057,16.89450821791505,24.473185182390772,33.88584695365586,76.97674917236321,136.3861159153409
sleeper:player:6039,sleeper:6039,Ty Johnson,RB,00-0035537,27.95676844835965,7,established,aging,DIRECT_ID,MAPPED_2025,PHASE2_ENTRY_SEASON,premium,0.28651685393258425,0.08333333333333333,1,1,60.158,1.2378189300411522,D1,RB|established,0.6881942547769803,57.02995288787355,39.24768592763643,0.9480028074050593,0.6524100855686099,0.31180574522301974,0.09140852627448078,0.15172190244452236,0.2517541980986269,0.15503022953935766,0.03827939841999254,11.98348655114482,22.931636789177986,43.55088252853828,101.63141632647418,207.76194354790815,D1,RB|established,0.3980544117213758,42.50414112018386,16.918960889317123,0.7065417919509269,0.2812420773515929,0.6019455882786242,0.0736929119087447,0.09645745124140405,0.13497691346644308,0.07086338813473876,0.022063746970045157,3.1130648134040024,13.017529972216435,30.115166751537256,94.64097503881911,211.31859052464895
sleeper:player:6136,sleeper:6136,Jarrett Stidham,QB,00-0035264,29.065620786189996,7,established,prime,DIRECT_ID,MAPPED_2025,PHASE2_ENTRY_SEASON,depth,0.02459016393442623,0.11538461538461539,1,1,3.393,1.2293478260869566,D1,QB|established,0.299324161140767,26.948164023490044,8.066236590614952,7.942282352929574,2.377317002833762,0.700675838859233,0.1460328957179928,0.10276482532001313,0.03610305495303714,0.007991404524325174,0.006431980625398733,8.95632232936318,21.586605573780062,49.74692576912768,119.67971844398686,277.91596721286294,D1,QB|established,0.22577408067254878,34.900213287160476,7.879563570184529,10.285945560613168,2.322299902795322,0.7742259193274512,0.10055207491062507,0.06498073402194114,0.039067098972368305,0.012262576185072838,0.008911596582541398,8.68569602494103,16.294161924180948,52.54222481768296,112.45164229269182,282.30329543026886
sleeper:player:6271,sleeper:6271,Olamide Zaccheaus,WR,00-0035208,28.110091240751007,7,established,aging,DIRECT_ID,MAPPED_2025,PHASE2_ENTRY_SEASON,premium,0.2768595041322314,0.03409090909090909,1,1,58.303,1.2956222222222222,D1,WR|established,0.5839695640649882,49.189972177968706,28.725446609137286,0.84369538750954,0.49269242764758736,0.41603043593501177,0.06198846813189789,0.10680462947446727,0.22709888126005176,0.1352191865004519,0.05285839869811942,0,11.722814933593122,34.66062155457163,83.45929161833563,157.33942024801507,D1,WR|established,0.3514678289431644,53.56927090563487,18.82787534327171,0.9188081386143916,0.3229315016941103,0.6485321710568356,0.04153770414763091,0.07565357205171155,0.08317261488404903,0.11798990570187365,0.033114032157899265,0,10.043685074888598,28.90521099444052,85.17988073940708,169.52168753428484
sleeper:player:6768,sleeper:6768,Tua Tagovailoa,QB,00-0036212,27.50227588519956,6,established,prime,EXACT_NAME_POSITION,MAPPED_2025,PHASE2_ENTRY_SEASON,premium,0.48360655737704916,0.5,1,1,147.188,1.0714712091431897,D1,QB|established,0.8534320018272563,109.36773652690457,93.3379263194721,0.7430479150943322,0.6341408696325251,0.14656799817274369,0.03974092270057733,0.1173188833352443,0.1337374428064942,0.29841856994590965,0.2642161830390309,0,0,21.57153413769701,89.53228472785806,241.22257539611405,D1,QB|established,0.7727343035858745,100.04811122219016,77.31060755036123,0.679730081407385,0.5252507510827054,0.22726569641412553,0.11094672273526857,0.11484109031688136,0.15665895715753092,0.1631025200311666,0.22718501334502703,0,0,25.599258156753002,95.10524788505268,254.3669056968716
sleeper:player:6770,sleeper:6770,Joe Burrow,QB,00-0036442,28.72612031732342,6,established,prime,EXACT_NAME_POSITION,MAPPED_2025,PHASE2_ENTRY_SEASON,elite,0.8770491803278688,0.75,1,1,311.1805,1.0453172763613154,D1,QB|established,0.9257709421784772,258.16879558993827,239.00516913437986,0.8296432314683545,0.7680595960684551,0.07422905782152278,0.031221778648053873,0.01963775846358528,0.03984572041045059,0.12553139850713368,0.7095342861492537,38.71358094726502,49.552449697851586,74.85963451419457,142.29939492668888,304.3933032388323,D1,QB|established,0.8587218464184334,243.2435996319708,208.87859300543212,0.7816800848124185,0.6712457657386377,0.1412781535815666,0.03799138024893223,0.028879812682384064,0.059523947929346385,0.11820954495489884,0.6141171606028719,36.32738767057671,43.740315085313924,72.86250539549403,138.51120668248888,302.10007879974376
sleeper:player:6783,sleeper:6783,Jerry Jeudy,WR,00-0036407,26.357830756278364,6,established,prime,EXACT_NAME_POSITION,MAPPED_2025,PHASE2_ENTRY_SEASON,premium,0.5247933884297521,0.7159090909090909,1,1,106.598,1.324198757763975,D1,WR|established,0.7316656038255567,87.86729059083336,64.28947422665775,0.824286483712953,0.6031020678310827,0.2683343961744433,0.05003512456399636,0.06905111293190462,0.14943965182018873,0.30899401868310566,0.15414569582636128,5.4811963709927465,17.875926394860898,42.118271012630444,93.12606393758334,179.77363965340652,D1,WR|established,0.5355610958535908,82.52416106673256,44.19673013529752,0.7741623770308314,0.4146112510112528,0.4644389041464092,0.06412664854501293,0.06393327421889626,0.12013334260451844,0.17418679427049105,0.11318103621467211,5.738684226905955,17.980985275822864,39.05439207150844,95.6351687153395,188.45052915903216
sleeper:player:6786,sleeper:6786,CeeDee Lamb,WR,00-0036358,26.40163726839018,6,established,prime,EXACT_NAME_POSITION,MAPPED_2025,PHASE2_ENTRY_SEASON,elite,0.9628099173553719,0.9,1,1,214.5355,1.277377195593927,D1,WR|established,0.8892877761048724,176.11894523186288,156.62042513517918,0.8209314786217798,0.7300443289580473,0.11071222389512758,0.011870160464090031,0.014753135118363016,0.02515267570815436,0.13200026014132882,0.7055115446729362,12.116656123201956,22.974944563051125,47.83610622242658,98.27094107454741,201.21945734271097,D1,WR|established,0.7657825926077533,153.2481035502187,117.35473004890792,0.7143251515493645,0.5470177665183986,0.23421740739224672,0.02497885726463644,0.0233305871067172,0.05033313460031462,0.16628372322400437,0.5008562904120807,8.827460858690058,21.020398317640442,45.34801695847596,95.87173605253048,196.50226372314316
sleeper:player:6790,sleeper:6790,D'Andre Swift,RB,00-0036275,26.631621456977214,6,established,prime,EXACT_NAME_POSITION,MAPPED_2025,PHASE2_ENTRY_SEASON,elite,0.8033707865168539,0.5138888888888888,1,1,207.6305,1.108841121495327,D1,RB|established,0.9057409557301382,154.99513646241644,140.38544303299227,0.7464950306550167,0.6761311225132737,0.09425904426986176,0.015017285028544231,0.022590476282836384,0.06005510992029784,0.2899929568943031,0.5180851276041567,13.29373207317048,22.290320346558122,42.105006081882834,96.41645866034314,210.7637100345939,D1,RB|established,0.7627675695970714,128.22705229259122,97.8074370338164,0.6175732962767572,0.47106488224907417,0.23723243040292863,0.03394299981609898,0.04589232003386957,0.10107522778598596,0.24460025181503017,0.3372567701460867,8.148405548649736,17.47020066819242,35.51166034530734,92.75606044455444,208.89603708939885
sleeper:player:6794,sleeper:6794,Justin Jefferson,WR,00-0036322,26.212721684907972,6,established,prime,EXACT_NAME_POSITION,MAPPED_2025,PHASE2_ENTRY_SEASON,elite,0.9545454545454546,0.8777777777777778,1,1,216.2255,1.291283965362795,D1,WR|established,0.9032352660820646,175.43019836840088,158.45474190211195,0.8113298309792364,0.7328217157648471,0.09676473391793539,0.013211472969698554,0.017249184582796805,0.03294837749660844,0.1708181050631506,0.6690081259698102,16.127022780049188,27.13280535309152,52.23202145233987,103.21959373285621,206.90470006036378,D1,WR|established,0.7882960441947924,150.91635541690135,118.96676597943866,0.69795817522402,0.5501976685425107,0.21170395580520762,0.027519710108074146,0.030542532119321918,0.06143192991925716,0.18939832964389483,0.4794035424042443,11.131230203175233,23.451097098301773,47.93090483285572,99.17749348295794,200.69864688862154
sleeper:player:6797,sleeper:6797,Justin Herbert,QB,00-0036355,27.480372629143652,6,established,prime,EXACT_NAME_POSITION,MAPPED_2025,PHASE2_ENTRY_SEASON,elite,0.8442622950819673,0.6833333333333333,1,1,307.828,1.0446533410255538,D1,QB|established,0.9557429291035768,251.2076029322805,240.08989023958605,0.8160648249421123,0.7799481861285721,0.04425707089642317,0.015453688045303043,0.019161421916854007,0.03419632433693222,0.11567023581831415,0.7712612589861734,23.898971749878488,34.82592800362781,60.01184962380298,127.42375117257886,288.1798172474262,D1,QB|established,0.9142469080357001,239.39373623166233,218.86498315291124,0.7776866829257324,0.7109976452853908,0.08575309196429992,0.037777611201842407,0.030017607560399198,0.052029783853140915,0.09354484034457512,0.7008770650757424,23.375755915683733,30.765492140906403,59.503234950196735,125.6763211758154,288.50435359948966
sleeper:player:6801,sleeper:6801,Tee Higgins,WR,00-0036410,26.62066982894926,6,established,prime,EXACT_NAME_POSITION,MAPPED_2025,PHASE2_ENTRY_SEASON,elite,0.8801652892561983,0.6777777777777778,1,1,184.028,1.2442731575388775,D1,WR|established,0.901093315957841,152.66462905705666,137.56507682649695,0.8295728316183226,0.74752253367149,0.09890668404215897,0.012988028314736775,0.020649784754398604,0.039928465446267464,0.22886643801075476,0.5986605994316835,9.802319815817409,20.58939308781599,44.53052640421127,93.45931640438482,190.16594905784692,D1,WR|established,0.7804180070875358,131.32024221859345,102.48468172248718,0.7135883790433709,0.5568972206538526,0.21958199291246416,0.030803839802694178,0.03970979092848592,0.08626343896729369,0.20002790986483807,0.423613027524224,7.020604594301682,18.828572980655565,41.75423880992532,91.80976244262219,187.79961228733129
sleeper:player:6804,sleeper:6804,Jordan Love,QB,00-0036264,26.831488668487374,6,established,prime,EXACT_NAME_POSITION,MAPPED_2025,PHASE2_ENTRY_SEASON,elite,0.7622950819672131,0.5166666666666667,1,1,296.978,1.037441486760288,D1,QB|established,0.9552919570628331,220.45763019724797,210.60140100056336,0.7423365710498688,0.7091481557575421,0.0447080429371669,0.016782607912391008,0.03119342713431344,0.04651284859439393,0.16802795560466413,0.6927751178170706,12.151833318711137,23.237003750108084,47.98903928146451,114.96576868134346,271.5499516808575,D1,QB|established,0.9191174893461864,202.44389829581505,186.06972753510422,0.6816797819899624,0.6265438097606699,0.08088251065381358,0.043247480019013504,0.05520599726308241,0.08382591080590616,0.13570665766012885,0.6011314435980555,12.333179748968625,19.625626800794592,47.26576317094957,114.3629310391374,274.43413793858684
sleeper:player:6806,sleeper:6806,J.K. Dobbins,RB,00-0036158,26.708282853172893,6,established,prime,EXACT_NAME_POSITION,MAPPED_2025,PHASE2_ENTRY_SEASON,elite,0.6797752808988764,0.20833333333333334,1,1,160.068,1.0653444259567388,D1,RB|established,0.8663353999980852,127.81050769975396,110.72676731202469,0.7984763206871701,0.6917483026715189,0.13366460000191482,0.025043144277682384,0.03496928641026354,0.09724000888730816,0.3472222059034069,0.3618607545194242,15.333236128312722,24.226983545872724,42.921521487339604,94.78564943676014,200.10515708123242,D1,RB|established,0.6876190881384536,107.02694350423066,73.59376929862488,0.6686342273548157,0.45976565771187794,0.3123809118615464,0.036824244932825,0.04574950542113924,0.13469523481145107,0.23629054123525867,0.23405956173777967,8.881916318530346,17.74628619326569,34.17539170862884,90.03302406249443,198.99892522517482
sleeper:player:6813,sleeper:6813,Jonathan Taylor,RB,00-0036223,26.617931921942272,6,established,prime,EXACT_NAME_POSITION,MAPPED_2025,PHASE2_ENTRY_SEASON,elite,0.949438202247191,0.875,1,1,264.0855,1.0919392185238785,D1,RB|established,0.9175002733597999,189.1898751376388,173.58176215569003,0.7163963002044368,0.6572938012715202,0.08249972664020011,0.0067200062822345245,0.013461297638166574,0.02521353501057868,0.1385889402729454,0.7335164941558747,15.586845083120824,24.14080377266921,44.07016742462026,97.9291522354825,216.04011775759932,D1,RB|established,0.7917919448248172,161.82632049673123,128.132777029951,0.6127800295613778,0.4851942913562123,0.20820805517518282,0.02692900724566281,0.033513686683159336,0.04391719433581298,0.17146688112066494,0.5159651754395171,10.812544715829024,20.102932425174828,38.97646500047423,94.27849226630165,211.817602708432
sleeper:player:6819,sleeper:6819,Michael Pittman,WR,00-0036252,27.90748612223386,6,established,aging,EXACT_NAME_POSITION,MAPPED_2025,PHASE2_ENTRY_SEASON,elite,0.7231404958677686,0.25555555555555554,1,1,150.583,1.336733244562805,D1,WR|established,0.8739065174476879,120.56357430327651,105.36129335042193,0.8006453205426676,0.6996891637862304,0.12609348255231212,0.02011612476375052,0.043537547788646415,0.10452797881238284,0.3526440416958143,0.3530808243870938,4.40653904292841,16.400120448136217,41.57033613306858,93.65036412007018,190.29105821878338,D1,WR|established,0.709652740688269,106.83482269281804,75.8156247249036,0.7094746597744636,0.5034806367578253,0.290347259311731,0.027167788342213922,0.07259893597157946,0.12169201643673756,0.23776344215140208,0.250430557786336,1.9657919904495649,14.506053687586279,37.665704390257616,92.88186416324909,191.83588301413164
sleeper:player:6826,sleeper:6826,Cole Kmet,TE,00-0036290,26.481036571592846,6,established,prime,EXACT_NAME_POSITION,MAPPED_2025,PHASE2_ENTRY_SEASON,premium,0.4609375,0.66,1,1,67.5455,1.3322583826429981,D1,TE|established,0.793745113329515,59.93077365720986,47.569758728467555,0.8872652309511344,0.7042624412946465,0.20625488667048497,0.05135994563277448,0.07033637900685594,0.19016976982316192,0.31876988832103226,0.16310913054569043,6.604179073374078,16.26782424768393,29.86441765055308,64.04269275417279,122.56920924039507,D1,TE|established,0.6225223225882144,61.92377857440652,38.54893446157785,0.9167713404209978,0.5707106241211901,0.3774776774117856,0.06705448280520832,0.06414608585142863,0.16013667218544234,0.19935144022732584,0.13183364151880925,10.741789414068453,18.29200426980947,29.22891193771041,70.19359241422895,136.3951887603053
sleeper:player:6847,sleeper:6847,Devin Duvernay,WR,00-0036331,27.970457983394592,6,established,aging,EXACT_NAME_POSITION,MAPPED_2025,PHASE2_ENTRY_SEASON,depth,0.004132231404958678,0.5,1,1,1.3605,1.5116666666666667,D1,WR|established,0.26922977379891533,11.310614936300873,3.045154300826917,8.313572169276643,2.238261154595308,0.7307702262010847,0.13480797775360026,0.08629262094864343,0.03864071535547197,0.008026080684570018,0.0014623790566296844,0,8.77009727587048,35.766420424998245,83.75300247459117,160.0892692586077,D1,WR|established,0.1438309253181621,12.8870813161286,1.853560830349175,9.47231261751459,1.3624114886800258,0.8561690746818379,0.054781193928972495,0.05821718435420394,0.021290417103097932,0.0071952305629574805,0.0023468993689302513,0,3.831634051144139,33.67874595211984,74.02717501231659,162.26377171916312
sleeper:player:6865,sleeper:6865,Colby Parkinson,TE,00-0036244,26.650786806026133,6,established,prime,EXACT_NAME_POSITION,MAPPED_2025,PHASE2_ENTRY_SEASON,premium,0.5234375,0.82,1,1,76.248,1.3412137203166228,D1,TE|established,0.7902803776914961,68.24935316459378,53.93612459611548,0.8950969620789239,0.7073775652622426,0.20971962230850394,0.03946005237485969,0.051532917167652716,0.14865699296319956,0.30486020144487425,0.24577021374090988,3.512307770964704,13.08310087803169,26.98862863768163,61.60288386244566,123.41203586321959,D1,TE|established,0.6245742903673701,71.49559633789728,44.65431134713414,0.9376717597562858,0.5856456739473054,0.3754257096326299,0.05800214201509046,0.050408526904439255,0.14060446850721667,0.20234950160134643,0.1732096513392773,11.553129706312825,19.212762279546048,30.793032438412194,71.50228918456892,139.81684799939214
sleeper:player:6869,sleeper:6869,Adam Trautman,TE,00-0036422,28.570059617925075,6,established,aging,EXACT_NAME_POSITION,MAPPED_2025,PHASE2_ENTRY_SEASON,starter,0.1640625,0.7727272727272727,1,1,30.3005,1.3899311926605504,D1,TE|established,0.555717306695204,40.906606766869324,22.73250933852443,1.3500307508743856,0.7502354528316176,0.444282693304796,0.09765978900548622,0.15538137649982756,0.18566656157294287,0.09514492014328708,0.021864659473660286,15.948085589133434,26.570111100930003,39.811057318737625,73.68300715085041,120.94294334561668,D1,TE|established,0.360420025696774,39.247329431685415,14.145523482297811,1.295270026292814,0.46684125616071714,0.639579974303226,0.07581837698797467,0.10135293200036351,0.11434056899439513,0.051011960921029914,0.017896186793010836,17.22384516729979,24.769505202735843,34.408487073121144,77.0475379657216,137.7134448966534
sleeper:player:6904,sleeper:6904,Jalen Hurts,QB,00-0036389,27.069686578095375,6,established,prime,EXACT_NAME_POSITION,MAPPED_2025,PHASE2_ENTRY_SEASON,elite,0.9754098360655737,0.95,1,1,332.603,1.0287751314568512,D1,QB|established,0.959074061961191,281.5397688176919,270.0174896835984,0.8464739308355362,0.811831191190694,0.04092593803880895,0.014358153279998754,0.010112729753820306,0.015941342238550187,0.0604017637261221,0.8582600729626997,37.113153183872264,47.531771150236466,72.73220602489474,139.16418424030337,302.28451071469556,D1,QB|established,0.9222173005402359,264.3666388279294,243.80348801278853,0.7948414140219102,0.73301650319687,0.07778269945976413,0.032156886200293826,0.008400263800424726,0.0340887945035805,0.06859769435330172,0.7789736616826352,33.13342168106409,40.48937928120744,70.09278915478546,133.39504026614745,296.36166066322994
sleeper:player:7002,sleeper:7002,Juwan Johnson,TE,00-0036040,28.96705613393841,6,established,aging,EXACT_NAME_POSITION,MAPPED_2025,PHASE2_ENTRY_SEASON,elite,0.7578125,0.40384615384615385,1,1,119.068,1.3812993039443155,D1,TE|established,0.8891251285349446,96.42987936534574,85.73822888532224,0.8098723365248912,0.7200778453095898,0.11087487146505537,0.01629528148144697,0.03146488466017033,0.09224237379785606,0.3217062330384051,0.42741635555706614,6.355562896900326,15.59372983334752,30.759930787399554,67.17528513350541,142.00657165292782,D1,TE|established,0.7317313146449069,89.34705521253159,65.37803817031683,0.7503867975655221,0.5490815178748011,0.2682686853550931,0.027206416992006786,0.05211886519852917,0.11235240966300344,0.23054536361282216,0.30950825917854535,7.070072656203972,15.183549178944153,29.350867211280757,69.1215507369219,145.91224120294552
sleeper:player:7021,sleeper:7021,Rico Dowdle,RB,00-0036139,27.217533556472755,6,established,aging,EXACT_NAME_POSITION,MAPPED_2025,PHASE2_ENTRY_SEASON,elite,0.702247191011236,0.2638888888888889,1,1,174.2555,1.128232437682098,D1,RB|established,0.8923441153686081,126.21832409030173,112.63017875366859,0.7243290690411592,0.6463507823493008,0.10765588463139186,0.02160586590493647,0.043383590126206024,0.12214497537940805,0.366746465963252,0.3384632179948056,12.5844909899754,21.946724530045053,41.81530824031239,96.77478709632435,209.20090427935762,D1,RB|established,0.7222834304443323,107.12590650167674,77.37526723748987,0.6147634163723769,0.44403342928911776,0.2777165695556677,0.03411227942142224,0.06923344311030413,0.13762486043627326,0.24580861625997089,0.2355042312163618,6.042408560031468,15.446210466901498,33.05585255168984,91.94962165160568,207.84525171386204
sleeper:player:7049,sleeper:7049,Jauan Jennings,WR,00-0036259,28.145684031841856,6,established,aging,EXACT_NAME_POSITION,MAPPED_2025,PHASE2_ENTRY_SEASON,premium,0.5165289256198347,0.6931818181818182,1,1,103.298,1.2888084840923268,D1,WR|established,0.6802249087273436,76.47448568998628,52.01985004844147,0.7403288126583891,0.5035900990187754,0.31977509127265635,0.04599938072973944,0.08173995255808146,0.15668152053562964,0.2673257070500779,0.1284783478538152,1.319669852770173,13.411332034556347,36.97378700580059,86.6186417723452,170.56886199686082,D1,WR|established,0.45665961790683085,72.73249370129403,33.21399278304391,0.7041036002758431,0.32153568106879044,0.5433403820931691,0.04936121007272967,0.07307133263094087,0.10236279740553292,0.14409373247461546,0.08777054532301194,1.8132389592618587,13.722365217119645,34.12462841421399,89.3538973325324,179.48331686813177
sleeper:player:7083,sleeper:7083,Tyler Huntley,QB,00-0035993,27.57619937438825,6,established,prime,EXACT_NAME_POSITION,MAPPED_2025,PHASE2_ENTRY_SEASON,depth,0.10655737704918032,0.5,1,1,4.2355,1.1765277777777778,D1,QB|established,0.38936202772023987,39.83331865055759,15.50958172060755,9.404631956217115,3.6618065684352614,0.6106379722797601,0.1397838877170837,0.11661423200717161,0.08307118865143366,0.03432632989603626,0.015566389448514694,8.08835355683347,20.032577722136043,47.212823702562396,114.50237004798024,269.1956956469828,D1,QB|established,0.328660686732296,54.32809762141658,17.855509873113988,12.826843966808305,4.215679346739225,0.671339313267704,0.12094290775157737,0.079869728059446,0.07054950043785219,0.02941685975976693,0.027881690723653495,12.073205894696487,19.429127336918352,54.60872173251196,111.770519888042,276.27400573516417
sleeper:player:7090,sleeper:7090,Darnell Mooney,WR,00-0036309,27.841776354066134,6,established,aging,EXACT_NAME_POSITION,MAPPED_2025,PHASE2_ENTRY_SEASON,premium,0.3512396694214876,0.23863636363636365,1,1,72.0755,1.316447488584475,D1,WR|established,0.6458428127434075,51.26809069171253,33.11112789631972,0.7113109266215638,0.45939504958439026,0.3541571872565925,0.0720966487157373,0.12077546585629075,0.20864074116576956,0.19178422104281287,0.05254573596279703,0,10.670933890581836,34.20692236263525,84.18072996535481,162.54121043520894,D1,WR|established,0.41004652643804507,53.084956330382795,21.767301949388777,0.7365187384115656,0.3020069503421936,0.5899534735619549,0.04852215799928892,0.09271247138964017,0.11329027891377659,0.11247862072674307,0.04304299740859627,0,10.617211827870623,30.246540634551355,87.33305093258708,175.01601462899262
sleeper:player:7523,sleeper:7523,Trevor Lawrence,QB,00-0036971,25.906076100125258,5,established,prime,EXACT_NAME_POSITION,MAPPED_2025,PHASE2_ENTRY_SEASON,elite,0.7950819672131147,0.5833333333333334,1,1,305.793,1.0509795160846853,D1,QB|established,0.9627236029027165,267.07575088694057,257.12012914182384,0.8733873924090498,0.8408306571498491,0.037276397097283476,0.01479750919836967,0.01364896032678411,0.036971115515888026,0.10053564616317785,0.7967703716984968,36.13018052636773,47.26827290198371,72.4470957374377,140.29518028751934,300.1582659539521,D1,QB|established,0.9315780506607891,264.1105494481451,246.03959081385298,0.863690632055492,0.8045952353842402,0.06842194933921086,0.03592488979187696,0.024810178838755463,0.04303238409307822,0.08261382911491393,0.7451967688221646,40.30358113285404,47.71047168463353,76.06281383711323,143.50972869668843,306.33376431054046
sleeper:player:7525,sleeper:7525,DeVonta Smith,WR,00-0036912,26.798633784403513,5,established,prime,EXACT_NAME_POSITION,MAPPED_2025,PHASE2_ENTRY_SEASON,elite,0.8553719008264463,0.6111111111111112,1,1,185.398,1.2951309814879497,D1,WR|established,0.9019210842878904,149.12615030388105,134.5000191777553,0.8043568447549652,0.7254663975757845,0.09807891571210958,0.014707164086284422,0.022187640121168268,0.05013107198250152,0.26313948630966255,0.5517557217882737,7.3343984589468505,18.63225331723013,43.463574328089514,94.34392925289978,193.87974128276323,D1,WR|established,0.7799396392883107,128.33458875366026,100.09323286074347,0.692211290055234,0.5398830238769753,0.22006036071168933,0.031396049067519,0.04631325807973673,0.095792204914177,0.21993297229841532,0.3865051549284626,5.353907432359418,17.62373249843601,41.227019739393214,93.6397486621608,192.92170499289875
sleeper:player:7526,sleeper:7526,Jaylen Waddle,WR,00-0036613,26.768516807326638,5,established,prime,EXACT_NAME_POSITION,MAPPED_2025,PHASE2_ENTRY_SEASON,elite,0.8057851239669421,0.4777777777777778,1,1,169.8455,1.2881721653394007,D1,WR|established,0.9013034771779513,149.7852835517711,135.00199689529668,0.8818913868885022,0.794851773495893,0.09869652282204866,0.014455984041199493,0.023048144337809422,0.052733860850739535,0.27532136666571844,0.5357441212824845,12.1477538019724,23.510967138196783,48.039994412893385,98.50871930340486,195.29773866275391,D1,WR|established,0.7786342605947848,128.0316241898274,99.68980903379563,0.7538122834565969,0.5869440699564936,0.2213657394052152,0.03086001876004107,0.04690012431288062,0.09962080582043545,0.22263176433373646,0.37862154736769116,7.614248550375224,19.774488629456314,42.791364154926676,95.39347142089639,192.87565825512857
sleeper:player:7527,sleeper:7527,Mac Jones,QB,00-0036972,26.990287274892708,5,established,prime,EXACT_NAME_POSITION,MAPPED_2025,PHASE2_ENTRY_SEASON,usable,0.38524590163934425,0.8076923076923077,1,1,11.703,1.033833922261484,D1,QB|established,0.5435222787179456,85.26858771645996,46.34537709871134,7.286045263305132,3.9601279243536993,0.45647772128205444,0.08902223211010102,0.08324753379670002,0.15874585003548253,0.13419628216750637,0.07831038060815562,15.265279314159738,25.517731707866098,49.98913002565784,110.80049437691446,256.12898476150633,D1,QB|established,0.456012604369898,120.64004134778338,55.01337944629487,10.30847144730269,4.7007929117572305,0.543987395630102,0.09873875443727922,0.05752604796396802,0.06362646799909456,0.0844731931211126,0.15164814084844358,17.730969895288617,24.450240536535134,56.01517926498032,107.84736602743114,258.37349700308386
sleeper:player:7528,sleeper:7528,Najee Harris,RB,00-0036893,27.48311053615064,5,established,aging,EXACT_NAME_POSITION,MAPPED_2025,PHASE2_ENTRY_SEASON,premium,0.47752808988764045,0.65,1,1,81.9805,1.0981982585398526,D1,RB|established,0.5151050326693775,61.32391171945038,31.588255549661504,0.7480304672385552,0.38531425826460564,0.48489496733062254,0.06568209644901112,0.09098632012485612,0.1423479476603584,0.1448677701675204,0.07122089826763141,4.149933547455289,13.519915414318824,32.330159925346834,84.54364575486277,185.8411060362008,D1,RB|established,0.27744701116057535,52.472710023845515,14.5583965636115,0.6400633080286838,0.177583651766109,0.7225529888394246,0.0397322301018563,0.053246618290920235,0.07581544784489373,0.07994629934998199,0.02870641557292311,0.6490659887696978,9.592451803191882,25.962080834633554,82.47287790985911,190.2053539142235
sleeper:player:7543,sleeper:7543,Travis Etienne,RB,00-0036973,26.59876657289335,5,established,prime,EXACT_NAME_POSITION,MAPPED_2025,PHASE2_ENTRY_SEASON,elite,0.7584269662921348,0.4027777777777778,1,1,201.1105,1.1169702860316577,D1,RB|established,0.91182964289757,154.6654425110858,141.02853521347802,0.7690570234328185,0.7012489910446149,0.08817035710243004,0.014365486888757478,0.021712545120014647,0.06284525424324172,0.2995846527811066,0.5133217038644495,14.006705138750952,23.191700801018168,43.00643322470183,97.68349646520677,211.08896001782736,D1,RB|established,0.7770207172519638,128.18706357806553,99.60400408385155,0.6373961756251689,0.4952700335579274,0.22297928274803624,0.035167398570350845,0.044685683988146964,0.10762936068124061,0.2433039531718666,0.34623432084035877,7.4302111675442175,16.790242417511152,34.50071323786851,92.8026822473835,208.81774539117305
sleeper:player:7547,sleeper:7547,Amon-Ra St. Brown,WR,00-0036963,25.856793773999467,5,established,prime,EXACT_NAME_POSITION,MAPPED_2025,PHASE2_ENTRY_SEASON,elite,0.9793388429752066,0.9444444444444444,1,1,255.1355,1.2970793085917642,D1,WR|established,0.9206722142447895,193.00079194780042,177.69046647357936,0.756463886632007,0.6964552815017093,0.07932778575521049,0.00816860039902783,0.009922491497912226,0.0167988787725274,0.08790787272612918,0.7978743708491929,16.550177259908576,27.6344369464124,52.88183371116832,104.46907455253847,209.5681584834364,D1,WR|established,0.830028903761123,171.91641780806077,142.6955958117639,0.6738239790545054,0.5592933786625691,0.16997109623887696,0.022857268486454366,0.017354592847437185,0.03471580830958612,0.13531720940041403,0.6197840247172314,12.354076032162801,24.767872236297332,49.18488991364015,101.48429225398051,204.17324351432816
sleeper:player:7553,sleeper:7553,Kyle Pitts,TE,00-0036970,24.904002135567463,5,established,prime,EXACT_NAME_POSITION,MAPPED_2025,PHASE2_ENTRY_SEASON,elite,0.8828125,0.7115384615384616,1,1,146.703,1.380084666039511,D1,TE|established,0.9459593505064275,119.72030757276181,113.2505443939595,0.8160726609051062,0.7719715642758465,0.05404064949357246,0.011224917460327548,0.015378360868668874,0.04536034745286668,0.21089978325737152,0.663095941467193,5.206324022463391,14.09726378079312,29.70548133407454,66.46658109911267,147.20354389237875,D1,TE|established,0.8879027028194886,105.15011700904775,93.36307309411896,0.7167550561954952,0.6364087516555146,0.11209729718051142,0.028978472152553197,0.03420625434982114,0.0995411072555222,0.21609207685789864,0.5090847922036934,5.520752909257629,13.74524678362907,29.135412805180824,67.61460573672846,147.7588135090971
sleeper:player:7564,sleeper:7564,Ja'Marr Chase,WR,00-0036900,25.50360377009795,5,established,prime,EXACT_NAME_POSITION,MAPPED_2025,PHASE2_ENTRY_SEASON,elite,0.987603305785124,0.9666666666666667,1,1,259.543,1.2886941410129096,D1,WR|established,0.9190691584480418,199.09488939254499,182.9819724453123,0.7670978966589158,0.7050160183295727,0.08093084155195818,0.008483284281309025,0.009473639737549772,0.016038285849328617,0.08008229524511137,0.8049916533347431,22.405569801370582,33.40477746302251,58.5130396500918,109.8146481930055,214.58952543141575,D1,WR|established,0.8310544859492224,175.92948494966265,146.20698767815333,0.6778433051543006,0.5633247195191291,0.16894551405077762,0.02197782010041919,0.01577456047869072,0.03161734449259678,0.13380506296929542,0.6278796979082203,15.836782173198518,28.178978797729172,52.481499734666045,104.45157510873526,206.6939636914547
sleeper:player:7569,sleeper:7569,Nico Collins,WR,00-0036554,26.45639540852995,5,established,prime,EXACT_NAME_POSITION,MAPPED_2025,PHASE2_ENTRY_SEASON,elite,0.9380165289256198,0.8333333333333334,1,1,204.5555,1.2665975232198141,D1,WR|established,0.9047148302422764,166.98242933522837,151.07148020946406,0.8163184531104194,0.7385354107294309,0.09528516975772361,0.011378016472755234,0.015716968686919332,0.030181403031694674,0.17259043262511614,0.674848009425791,10.342255544973444,21.172320835762818,45.73989232352333,95.685811762128,196.6755321570586,D1,WR|established,0.7930765680775952,143.64572678430483,113.92206001710836,0.7022335101442144,0.5569249422142566,0.2069234319224048,0.028825319973158365,0.03198873674943314,0.06800017917839153,0.1836094726977587,0.48065285947885344,7.692323505213101,19.761160188899538,43.65127631952176,93.99659965310923,193.15651460280012
sleeper:player:7571,sleeper:7571,Rashod Bateman,WR,00-0036550,25.758229121747878,5,established,prime,EXACT_NAME_POSITION,MAPPED_2025,PHASE2_ENTRY_SEASON,premium,0.5082644628099173,0.6704545454545454,1,1,101.2055,1.2802719797596458,D1,WR|established,0.7526633974044966,80.45529944758508,60.555759021415504,0.7949696355196613,0.5983445467036427,0.24733660259550339,0.061154671405549456,0.08279312273255955,0.16835857146655273,0.30070758179908386,0.13964945000075105,6.2486078353011285,18.28102935945906,41.65946123286339,90.95248508612562,173.9803108772891,D1,WR|established,0.5713020222093969,74.72080596632712,42.68814754967865,0.7383077596210396,0.42179671608438923,0.42869797779060315,0.07266330243585334,0.07728699722666008,0.13915011894656795,0.1782393229163039,0.10396228068401157,6.116751148367338,17.939758948152004,38.13089910025734,93.07200087615064,182.39465719928444
sleeper:player:7585,sleeper:7585,Davis Mills,QB,00-0036898,26.864343552571235,5,established,prime,EXACT_NAME_POSITION,MAPPED_2025,PHASE2_ENTRY_SEASON,usable,0.27049180327868855,0.2692307692307692,1,1,7.508,1.096058394160584,D1,QB|established,0.42512951596248516,36.281781858883846,15.424456359923767,4.832416337091616,2.054402818316964,0.5748704840375148,0.07916484817904149,0.14805158350907116,0.11075629742173487,0.06541557060755307,0.021741216245084575,0,4.419323220507818,30.12285086000871,93.76351022153119,243.78947097484578,D1,QB|established,0.3663622637268401,41.3385638040846,15.14488981448085,5.505935509334656,2.0171669971338373,0.6336377362731599,0.106748186573578,0.11366046646500794,0.06631098213630614,0.04261395838251731,0.037028670169430726,0,0.6843932573440763,33.9934507079949,87.9071842943204,244.86132287297605
sleeper:player:7587,sleeper:7587,Dyami Brown,WR,00-0036626,25.834890517943556,5,established,prime,EXACT_NAME_POSITION,MAPPED_2025,PHASE2_ENTRY_SEASON,starter,0.14049586776859505,0.4642857142857143,1,1,42.128,1.2922699386503067,D1,WR|established,0.5362645506564893,52.61265918812308,28.214304038361835,1.2488762625361536,0.6697280677545061,0.46373544934351074,0.08103741224874025,0.10449397316141736,0.16834573296827288,0.14891845169151155,0.033468980586547216,6.422890100981175,19.30298097321697,41.75259862924175,89.81815168202307,157.5283284827253,D1,WR|established,0.3898605228971661,49.32522097661798,19.22995644196255,1.1708417436531042,0.45646497441042894,0.6101394771028339,0.0785112005312151,0.0831421234345851,0.11602255614987572,0.07849330427457163,0.033691338506918606,6.376064884409871,17.948499558927796,35.79574820406411,92.43082091564249,173.00508288855534
sleeper:player:7588,sleeper:7588,Javonte Williams,RB,00-0036997,25.35301888471358,5,established,prime,EXACT_NAME_POSITION,MAPPED_2025,PHASE2_ENTRY_SEASON,elite,0.9044943820224719,0.7638888888888888,1,1,237.0055,1.079997721576669,D1,RB|established,0.9298433009656105,169.51627402248062,157.62357180445431,0.7152419417375572,0.665062928094303,0.07015669903438948,0.012371587242435948,0.016549363603247488,0.04341317499435844,0.23454471146179792,0.6229644636637707,15.96530584002547,24.506795220872796,44.097753618438894,97.21478004716792,212.37944610315586,D1,RB|established,0.8331053479292974,137.07953471084397,114.20169345926386,0.5783812388777644,0.48185250325103796,0.16689465207070264,0.032808700540259854,0.0487493811260532,0.08433044550777045,0.26312528658850814,0.4040915341667057,11.831401498804748,20.98436453937292,39.36650505665271,94.25310421942194,209.53266435387988
sleeper:player:7591,sleeper:7591,Justin Fields,QB,00-0036945,26.494726106627787,5,established,prime,EXACT_NAME_POSITION,MAPPED_2025,PHASE2_ENTRY_SEASON,usable,0.3360655737704918,0.5769230769230769,1,1,8.6005,1.0831863979848866,D1,QB|established,0.5481334384796345,73.8106361579356,40.458077793618486,8.582133150158201,4.7041541530862725,0.45186656152036553,0.12027439392880347,0.11803787169651589,0.1687676891171922,0.09839451128641379,0.04265897245070913,23.041027217836138,33.732727188255744,59.314532628437924,122.40806679200928,273.10630575677135,D1,QB|established,0.4502393184604232,100.19564146042136,45.11201732384503,11.64997865942926,5.245278451699905,0.5497606815395768,0.1242534791828157,0.07872700508407618,0.08420871367144787,0.07928495750849643,0.08376516301358702,28.53453508715718,35.51020295849117,68.87671255160132,121.79730697511226,278.3278348746337
sleeper:player:7594,sleeper:7594,Chuba Hubbard,RB,00-0036555,26.226411219942914,5,established,prime,EXACT_NAME_POSITION,MAPPED_2025,PHASE2_ENTRY_SEASON,elite,0.6123595505617978,0.041666666666666664,1,1,137.538,1.1245952575633689,D1,RB|established,0.902587698671227,107.56750849440577,97.08910994376336,0.7820930106181984,0.7059075306007312,0.09741230132877299,0.033339263136213486,0.07591851351355992,0.1584971381784012,0.39965689788146014,0.23517588596159228,14.68221887142256,24.15745457504698,43.7248480770997,98.10506964237405,206.76859048591672,D1,RB|established,0.7548308351416727,111.64741493872071,84.27491145960343,0.8117568594768043,0.6127391081708576,0.2451691648583273,0.04463801546385781,0.07258396599115152,0.1536276649278232,0.19428288272921893,0.2896983060296212,7.2285326970739545,16.522791539219305,33.59419710751153,92.39851014571693,205.8710947114886
sleeper:player:7600,sleeper:7600,Pat Freiermuth,TE,00-0036894,26.85339192454328,5,established,prime,EXACT_NAME_POSITION,MAPPED_2025,PHASE2_ENTRY_SEASON,elite,0.7109375,0.28846153846153844,1,1,107.908,1.353078369905956,D1,TE|established,0.9220866628906731,96.90598613733873,89.35571737150849,0.8980426487131513,0.8280731490854107,0.07791333710932691,0.016125462619187226,0.024551316511908325,0.07483715696132817,0.32902873681796463,0.47754398998028474,5.942476596791362,15.11733554009015,29.805858486413637,65.3408007060321,136.44639286825733,D1,TE|established,0.8211836985955914,89.64544217284545,73.61537576573443,0.8307580732924847,0.68220498726447,0.17881630140440863,0.03538485085953711,0.04243536058393898,0.12066049541697979,0.2497917807770585,0.372911210958077,6.445823093472948,14.350232134603585,27.770613734512253,67.19941922257179,141.16404615601024
sleeper:player:7610,sleeper:7610,Trey Lance,QB,00-0037012,25.31468818661574,5,established,prime,EXACT_NAME_POSITION,MAPPED_2025,PHASE2_ENTRY_SEASON,depth,0.1885245901639344,0.8846153846153846,1,1,5.208,1.0312871287128713,D1,QB|established,0.39638627526869374,64.39479880703901,25.52521444579912,12.364592704884602,4.901154847503671,0.6036137247313063,0.14975928768400124,0.08200307082506866,0.09205067296291675,0.0431115236679349,0.029461720128772143,26.79443123686346,37.18310851939104,61.185608949989536,120.63049848409771,259.001488207074,D1,QB|established,0.3667090948210545,88.25814635776862,32.36506496144148,16.946648686207492,6.214490199969563,0.6332909051789455,0.12539355793324483,0.051608027284804646,0.08767435458487297,0.045489714229570134,0.05654344078856193,31.349389717118047,37.87044753305973,68.94090395733393,119.40524021873415,265.34598236223627
sleeper:player:7611,sleeper:7611,Rhamondre Stevenson,RB,00-0036875,27.521441234248478,5,established,aging,EXACT_NAME_POSITION,MAPPED_2025,PHASE2_ENTRY_SEASON,elite,0.6460674157303371,0.125,1,1,163.1905,1.1324809160305342,D1,RB|established,0.8863062827964878,108.42359973877122,96.09651765188457,0.6643989677019877,0.5888609793577725,0.11369371720351218,0.028277845950207294,0.06569206401064746,0.15628041024413394,0.37786186535830724,0.25819409723319187,9.764828229946145,19.30385454748203,39.07051016899303,94.15124815030538,204.76904101175836,D1,RB|established,0.7091339498886458,100.84733855446727,71.5142715248869,0.6179730961941245,0.43822570262905564,0.29086605011135425,0.03621129288690211,0.07951728452703292,0.14844399259866162,0.21504722922481065,0.22991415065123844,2.76409458332347,12.162697923682295,29.311138642516752,89.0787773589065,204.162416886982
sleeper:player:7694,sleeper:7694,Tommy Tremble,TE,00-0037005,25.24897841844802,5,established,prime,EXACT_NAME_POSITION,MAPPED_2025,PHASE2_ENTRY_SEASON,premium,0.3359375,0.34,1,1,48.243,1.4003773584905659,D1,TE|established,0.8127383474007124,50.27688506980384,40.86195248408792,1.042159174798496,0.8470027254542197,0.18726165259928762,0.06114286764324494,0.08471978988356119,0.23011485538426016,0.32261294711297406,0.11414788737667203,2.6102837412883324,12.969810049651482,26.875651123210165,61.954945026048314,117.66839494430042,D1,TE|established,0.6634014467328629,57.48038553941412,38.13257092561007,1.1914761838901835,0.7904270241404985,0.33659855326713706,0.08434303487798535,0.07573728222446495,0.18181650462645643,0.2091620040830547,0.11234262092090154,10.565119212452181,18.35587707303622,29.219823528465593,71.92415017428128,137.92456296497537
sleeper:player:7716,sleeper:7716,John Bates,TE,00-0036628,27.819873098010227,5,established,aging,EXACT_NAME_POSITION,MAPPED_2025,PHASE2_ENTRY_SEASON,starter,0.0703125,0.22727272727272727,1,1,21.753,1.3811428571428572,D1,TE|established,0.5418742075975231,34.04887075924416,18.450204862255905,1.5652494257915763,0.8481682922932885,0.45812579240247686,0.12113471043214065,0.16904742017368882,0.1711577513062196,0.06976693955820022,0.010767386127273874,14.02233819377261,24.705503833565757,37.58844341606047,70.55185662370364,113.25596732790966,D1,TE|established,0.35963215197563847,36.1947271381236,13.016787610854434,1.6638958827804717,0.5983904569877457,0.6403678480243615,0.09416615462257935,0.10348300475718704,0.10650502640950074,0.04358040925274054,0.011897556933630862,18.23311298728174,25.619663923716622,34.8215479828347,76.68854026304841,134.3013378352077
sleeper:player:7828,sleeper:7828,Noah Gray,TE,00-0036637,26.34140331423643,5,established,prime,EXACT_NAME_POSITION,MAPPED_2025,PHASE2_ENTRY_SEASON,premium,0.3203125,0.3,1,1,45.6905,1.3578157503714712,D1,TE|established,0.75645365983853,46.673683043538276,35.30647835642807,1.0215183253310485,0.7727312757887979,0.24354634016147003,0.06757517946799456,0.09103203946971648,0.23361214061864213,0.2749780991329463,0.08925620114923052,4.229420168782795,14.318313488583296,27.744167004566748,61.71903954475588,115.00031035083958,D1,TE|established,0.5649388335765588,51.14956914520379,28.896377930834973,1.1194793041267612,0.6324373322864703,0.43506116642344117,0.0774464828267441,0.06914344505789433,0.16207142326888963,0.17296870181046348,0.08330878061256732,8.721577707808095,16.261474212650427,26.63231161706822,68.22211475706649,131.7978814494004
sleeper:player:7891,sleeper:7891,Brock Wright,TE,00-0036754,26.76304099331266,5,established,prime,EXACT_NAME_POSITION,MAPPED_2025,PHASE2_ENTRY_SEASON,starter,0.1328125,0.5909090909090909,1,1,27.0305,1.3348395061728395,D1,TE|established,0.5325137675981401,47.39010863000656,25.235885293449925,1.7532087319881824,0.9336077872569848,0.46748623240185994,0.06961941617934372,0.08489755714098332,0.17451201237822786,0.15797146972378562,0.04551331217579954,13.375696139548307,23.643892566867606,36.257828927203285,68.64767745015511,112.61688023750538,D1,TE|established,0.38856384048585846,51.55081801890887,20.030783829614826,1.9071351998264505,0.7410437775703307,0.6114361595141415,0.07173125998161088,0.06050553980966627,0.12901137248903533,0.08560245974510376,0.041713208460442276,20.089667997853873,27.30501146919961,36.32788583829669,77.41112119446088,134.83329581087816
sleeper:player:8110,sleeper:8110,Jake Ferguson,TE,00-0038041,26.62066982894926,4,established,prime,EXACT_NAME_POSITION,MAPPED_2025,PHASE2_ENTRY_SEASON,elite,0.7734375,0.4423076923076923,1,1,126.618,1.4084315906562845,D1,TE|established,0.9304884860889301,115.53773409128377,107.506531280744,0.9124905944753808,0.849061991823785,0.06951151391106991,0.01220048499620621,0.017105194811963986,0.05542650448804468,0.26705235907851466,0.5787039427142006,9.499020476112642,18.888555117306776,34.403708416520836,71.62539436733005,148.66485611064635,D1,TE|established,0.8443254565352195,105.96398990181402,89.46809415014252,0.8368793528709506,0.7065985416776644,0.1556745434647805,0.03147500792272818,0.03644618696511284,0.10440570015975549,0.2308535414574293,0.4411450200301937,11.19606419532027,19.486352090370698,34.03206453803343,74.57442885573893,153.32051617679068
sleeper:player:8111,sleeper:8111,Cade Otton,TE,00-0038129,26.38247191934126,4,established,prime,EXACT_NAME_POSITION,MAPPED_2025,PHASE2_ENTRY_SEASON,premium,0.5390625,0.86,1,1,83.183,1.4074957698815567,D1,TE|established,0.7986995906386536,73.708844969681,58.87122430373219,0.8861046724652993,0.7077314391610328,0.2013004093613464,0.042972028413726666,0.044205586261890646,0.16613030744890803,0.2849266939462191,0.2604649745679091,4.934605098852042,14.945446129674389,29.590722679651645,65.99726072418902,131.603894143215,D1,TE|established,0.6457570216032782,74.06242453924446,47.826330683180046,0.8903552954238783,0.5749531837416305,0.3542429783967218,0.058659597583027884,0.05509986005279971,0.1411033966528699,0.21820699522134784,0.17268717209323287,11.509774146800183,19.56485668129208,31.829955755973423,74.50875597541769,146.64380775856333
sleeper:player:8112,sleeper:8112,Drake London,WR,00-0037238,24.10727119653381,4,established,prime,EXACT_NAME_POSITION,MAPPED_2025,PHASE2_ENTRY_SEASON,elite,0.9462809917355371,0.8555555555555555,1,1,211.368,1.2959411404046597,D1,WR|established,0.9255226776434091,180.5029634312082,167.05958603742218,0.8539748847091717,0.7903731219362542,0.07447732235659088,0.011662471779390926,0.014020137654049475,0.027427017831837434,0.1505190531980217,0.7218939971801096,16.045001883947695,27.101881784012555,52.26851048670623,103.3851147977823,207.0906409571685,D1,WR|established,0.8538776335498484,155.669562501785,132.92275764476437,0.7364859510511762,0.6288688810262878,0.14612236645015164,0.029437757258311673,0.03012563811046384,0.06605716787502376,0.19459645019062582,0.5336606201154233,13.54048658296722,25.89571447407666,50.429244604804246,101.8281581083926,203.49528501319128
sleeper:player:8117,sleeper:8117,Jalen Tolbert,WR,00-0037666,26.511153548669718,4,established,prime,EXACT_NAME_POSITION,MAPPED_2025,PHASE2_ENTRY_SEASON,starter,0.1859504132231405,0.6607142857142857,1,1,45.598,1.3570833333333332,D1,WR|established,0.5374203763911645,53.10672276412089,28.54063493679507,1.1646721953620969,0.6259185696038219,0.46257962360883553,0.07367527471378578,0.09494252463541374,0.16490586098746482,0.16229222634861518,0.041604489705884956,0.4369029255061024,13.804316773943908,37.562718968239714,88.05227408757564,161.36040236497487,D1,WR|established,0.38329126686353965,50.108635030577375,19.206202201672742,1.0989217735553616,0.42120711876996236,0.6167087331364604,0.07819526416668253,0.07795627443505233,0.1100252701598569,0.07948238028509205,0.037632077816855944,2.6121444278491506,14.800504628851805,34.147949164285144,92.74569126472191,178.5542396851103
sleeper:player:8119,sleeper:8119,Jahan Dotson,WR,00-0037741,25.44610772295119,4,established,prime,EXACT_NAME_POSITION,MAPPED_2025,PHASE2_ENTRY_SEASON,starter,0.21074380165289255,0.7678571428571429,1,1,46.5355,1.2837379310344827,D1,WR|established,0.6480579178012772,47.88172529339122,31.03013119436786,1.0289289960007137,0.6668055827135813,0.3519420821987228,0.0989675587609488,0.1449170904949512,0.20003757509791462,0.1687488825444792,0.0353868109029834,4.202583662296574,16.81004726589635,39.35499988320713,87.26708924002291,157.6702146594494,D1,WR|established,0.4941908996732437,42.04314386914121,20.777339093782512,0.9034638903448166,0.44648363279179365,0.5058091003267563,0.12500735173702765,0.11372071853706026,0.14315592316262327,0.08116673923660234,0.031140166999930316,6.123061642068351,17.678997327821886,36.09923112826606,91.5853197345524,173.4076304677263
sleeper:player:8121,sleeper:8121,Romeo Doubs,WR,00-0037816,25.385873768797442,4,established,prime,EXACT_NAME_POSITION,MAPPED_2025,PHASE2_ENTRY_SEASON,elite,0.6322314049586777,0.011111111111111112,1,1,128.798,1.2866933066933068,D1,WR|established,0.918082901971877,112.45083449298912,103.23918846048271,0.8730790423220013,0.8015589408258101,0.08191709802812297,0.02183354106624441,0.043698953757618494,0.14164882342718257,0.41263387239708743,0.29826771132374413,11.15613553344251,22.95671861448402,46.86201887964766,96.82107635895575,185.74863561581483,D1,WR|established,0.8195315037524742,100.01972592967815,81.96931639605947,0.7765627255833021,0.6364176182554034,0.1804684962475258,0.044479685830229675,0.09731743296941443,0.13962759652630669,0.29672137086394285,0.24138541756258056,7.995489628425125,19.99088641804981,41.332261357671044,95.63169234357797,188.58275316463502
sleeper:player:8126,sleeper:8126,Wan'Dale Robinson,WR,00-0038117,24.654852597931512,4,established,prime,EXACT_NAME_POSITION,MAPPED_2025,PHASE2_ENTRY_SEASON,premium,0.6074380165289256,0.9431818181818182,1,1,130.818,1.366959247648903,D1,WR|established,0.8023237060497759,115.8187540043039,92.92413194280043,0.8853426440115572,0.71033139126726,0.19767629395022412,0.02926756397314844,0.05532695350972874,0.1156897969744666,0.35077896959794613,0.25126042199448595,12.053298606986056,24.653898240194607,49.96245615738547,102.95489401587486,196.2616226398697,D1,WR|established,0.6648627504180341,94.19626786399031,62.62758973116648,0.7200558628322579,0.4787383214172857,0.3351372495819659,0.07084920310033647,0.06559276870165788,0.18186601638624797,0.19498193725708138,0.1515728249727104,12.455419363039038,25.17540191212173,47.61737033232902,105.51952861660246,203.59470983488654
sleeper:player:8127,sleeper:8127,Charlie Kolar,TE,00-0038046,26.557697967788524,4,established,prime,EXACT_NAME_POSITION,MAPPED_2025,PHASE2_ENTRY_SEASON,premium,0.2734375,0.18,1,1,44.8305,1.3879411764705885,D1,TE|established,0.8093216189865714,47.83692106652515,38.71545440489297,1.0670619570721975,0.8635963106566503,0.1906783810134286,0.07636251166509903,0.1197997930226189,0.27408954531728397,0.2744285455112526,0.06464122347031684,9.399508337580357,19.87171065721585,33.40682288599152,68.09581016396075,120.25085641557067,D1,TE|established,0.6309162600417192,46.27064608327132,29.19290297657157,1.032124247627649,0.6511839702116097,0.3690837399582808,0.11275703012569427,0.09448566787433788,0.20276633781499762,0.16389914464385374,0.057008079582835706,12.323983489254298,19.99229020546574,29.989468390523637,73.33758832628331,137.05916228531672
sleeper:player:8130,sleeper:8130,Trey McBride,TE,00-0037744,25.7773944707968,4,established,prime,EXACT_NAME_POSITION,MAPPED_2025,PHASE2_ENTRY_SEASON,elite,0.9765625,0.9423076923076923,1,1,174.3455,1.3717191188040911,D1,TE|established,0.9429343161767266,150.6068996792567,142.01241396055678,0.8638416229799836,0.8145459100496245,0.05706568382327337,0.006366460026032706,0.006649160519001406,0.014050980325486902,0.06635666963201901,0.8495110456741866,14.340269847762315,22.942263486397028,38.7858324285385,75.66342750568329,160.33083863499792,D1,TE|established,0.8805071140678877,134.9890318994276,118.85880290858304,0.7742616350833696,0.6817428778407418,0.11949288593211228,0.02063813821522883,0.015852540486999245,0.035357921176029525,0.10539449334485608,0.7032640208447741,11.32231981401489,19.588228363401505,35.728550322407834,73.24091630319083,155.46384906893405
sleeper:player:8131,sleeper:8131,Isaiah Likely,TE,00-0037838,25.3721842337625,4,established,prime,EXACT_NAME_POSITION,MAPPED_2025,PHASE2_ENTRY_SEASON,elite,0.6796875,0.21153846153846154,1,1,106.288,1.347122940430925,D1,TE|established,0.9322004874222447,89.65173088228919,83.57338722671788,0.8434793286381265,0.7862918412870492,0.0677995125777553,0.019614810930731457,0.02829941105978288,0.08900952639499118,0.3540617770933555,0.44121496194338367,3.8614691928847016,13.111953139246918,27.60692476728015,63.00151991850269,132.27764314507598,D1,TE|established,0.8558344462464584,84.8916973469989,72.65323878989074,0.7986950299845598,0.6835507187066342,0.14416555375354156,0.04000739197284054,0.04870807160642294,0.13929938754966248,0.2777174920701862,0.3501021030473463,6.74123282154668,14.58800433752064,27.50268264089624,67.44544403924496,140.2765057413032
sleeper:player:8132,sleeper:8132,Tyler Allgeier,RB,00-0037263,25.380397954783465,4,established,prime,EXACT_NAME_POSITION,MAPPED_2025,PHASE2_ENTRY_SEASON,premium,0.43258426966292135,0.5166666666666667,1,1,73.5005,1.123860856269113,D1,RB|established,0.8003066315410299,88.3391471763718,70.6984053099294,1.2018849827738831,0.9618765220635151,0.19969336845897012,0.05048341546384111,0.07143856006161103,0.20056614384308952,0.338099319161859,0.13971919301062924,13.508354192999686,23.159045219442806,42.29559049823533,95.4964134282885,197.47947411700594,D1,RB|established,0.6065686730951859,73.68755058149333,44.696559779850794,1.0025448885584904,0.6081123227712845,0.3934313269048141,0.08055407498345601,0.08109945647445471,0.14777846646699527,0.19680133504976285,0.10033534012051704,7.278543640668779,16.389567419070858,32.943897064726386,90.71324713323006,199.93126714701165
sleeper:player:8134,sleeper:8134,Khalil Shakir,WR,00-0037261,25.577527259286637,4,established,prime,EXACT_NAME_POSITION,MAPPED_2025,PHASE2_ENTRY_SEASON,elite,0.640495867768595,0.03333333333333333,1,1,135.7205,1.3431024245423058,D1,WR|established,0.9118628025742956,119.7617351216913,109.2062714292259,0.8824144850755141,0.8046409453931123,0.08813719742570436,0.022364430589923018,0.042670552484988945,0.13756041100814567,0.4074429111750648,0.30182449731617317,13.14063196151755,25.43323422179591,50.41772439644671,102.5799094027989,195.796561387009,D1,WR|established,0.8061929332708041,105.38115434572975,84.95754193344722,0.7764571626668761,0.6259742775295347,0.1938070667291959,0.04267203920038605,0.09274343490668627,0.13922632171592714,0.29238885211634774,0.23916228533145692,8.762857979440849,21.291109273264233,43.66287784511314,100.22184203383893,197.4652107653459
sleeper:player:8135,sleeper:8135,Treylon Burks,WR,00-0037742,25.4433698159442,4,established,prime,EXACT_NAME_POSITION,MAPPED_2025,PHASE2_ENTRY_SEASON,starter,0.2190082644628099,0.8035714285714286,1,1,46.848,1.2905785123966942,D1,WR|established,0.5382881522518367,60.45007235056472,32.53955774907532,1.2903447820731881,0.6945773085099753,0.4617118477481633,0.07241274395817553,0.09019513272244076,0.14972645248332886,0.1715444384294966,0.05440938465839494,6.256445537697009,18.900573154043293,41.59891995915636,89.7585865886914,160.9230956731816,D1,WR|established,0.4046815548169266,55.041343978847465,22.274216660573273,1.1748920760512183,0.47545715207849376,0.5953184451830734,0.08356054965508411,0.0720022323144377,0.1161778495003352,0.08753199503981506,0.04540892830725461,6.82951235768164,18.452611650417428,37.08907134433256,92.6837572697496,175.1458840661722
sleeper:player:8136,sleeper:8136,Rachaad White,RB,00-0037256,26.63709727099119,4,established,prime,EXACT_NAME_POSITION,MAPPED_2025,PHASE2_ENTRY_SEASON,elite,0.6235955056179775,0.06944444444444445,1,1,158.978,1.1591542107181918,D1,RB|established,0.9099583274623579,114.35745576519577,104.06051918094812,0.7193288113147464,0.6545592420394527,0.09004167253764206,0.030707026013642426,0.06391450976248825,0.15231656474346017,0.4078148155593953,0.25520541138337177,14.287758505785897,24.094484113965645,44.26231876603175,100.556717803697,212.892796856483,D1,RB|established,0.7673629170338014,113.46742088816004,87.07069108104058,0.7137303330533786,0.5476901903473472,0.23263708296619856,0.04417272023891416,0.07361783197044452,0.1551285761757529,0.2096675854242863,0.28477620322440356,6.688844242254109,16.289500600163276,33.691007446075965,94.96243882516713,212.23348356956586
sleeper:player:8137,sleeper:8137,George Pickens,WR,00-0037247,24.49605399152618,4,established,prime,EXACT_NAME_POSITION,MAPPED_2025,PHASE2_ENTRY_SEASON,elite,0.8884297520661157,0.7,1,1,186.463,1.2586095173810325,D1,WR|established,0.9377963236664452,168.69063467598824,158.19745703610113,0.9046869066570218,0.8484120551321235,0.062203676333554836,0.010033946263129584,0.015371411259636073,0.032753717005080674,0.1975670124895351,0.6820702366490637,16.496088634713157,27.377941567331465,51.62722259695658,101.11305004291783,199.31013641411369,D1,WR|established,0.8692100123503774,145.6014106029493,126.55820390842193,0.7808595303247792,0.6787309219975113,0.13078998764962257,0.03228483271931678,0.03866273755515956,0.08247619135193511,0.19955353965045738,0.5162327110735085,13.362296138186014,25.31180778462096,48.615661695704986,99.06838291875823,196.36318536466354
sleeper:player:8138,sleeper:8138,James Cook,RB,00-0037248,25.936193077202134,4,established,prime,EXACT_NAME_POSITION,MAPPED_2025,PHASE2_ENTRY_SEASON,elite,0.9269662921348315,0.8194444444444444,1,1,248.7555,1.0766305994373513,D1,RB|established,0.9308871363661378,176.5413219291816,164.3400456209483,0.7096981651830073,0.660648892671512,0.06911286363386215,0.00868540091005379,0.012728002972813988,0.03161022953619582,0.17923018829948328,0.6986333146475909,12.214472025968504,20.690783817325524,40.279706924547895,93.3134370106432,208.94046554646292,D1,RB|established,0.8314946420043066,144.50674750586688,120.15658628459752,0.5809188038289279,0.4830308728233044,0.16850535799569344,0.030056265158349436,0.04152101068700037,0.0644922661878509,0.22628327747334542,0.46914182249776043,8.00984805085152,17.152466797233412,35.61120812001524,90.2536568450085,205.66086201529632
sleeper:player:8142,sleeper:8142,Alec Pierce,WR,00-0037664,25.333853535664662,4,established,prime,EXACT_NAME_POSITION,MAPPED_2025,PHASE2_ENTRY_SEASON,elite,0.7396694214876033,0.3,1,1,148.6605,1.2550485436893204,D1,WR|established,0.9225652846417637,138.12597526096835,127.43022968305647,0.9291370287397684,0.857189567390507,0.07743471535823632,0.014502297238591854,0.023705704546214176,0.058887159921971556,0.30005050096511104,0.525419621969875,8.460353845682976,19.69703203908263,43.37494092443802,92.37250326993305,183.7958768430912,D1,WR|established,0.8321973584393246,121.09141198963059,100.77195318745854,0.814550011533868,0.6778663679152064,0.16780264156067537,0.032264613325994514,0.052675458823456,0.11359816243865589,0.24603119774914187,0.38762792610207636,7.186472373169,18.977654442295222,40.79738671772066,92.68043043758014,186.01250697591834
sleeper:player:8144,sleeper:8144,Chris Olave,WR,00-0037239,25.180530743273305,4,established,prime,EXACT_NAME_POSITION,MAPPED_2025,PHASE2_ENTRY_SEASON,elite,0.9214876033057852,0.7888888888888889,1,1,206.6455,1.3153755569700827,D1,WR|established,0.9233750858468203,172.99153744019083,159.73607573460964,0.8371415658225843,0.7729956652073703,0.07662491415317974,0.01130417870979521,0.015544275658294722,0.03363952992543197,0.19704850872866114,0.6658385928246372,13.612015443995727,24.901878397057327,50.3581941116467,102.17991718896255,206.3062979761566,D1,WR|established,0.8392779230560525,148.12403037400742,124.31722856698859,0.7168025936882605,0.6015965920718748,0.16072207694394747,0.03189174486483386,0.0382587837390952,0.08129754627180064,0.20277749735351647,0.48505235082680637,11.241796291868349,23.76052286997748,48.41506220270153,100.85739839326426,203.40489557094241
sleeper:player:8146,sleeper:8146,Garrett Wilson,WR,00-0037740,25.112083068098592,4,established,prime,EXACT_NAME_POSITION,MAPPED_2025,PHASE2_ENTRY_SEASON,elite,0.871900826446281,0.6555555555555556,1,1,195.468,1.3342525597269623,D1,WR|established,0.8818098008180671,161.2227707436094,142.1678193567591,0.8248039103260351,0.7273201718785639,0.11819019918193285,0.017743922292786048,0.02128936144563194,0.04400889336022118,0.22348740993210053,0.5752802137873274,10.443637094647146,22.035856683246454,47.67736193584292,100.13136625676549,203.44355413977874,D1,WR|established,0.7744627509824075,134.3802306541149,104.07248311003626,0.6874794373202514,0.5324272162708795,0.22553724901759253,0.03178835042234844,0.040791094355013685,0.0987615298991835,0.22863503533458185,0.37448674097128,8.489536579137356,21.144456828356198,45.63416056254554,99.42875888488702,202.14417125339065
sleeper:player:8148,sleeper:8148,Jameson Williams,WR,00-0037240,24.43582003737243,4,established,prime,EXACT_NAME_POSITION,MAPPED_2025,PHASE2_ENTRY_SEASON,elite,0.8140495867768595,0.5,1,1,165.318,1.235560538116592,D1,WR|established,0.9377422716208105,147.73111287292892,138.53370937453073,0.8936178327401064,0.8379832164345729,0.06225772837918953,0.013058374637704371,0.020607641888315386,0.04881115538163716,0.26577493603362845,0.5894901636795252,11.541869221180171,22.421546818783522,45.975372058124364,94.40727280193322,187.59556140043827,D1,WR|established,0.8675957815209212,128.7572318862779,111.70923122484577,0.7788458116253396,0.6757233406213827,0.1324042184790788,0.033506744207252054,0.049788692486838634,0.10394996880016341,0.23689381608453283,0.4434565599421343,10.10916834803738,21.77986666213081,43.92703879421764,94.31364867075438,188.0174698046663
sleeper:player:8150,sleeper:8150,Kyren Williams,RB,00-0037840,25.016256322853994,4,established,prime,EXACT_NAME_POSITION,MAPPED_2025,PHASE2_ENTRY_SEASON,elite,0.8707865168539326,0.6805555555555556,1,1,230.6555,1.0833983090652888,D1,RB|established,0.9399848313555019,166.96678779360883,156.94624786614528,0.7238794990520878,0.680435748838182,0.060015168644498074,0.01179228651648679,0.0159670717831223,0.04494400612696679,0.24119872112435325,0.6260827458045728,14.22324175233927,22.88011159331569,42.427431860316055,95.68609472033776,209.91949289017046,D1,RB|established,0.8581427730097535,135.54268253470784,116.31497345151487,0.5876412335049797,0.5042800776548354,0.1418572269902465,0.03423392670518268,0.04903771257340392,0.09023178725529253,0.2648420713107848,0.4197972751650896,9.883761772475587,19.043538703377102,37.14914654427181,92.6658267843676,207.59762785701454
sleeper:player:8151,sleeper:8151,Kenneth Walker,RB,00-0038134,24.865671437469626,4,established,prime,EXACT_NAME_POSITION,MAPPED_2025,PHASE2_ENTRY_SEASON,elite,0.9157303370786517,0.7916666666666666,1,1,244.508,1.097679012345679,D1,RB|established,0.9400093842482622,162.24422491898326,152.51109396393002,0.6635538506673944,0.6237468465814207,0.05999061575173781,0.014816885622563666,0.018099520769430968,0.05272451068298996,0.26557772133125673,0.5887907458420208,11.807113024521614,20.461710423176093,40.40728840018331,94.41284229575484,211.894295246219,D1,RB|established,0.8595794901040508,129.759058877194,111.53822566603992,0.5306945330099383,0.45617413608569013,0.14042050989594923,0.034829081452041465,0.059844901838592104,0.09567066944069633,0.29455089693683756,0.3746839404358833,9.594029701098211,18.90484112491899,37.6870964811515,93.35397273418275,210.76342321948832
sleeper:player:8154,sleeper:8154,Brian Robinson,RB,00-0037746,26.448181687508985,4,established,prime,EXACT_NAME_POSITION,MAPPED_2025,PHASE2_ENTRY_SEASON,premium,0.5,0.7166666666666667,1,1,90.563,1.0698523331364442,D1,RB|established,0.7748259508303558,76.33839907444728,59.14897264772577,0.8429314297720623,0.6531251465579294,0.22517404916964423,0.057381186849067525,0.07526209539984412,0.1993065437336033,0.31268802794543227,0.13018809690240857,6.751358824614358,15.88781353048084,34.24628041818381,85.34562706501048,184.76157570170344,D1,RB|established,0.551135301040776,63.56259597932246,35.031590469997106,0.7018605388439257,0.3868201193643883,0.448864698959224,0.07334708243816511,0.08947000086832785,0.12732331451576756,0.1812065885791401,0.07978831463937539,3.241850284883665,11.980865430466272,27.85747366711665,83.3711134034127,188.84446062464573
sleeper:player:8155,sleeper:8155,Breece Hall,RB,00-0038120,24.25511817491119,4,established,prime,EXACT_NAME_POSITION,MAPPED_2025,PHASE2_ENTRY_SEASON,elite,0.8370786516853933,0.5972222222222222,1,1,218.3705,1.1039964610717896,D1,RB|established,0.9425267842400806,160.56449462527524,151.33633678229438,0.735284732256762,0.6930255541947946,0.05747321575991937,0.015134860383383159,0.019589529149304653,0.05876459601680746,0.28582328728914713,0.5632145114014382,15.14499483454746,24.028197152934826,43.85503373526045,98.00766131051189,213.14511722483172,D1,RB|established,0.8695281706606843,131.0681643991074,113.96746122180967,0.6002100301968782,0.5218995295692855,0.13047182933931567,0.03715816286944683,0.055195801885923435,0.10920109086434912,0.2887970507285152,0.3791760643124497,11.550666518045182,20.85705377378124,39.09021765953092,95.80282397810093,212.1725974055216
sleeper:player:8160,sleeper:8160,Kenny Pickett,QB,00-0038102,27.239436812528663,4,established,prime,EXACT_NAME_POSITION,MAPPED_2025,PHASE2_ENTRY_SEASON,usable,0.23770491803278687,0.11538461538461539,1,1,6.738,1.1082236842105264,D1,QB|established,0.4744787059434452,14.035477318722947,6.659535115486239,2.0830331431764537,0.9883548702116709,0.5255212940565548,0.16495385823250286,0.18434733925024493,0.08885849371843114,0.027783517892093774,0.00853549685017255,0,0,24.3231795341712,88.48527169935228,238.97635087872425,D1,QB|established,0.373335626498126,18.566341015188126,6.931476554683112,2.7554676484399114,1.0287142408256325,0.626664373501874,0.14807539555927585,0.12929297013852378,0.055953102337012,0.024912217728216526,0.01510194073509786,0,0,24.686740957817474,79.0928129615418,237.04234422985985
sleeper:player:8161,sleeper:8161,Malik Willis,QB,00-0038128,26.27295563906172,4,established,prime,EXACT_NAME_POSITION,MAPPED_2025,PHASE2_ENTRY_SEASON,elite,0.6147540983606558,0.21666666666666667,1,1,266.498,1.046197935068504,D1,QB|established,0.941999474881427,182.60755316209256,172.01621918807345,0.6852117207712348,0.6454690811491022,0.05800052511857301,0.06152508882532329,0.056595875336325374,0.12177476337643683,0.2233654780762895,0.478738269267052,22.616759493725194,34.17936120126091,58.68986310544907,126.15573533100051,278.5750344615314,D1,QB|established,0.8983557808918532,165.73645293552295,148.8903005991376,0.6219050534545211,0.5586919999367259,0.1016442191081468,0.0630739733984517,0.08921454275432862,0.16523490747222053,0.22122595737821227,0.35960639988864007,28.557389220536482,35.820148014365,62.23705576185105,131.94619521427785,290.3722986801963
sleeper:player:8167,sleeper:8167,Christian Watson,WR,00-0038124,26.30854843015257,4,established,prime,EXACT_NAME_POSITION,MAPPED_2025,PHASE2_ENTRY_SEASON,elite,0.8223140495867769,0.5222222222222223,1,1,170.5155,1.2428243440233238,D1,WR|established,0.8929205909949164,147.5695666965627,131.7679047075585,0.8654319794773068,0.7727620345807772,0.10707940900508361,0.015940812116798337,0.022420060469437897,0.048833050934451415,0.25227169148971085,0.5534549759845179,11.821411563755772,22.753182476088462,46.46814132553466,95.23435118977704,189.31119359573864,D1,WR|established,0.7764552224281194,123.17002978037013,95.63601286959538,0.72233919954708,0.5608640438528777,0.22354477757188063,0.031174674677371363,0.04512234266517187,0.10176316691489383,0.2266124683205144,0.3717825698501679,7.464345447888781,19.21218789675638,41.52677964875701,92.23011079415429,186.69521210086168
sleeper:player:8172,sleeper:8172,Greg Dulcich,TE,00-0037252,25.435156094923236,4,established,prime,EXACT_NAME_POSITION,MAPPED_2025,PHASE2_ENTRY_SEASON,elite,0.6640625,0.17307692307692307,1,1,103.6855,1.3589187418086501,D1,TE|established,0.9200972466052717,96.18806482582254,88.50237360252869,0.9276906107972912,0.8535655766961503,0.0799027533947283,0.018413856345112854,0.027268861939796486,0.08391613049641457,0.3429956590767245,0.44750273874722324,8.90725331526364,18.27466045194196,32.84361719253502,68.48271557372755,137.64082040983004,D1,TE|established,0.8361591097286799,88.29718725299583,73.83049748501153,0.8515866466670443,0.7120619323339477,0.1638408902713201,0.040433102620151214,0.04257579378091252,0.13777476893958845,0.26078337191478496,0.35459207247324276,8.465119094073128,16.36501024464659,29.266112778004754,69.64668773283657,142.6897189389188
sleeper:player:8180,sleeper:8180,Jalen Nailor,WR,00-0037291,26.502939827648753,4,established,prime,EXACT_NAME_POSITION,MAPPED_2025,PHASE2_ENTRY_SEASON,premium,0.44214876033057854,0.48863636363636365,1,1,90.473,1.3131059506531204,D1,WR|established,0.7700743690434461,80.37423416569408,61.89413766249705,0.8883781256915774,0.6841172246139406,0.22992563095655394,0.05151612458431625,0.07507816563743638,0.1765133776538963,0.328116939686881,0.13884976148091616,3.5435621012668013,16.03490296877416,39.7946069812103,90.0955494734968,172.28376380552456,D1,WR|established,0.584634477827395,74.58237597826782,43.60342843518106,0.8243605935281003,0.4819496251387823,0.41536552217260503,0.0691576954443579,0.08134403979694413,0.14083434047233406,0.18419943442526082,0.10909896768849804,3.7223133302011426,15.785417095267753,35.961421103213645,92.71116690896893,182.58655527294056
sleeper:player:8183,sleeper:8183,Brock Purdy,QB,00-0037834,25.681567725552203,4,established,prime,EXACT_NAME_POSITION,MAPPED_2025,PHASE2_ENTRY_SEASON,elite,0.7295081967213115,0.45,1,1,299.533,1.058682359594246,D1,QB|established,0.9475985088844588,219.42025207318585,207.922303683603,0.7325411626538172,0.694154913427245,0.052401491115541154,0.016393247803050952,0.0379430794418388,0.04351234734230818,0.17959131665612035,0.6701585176411405,11.075896249573029,22.483326481200674,47.63604743543776,115.99616742597811,274.5365187618928,D1,QB|established,0.9210193361120951,182.72298534852646,168.29140265811992,0.6100262253191683,0.5618459490544278,0.07898066388790492,0.04783948423311542,0.07644367979102526,0.11849062162731201,0.16142768464503618,0.5168178658156062,9.479175656427518,16.90202859322096,44.74135234795743,113.77510919719501,276.45713678374267
sleeper:player:8188,sleeper:8188,Tyquan Thornton,WR,00-0038104,25.068276555986774,4,established,prime,EXACT_NAME_POSITION,MAPPED_2025,PHASE2_ENTRY_SEASON,premium,0.3181818181818182,0.14772727272727273,1,1,64.6405,1.2359560229445508,D1,WR|established,0.7668476592661781,69.10675191544816,52.994350945849895,1.06909370929136,0.8198320085062754,0.23315234073382185,0.06228075628583036,0.08941585659306808,0.2161135561852127,0.2917343302949373,0.1073031599071297,5.9609169800838115,17.971163085965685,39.95632547795418,86.80897245280416,158.95088801098424,D1,WR|established,0.5993008501732745,65.84524264197314,39.46110989520005,1.0186375823512062,0.6104703691215267,0.4006991498267255,0.0735490500824202,0.09238494852128912,0.15533927064408315,0.18962381703246295,0.0884037638930191,5.8262176626792215,17.066926367518285,35.17148739880784,89.1491028140879,170.6665302654944
sleeper:player:8205,sleeper:8205,Isiah Pacheco,RB,00-0037197,26.502939827648753,4,established,prime,EXACT_NAME_POSITION,MAPPED_2025,PHASE2_ENTRY_SEASON,premium,0.3539325842696629,0.2833333333333333,1,1,60.303,1.1167222222222222,D1,RB|established,0.7032901031942722,68.87702887409985,48.44053274458055,1.1421824598129422,0.8032856200285318,0.2967098968057278,0.06373706446659172,0.08186129991356952,0.2144380224947221,0.2602796873194052,0.08297402899998364,7.873462271121178,17.59686490794137,36.40067920882497,88.94547525529904,187.3093203842859,D1,RB|established,0.4600473611275677,59.72990797627868,27.47858654487947,0.9904964591525909,0.4556752822393491,0.5399526388724323,0.06903151833194107,0.06301830386516973,0.1343248771188447,0.1348111520496732,0.058861509761939115,2.7857091755283974,11.771750585960985,27.76067246751188,85.36029506236281,192.1116272170476
sleeper:player:8225,sleeper:8225,Daniel Bellinger,TE,00-0038115,24.942332833665304,4,established,prime,EXACT_NAME_POSITION,MAPPED_2025,PHASE2_ENTRY_SEASON,premium,0.2890625,0.22,1,1,44.5355,1.3598625954198473,D1,TE|established,0.8241438495899528,50.72639508382536,41.80584652020469,1.1390103419480047,0.938708367935797,0.1758561504100472,0.06160780249448753,0.08419237202732358,0.2340305059047244,0.33329883983320785,0.11101432933020941,4.99997644269391,15.208384186992125,28.531199482641615,62.531839289428696,114.38540015023517,D1,TE|established,0.6890974700697885,57.469741969601785,39.602253796816136,1.2904254352056626,0.8892289027139278,0.3109025299302115,0.0907458708655227,0.07786338274849648,0.18963019336706208,0.21783892662165397,0.1130190964670533,12.819279493038485,20.345175435612898,30.336660906144363,72.53658252007018,135.38220761714828
sleeper:player:8228,sleeper:8228,Jaylen Warren,RB,00-0037228,26.834226575494363,4,established,prime,EXACT_NAME_POSITION,MAPPED_2025,PHASE2_ENTRY_SEASON,elite,0.7471910112359551,0.375,1,1,189.318,1.1235489614243324,D1,RB|established,0.9071100155553726,147.68474823374967,133.96631426760797,0.7800882548608673,0.7076258690014048,0.09288998444462737,0.01621796270169184,0.022974479663766787,0.07135352427758414,0.31685357797627633,0.47971047093605357,11.256792278765815,20.488930731992593,40.40403204766236,95.272080027606,208.96512805450948,D1,RB|established,0.7658850940266875,121.08320301130263,92.73582032336401,0.6395757561948818,0.4898415381705068,0.23411490597331253,0.03588616050955574,0.048385889130003024,0.11621081685282865,0.2501290959523488,0.31527313158195125,5.207318215073461,14.60811358706691,32.471192241510494,90.84464678666087,207.2670437418367
sleeper:player:827,sleeper:827,Tyrod Taylor,QB,00-0028118,36.08013853809455,15,veteran,aging,DIRECT_ID,MAPPED_2025,PHASE2_ENTRY_SEASON,depth,0.1721311475409836,0.8076923076923077,1,1,5.6505,1.1323647294589179,D1,QB|veteran,0.21094693943196963,78.76783247491603,16.61583318627364,13.93997566143103,2.9405952015350216,0.7890530605680304,0.05384848409118922,0.05838891584150052,0.05037251640259845,0.028918602544533056,0.01941842055214844,29.049604673781868,40.504651693272685,66.8044226793176,132.07291827443794,283.34241653709137,D1,QB|veteran,0.12143749364002887,119.35782185262546,14.494514732115904,21.123408875785408,2.56517383100892,0.8785625063599711,0.017193969435370406,0.03534007953037028,0.022986251007500045,0.01731271216778342,0.028604481499004693,35.253601680535624,42.40318272600587,76.33499709136203,132.01430748931395,291.9001493299618
sleeper:player:8408,sleeper:8408,Jordan Mason,RB,00-0037525,26.27569354606871,4,established,prime,EXACT_NAME_POSITION,MAPPED_2025,PHASE2_ENTRY_SEASON,elite,0.6910112359550562,0.2361111111111111,1,1,161.5255,1.0577963326784545,D1,RB|established,0.9160365439837826,125.97350644423206,115.3963354766931,0.7798985698495412,0.7144155905828684,0.08396345601621735,0.022741610806567978,0.03258142042242931,0.10498161655076343,0.3775558428937218,0.37817605331030013,14.070054537668886,22.87579566767608,41.47012428938482,92.98751005173848,197.97513559685692,D1,RB|established,0.7879574919337482,105.31668273329022,82.98506918530565,0.6520127331801494,0.5137583179454986,0.2120425080662518,0.04155212958741662,0.060050225336202474,0.15144202358727998,0.2675132355915166,0.26739987783133257,8.30676757379937,17.11617919151746,33.52110667282113,88.87774345528679,197.30599116932515
sleeper:player:8676,sleeper:8676,Rashid Shaheed,WR,00-0037545,27.00397680992765,4,established,aging,EXACT_NAME_POSITION,MAPPED_2025,PHASE2_ENTRY_SEASON,premium,0.5578512396694215,0.8068181818181818,1,1,117.7405,1.278398479913138,D1,WR|established,0.7598491438237102,78.7519909275334,59.83963288069884,0.6688606802887145,0.508233215254724,0.24015085617628984,0.050810529819518856,0.08384824146632552,0.17911430420715224,0.29992152769278346,0.1461545406379301,2.857783691284373,14.80054850333129,38.28399188712281,87.8147714642625,172.82170175183768,D1,WR|established,0.5725445939844581,73.50303822553542,42.08376717746329,0.624279990534569,0.3574281337132362,0.4274554060155419,0.06255968548247844,0.09792281552194489,0.12743307027795736,0.17891945662210318,0.10570956607997428,4.218138145444737,16.076721008223476,36.46278785363392,91.46371565213789,181.9551569204569
sleeper:player:8698,sleeper:8698,Jake Tonges,TE,00-0037112,26.152487730754224,4,established,prime,EXACT_NAME_POSITION,MAPPED_2025,PHASE2_ENTRY_SEASON,premium,0.2265625,0.06,1,1,41.1305,1.3779061976549412,D1,TE|established,0.7468864994590929,58.04722759429555,43.35469062120866,1.4112939933697755,1.0540764304155958,0.2531135005409071,0.04089475442896396,0.03575451543587569,0.22667459502547652,0.32918391072465614,0.11437872384412064,8.237172287664638,18.761746192167408,32.027909310408596,66.32830953750623,115.8684954361255,D1,TE|established,0.5756515794051168,59.868049833104614,34.46313744233091,1.4555633856409385,0.8378973618684653,0.4243484205948832,0.08851655574009623,0.05417691653785864,0.13661202006112977,0.20782712748879617,0.08851895957723598,14.415872182004387,21.984701356343272,31.44218453961624,74.9602125381007,136.94111208894594
sleeper:player:8800,sleeper:8800,Malik Davis,RB,00-0037563,27.765114957870455,4,established,aging,EXACT_NAME_POSITION,MAPPED_2025,PHASE2_ENTRY_SEASON,premium,0.33707865168539325,0.23333333333333334,1,0,57.2555,1.0916205910390848,D1,RB|established,0.6456550429561767,50.310785937047875,32.483412655343656,0.8787066035061762,0.5673413498326563,0.3543449570438233,0.08325897046159961,0.12386049458545506,0.226089695426736,0.16654727727606905,0.04589860520631701,5.871529127085614,15.412130362043927,33.744926581240485,85.06701864794503,180.58371368614326,D1,RB|established,0.37477713795406487,43.46233940250181,16.288691170057813,0.7590945743640665,0.28449129201662393,0.6252228620459351,0.057580584557625526,0.08123127751590446,0.1147706259952509,0.08958161983059877,0.03161303005468531,0,7.895649548883788,23.395193942054167,79.82947107533873,183.81607448490172
sleeper:player:8917,sleeper:8917,KaVontae Turpin,WR,00-0037801,29.082048228231926,4,established,aging,EXACT_NAME_POSITION,MAPPED_2025,PHASE2_ENTRY_SEASON,premium,0.30165289256198347,0.10227272727272728,1,1,58.508,1.207595459236326,D1,WR|established,0.6809002323324568,38.40154278593567,26.147619404868372,0.656346871982219,0.44690673762337413,0.3190997676675432,0.08355533743423135,0.15518929425696595,0.24813285340739455,0.15452643964321194,0.03949630759065296,0,8.46108309941398,29.907444585677883,75.52951261899392,145.3863412591951,D1,WR|established,0.4254413482568765,35.73172739023449,15.201754276448526,0.6107152421931102,0.2598235160396617,0.5745586517431235,0.06628341931940704,0.11809593087065583,0.11857751431501316,0.09667013054750442,0.025814353204296172,0,6.853376410703366,24.54950015495493,77.04060911921586,156.26399509725994
sleeper:player:9221,sleeper:9221,Jahmyr Gibbs,RB,00-0039139,23.452911421863558,3,developmental,prime,EXACT_NAME_POSITION,MAPPED_2025,PHASE2_ENTRY_SEASON,elite,0.9943820224719101,0.9861111111111112,1,1,328.023,1.122213479302087,D1,RB|developmental,0.9562612782128315,202.68775751043725,193.82245407502316,0.6179071513596218,0.5908806823760014,0.04373872178716853,0.005656542703552713,0.016249337432543212,0.026484032776541704,0.11549967146226296,0.7923716938379309,19.060068253463676,27.828678744372315,48.402742600774395,104.11485788322115,227.1097164271462,D1,RB|developmental,0.90609149153729,186.22247495845016,168.73460009286774,0.5677116389961988,0.5143986857411453,0.09390850846271004,0.01664473998714267,0.03514677223200678,0.024602132070634695,0.15527837804759342,0.6744194691999124,15.276133328018693,24.8724355144201,44.295845348555616,101.6414372692191,223.5013431915272
sleeper:player:9224,sleeper:9224,Chase Brown,RB,00-0038597,25.44884562995818,3,developmental,prime,EXACT_NAME_POSITION,MAPPED_2025,PHASE2_ENTRY_SEASON,elite,0.9382022471910112,0.8472222222222222,1,1,262.053,1.1332021621621622,D1,RB|developmental,0.9289345074316033,178.23272344474347,165.56652716133598,0.6801399848303339,0.6318055017929044,0.07106549256839667,0.00936274127490091,0.01734802450414179,0.03938637015318141,0.19834871665019974,0.6644886548491795,10.147963480743574,19.03258131307635,39.69085802203278,95.49989644942262,217.66477867693249,D1,RB|developmental,0.8311624740370279,155.54332359750669,129.2817736612457,0.5935567369864367,0.49334208599499224,0.16883752596297208,0.018273766177073318,0.0401687019427574,0.05393752501773222,0.23130223991535248,0.4874802409841125,7.005696006609317,16.63526489134859,36.20771685820111,93.49056939154609,215.20462707671558
sleeper:player:9225,sleeper:9225,Tank Bigsby,RB,00-0038555,23.006632579724428,3,developmental,prime,EXACT_NAME_POSITION,MAPPED_2025,PHASE2_ENTRY_SEASON,premium,0.37640449438202245,0.35,1,1,63.4755,1.0605764411027567,D1,RB|developmental,0.8689049988170565,58.989531553155864,51.256298844413614,0.9293275602894955,0.8074973626740021,0.13109500118294348,0.09066166122524037,0.16916331600536932,0.28972973053794926,0.25775557041228797,0.06159472063620962,13.092918693192338,22.321070508514385,40.220752593506305,90.30763283368556,184.47885532143707,D1,RB|developmental,0.7351221827995922,56.58511964771678,41.59697666940565,0.891448190998366,0.6553233400194667,0.2648778172004078,0.09096080491268008,0.13825659506338667,0.2392624563325699,0.20330222562117442,0.06334010086978113,9.913864319900442,18.471717808966407,33.65076941407097,88.6442706567568,190.5336959609224
sleeper:player:9226,sleeper:9226,De'Von Achane,RB,00-0039040,23.88550072896774,3,developmental,prime,EXACT_NAME_POSITION,MAPPED_2025,PHASE2_ENTRY_SEASON,elite,0.848314606741573,0.625,1,1,233.843,1.1562076637824474,D1,RB|developmental,0.94637040358466,182.33453632798768,172.55600873213953,0.7797305727688564,0.7379139368385607,0.05362959641534004,0.00964871468931982,0.016934101422841897,0.04232767151769844,0.22716886193471833,0.6502910540200815,17.15448469561862,26.43467819464404,47.23218292230048,103.98215518011479,225.01017874980244,D1,RB|developmental,0.8798636017102428,159.90214454125572,140.6920768172611,0.683801287792475,0.6016518639311893,0.1201363982897572,0.020874444812595976,0.03822343720312136,0.07300461780321942,0.24758380958966056,0.5001772923016455,12.638629492587683,22.394475118119257,41.572420102070076,100.90016844499678,223.03297973431938
sleeper:player:9228,sleeper:9228,Bryce Young,QB,00-0039150,24.10453328952682,3,developmental,young,EXACT_NAME_POSITION,MAPPED_2025,PHASE2_ENTRY_SEASON,elite,0.5983606557377049,0.18333333333333332,1,1,264.778,1.049540193435865,D1,QB|developmental,0.9455957656621465,195.73109135132225,185.08249119024111,0.739227168991843,0.6990100808611028,0.05440423433785346,0.009641086749204268,0.037284786680116276,0.07145994789083289,0.20893164053907737,0.6182783038029157,2.1037322341382914,13.748127294994752,38.285617233797375,105.96525624862765,258.25623980178176,D1,QB|developmental,0.9227332830541378,187.632935062247,173.135154179071,0.7086424667542128,0.6538879898596975,0.07726671694586218,0.015221969173976939,0.08007494769596818,0.07107186396091279,0.21532730009630396,0.5410372021269759,6.342931644784062,13.619094353387505,39.94902125170422,110.13254426387923,268.7324616803604
sleeper:player:9230,sleeper:9230,Tanner McKee,QB,00-0038400,25.347543070699604,3,developmental,prime,EXACT_NAME_POSITION,MAPPED_2025,PHASE2_ENTRY_SEASON,depth,0.07377049180327869,0.34615384615384615,1,1,3.373,1.0410493827160494,D1,QB|developmental,0.37691680418051343,29.600974540252945,11.157104724340885,8.77585963244973,3.307768966599728,0.6230831958194866,0.14830598464316455,0.1208729527199685,0.07364647548145088,0.02261071530916093,0.011480676026768574,6.800943659649736,17.420006653853356,41.38934172700262,100.80078640449818,236.52957425040057,D1,QB|developmental,0.34480320433392586,47.687671239054374,16.442861850448747,14.138058475853652,4.874847865534759,0.6551967956660741,0.09610642959981788,0.10351714258599683,0.08284768592095977,0.03456283055623003,0.027769115670921454,9.156375377980948,15.63884188580798,46.59668452404925,97.23169418697677,242.10194893516572
sleeper:player:9479,sleeper:9479,Darnell Washington,TE,00-0038558,24.041561428366084,3,developmental,prime,EXACT_NAME_POSITION,MAPPED_2025,PHASE2_ENTRY_SEASON,premium,0.4765625,0.7,1,1,69.973,1.3747151277013752,D1,TE|developmental,0.8387324697278502,70.18598134118442,58.86726147056442,1.003043764611842,0.8412853739380107,0.1612675302721498,0.046204113840170445,0.07028141811840474,0.18990896059550727,0.331550522965623,0.20078745420814478,11.66262874121897,21.573869917608363,35.67016247952115,70.92561976935089,132.09315377830106,D1,TE|developmental,0.7294306617609522,75.28399073491424,54.914451181773885,1.075900572148032,0.7847948663309261,0.27056933823904783,0.04645953485508702,0.06613150264834859,0.16551937341393783,0.26219424155244675,0.189126009291132,14.491371984747603,22.29364489739121,33.812117538039494,75.71801463505926,144.4406759174771
sleeper:player:9480,sleeper:9480,Brenton Strange,TE,00-0038935,24.679493760994408,3,developmental,prime,EXACT_NAME_POSITION,MAPPED_2025,PHASE2_ENTRY_SEASON,elite,0.7265625,0.3269230769230769,1,1,113.323,1.3426895734597155,D1,TE|developmental,0.9337577582421799,103.17557507668245,96.34099368895073,0.9104557334052439,0.8501451046032203,0.06624224175782012,0.014155215653098034,0.02381129729475838,0.06801154672149845,0.30058877801434025,0.5271909205584848,8.608772848770027,17.696089634963084,32.31430429281218,67.70092838694498,138.9437484497374,D1,TE|developmental,0.8668173542806574,98.71494545728264,85.56782784924114,0.8710936478674465,0.7550790911751466,0.13318264571934257,0.02128925623134551,0.035158515765094885,0.09865834413525357,0.2576573727308452,0.4540538654181182,7.652495821541322,15.514929269089793,28.877109034448672,68.1268528799075,141.95909613944167
sleeper:player:9481,sleeper:9481,Luke Musgrave,TE,00-0039144,24.997090973805076,3,developmental,prime,EXACT_NAME_POSITION,MAPPED_2025,PHASE2_ENTRY_SEASON,starter,0.0546875,0.13636363636363635,1,1,21.0855,1.41989898989899,D1,TE|developmental,0.6306650624707114,43.72391879710165,27.575147979638427,2.0736486588936307,1.3077777610034587,0.3693349375292886,0.0903793339003925,0.13178387275280876,0.2352563371716751,0.1484037487974474,0.024841769848387676,14.774886954410155,25.776558678606488,38.975749721533944,72.73456997695567,115.91339333525171,D1,TE|developmental,0.5001521547968678,48.637814291511845,24.32630762250954,2.3066948515098926,1.1536984004415138,0.4998478452031322,0.07230849132727436,0.09621059392916798,0.1664587211704299,0.12149498105538797,0.0436793673146076,16.613141290702416,24.18729193237638,33.59715694856122,76.51558132752956,135.28501432285586
sleeper:player:9482,sleeper:9482,Michael Mayer,TE,00-0039066,24.156553522659603,3,developmental,prime,EXACT_NAME_POSITION,MAPPED_2025,PHASE2_ENTRY_SEASON,premium,0.5,0.76,1,1,78.533,1.4036282394995532,D1,TE|developmental,0.8362289133934302,69.43662221679239,58.064911146058414,0.8841712683431473,0.739369578980281,0.1637710866065698,0.04447013951091863,0.06597176666738153,0.1808857798882956,0.3279502602137263,0.2169509671131081,7.25038665291688,17.350718894984524,31.806097000217655,68.022544707309,131.5345413902546,D1,TE|developmental,0.726694692938731,77.2709533568192,56.152391722716736,0.9839297283539302,0.7150165118194483,0.273305307061269,0.04442176723459151,0.06347824527312512,0.16071181082458372,0.2613547821674861,0.19672808743894457,13.386331415248955,21.383387428974668,33.18190818010158,76.24840569644803,147.10536597782888
sleeper:player:9484,sleeper:9484,Tucker Kraft,TE,00-0038996,24.827340739371788,3,developmental,prime,EXACT_NAME_POSITION,MAPPED_2025,PHASE2_ENTRY_SEASON,elite,0.8671875,0.6730769230769231,1,1,133.9855,1.3039951338199514,D1,TE|developmental,0.9251564459573487,114.20352110557552,105.65612370184931,0.8523573155720248,0.7885638647603607,0.0748435540426513,0.01140853227839933,0.017376418472255035,0.04219664865053591,0.18700895846364834,0.6671658880925101,5.111217383277792,13.545996977110459,28.24310879504764,62.91321739529922,138.50428079908602,D1,TE|developmental,0.8572620223955574,104.22824963455476,89.35092007246742,0.7779069349635203,0.6668700723023567,0.14273797760444262,0.017162717902880573,0.026556167184391525,0.08054812050381344,0.20820975136804876,0.5247852654364231,5.679537186768165,13.435544251916436,27.857563885023513,64.29472504860627,139.61135899693045
sleeper:player:9486,sleeper:9486,Dontayvion Wicks,WR,00-0038393,24.21131166279937,3,developmental,prime,EXACT_NAME_POSITION,MAPPED_2025,PHASE2_ENTRY_SEASON,premium,0.371900826446281,0.29545454545454547,1,1,74.1655,1.3161579414374445,D1,WR|developmental,0.7722052689538107,71.73955394307693,55.397661547240126,0.9672901004250889,0.7469465121551143,0.2277947310461893,0.059803583624387924,0.10100939238590659,0.2075077162602788,0.2983410402649888,0.10554353641824858,4.398253139892723,17.036350783096964,40.64146238808488,90.64848018344004,169.94143358659633,D1,WR|developmental,0.6131633497589225,78.62935649354887,48.21263961697291,1.0601877759005045,0.6500682880446153,0.3868366502410775,0.04661113095175663,0.0868418830315022,0.15513519765203046,0.2162018649109473,0.10837327321268592,6.337254928893712,18.353550519891265,38.19387133150458,95.015756471709,183.21490159259204
sleeper:player:9487,sleeper:9487,Parker Washington,WR,00-0038606,23.450173514856566,3,developmental,prime,EXACT_NAME_POSITION,MAPPED_2025,PHASE2_ENTRY_SEASON,elite,0.7148760330578512,0.23333333333333334,1,1,143.8155,1.2800667556742322,D1,WR|developmental,0.9363356961053629,139.21749882359185,130.3543136710354,0.9680284727556616,0.9063996138874838,0.06366430389463706,0.014315377935231686,0.028709152407416512,0.06935444738175099,0.3274871036079841,0.49646961477297963,12.156904045990798,23.671327713278604,47.742077048160006,97.6187625931289,189.78137885280492,D1,WR|developmental,0.8683852476839983,132.18187250121397,114.78478809130138,0.9191072763451366,0.7981391998171365,0.13161475231600173,0.02029725867203103,0.049066261490110855,0.10394345924978493,0.2681311124542639,0.42694715581780757,11.205412103336592,23.208349871567535,45.2734638401147,98.32304262749155,192.87926764300354
sleeper:player:9488,sleeper:9488,Jaxon Smith-Njigba,WR,00-0038543,23.546000260101167,3,developmental,prime,EXACT_NAME_POSITION,MAPPED_2025,PHASE2_ENTRY_SEASON,elite,0.9710743801652892,0.9222222222222223,1,1,243.758,1.266933471933472,D1,WR|developmental,0.9453191410163583,194.69682720060558,184.0506374478868,0.7987299994281442,0.7550547569634095,0.05468085898364172,0.006519343794604816,0.010329199757913477,0.016224201688998626,0.08638677940240877,0.8258596163724325,21.772886828091213,32.61384410233112,57.2501737363332,107.595117931195,209.90030276713097,D1,WR|developmental,0.8907644864321179,179.46424822478306,159.860378902875,0.7362394187053678,0.655815927694168,0.10923551356788208,0.01476436854320726,0.017185580708770774,0.02990459948509265,0.12465722187849056,0.7042527158165567,17.926659244832557,30.043642470918687,53.84557858733237,104.93391306130768,205.0235403698715
sleeper:player:9493,sleeper:9493,Puka Nacua,WR,00-0039075,24.260593988925166,3,developmental,prime,EXACT_NAME_POSITION,MAPPED_2025,PHASE2_ENTRY_SEASON,elite,0.9958677685950413,0.9888888888888889,1,1,276.308,1.269797794117647,D1,WR|developmental,0.9376431997432308,200.5419760351402,188.0368200924192,0.7257914212948602,0.6805333906091,0.06235680025676916,0.006063370345984309,0.008469334784669628,0.01211823922830219,0.058023644653436714,0.8529686107308381,21.933353940037914,32.798713100416045,57.54080913424002,108.2695906617101,211.78570341786607,D1,WR|developmental,0.8748937800879513,186.08523334416483,162.80481321902485,0.6734703061227502,0.5892149819007225,0.12510621991204873,0.012523307054194965,0.012227662739304779,0.01981588766740576,0.10131082296788274,0.729016099659163,17.744031094678203,29.92108973315526,53.73257740872667,105.41462233133366,206.40467814949542
sleeper:player:9500,sleeper:9500,Josh Downs,WR,00-0038997,24.05525096340103,3,developmental,prime,EXACT_NAME_POSITION,MAPPED_2025,PHASE2_ENTRY_SEASON,elite,0.6487603305785123,0.05555555555555555,1,1,135.7755,1.3330927835051547,D1,WR|developmental,0.923810271066161,116.98757675385596,108.07432499235298,0.8616250851873568,0.7959781035043362,0.07618972893383902,0.021731936194367925,0.04844650930104978,0.14220374606584538,0.4087226689943067,0.3027054105105912,11.833665410819462,24.008290268593424,48.83817890082434,100.62041901696648,193.53212209657192,D1,WR|developmental,0.8385807084640053,114.32463769675344,95.87043567463422,0.842012275386601,0.7060952504290849,0.16141929153599466,0.026314994160751927,0.07990027315278508,0.1289520040556127,0.32008818401430894,0.2833252530805467,9.813487658653274,22.25506883949933,44.559557053794144,100.56283595888262,197.29617248651613
sleeper:player:9501,sleeper:9501,DeMario Douglas,WR,00-0038621,24.731513994127187,3,developmental,prime,EXACT_NAME_POSITION,MAPPED_2025,PHASE2_ENTRY_SEASON,premium,0.371900826446281,0.29545454545454547,1,1,72.1805,1.2809316770186334,D1,WR|developmental,0.7890084765571952,71.61720204908744,56.50657948403932,0.9921959815890364,0.7828510398797366,0.2109915234428048,0.05563098839155115,0.09954687635918476,0.21043757020475629,0.3143549147206031,0.10903812688109986,4.948549393910154,17.24839510297034,40.22172850197434,88.89033517189003,166.06105502298686,D1,WR|developmental,0.6263705018870728,77.23686209943556,48.37889207740608,1.0700516358218017,0.6702487801747852,0.3736294981129272,0.046772641818135854,0.0895526457078676,0.15478256112091252,0.21986319625021528,0.1153994569899415,5.894494327634554,17.58918018434689,36.898485405004145,92.19956313471035,178.03810523849035
sleeper:player:9502,sleeper:9502,Tank Dell,WR,00-0038977,25.84310423896452,3,developmental,prime,EXACT_NAME_POSITION,MAPPED_NO_2025_ROW,PHASE2_ENTRY_SEASON,starter,0.06611570247933884,0.14285714285714285,0,0,30.4105,1.3279694323144104,D1,WR|developmental,0.36258354022859063,52.650852461105956,19.090332481401,1.7313379412080023,0.627754640055277,0.6374164597714094,0.08114859293924258,0.10173077598065568,0.04321749479332486,0.08172090078288578,0.054765775732481724,2.670078575717811,15.927613013483878,38.82894348017978,87.44445799698629,153.91366741644973,D1,WR|developmental,0.2251698181628754,54.68630122601869,12.313704503062858,1.798270374575186,0.4049162132507804,0.7748301818371246,0.03627266866275406,0.04919265258251124,0.055537431809230244,0.055428230919395735,0.02873883418898412,1.799981428132468,13.593406371059869,31.979621923435914,88.92271725062608,169.62496273977592
sleeper:player:9504,sleeper:9504,Kayshon Boutte,WR,00-0038608,23.321491885528108,3,developmental,prime,EXACT_NAME_POSITION,MAPPED_2025,PHASE2_ENTRY_SEASON,premium,0.4090909090909091,0.3977272727272727,1,1,80.683,1.283739061256961,D1,WR|developmental,0.8257327822760543,84.85184559684686,70.06495054594252,1.0516694420986683,0.8683979344588392,0.1742672177239457,0.048777855090543776,0.0878069283070517,0.18638585106804326,0.3504019867397583,0.15236016107065725,9.609091438020995,21.87709921966986,45.0080594748794,94.00196647305938,172.93193528135996,D1,WR|developmental,0.701109353138487,88.9385654700026,62.355660105738494,1.102321002813512,0.7728475652335497,0.298890646861513,0.05000649339242233,0.08568628957377877,0.15791181664292933,0.2508012460613702,0.15670350746798636,10.56957385747149,22.328897816763853,41.86936960737843,97.34534519924054,184.34705612154897
sleeper:player:9506,sleeper:9506,Sean Tucker,RB,00-0038951,23.852645844883877,3,developmental,prime,EXACT_NAME_POSITION,MAPPED_2025,PHASE2_ENTRY_SEASON,premium,0.42134831460674155,0.48333333333333334,1,1,68.9505,1.0690000000000002,D1,RB|developmental,0.8441181756555138,77.65789871353189,65.55244378730723,1.1262847798570261,0.950717453641485,0.15588182434448616,0.057027855347832404,0.0985756193162292,0.23542560184526223,0.33219356167886854,0.12089553746732143,13.267359386413075,22.473761563397638,40.6427502385032,91.23069326541253,187.81402010984414,D1,RB|developmental,0.692929178923802,76.01031050517027,52.669762048090874,1.1023895476489691,0.7638778841065818,0.307070821076198,0.06074505170893285,0.09795500456618668,0.1701675896640764,0.24543186872273368,0.1186296642618724,9.367509855787041,18.02613103811903,33.67240655346079,88.74585206432955,192.39681741029935
sleeper:player:9508,sleeper:9508,Tyjae Spears,RB,00-0039032,24.21404956980636,3,developmental,prime,EXACT_NAME_POSITION,MAPPED_2025,PHASE2_ENTRY_SEASON,premium,0.5112359550561798,0.75,1,1,108.023,1.2056138392857143,D1,RB|developmental,0.8066568300324463,100.55292399418802,81.11170291964521,0.9308473565276656,0.7508743778606891,0.19334316996755374,0.05003027952961409,0.07580229692296822,0.1844913216637769,0.33087384568820877,0.16545908622787825,14.846967962890998,25.143257609698715,45.85264837992161,103.55414270797954,216.00636122212947,D1,RB|developmental,0.6429543604934685,93.79486783176498,60.30581926434186,0.8682860856647656,0.5582683249339665,0.35704563950653145,0.050217749525547785,0.08496193429581322,0.1318851207400658,0.2518100842224358,0.12407947170960594,10.899576745667623,20.761700220491978,38.63183136719515,101.40136784193133,220.54947318455356
sleeper:player:9509,sleeper:9509,Bijan Robinson,RB,00-0038542,23.587068865205993,3,developmental,prime,EXACT_NAME_POSITION,MAPPED_2025,PHASE2_ENTRY_SEASON,elite,0.9831460674157303,0.9583333333333334,1,1,329.2355,1.137648583275743,D1,RB|developmental,0.9533976524434852,202.90074721980778,193.44509607839376,0.6162784609187277,0.5875584378913992,0.04660234755651482,0.005978033463953751,0.01567180647679467,0.027131481220109745,0.1238810704998777,0.7807352607827494,18.374139926041316,27.294407425583454,48.11454147684623,104.58422492742703,228.81773968420762,D1,RB|developmental,0.8996606651354514,185.03149979571842,166.46556217722616,0.5620034892826515,0.5056124329764747,0.1003393348645486,0.016832135284241972,0.034827655186370585,0.028436683391221886,0.16632431601716705,0.6532398752564499,14.419853435536364,24.140456422097163,43.713617538564264,102.00891705729579,225.29619160847602
sleeper:player:9511,sleeper:9511,Keaton Mitchell,RB,00-0038454,23.62266165629684,3,developmental,prime,EXACT_NAME_POSITION,MAPPED_2025,PHASE2_ENTRY_SEASON,premium,0.3202247191011236,0.18333333333333332,1,1,59.5655,1.156611650485437,D1,RB|developmental,0.814176901495941,67.02713202877018,54.57194267134345,1.125267680599847,0.9161669535443075,0.18582309850405898,0.08230473682554475,0.12730050450211963,0.2700107305438986,0.26075528913547863,0.07380564048889938,12.068663315546754,22.222536283214893,41.59163372563786,95.9491592538152,196.4654214337973,D1,RB|developmental,0.6486799587805,68.81444514235554,44.638551438446164,1.1552735248147927,0.7494027824570627,0.3513200412195,0.06748537987099262,0.09815179037164533,0.2011997204333236,0.19822184789108488,0.08362122021345354,8.166205525111568,17.447699418947916,33.700138173771165,93.71578537774396,203.5123912798099
sleeper:player:96,sleeper:96,Aaron Rodgers,QB,00-0023459,41.75034394956775,21,veteran,aging,DIRECT_ID,MAPPED_2025,PHASE2_ENTRY_SEASON,elite,0.5655737704918032,0.11666666666666667,1,1,243.698,1.041889696451475,D1,QB|veteran,0.6606839987325569,95.57609865907136,63.14559904533263,0.3921907387794375,0.2591141455626744,0.3393160012674431,0.02068562188549364,0.07038499929892186,0.15594973709118595,0.22625591300277478,0.18740772745418066,0,0,12.791757644863448,79.86079788338029,229.88246349650015,D1,QB|veteran,0.35170771897597897,91.9073908755588,32.324538801876486,0.37713641833564004,0.1326417894355985,0.648292281024021,0.025539100489939723,0.050642759335751276,0.06518182387506585,0.12150528914835317,0.08883874612686894,0,0,13.510716790321071,83.28208698537149,240.03796214249422
sleeper:player:9753,sleeper:9753,Zach Charbonnet,RB,00-0039165,24.646638876910544,3,developmental,prime,EXACT_NAME_POSITION,MAPPED_2025,PHASE2_ENTRY_SEASON,premium,0.5337078651685393,0.8166666666666667,1,1,104.208,1.0911832460732984,D1,RB|developmental,0.8212865148770806,106.51708010849363,87.48104149718753,1.022158376597705,0.8394848907683435,0.1787134851229194,0.030493649539813136,0.05273344986418364,0.1362658617056405,0.3553216280822527,0.24647192568519063,11.542909754650994,20.830566239647588,39.63005084433332,91.96332033612072,194.56093656624626,D1,RB|developmental,0.6593035908190495,96.23569514870292,63.44853937650722,0.923496230123435,0.608864380628236,0.34069640918095045,0.044646982263988666,0.06980932942294803,0.10662392133572647,0.2643408615145613,0.17388249628182506,8.101228113707533,17.04711492899097,33.32318636153747,90.14920022090757,198.48823781755775
sleeper:player:9754,sleeper:9754,Quentin Johnston,WR,00-0038544,23.986803288226316,3,developmental,prime,EXACT_NAME_POSITION,MAPPED_2025,PHASE2_ENTRY_SEASON,elite,0.6900826446280992,0.16666666666666666,1,1,136.863,1.2544729605866178,D1,WR|developmental,0.9222015030094473,128.85898604850402,118.83395061020381,0.941518058558588,0.8682693687132667,0.07779849699055275,0.01533655840679999,0.031009141661269172,0.07643354819583124,0.33578601996315877,0.4636362347823881,8.174869626765119,19.529252922196,43.03179691270174,91.87256311624229,181.09972719844464,D1,WR|developmental,0.8408046996662089,123.46276742848983,103.80807508767039,0.902090173593227,0.7584816574798915,0.15919530033379115,0.02066003439743549,0.050606160903453316,0.10510226463027997,0.2736335342962941,0.39080270543874596,8.325084780195834,20.06835975852123,41.43010924305435,93.74910575009841,185.80526042259405
sleeper:player:9756,sleeper:9756,Jordan Addison,WR,00-0038994,23.595282586226958,3,developmental,prime,EXACT_NAME_POSITION,MAPPED_2025,PHASE2_ENTRY_SEASON,premium,0.6157024793388429,0.9659090909090909,1,1,121.863,1.270067743616467,D1,WR|developmental,0.8173203096781303,104.32326754865952,85.26552533950485,0.8560700749912568,0.6996834587980342,0.1826796903218697,0.02995885346742706,0.07112038825453018,0.12832581704784735,0.354311932967752,0.23360331794057376,12.138335516239119,23.816702192236217,47.36359067436219,96.59533009018696,183.66679208287658,D1,WR|developmental,0.6957428406993637,92.62559730159688,64.44359618808832,0.7600797395566897,0.5288200371572038,0.30425715930063635,0.047319210096274274,0.07053636835384455,0.19145675389276365,0.22216269860395552,0.1642678097525257,12.847005110327851,24.671048951747647,45.634387421187824,99.25907805234294,190.58392257252765
sleeper:player:9757,sleeper:9757,Kendre Miller,RB,00-0038551,23.22566514028351,3,developmental,prime,EXACT_NAME_POSITION,MAPPED_2025,PHASE2_ENTRY_SEASON,premium,0.3089887640449438,0.15,1,1,55.133,1.0799804113614104,D1,RB|developmental,0.7612797799173368,67.13435193842713,51.10802466857884,1.21768000904045,0.9269951692920545,0.23872022008266325,0.08708715376274172,0.11409618084514203,0.2379384309548433,0.24062865066383285,0.08152936369077687,13.948833453910954,23.460298262056302,41.51060061826843,92.26120021275483,185.68616325858093,D1,RB|developmental,0.5924968920320665,66.03744929051327,39.1269834623543,1.1977844356467682,0.7096835554450929,0.40750310796793354,0.0636082523519617,0.08147437789293596,0.19345672504875375,0.17671110718243632,0.07724642955597875,9.510063023620052,18.169467941919294,33.22990615331995,89.43185447078007,191.71847970928374
sleeper:player:9758,sleeper:9758,C.J. Stroud,QB,00-0039163,23.912879799037626,3,developmental,young,EXACT_NAME_POSITION,MAPPED_2025,PHASE2_ENTRY_SEASON,elite,0.6311475409836066,0.25,1,1,273.508,1.045999694049258,D1,QB|developmental,0.9423299476460348,203.88536762926898,192.1272878038816,0.7454457186965975,0.7024558250723255,0.05767005235396516,0.010470394525162232,0.035372837859988765,0.06348171476980652,0.1891102965868997,0.6438947039041776,4.9368080817837825,16.46279216492843,41.014296554447725,108.50259209431407,261.48785745549037,D1,QB|developmental,0.9203300427346223,194.40570152137997,178.91740758902586,0.710786161726092,0.6541578585965524,0.07966995726537773,0.014509522939550459,0.0731439701798892,0.06692198084836133,0.20284817883789263,0.5629063899289286,8.269494136957627,15.54249147199191,42.08032520584012,111.64311433943422,270.3786690350982
sleeper:player:9997,sleeper:9997,Zay Flowers,WR,00-0039064,24.972449810742177,3,developmental,prime,EXACT_NAME_POSITION,MAPPED_2025,PHASE2_ENTRY_SEASON,elite,0.9132231404958677,0.7666666666666667,1,1,197.4455,1.26042451324609,D1,WR|developmental,0.9280746724523167,162.41466655160787,150.7329384613357,0.8225797323899905,0.7634154157037546,0.07192532754768333,0.010509729761736548,0.01874040900188198,0.03687783714537469,0.20952805422830412,0.6524186423150193,12.098067484565744,22.944951915143932,47.30593144548833,96.96659950379517,196.36782518721049,D1,WR|developmental,0.8469673290828958,147.40542774519133,124.84758142966649,0.746562609657811,0.6323141394950327,0.15303267091710415,0.019477124040149372,0.03558803450032895,0.06935535880674479,0.20038611609906504,0.5221606956366077,10.234591566609057,22.224676264751878,45.73890315376974,96.16008070542256,194.22359090992396
