player_id,current_player_id,player_name,position,historical_gsis_id,age,experience,career_stage,age_band,mapping_status,history_status,experience_source,source_state,source_percentile,state_percentile,prior1_coverage,prior2_coverage,standard_y1_points,player_specific_scoring_multiplier,y2_candidate,y2_route_cell,y2_active_probability,y2_standard_conditional_active_points,y2_standard_expected_points,y2_standard_conditional_to_y1_ratio,y2_standard_expected_to_y1_ratio,y2_p_out,y2_p_depth,y2_p_usable,y2_p_starter,y2_p_premium,y2_p_elite,y2_standard_mean_depth,y2_standard_mean_usable,y2_standard_mean_starter,y2_standard_mean_premium,y2_standard_mean_elite,y3_candidate,y3_route_cell,y3_active_probability,y3_standard_conditional_active_points,y3_standard_expected_points,y3_standard_conditional_to_y1_ratio,y3_standard_expected_to_y1_ratio,y3_p_out,y3_p_depth,y3_p_usable,y3_p_starter,y3_p_premium,y3_p_elite,y3_standard_mean_depth,y3_standard_mean_usable,y3_standard_mean_starter,y3_standard_mean_premium,y3_standard_mean_elite
sleeper:player:10213,sleeper:10213,Tre Tucker,WR,00-0038563,24.485102363498225,3,developmental,prime,EXACT_NAME_POSITION,MAPPED_2025,PHASE2_ENTRY_SEASON,premium,0.5330578512396694,0.7386363636363636,1,1,80.75,1.3170650154798762,D1,WR|developmental,0.8054320208512259,75.29886357675784,60.64811585842883,0.9324936665852364,0.7510602583087161,0.1945679791487741,0.039713115378975296,0.06656080854077713,0.1454424532524993,0.34547007364537624,0.20824557003359795,7.033653959479935,16.37121126781858,34.7036119656341,73.22071504092818,138.9521141083224,D1,WR|developmental,0.6624133690169527,76.63754595244298,50.765735007549274,0.9490717765008418,0.6286778329108269,0.3375866309830473,0.046506516208918845,0.06788010372602069,0.124836254312944,0.23680113324888938,0.1863893615201798,7.819946047432552,17.069522843717053,33.07059623288338,75.66575004902043,145.9162187991484
sleeper:player:10218,sleeper:10218,Xavier Hutchinson,WR,00-0038618,25.251716325455007,3,developmental,prime,EXACT_NAME_POSITION,MAPPED_2025,PHASE2_ENTRY_SEASON,starter,0.17768595041322313,0.625,1,1,33.5,1.285089552238806,D1,WR|developmental,0.6127051058310359,45.28209144509447,27.744568631117254,1.351704222241626,0.8281960785408136,0.3872948941689641,0.06452493220271976,0.10697721442173497,0.18867226757010505,0.2018631244211587,0.0506675672153174,4.0828269806779645,13.955649224953007,31.437333300619436,68.6447607906691,122.36603234927713,D1,WR|developmental,0.4713569217445821,48.49705342179938,22.859421814581907,1.4476732364716232,0.6823708004352808,0.5286430782554179,0.05766541896053557,0.091931128878929,0.13450044523143967,0.1254391377711123,0.06182079090256556,5.466560874966561,14.443356198777181,28.61256144002611,71.92605008892949,134.99750116624108
sleeper:player:10219,sleeper:10219,Chris Rodriguez,RB,00-0038611,25.933455170195145,3,developmental,prime,EXACT_NAME_POSITION,MAPPED_2025,PHASE2_ENTRY_SEASON,premium,0.5449438202247191,0.85,1,1,110.8,1.0808483754512634,D1,RB|developmental,0.7589720147004992,89.87760708452379,68.21458852540088,0.8111697390299981,0.6156551310956758,0.24102798529950076,0.03680865747013684,0.0588368846295011,0.14139550187591243,0.3282428810420431,0.1936880896829058,9.450017014966072,18.016348925194734,35.2334344723255,83.46835548041463,177.74442233622108,D1,RB|developmental,0.5554378523292207,78.43907733892772,43.56803265581966,0.7079339110011527,0.3932132911175059,0.4445621476707793,0.0386504922091277,0.06833589082420949,0.1000550642681188,0.23236755514967203,0.11602884987809266,4.988073459574316,13.207940240354638,27.86878360128776,80.7447632371115,180.3154014048073
sleeper:player:10222,sleeper:10222,Jayden Reed,WR,00-0039146,25.344805163692616,3,developmental,prime,EXACT_NAME_POSITION,MAPPED_2025,PHASE2_ENTRY_SEASON,elite,0.731404958677686,0.2777777777777778,1,1,114.9,1.275983463881636,D1,WR|developmental,0.8532873681398054,101.20420261119993,86.35626769079842,0.8808024596275016,0.751577612626618,0.14671263186019456,0.021233322962551007,0.036624166406437224,0.07108185067767055,0.2834005168568442,0.44094751123630244,4.293041248928901,13.252626113368997,32.10220434931726,71.09244272497253,143.6684073551008,D1,WR|developmental,0.71928581839706,91.969531636611,66.15237983083404,0.8004310847398693,0.5757387278575634,0.28071418160294004,0.01895243324327372,0.04191682656447855,0.10372076253814412,0.24459749079052107,0.3100983052606425,3.1040675267733917,12.491636546196311,29.860994991747745,71.1479373916328,145.34142089602338
sleeper:player:10226,sleeper:10226,Andrei Iosivas,WR,00-0038619,25.881434937062362,3,developmental,prime,EXACT_NAME_POSITION,MAPPED_2025,PHASE2_ENTRY_SEASON,premium,0.359504132231405,0.26136363636363635,1,1,55.75,1.2796053811659192,D1,WR|developmental,0.7331109889010271,53.52473605632569,39.23957218091939,0.960084951682972,0.7038488283572985,0.2668890110989729,0.054822909756661715,0.09425741056797324,0.20068570472442543,0.286526181557069,0.09681878229489774,2.5914661145162654,12.224112871077104,30.123038057417503,68.1101576201037,127.9160968520896,D1,WR|developmental,0.5401554954771844,57.62543319438566,31.126694419200778,1.0336400572983975,0.5583263572950812,0.45984450452281556,0.040410213245827144,0.07748706687072542,0.13603491768560683,0.19099702143714745,0.0952262762378776,2.7586949198547686,11.88111471957064,26.840515165909572,70.17222125420608,136.94381671970064
sleeper:player:10227,sleeper:10227,Payne Durham,TE,00-0039050,25.213385627357166,3,developmental,prime,EXACT_NAME_POSITION,MAPPED_2025,PHASE2_ENTRY_SEASON,usable,0.0234375,0.75,1,1,10.45,1.45244019138756,D1,TE|developmental,0.5436599537852287,26.400772499435494,14.353042756937437,2.5263897128646406,1.3734969145394678,0.4563400462147713,0.1352166280273351,0.16761007625393423,0.15959618031792078,0.06612162567644357,0.015115443509595006,12.249756022330295,19.89591156613107,29.19670415963079,52.371683599211174,81.99120834074914,D1,TE|developmental,0.4119092805077036,32.69894510231433,13.468998950455196,3.12908565572386,1.288899421096191,0.5880907194922964,0.07419213773883733,0.11720252175145833,0.12122448965866756,0.07342284404575886,0.025867287312981564,15.115416830030831,20.398879276831757,27.515939430554177,56.09766642874796,96.7359975601646
sleeper:player:10229,sleeper:10229,Rashee Rice,WR,00-0039067,25.361232605734546,3,developmental,prime,EXACT_NAME_POSITION,MAPPED_2025,PHASE2_ENTRY_SEASON,elite,0.9049586776859504,0.7444444444444445,1,1,154.35,1.293783608681568,D1,WR|developmental,0.878746899431275,129.8306065582162,114.08824296431426,0.841144195388508,0.739152853672266,0.12125310056872496,0.013437542597682725,0.020067803723824735,0.03624049484812378,0.1950437245434144,0.6139573337182294,11.616124943168458,20.237521612471923,39.54362029593716,78.92356360961591,157.50182740728434,D1,WR|developmental,0.7666763490253026,114.13533294638354,87.50486035812067,0.7394579393999582,0.5669249132369334,0.23332365097469743,0.018088615961220387,0.03095088717437202,0.0696056556750392,0.20296643984589066,0.4450647503687803,8.515700342283587,18.02266950044949,36.62185524338379,76.67864924908332,154.31625344685185
sleeper:player:10231,sleeper:10231,Elijah Higgins,TE,00-0039041,24.846506088420707,3,developmental,prime,EXACT_NAME_POSITION,MAPPED_2025,PHASE2_ENTRY_SEASON,starter,0.1953125,0.9545454545454546,1,1,24.65,1.4262880324543612,D1,TE|developmental,0.7113257065598848,35.427545883771614,25.20052410745658,1.4372229567452988,1.0223336351909365,0.2886742934401152,0.06462781896400831,0.10195804791155369,0.23267012156384842,0.22936008146346207,0.08270963665701234,6.3086009346562975,13.928728250923143,23.516462442630825,48.08275416666294,83.09581248131488,D1,TE|developmental,0.5969657040185126,42.92269738597714,25.62337826339341,1.7412858980112431,1.0394879620037896,0.40303429598148743,0.05852470037216407,0.09697942175726113,0.18707752555187115,0.16052521639214237,0.09385883994507387,12.70115829663974,18.15845938508204,25.14494856428179,56.04603028094008,100.34424032667904
sleeper:player:10232,sleeper:10232,Michael Wilson,WR,00-0038559,25.52276911914687,3,developmental,prime,EXACT_NAME_POSITION,MAPPED_2025,PHASE2_ENTRY_SEASON,premium,0.5909090909090909,0.8977272727272727,1,1,94.95,1.3174881516587678,D1,WR|developmental,0.7815505279508718,82.05450932262328,64.12974508184595,0.8641865120866064,0.6754054247693096,0.21844947204912823,0.026466142707274234,0.05637105002054926,0.11292518137824388,0.33672429693481826,0.24906385690998614,5.97691877285542,15.239135306866046,33.70371775861898,72.4724156441778,140.13792215804312,D1,WR|developmental,0.6227571644191878,76.59708567097206,47.70138387522817,0.8067096963767463,0.5023842430250465,0.3772428355808122,0.040813153098635375,0.05610616535110368,0.1361423469106376,0.20813063610645588,0.1815648629523553,6.700397553244137,15.996503552928715,32.244293458963355,74.85759772708941,146.28625495306667
sleeper:player:10235,sleeper:10235,Roschon Johnson,RB,00-0039021,24.58366701574981,3,developmental,prime,EXACT_NAME_POSITION,MAPPED_2025,PHASE2_ENTRY_SEASON,usable,0.028089887640449437,0.625,1,1,8.5,1.0832941176470587,D1,RB|developmental,0.5159915458399882,26.466138365282685,13.65630364751723,3.1136633370920808,1.6066239585314388,0.4840084541600118,0.14798776563513028,0.17838298602805838,0.1282893810306296,0.051922784203684104,0.009408628942485816,7.652430105866621,16.273113316963645,32.64011216308765,76.61329464466235,154.71284145387847,D1,RB|developmental,0.34398419816452286,29.50858469080148,10.150486843835262,3.471598198917821,1.1941749228041485,0.6560158018354771,0.08124263898808247,0.11889143060757865,0.08005528013263284,0.05011529309584665,0.013679555340382198,5.310545778431909,13.003348662323312,28.16126283220978,73.78865235368912,162.33419765087973
sleeper:player:10236,sleeper:10236,Dalton Kincaid,TE,00-0038933,25.873221216041397,3,developmental,prime,EXACT_NAME_POSITION,MAPPED_2025,PHASE2_ENTRY_SEASON,elite,0.8046875,0.5192307692307693,1,1,92.35,1.3161667569030862,D1,TE|developmental,0.9276368844499713,83.94959360203988,77.87473945983751,0.9090372885981579,0.8432565182440446,0.07236311555002872,0.012035651992242042,0.020316519819217223,0.0544634383845618,0.2452026147789363,0.5956186594750139,6.921035358597543,13.511158787181394,24.61763210534405,51.06464393784189,106.87206393433681,D1,TE|developmental,0.847007951253254,77.64462688780135,65.76561634605994,0.8407647740963872,0.7121344487932858,0.152992048746746,0.018693551638761432,0.03139232974619095,0.08782519294530436,0.22474448630417432,0.48435239061882296,5.798202649242356,11.703070725014562,22.32039920176144,50.70521852322862,107.22323258769228
sleeper:player:10859,sleeper:10859,Sam LaPorta,TE,00-0039065,24.63568724888259,3,developmental,prime,EXACT_NAME_POSITION,MAPPED_2025,PHASE2_ENTRY_SEASON,elite,0.9140625,0.7884615384615384,1,1,108.9,1.3394214876033057,D1,TE|developmental,0.9290811106051008,87.86864428034323,81.63709761534582,0.8068746031252821,0.749651952390687,0.07091888939489921,0.01211466277106392,0.017932618605444147,0.0448838925537469,0.1840761350715994,0.6700738016032465,3.059449170811561,9.423640052989803,20.824662418434542,47.47559639912177,107.08854233655323,D1,TE|developmental,0.8643332742041144,77.68334702875767,67.14430168850058,0.7133457027434129,0.6165684268916489,0.13566672579588557,0.01687708258546318,0.028456388474237943,0.08389235279167334,0.21291807572467827,0.5221893746280617,2.1668659293450574,8.144676604890925,19.592948305376076,47.055883163501996,105.73408669021345
sleeper:player:10871,sleeper:10871,Luke Schoonmaker,TE,00-0038547,26.92731541373197,3,developmental,prime,EXACT_NAME_POSITION,MAPPED_2025,PHASE2_ENTRY_SEASON,starter,0.1484375,0.6818181818181818,1,1,20.7,1.4106521739130435,D1,TE|developmental,0.617766620324869,27.135310530033145,16.763289077604405,1.310884566668268,0.8098207283866863,0.38223337967513105,0.08849179426202776,0.1476441369638737,0.21759544171037187,0.13422129527327192,0.029813952115323682,6.643838744531969,14.30260816511408,23.7952192231715,48.084730481600644,81.5705872360598,D1,TE|developmental,0.44459123801850153,32.13748067516735,14.288042320168323,1.5525352983172636,0.6902435903462958,0.5554087619814985,0.06708552158831677,0.09734954696023229,0.15941888963197462,0.08919928994394903,0.03153798989402887,11.80943987811262,17.225007586487244,24.109398937684468,54.73918691702952,98.0646832056226
sleeper:player:11199,sleeper:11199,Emari Demercado,RB,00-0038705,26.615194014935284,3,developmental,prime,EXACT_NAME_POSITION,MAPPED_2025,PHASE2_ENTRY_SEASON,starter,0.11797752808988764,0.34210526315789475,1,1,20.1,1.1237810945273632,D1,RB|developmental,0.5005932935933386,42.10603747040739,21.07799997747576,2.0948277348461386,1.0486567152973014,0.4994067064066614,0.07465632323975802,0.11251173860851058,0.17945515697598435,0.11259268965709034,0.021377385111995325,8.727586707087113,17.559650201940705,33.956410792570466,79.38953537279133,159.90867471913703,D1,RB|developmental,0.303159280307692,39.90725626809426,12.098255089290086,1.98543563522857,0.6019032382731386,0.696840719692308,0.04801721697221639,0.06775252150982537,0.09920618010346999,0.06504591619780115,0.023137445524379116,3.3098826084138366,11.1340939651812,25.241481242502353,74.6586210157889,165.29964177647227
sleeper:player:11201,sleeper:11201,Blake Whiteheart,TE,00-0038710,25.44610772295119,3,developmental,prime,EXACT_NAME_POSITION,MAPPED_2025,PHASE2_ENTRY_SEASON,starter,0.0390625,0.045454545454545456,1,1,11.3,1.4841150442477873,D1,TE|developmental,0.6100336829147227,21.94517986122272,13.3872988929677,1.942051315152453,1.1847167161918317,0.3899663170852773,0.12204002281611268,0.18572498350070518,0.19897614761152366,0.09066293954335121,0.01262958944302999,6.641385811926739,14.284150251684004,23.611576460732152,46.90970296734373,77.02137620590055,D1,TE|developmental,0.45329981773583894,23.262014707974902,10.544667027293428,2.058585372387159,0.9331563740967636,0.5467001822641611,0.09337621251527764,0.10739275255378772,0.15856445952257064,0.07409567890562908,0.019870714238573835,7.33168979975482,12.630771298952439,19.740435732865805,48.52127529146422,89.4914962604435
sleeper:player:11237,sleeper:11237,Jacob Saylors,RB,00-0038896,25.484438421049028,3,developmental,prime,EXACT_NAME_POSITION,MAPPED_2025,PHASE2_ENTRY_SEASON,starter,0.09550561797752809,0.23684210526315788,1,0,19.15,1.09088772845953,D1,RB|developmental,0.6396533614089263,27.686061834831587,17.70948251682541,1.4457473542992998,0.924777154925609,0.36034663859107374,0.16077006893882195,0.2320719474518138,0.17375153865655507,0.06329102921919927,0.009768777142536166,8.340139922870932,17.21112552864227,33.55137769421239,78.91820221944593,158.66883475445184,D1,RB|developmental,0.42010998206639927,25.122628417983503,10.554266974139862,1.3118866014612796,0.5511366566130477,0.5798900179336007,0.10311684280235686,0.12797805175549254,0.13089537075315227,0.0455589693086669,0.012560747446730726,3.398637110841925,11.206512490431201,25.17590743317035,74.69658973774628,164.88773792224143
sleeper:player:11256,sleeper:11256,Tyson Bagent,QB,00-0038416,25.232550976406085,3,developmental,prime,EXACT_NAME_POSITION,MAPPED_2025,PHASE2_ENTRY_SEASON,usable,0.28688524590163933,0.34615384615384615,1,1,7.57,1.0212021136063407,D1,QB|developmental,0.4561457614252361,34.26366156293612,15.629223992842093,4.526243271193675,2.0646266833344904,0.5438542385747639,0.16930750879061646,0.15978426753703925,0.08151074968122148,0.029873074700309935,0.015670160716049004,10.910435412083082,20.90124033798447,44.37602113633358,102.59299988327902,239.97359973438023,D1,QB|developmental,0.3829575737032226,51.68393748350277,19.79275529811126,6.827468623976587,2.6146308187729534,0.6170424262967774,0.10400119896199342,0.1111836078306105,0.0854953344181877,0.046468314181147885,0.03580911831128319,9.663769351291513,16.074272496945625,46.42340906957132,95.90752352432682,239.46052500880907
sleeper:player:11292,sleeper:11292,Tommy DeVito,QB,00-0038476,27.069686578095375,3,developmental,prime,EXACT_NAME_POSITION,MAPPED_NO_2025_ROW,PHASE2_ENTRY_SEASON,depth,0.040983606557377046,0.19230769230769232,0,0,2.79,1.2277777777777779,D1,QB|developmental,0.31227432932091803,29.162739519601473,9.106774924644181,10.452594809893,3.2640770339226455,0.687725670679082,0.13988845364321809,0.10402998194715178,0.030995025181631924,0.013199140168587102,0.024161728380329185,1.679892603992137,11.910121071670403,34.866265937882105,91.7507687633206,221.05436886056032,D1,QB|developmental,0.37566966585525474,43.67837910098247,16.408642081965226,15.655333011104828,5.88123372113449,0.6243303341447453,0.10128357718354582,0.15575663857902294,0.037670273415631436,0.04310354554275008,0.03785563113430441,5.384895741575175,11.58307685496702,41.23635121936232,89.71772315423605,228.19756567922812
sleeper:player:11370,sleeper:11370,Chris Brooks,RB,00-0038685,25.640499120447373,3,developmental,prime,EXACT_NAME_POSITION,MAPPED_2025,PHASE2_ENTRY_SEASON,starter,0.1404494382022472,0.4473684210526316,1,1,22.35,1.2343624161073825,D1,RB|developmental,0.6428421874144978,34.271994737479176,22.03148406409927,1.5334225833324016,0.9857487277001911,0.35715781258550217,0.11945140924067085,0.19413433255645227,0.21443797926416364,0.0995494851028096,0.015268981250401499,8.592475861684221,17.418666368695426,33.85426399061966,79.46125750446551,160.6899814723784,D1,RB|developmental,0.4299520631873409,30.00496284373255,12.900695680522313,1.3425039303683466,0.5772123346989849,0.5700479368126591,0.08829157379934874,0.12627867213186672,0.13355377682662228,0.06463760759867505,0.017190432830828137,3.6054739560401075,11.451969429254376,25.55306789922058,75.24516614540568,166.36270857877815
sleeper:player:11435,sleeper:11435,Emanuel Wilson,RB,00-0038797,26.319500058180523,3,developmental,prime,EXACT_NAME_POSITION,MAPPED_2025,PHASE2_ENTRY_SEASON,usable,0.016853932584269662,0.375,1,1,7.4,1.130135135135135,D1,RB|developmental,0.4190030335855035,31.547411578437952,13.218461153135939,4.2631637268159395,1.7862785342075593,0.5809969664144965,0.0863128173821242,0.10713657966015189,0.1509910242993917,0.06483745335427109,0.00972515888956458,6.331218547232076,14.911535635020009,31.28226991116712,75.02757579058378,152.8495330947995,D1,RB|developmental,0.2487676431506174,35.91581184849086,8.934691865390091,4.8534880876339,1.2073907926202825,0.7512323568493826,0.04267576236127677,0.07252866226275198,0.061370162827210445,0.053773084591677504,0.018419971107700713,1.7234301545855786,9.397297430106924,24.747400386137507,69.7413796878172,158.01374716697273
sleeper:player:11559,sleeper:11559,Michael Penix,QB,00-0039917,25.31742609362273,2,developmental,prime,EXACT_NAME_POSITION,MAPPED_2025,PHASE2_ENTRY_SEASON,premium,0.4672131147540984,0.16666666666666666,1,1,100.09,1.0487111599560397,D1,QB|developmental,0.8246187212465678,104.4332594331111,86.11762084934314,1.0433935401449805,0.8604018468312832,0.17538127875343223,0.06399474728281766,0.1050133467394807,0.19896104657260485,0.22376154689092806,0.2328880337607365,1.153764045988396,12.087122746370845,35.34437095966578,98.17781167726946,239.48806578955464,D1,QB|developmental,0.7513962156945031,121.93470972833288,91.62127945167704,1.2182506716788177,0.9153889444667503,0.2486037843054969,0.06675521365101529,0.0965122515655446,0.13924520439016713,0.2007459922507478,0.2481375538370283,8.851379127686531,15.618824903644775,41.59688361619105,104.62193866449931,252.79685952054587
sleeper:player:11560,sleeper:11560,Caleb Williams,QB,00-0039918,23.786936076716152,2,developmental,young,EXACT_NAME_POSITION,MAPPED_2025,PHASE2_ENTRY_SEASON,elite,0.8934426229508197,0.7833333333333333,1,1,301.92,1.0326510333863275,D1,QB|developmental,0.9541511733450486,260.0125295339488,248.09126013923134,0.8611967724362374,0.8217119109010047,0.04584882665495138,0.0053763581730508735,0.014817104463475898,0.020590763831486537,0.07736145453127181,0.8360054923457635,27.854039045120274,38.182929852902916,62.440455225129824,126.96684000029875,282.6150216294932,D1,QB|developmental,0.9373987819798968,246.06299659559707,230.65915329903618,0.8149940268799585,0.7639744081181643,0.06260121802010321,0.011682508803268082,0.03331434086295126,0.0262803529052582,0.08897241645021484,0.7771491629582045,24.54176365581459,31.643134241623642,59.65450246600781,122.24773878543957,279.06335875206486
sleeper:player:11562,sleeper:11562,Spencer Rattler,QB,00-0039376,24.925905391623374,2,developmental,young,EXACT_NAME_POSITION,MAPPED_2025,PHASE2_ENTRY_SEASON,usable,0.22131147540983606,0.038461538461538464,1,1,5.56,1.0284172661870503,D1,QB|developmental,0.40156382716953576,31.85940733985696,12.79358554274616,5.730109233787224,2.3010045940190937,0.5984361728304642,0.04988980137267732,0.1334121038387495,0.1394206333574365,0.059123872165852236,0.019717416434820324,0.0,1.3507572769614526,24.70313099279378,82.46802210074111,217.74775724101767,D1,QB|developmental,0.37697081343400685,47.90254842215486,18.05786264426162,8.615566262977493,3.247817022349212,0.6230291865659932,0.03940635819348824,0.15018120792095754,0.0625167314465154,0.07920995639846196,0.04565655947458375,0,0,29.157251883440505,78.03349781162014,220.2096854202332
sleeper:player:11563,sleeper:11563,Bo Nix,QB,00-0039732,25.517293305132892,2,developmental,prime,EXACT_NAME_POSITION,MAPPED_2025,PHASE2_ENTRY_SEASON,elite,0.860655737704918,0.7166666666666667,1,1,296.56,1.0414604127326679,D1,QB|developmental,0.961530041469184,242.86349200046206,233.52054353455512,0.8189354329662195,0.7874310208205931,0.03846995853081603,0.012083714121566216,0.01466467328688029,0.030847395072253727,0.09127723619721331,0.8126570227912704,17.874180462720943,28.289383690678065,52.44867561107606,116.97442413838716,271.448703614207,D1,QB|developmental,0.9342065363495495,237.24211410178833,221.6331336912763,0.7999801527575814,0.7473466876560436,0.06579346365045047,0.021882883311111732,0.022331850916295064,0.03534307689823388,0.07184908414715728,0.7827996410767516,15.373395023392554,22.45624491878406,50.137386558301976,113.21982686500938,269.4028823288428
sleeper:player:11564,sleeper:11564,Drake Maye,QB,00-0039851,23.006632579724428,2,developmental,young,EXACT_NAME_POSITION,MAPPED_2025,PHASE2_ENTRY_SEASON,elite,0.9262295081967213,0.85,1,1,317.08,1.0356392708464741,D1,QB|developmental,0.9594525829217428,275.1256933364727,263.9700570998141,0.86768542114442,0.8325030184805541,0.04054741707825715,0.0046588706269729725,0.012438095362856765,0.015102273022015925,0.059079875228257764,0.8681734686816395,36.70994735749322,46.97105622955058,71.3169067880644,135.90424116428568,292.69328755827394,D1,QB|developmental,0.9469544098163035,258.8288773665093,245.0991468100192,0.8162888777800849,0.7729883524978529,0.05304559018369648,0.011104416392320692,0.027018245414291073,0.022594983970802195,0.07587710100036309,0.8103596630385265,31.59595987250586,38.71918624182922,66.97988330832021,129.29613933416155,286.759265823891
sleeper:player:11565,sleeper:11565,J.J. McCarthy,QB,00-0039923,22.615111877725074,2,developmental,young,EXACT_NAME_POSITION,MAPPED_2025,PHASE2_ENTRY_SEASON,usable,0.30327868852459017,0.4230769230769231,1,0,7.66,1.0787206266318539,D1,QB|developmental,0.49184551842974455,74.60334842173283,36.69332258108205,9.739340525030396,4.7902509896973955,0.5081544815702554,0.04366048935847125,0.12273143687254472,0.1640463250363428,0.11244718764491453,0.04896007951747129,17.132927471813268,27.081485662191092,50.60489688964437,108.82515393464324,246.79108339027607,D1,QB|developmental,0.5032369651744906,101.31871016521458,50.9873202189364,13.226985661255167,6.656308122576553,0.49676303482550943,0.045674175405998454,0.1475293006971959,0.07173295718610816,0.12515418869923384,0.11314634318595422,21.015828182336463,27.43575535927821,57.94603477016453,107.19596315169426,251.06598024062865
sleeper:player:11566,sleeper:11566,Jayden Daniels,QB,00-0039910,24.704134924057303,2,developmental,young,EXACT_NAME_POSITION,MAPPED_2025,PHASE2_ENTRY_SEASON,elite,0.9590163934426229,0.9166666666666666,1,1,322.28,1.0356072359438997,D1,QB|developmental,0.920710036587603,262.75893885557883,241.9247922074397,0.8153125817785121,0.7506664769996269,0.07928996341239702,0.012944074532672259,0.017735946399124684,0.018013579149038034,0.07128735846896377,0.8007290780378042,30.54924416782658,40.72306152354578,65.1676690574266,129.75245290174854,287.7171470473178,D1,QB|developmental,0.8961904593861268,238.30835896289375,213.56967769450978,0.7394450755954256,0.6626836219886738,0.10380954061387315,0.011525738453461892,0.027400368828251358,0.033111706494295456,0.12129231554681616,0.702860330063302,23.068552073585042,30.210122916839772,58.805320966408516,120.62115973071238,278.7160612309348
sleeper:player:11570,sleeper:11570,Rasheen Ali,RB,00-0039796,24.539860503637993,2,developmental,prime,EXACT_NAME_POSITION,MAPPED_2025,PHASE2_ENTRY_SEASON,starter,0.10674157303370786,0.2894736842105263,1,1,19.3,1.2837046632124351,D1,RB|developmental,0.7070190744660355,32.84762767818712,23.22389931943679,1.701949620631457,1.203310845566673,0.2929809255339645,0.1462735049534084,0.22740992614442035,0.22758832354698855,0.09236032135128766,0.013386998469930507,9.811777234915581,18.65396051129988,35.02746167638635,80.3970320831636,160.5485722725424,D1,RB|developmental,0.5206791217071666,29.49280668105325,15.35628867937006,1.5281246985001682,0.7956626258740963,0.47932087829283343,0.114965212744094,0.15588217862330314,0.1646851519322464,0.06697350706828815,0.01817307133923484,5.420745514582741,13.235107652123077,27.3142795618867,76.6762079872658,167.08476014168173
sleeper:player:11571,sleeper:11571,Isaiah Davis,RB,00-0039798,23.526834911052244,2,developmental,prime,EXACT_NAME_POSITION,MAPPED_2025,PHASE2_ENTRY_SEASON,starter,0.1853932584269663,0.6578947368421053,1,1,28.75,1.2518434782608694,D1,RB|developmental,0.7469081563857729,46.76572621011558,34.92970234563925,1.626633955134455,1.214946168543974,0.2530918436142271,0.09812296023089052,0.17476395408626463,0.26252974163090004,0.1785233004012456,0.0329682000364721,11.936308766206132,20.774429355188566,37.27504143186003,83.3068340701278,165.91251602010493,D1,RB|developmental,0.6034668850664279,41.107814989181826,24.80720506340857,1.4298370431019765,0.8628593065533415,0.39653311493357213,0.10570748397763265,0.1615495521851221,0.18181577142940755,0.12022703053156024,0.03416704694270533,8.666454098868705,16.56177899181533,30.546938295620343,81.06010778048879,173.14978470255957
sleeper:player:11575,sleeper:11575,Ray Davis,RB,00-0039875,25.782870284810777,2,developmental,prime,EXACT_NAME_POSITION,MAPPED_2025,PHASE2_ENTRY_SEASON,premium,0.33707865168539325,0.23333333333333334,1,1,52.45,1.1350428979980933,D1,RB|developmental,0.8042620087751646,48.341822675220385,38.87949141262555,0.9216744075351837,0.7412677104409064,0.19573799122483537,0.08686202239654273,0.16072925793493184,0.2842351512540733,0.22414282411976122,0.048292753069855546,7.742098308946986,16.48194923634371,33.2760591768186,80.29064692644357,167.79054920226858,D1,RB|developmental,0.5855990600137565,44.57091293402313,26.100684718118924,0.8497790835848069,0.49762983256661436,0.4144009399862435,0.0754259273436132,0.11358058161047811,0.19829242382722115,0.15170591438092004,0.046594212851523986,2.8690099648506475,10.904201031828755,25.102856242625727,76.80055926924805,172.0594837189792
sleeper:player:11576,sleeper:11576,Braelon Allen,RB,00-0039794,21.615775820174267,2,developmental,young,EXACT_NAME_POSITION,MAPPED_2025,PHASE2_ENTRY_SEASON,premium,0.4438202247191011,0.55,1,1,66.6,1.0879579579579581,D1,RB|developmental,0.8051121681804699,90.17188553399096,72.59848227119261,1.3539322152250897,1.0900673013692586,0.19488783181953007,0.04839070405004419,0.08835281442968405,0.1615535464431468,0.30867643276722223,0.19813867049037268,15.720442409833609,24.285003996361482,41.342400808044744,88.70312975566385,179.83634046812307,D1,RB|developmental,0.6897701393952913,84.57404456527672,58.336650509014504,1.269880549028179,0.8759256833185362,0.3102298606047087,0.03937667874679752,0.07723867096349683,0.16098279430767126,0.2675668547704438,0.14460514060688193,13.531112897253301,21.64562597533211,36.45787512809595,87.77359018098204,185.17714279871478
sleeper:player:11577,sleeper:11577,Will Shipley,RB,00-0039746,23.009370486731417,2,developmental,prime,EXACT_NAME_POSITION,MAPPED_2025,PHASE2_ENTRY_SEASON,starter,0.07303370786516854,0.13157894736842105,1,1,17.95,1.2081058495821728,D1,RB|developmental,0.740583140247855,35.24913454520121,26.104914752504257,1.963740086083633,1.4543127995824099,0.259416859752145,0.17343266459110862,0.24509321024373987,0.22871892336713875,0.0821323408472555,0.011206001198612266,14.448388725488229,23.349126333831038,39.63777333894817,84.90845077605081,163.90692558295837,D1,RB|developmental,0.589214546720965,32.8615141781855,19.362482181064134,1.8307250238543455,1.078689815101066,0.41078545327903504,0.13659920030659511,0.17275933421292225,0.19261410447372707,0.06891886784646119,0.018323039881259332,10.166597084230915,17.956486062168516,31.82792221980505,81.34712474661643,171.08100605578613
sleeper:player:11581,sleeper:11581,MarShawn Lloyd,RB,00-0039811,24.654852597931512,2,developmental,prime,EXACT_NAME_POSITION,MAPPED_NO_2025_ROW,PHASE2_ENTRY_SEASON,elite,0.6685393258426966,0.18055555555555555,0,0,148.25,1.103477234401349,D1,RB|developmental,0.8864267343763935,137.15246100009958,121.57560811600395,0.9251430758860005,0.8200715555885595,0.11357326562360648,0.04914926545699896,0.08716751277503644,0.02996567288287899,0.15310203473792336,0.5670422485235558,11.89384984985034,20.26736310884175,37.78388101893937,86.45262684104117,184.91758996103243,D1,RB|developmental,0.7335587177613621,108.60091643614703,79.66514900860885,0.7325525560617,0.537370313717429,0.26644128223863794,0.03539635071008836,0.06029609135320605,0.10447180408296919,0.2195669870761227,0.31382748453897574,5.486473850102428,13.8000135859428,29.12703165453489,81.67693068742159,183.73900530640285
sleeper:player:11583,sleeper:11583,Jonathon Brooks,RB,00-0039344,22.116812802453165,2,developmental,prime,EXACT_NAME_POSITION,MAPPED_NO_2025_ROW,PHASE2_ENTRY_SEASON,elite,0.6573033707865169,0.1527777777777778,0,0,148.2,1.1116261808367072,D1,RB|developmental,0.9286863475748341,139.67274727325452,129.7121735209416,0.9424611826805299,0.8752508334746397,0.07131365242516585,0.054466224342044886,0.10263836757667222,0.03189294572846954,0.16826605755053334,0.5714227523771142,18.128147482537628,26.53469866315936,44.01570279902363,92.69548882119537,190.75199278932348,D1,RB|developmental,0.8450088422785818,116.11966841756914,98.12214657530289,0.7835335250848121,0.6620927569183731,0.15499115772141825,0.041273143505178335,0.07240288236151923,0.12035879397249333,0.24122294834356545,0.3697510740958254,12.35232007099858,20.660135365409623,35.85888532322598,88.61604711446361,190.46413312514116
sleeper:player:11584,sleeper:11584,Bucky Irving,RB,00-0039361,23.036749556801304,2,developmental,prime,EXACT_NAME_POSITION,MAPPED_2025,PHASE2_ENTRY_SEASON,elite,0.7808988764044944,0.4583333333333333,1,1,184.7,1.1074066053059015,D1,RB|developmental,0.9343602564923396,137.89315635675965,128.84188494204022,0.7465790815200848,0.6975738221009217,0.06563974350766044,0.01924269330446131,0.02650141108621825,0.07690085084554293,0.3153924970604303,0.49632280419568675,16.05853091329942,24.23035546309559,42.033200193682816,91.01040818613652,193.33052477085175,D1,RB|developmental,0.8679708593635763,119.93119107559635,104.09677898238263,0.6493296755581828,0.563599236504508,0.13202914063642368,0.024171070270176193,0.04905866495384038,0.11284524376433033,0.3143616008793779,0.3675342794958515,12.095879549080628,20.489825253519655,36.53770579160573,88.48882833405986,192.7945583776988
sleeper:player:11586,sleeper:11586,Blake Corum,RB,00-0039738,24.76710678521804,2,developmental,prime,EXACT_NAME_POSITION,MAPPED_2025,PHASE2_ENTRY_SEASON,premium,0.5786516853932584,0.95,1,1,114.9,1.0630591818973019,D1,RB|developmental,0.8370612338819765,100.34143415211473,83.99192468085626,0.873293595753827,0.7310002148029265,0.1629387661180235,0.026665929930095412,0.04970282511449598,0.1307293676750943,0.38767369415782155,0.24228941700446927,12.430976613165441,20.919135464476447,38.23156532129932,86.50152391462578,181.96563373310568,D1,RB|developmental,0.6847752796747082,83.93988024768719,57.47995497247151,0.7305472606413158,0.500260704721249,0.3152247203252918,0.04170004882871244,0.08565246278625864,0.1061776423459069,0.3089237231687721,0.1423214025450581,8.604569206497722,16.845378193276865,31.79960594283971,84.2936244911956,184.52311398158133
sleeper:player:11597,sleeper:11597,Theo Johnson,TE,00-0039847,24.51248143356811,2,developmental,prime,EXACT_NAME_POSITION,MAPPED_2025,PHASE2_ENTRY_SEASON,premium,0.3828125,0.46,1,1,40.85,1.3259608323133414,D1,TE|developmental,0.8329736344161918,45.573176022353735,37.961254063228836,1.115622424047827,0.9292840651953203,0.16702636558380823,0.040100904935381584,0.061797935657724984,0.18921598718885063,0.35885095988124166,0.1830078467529929,4.219638680141173,11.57790896044915,21.603503000958852,46.92771166666733,88.2408575561499,D1,TE|developmental,0.7163052522913971,54.56289556373742,39.083688672532084,1.3356889978883089,0.9567610446152285,0.2836947477086029,0.0475313705241797,0.06200634067630911,0.15585445975187223,0.26453564264272,0.18637743869631604,10.791335783612432,16.396260722761177,24.25952654411317,55.017041079031614,103.11959418307866
sleeper:player:11599,sleeper:11599,Cade Stover,TE,00-0039359,25.22159934837813,2,developmental,prime,EXACT_NAME_POSITION,MAPPED_2025,PHASE2_ENTRY_SEASON,starter,0.1796875,0.8636363636363636,1,1,23.2,1.3777155172413793,D1,TE|developmental,0.5609171677423574,40.62382292200844,22.786599696280035,1.7510268500865709,0.9821810213913809,0.43908283225764255,0.062214912041604266,0.08613298588048396,0.1754124060477151,0.1660850340184006,0.0710718297541535,12.091595634124218,19.72313995661142,29.279949076160335,53.74921658353919,88.25581728531216,D1,TE|developmental,0.4468808805302028,44.9819652126919,20.101580222226705,1.9388778108918923,0.8664474233718408,0.5531191194697972,0.048046138515753053,0.0648872026523585,0.14764548581077414,0.12059012422171721,0.0657119293295999,15.620004019120863,21.063130546864393,28.021977108289747,58.81586434740835,102.78865622628925
sleeper:player:11600,sleeper:11600,Ja'Tavion Sanders,TE,00-0039356,22.434410015263833,2,developmental,prime,EXACT_NAME_POSITION,MAPPED_2025,PHASE2_ENTRY_SEASON,usable,0.0078125,0.25,1,1,9.7,1.3593298969072165,D1,TE|developmental,0.6923601541986393,24.708582585863734,17.107238049178427,2.547276555243684,1.7636327885750958,0.3076398458013607,0.1398752904752831,0.1570242057999242,0.25397734427402585,0.12228705880877866,0.01919625484062747,7.7864893862962745,15.438346889147965,24.71127025099299,47.77062403587364,76.89388033333776,D1,TE|developmental,0.6156561869118279,35.6111048016771,21.92419699391801,3.6712479176986705,2.260226494218352,0.3843438130881721,0.09149204900565529,0.1514372709081393,0.1625449845709474,0.15402661991492955,0.05615526251215635,13.44330058401571,18.711559883174296,25.825927355916356,54.23500727476682,94.54331192208872
sleeper:player:11603,sleeper:11603,AJ Barner,TE,00-0039793,23.33244351355606,2,developmental,prime,EXACT_NAME_POSITION,MAPPED_2025,PHASE2_ENTRY_SEASON,elite,0.6953125,0.25,1,1,79.4,1.364301007556675,D1,TE|developmental,0.961885439695703,76.13270086613521,73.23093644784389,0.9588501368530882,0.9223039854892177,0.03811456030429705,0.01256977928075495,0.022380996812324815,0.07038109793730046,0.3279950337712042,0.5285585318941185,7.022317139298792,13.846670982916791,24.65415837649772,50.9242561124697,102.91135617216548,D1,TE|developmental,0.9227517012606762,76.00444083657298,70.13322708531413,0.9572347712414733,0.8832900136689437,0.07724829873932382,0.022906796455215806,0.03938494905947332,0.10264573919275888,0.27018990333638604,0.48762431321684213,8.34885410627465,14.182273022148259,23.932432625276952,53.33416923747254,107.69868481001546
sleeper:player:11604,sleeper:11604,Brock Bowers,TE,00-0039338,22.719152343990636,2,developmental,prime,EXACT_NAME_POSITION,MAPPED_2025,PHASE2_ENTRY_SEASON,elite,0.9921875,0.9807692307692307,1,1,139.05,1.3543545487234807,D1,TE|developmental,0.9633548373337366,106.634613331356,102.72697057997435,0.7668796356084573,0.7387772066161405,0.03664516266626339,0.007690535882529529,0.008187417200416627,0.014531095458587585,0.06286165782721036,0.8700841309649925,6.663047618945868,12.941129166255479,24.512296212006895,51.553882451407304,113.75086292561855,D1,TE|developmental,0.9324199111910771,99.19766916919117,92.49388187709908,0.713395679030501,0.6651843356857179,0.06758008880892286,0.012923017868932544,0.01621332164597506,0.02834514187443564,0.1093479636113955,0.7655904661903384,6.433664588288352,12.477124309935483,24.190319259857418,51.856820465843626,112.13871113561322
sleeper:player:11608,sleeper:11608,Isaiah Williams,WR,00-0039451,24.589142829763787,2,developmental,prime,EXACT_NAME_POSITION,MAPPED_2025,PHASE2_ENTRY_SEASON,starter,0.24380165289256198,0.9107142857142857,1,1,39.2,1.3194642857142855,D1,WR|developmental,0.6791534982602713,41.7416394207852,28.34898043574511,1.0648377403261529,0.7231882764220691,0.32084650173972873,0.0856369082097617,0.148265803146902,0.20496106037386788,0.19376658836794686,0.04652313816179284,4.559559726002746,14.328254575391227,31.970640774934083,69.40694148255817,125.37075532659057,D1,WR|developmental,0.5429686342773771,41.68783092861132,22.63518462529429,1.0634650747094723,0.577428179216691,0.45703136572262293,0.08901405677961857,0.12180988705723114,0.16549721555007135,0.11917022050847724,0.04747725438197874,6.384546399862252,15.41127408195144,29.941126146276304,73.06893905550908,137.47235791048737
sleeper:player:11610,sleeper:11610,Malik Washington,WR,00-0039880,24.865671437469626,2,developmental,prime,EXACT_NAME_POSITION,MAPPED_2025,PHASE2_ENTRY_SEASON,premium,0.4669421487603306,0.5568181818181818,1,1,75.45,1.3231676607024518,D1,WR|developmental,0.8034805048484072,63.6964252449294,51.1788359128347,0.8442203478453201,0.6783145912900557,0.19651949515159284,0.04788244475474541,0.07865042004823997,0.18013788681972162,0.34040695947605903,0.15640279374964114,3.3637063484633245,12.856756701852987,31.000990019664385,69.45640571696246,132.8536843780884,D1,WR|developmental,0.6542155607651604,66.80848019727092,43.70714733612571,0.8854669343574675,0.579286246999678,0.3457844392348396,0.04739789088413122,0.08156819373450473,0.14170815423519872,0.23581306985042666,0.14772825206089907,4.8921451437417645,14.101034306338853,29.517216052221404,72.88631992089591,141.84623948606668
sleeper:player:11618,sleeper:11618,Jalen McMillan,WR,00-0039855,23.734915843583373,2,developmental,prime,EXACT_NAME_POSITION,MAPPED_2025,PHASE2_ENTRY_SEASON,premium,0.49173553719008267,0.625,1,1,77.3,1.2733570504527814,D1,WR|developmental,0.699211427722294,63.38846272848449,44.321937525505064,0.8200318593594371,0.5733756471604795,0.30078857227770595,0.05479163097260713,0.07664946227188836,0.1345712418396034,0.26260663404892454,0.17059245858927063,0.3832239543024585,9.817231626538636,28.032419534881782,66.50858290330189,130.78246318254162,D1,WR|developmental,0.5565050881283784,66.14200502244232,36.808362334001906,0.8556533638090856,0.4761754506339186,0.4434949118716216,0.04345137530457999,0.057384480920214635,0.12837508944459614,0.2018873460952783,0.12540679636370933,3.85349582254198,13.077510961290038,28.71622618010638,71.78670637877605,141.2299910051031
sleeper:player:11620,sleeper:11620,Rome Odunze,WR,00-0039919,23.247568396339418,2,developmental,prime,EXACT_NAME_POSITION,MAPPED_2025,PHASE2_ENTRY_SEASON,elite,0.7892561983471075,0.43333333333333335,1,1,129.75,1.2604662813102119,D1,WR|developmental,0.9293142428056004,119.44903032907598,111.00568517412844,0.9206090969485625,0.8555351458507009,0.07068575719439964,0.014638888722480547,0.02464527293873559,0.057205285418801315,0.2791346890512389,0.5536901066743442,13.019605988609612,21.880163374885157,40.87458866513418,80.03932594250288,154.59162826089602,D1,WR|developmental,0.8630679810898751,108.7445438290364,93.85393389706589,0.8381082376033634,0.7233443845631282,0.13693201891012485,0.020270251026748943,0.04425969644129498,0.09493408522579208,0.25956778302343597,0.44403616537260315,10.921487914222574,20.351323034120945,38.07080602556662,79.10462265726419,154.45719490965686
sleeper:player:11623,sleeper:11623,Jordan Whittington,WR,00-0039751,24.91769167060241,2,developmental,prime,EXACT_NAME_POSITION,MAPPED_2025,PHASE2_ENTRY_SEASON,starter,0.14049586776859505,0.4642857142857143,1,1,32.6,1.337898773006135,D1,WR|developmental,0.6592644219493282,31.35205839159438,20.669296652456055,0.9617195825642447,0.6340275046765661,0.3407355780506718,0.10863774993122863,0.18029792541658368,0.2131933031706408,0.1338588772675162,0.023276566163358912,2.55366408523426,12.52069224785501,29.892927710882162,67.08759704056007,119.48390742089839,D1,WR|developmental,0.5088839931559729,33.20605333228416,16.898029016682962,1.0185905930148513,0.518344448364508,0.4911160068440271,0.0858413896384316,0.14060524401727292,0.16234724925932703,0.09169784659667814,0.028392263644263224,4.275225398708926,13.2303471796927,27.04112162498903,70.86716061087621,133.21811342888225
sleeper:player:11624,sleeper:11624,Xavier Worthy,WR,00-0039894,22.34953489804719,2,developmental,prime,EXACT_NAME_POSITION,MAPPED_2025,PHASE2_ENTRY_SEASON,elite,0.6570247933884298,0.07777777777777778,1,1,102.05,1.2735962763351298,D1,WR|developmental,0.9401510024974582,90.71968617744048,85.29020390597547,0.8889729169763888,0.8357687790884417,0.0598489975025418,0.021755266936641187,0.045284099029250686,0.13363789311678415,0.4050446172879592,0.33442912612682296,9.052624231380292,18.161954442557068,36.813310457763194,75.65218012755113,145.64715960875532,D1,WR|developmental,0.8820320631072541,88.42040626518721,77.98963335886465,0.866442001618689,0.764229626250511,0.11796793689274587,0.026732659469202696,0.07955547537659025,0.13526607482522665,0.33381612278154993,0.3066617306546846,8.885519076184984,18.222781864116605,35.04408335783275,76.91329152671939,149.63459986307433
sleeper:player:11625,sleeper:11625,Adonai Mitchell,WR,00-0039890,22.899854206451877,2,developmental,prime,EXACT_NAME_POSITION,MAPPED_2025,PHASE2_ENTRY_SEASON,premium,0.43388429752066116,0.4659090909090909,1,1,67.2,1.277016369047619,D1,WR|developmental,0.8305257172310765,62.295185741146966,51.73775381770921,0.9270116925765918,0.769907050858768,0.1694742827689235,0.054877098870462555,0.08817234625584637,0.20335685842446677,0.34247574148602034,0.14164367219428045,5.505033544375905,15.02757550116577,33.103527074613,71.3710381065228,133.68728866574997,D1,WR|developmental,0.7130715429818273,66.70728569006843,47.567067135146665,0.9926679418164944,0.7078432609396825,0.2869284570181727,0.052485197366978834,0.09344772265226535,0.1637010430128145,0.25781524339323136,0.14562233655653725,7.620394351627361,16.80025483821798,32.134655197324165,75.3380859840474,143.6138206959898
sleeper:player:11626,sleeper:11626,Xavier Legette,WR,00-0039342,24.589142829763787,2,developmental,prime,EXACT_NAME_POSITION,MAPPED_2025,PHASE2_ENTRY_SEASON,premium,0.40082644628099173,0.375,1,1,61.0,1.3253770491803278,D1,WR|developmental,0.7804883940094897,57.762416020271964,45.08289531377008,0.9469248527913436,0.7390638576027883,0.21951160599051034,0.054041313617013864,0.08821278077041889,0.20070338498029497,0.31614986157261055,0.12138105306915141,3.253021708824619,12.816349044830183,30.817980082533616,68.93434563317285,130.14943279068314,D1,WR|developmental,0.623275548622333,61.7138309184149,38.464721823260945,1.011702146203523,0.6305692102173925,0.37672445137766697,0.0461349474036783,0.08480612230039082,0.1492361010625403,0.22369404113947883,0.1194043367162448,4.516047879455861,13.668912329492152,28.87222654817625,72.03932824423913,139.63998481724877
sleeper:player:11627,sleeper:11627,Troy Franklin,WR,00-0039868,22.568567458606267,2,developmental,prime,EXACT_NAME_POSITION,MAPPED_2025,PHASE2_ENTRY_SEASON,starter,0.11983471074380166,0.375,1,1,32.15,1.3198444790046657,D1,WR|developmental,0.7155452129906871,51.56753011779816,36.89889932154355,1.6039667221710159,1.1477107098458337,0.2844547870093129,0.06500373363623012,0.11150550294497863,0.22938794192977097,0.25137383186200135,0.05827420261770602,9.116087955353812,19.136171552956924,36.44721788090868,73.6371389513709,125.29607823906296,D1,WR|developmental,0.6236222936227978,54.87936115516201,34.223993076136004,1.706978574033033,1.0645098935034527,0.37637770637720225,0.0697559568916548,0.11827036696798787,0.18003365118611728,0.17279647123578074,0.08276584734125704,11.128901466024736,20.0721117610571,33.68061989226941,77.79964140783713,139.75089702913846
sleeper:player:11628,sleeper:11628,Marvin Harrison,WR,00-0039849,23.05865281285721,2,developmental,prime,EXACT_NAME_POSITION,MAPPED_2025,PHASE2_ENTRY_SEASON,elite,0.6818181818181818,0.14444444444444443,1,1,108.45,1.2829691101890273,D1,WR|developmental,0.9298976998569936,101.79233767405502,94.65646066617015,0.9386107669345783,0.872811993233473,0.07010230014300645,0.018241767279637087,0.034934613478977444,0.0936485943244107,0.36088858406775814,0.4221841407062102,10.315146613462609,19.38717145281675,38.0978591010648,77.0282274263197,147.86105379491107,D1,WR|developmental,0.8624524856291574,95.9881998960204,82.78526159139123,0.8850917463902296,0.7633495766841054,0.13754751437084256,0.02263890726248802,0.059807547949415354,0.11874002126562629,0.3030320952392763,0.35823391391235143,9.070559897386211,18.426860914841882,35.375798240615254,77.19533316977945,150.41753440464683
sleeper:player:11629,sleeper:11629,Devontez Walker,WR,00-0039792,24.203097941778406,2,developmental,prime,EXACT_NAME_POSITION,MAPPED_2025,PHASE2_ENTRY_SEASON,starter,0.19421487603305784,0.6964285714285714,1,1,35.35,1.2558840169731258,D1,WR|developmental,0.6693169929816789,41.88625091795068,28.035179511678837,1.1849010160664974,0.793074385054564,0.3306830070183211,0.08768686553179399,0.15594644436882626,0.19172441942779672,0.1885466463864399,0.045412617266822025,5.463867555148191,15.319036364543578,32.836416026286415,70.12833203239882,124.39530156510008,D1,WR|developmental,0.5470241511720675,41.39488741752386,22.644003152434287,1.171001058487238,0.6405658600405739,0.4529758488279325,0.08784312025964959,0.12100786556846647,0.17611317790092748,0.11634841026391037,0.04571157717911358,6.909752700037849,15.900539049718574,30.12332871406591,73.48635371392903,136.89755265346156
sleeper:player:11631,sleeper:11631,Brian Thomas,WR,00-0039893,22.899854206451877,2,developmental,prime,EXACT_NAME_POSITION,MAPPED_2025,PHASE2_ENTRY_SEASON,elite,0.6735537190082644,0.12222222222222222,1,1,108.15,1.2745307443365694,D1,WR|developmental,0.9349907430055865,99.76339644172856,93.27785216381267,0.9224539661740967,0.8624859192215688,0.06500925699441351,0.01858465856456178,0.036694783895996626,0.104389560200976,0.37938918254244086,0.3959325578016112,11.114929940015529,20.209761128120434,38.89512606276962,77.82875128475776,148.3638048434472,D1,WR|developmental,0.8711918277977176,94.55409196441823,82.37475220423501,0.8742865646270757,0.7616713102564494,0.12880817220228236,0.023673022501312792,0.06533593989821297,0.12176136090736224,0.31340796603927457,0.3470135384515551,9.410642876803813,18.762464417643294,35.62357925385369,77.57845024017693,150.64204999261585
sleeper:player:11632,sleeper:11632,Malik Nabers,WR,00-0039337,22.097647453404246,2,developmental,prime,EXACT_NAME_POSITION,MAPPED_2025,PHASE2_ENTRY_SEASON,elite,0.8636363636363636,0.6333333333333333,1,1,144.1,1.291797362942401,D1,WR|developmental,0.8980292729249982,126.57803727182876,113.6707827794937,0.8784041448426702,0.7888326355273678,0.10197072707500177,0.018128026912045975,0.024631711360151427,0.044219877430042256,0.21051451787371842,0.6005351393490401,12.692920589847745,21.39573137437131,40.59265716311492,79.8827205179965,157.03027315856377,D1,WR|developmental,0.8306216255877659,111.01168730238597,92.20870816634857,0.7703795093850518,0.6398938804049172,0.16937837441223413,0.02067690919582098,0.03586772419163955,0.08994708463462679,0.248611847961841,0.43551805960383755,11.192560348651675,20.671261644308316,38.9737323241146,79.33364737997982,156.15194300389462
sleeper:player:11635,sleeper:11635,Ladd McConkey,WR,00-0039915,23.806101425765075,2,developmental,prime,EXACT_NAME_POSITION,MAPPED_2025,PHASE2_ENTRY_SEASON,elite,0.7727272727272727,0.3888888888888889,1,1,126.55,1.2964282892137495,D1,WR|developmental,0.9340932932934598,112.90680564543793,105.46548992059171,0.8921912733736699,0.8333898847932968,0.0659067067065402,0.014213773363657273,0.02546721480908356,0.06297357731292409,0.3022736517782992,0.5291650760294957,9.261324572010608,18.155957452722546,37.10590626790756,76.23960584324603,150.2169318400554,D1,WR|developmental,0.8649751918574026,104.9808821594832,90.80585868725835,0.8295605069891996,0.7175492586903071,0.13502480814259743,0.020337363608213775,0.04760627339932681,0.09763569347857384,0.26291701172636084,0.4364788496449273,8.421258976608875,17.840058692094978,35.43426417798434,76.60662103851175,151.63268732465977
sleeper:player:11637,sleeper:11637,Keon Coleman,WR,00-0039901,22.294776757907417,2,developmental,prime,EXACT_NAME_POSITION,MAPPED_2025,PHASE2_ENTRY_SEASON,starter,0.15289256198347106,0.5178571428571429,1,1,32.95,1.2667071320182093,D1,WR|developmental,0.6879225505418604,50.22390864761646,34.55015933504971,1.524246089457252,1.0485632575128896,0.31207744945813964,0.07224424046247058,0.11273829053613027,0.21122265858763994,0.2319490327825195,0.059768328173100044,8.237491784252008,18.174046074552237,35.58226815236577,72.78421100019806,125.62052042697293,D1,WR|developmental,0.600615532058021,53.70950578479016,32.2587633935051,1.6300305245763325,0.979021650789229,0.399384467941979,0.07091240077386717,0.11253622430921603,0.17531767431543305,0.16413100895709956,0.07771822370240518,10.450394167947202,19.41290750155091,33.339107110374655,77.0049252207769,139.59679249723095
sleeper:player:11643,sleeper:11643,Jaylen Wright,RB,00-0039874,22.420720480228887,2,developmental,prime,EXACT_NAME_POSITION,MAPPED_2025,PHASE2_ENTRY_SEASON,premium,0.398876404494382,0.4166666666666667,1,1,62.8,1.1174044585987262,D1,RB|developmental,0.8241777648438975,72.11976977158034,59.43951065139757,1.148403977254464,0.9464890231114264,0.1758222351561025,0.06789030814054711,0.09878234000120366,0.23228305607266564,0.30623367919364697,0.11898838143583411,13.33046634160172,21.993377255809897,38.92679312011918,86.22166234409835,175.78130155804152,D1,RB|developmental,0.6975068117609916,71.11080302050136,49.6002694965938,1.13233762771499,0.7898132085444873,0.3024931882390084,0.06352360099401469,0.09165503516967652,0.18501810984371747,0.2475399560352804,0.10977010971830253,10.8253092844743,18.910840891148858,33.357587111886446,85.11522562640782,181.63556734422139
sleeper:player:11646,sleeper:11646,Jalen Coker,WR,00-0039491,23.838956309848935,2,developmental,prime,EXACT_NAME_POSITION,MAPPED_2025,PHASE2_ENTRY_SEASON,premium,0.5413223140495868,0.7613636363636364,1,1,82.2,1.311654501216545,D1,WR|developmental,0.7988760071144251,70.91139005756908,56.64940814812432,0.8626689788025436,0.6891655492472545,0.20112399288557492,0.04670004693453767,0.07081540054317172,0.1473847019719184,0.3287390409724793,0.20523681669231794,3.757965743077648,13.08159085763522,31.434569250961058,69.9772991883064,135.9906496278596,D1,WR|developmental,0.6689687868364809,72.59743972941162,48.56542118321903,0.8831805319879759,0.590820209041594,0.33103121316351913,0.0490153927764711,0.07092695964051231,0.13489649800825074,0.24076566454065554,0.1733642718705912,6.251053744472337,15.50670717653312,31.55686153677087,74.11831214572473,144.53453803598538
sleeper:player:11647,sleeper:11647,Kimani Vidal,RB,00-0039391,24.01144445128921,2,developmental,prime,EXACT_NAME_POSITION,MAPPED_2025,PHASE2_ENTRY_SEASON,premium,0.2752808988764045,0.05,1,1,47.15,1.1020254506892897,D1,RB|developmental,0.7867223592692092,72.93450276780834,57.37920408961685,1.5468611403564865,1.2169502458031145,0.2132776407307908,0.06463908006019647,0.07237692559959535,0.22764380429542655,0.30237268823623936,0.11968986107775145,12.93245820571768,21.792661178875832,38.42425274537074,85.29985728300687,170.66262474193064,D1,RB|developmental,0.6129199083694526,63.81171529798627,39.11147069333934,1.3533767825659866,0.8295115735596892,0.38708009163054735,0.06180889195836775,0.07820761174978026,0.19884137313726466,0.1711835556233671,0.1028784759006729,6.912566525057933,14.905230294920834,28.666272443432963,80.80122406432413,174.8337364545134
sleeper:player:11655,sleeper:11655,Tyrone Tracy,RB,00-0039384,25.77465656378981,2,developmental,prime,EXACT_NAME_POSITION,MAPPED_2025,PHASE2_ENTRY_SEASON,starter,0.21910112359550563,0.8157894736842105,1,1,31.8,1.1427044025157234,D1,RB|developmental,0.5812017221505836,63.94944909379965,37.167529943897435,2.0109889652138255,1.1687902498080953,0.41879827784941637,0.04116955265249118,0.06833564138202876,0.16900217457597086,0.2287024918159766,0.07399186172411623,7.6090046244201375,16.405786169417226,32.98204737717237,79.16876561322641,162.89682037744439,D1,RB|developmental,0.40432412042019106,56.837451357884426,22.980752527202014,1.7873412376693216,0.7226651738113841,0.5956758795798089,0.04706640382807218,0.07247563572834356,0.09854390306251345,0.12807877440204715,0.0581594033992147,3.262041217814904,11.184937656066758,25.302676666197613,75.85573322000346,168.63396250149685
sleeper:player:1166,sleeper:1166,Kirk Cousins,QB,00-0029604,37.035668083533544,14,veteran,aging,DIRECT_ID,MAPPED_2025,PHASE2_ENTRY_SEASON,starter,0.4344262295081967,0.25,1,1,50.42,1.086186037286791,D1,QB|veteran,0.4042807485337149,34.29827604522614,13.866132712980006,0.6802514090683486,0.2750125488492663,0.5957192514662851,0.07054717260282015,0.11920806115875217,0.1310831343887408,0.06083293744669077,0.022609442936710987,0.0,1.59557631800876,24.96507075292665,86.51664846998402,227.35480830139176,D1,QB|veteran,0.22287465027584275,44.675534346715125,9.957044093410534,0.8860677181022436,0.19748203279275156,0.7771253497241573,0.04797802824420723,0.0603231342261796,0.05419535555484725,0.040322972134816046,0.02005516011579261,0.0,1.7512904056653582,29.117620125764596,88.12364575195775,235.34859119785395
sleeper:player:11783,sleeper:11783,Ryan Flournoy,WR,00-0039410,25.8485800529785,2,developmental,prime,EXACT_NAME_POSITION,MAPPED_2025,PHASE2_ENTRY_SEASON,premium,0.4256198347107438,0.4431818181818182,1,1,66.65,1.2795273818454613,D1,WR|developmental,0.7640945113867011,60.890878681949125,46.52638619439082,0.9135915781237678,0.6980703104934856,0.23590548861329885,0.04591402101827065,0.07733052804077784,0.17585287850798276,0.32338827030541406,0.14160881351425583,2.002944771310908,11.545091668795962,29.597432324210704,67.8577802524859,129.8819656864768,D1,WR|developmental,0.5891362659058565,63.574938546607235,37.45430190054249,0.9538625438350672,0.5619550172624529,0.41086373409414345,0.042244825874118624,0.07380439347014112,0.1321092645243689,0.21228057190043842,0.12869721013678947,2.8616497873146187,12.036454611926203,27.29700873158091,70.59911087603697,138.7136626563543
sleeper:player:11834,sleeper:11834,Devaughn Vele,WR,00-0039424,27.721308445758638,2,developmental,aging,EXACT_NAME_POSITION,MAPPED_2025,PHASE2_ENTRY_SEASON,premium,0.3925619834710744,0.3522727272727273,1,1,58.1,1.3199311531841653,D1,WR|developmental,0.6197130079330774,47.02273985938707,29.140603559515377,0.8093414777863523,0.5015594416439824,0.3802869920669226,0.055852911099241,0.10143401302324546,0.18372203841798532,0.20417714119202987,0.07452690420057571,0.46480222513297775,10.023925668095181,28.01467639109029,66.04638541894772,127.01185543438328,D1,WR|developmental,0.40384711512744487,50.220632311293755,20.281457478792127,0.8643826559603056,0.3490784419757681,0.5961528848725551,0.028661236878881457,0.07287698909048507,0.10553920709204562,0.13761443736925574,0.05915524469677699,0.0,8.604431878227047,23.837841063771002,66.83093918280264,134.2512146171296
sleeper:player:12048,sleeper:12048,George Holani,RB,00-0039299,25.711684702629075,2,developmental,prime,EXACT_NAME_POSITION,MAPPED_2025,PHASE2_ENTRY_SEASON,premium,0.29775280898876405,0.11666666666666667,1,1,48.95,1.123758937691522,D1,RB|developmental,0.7686601275393948,42.59949488010212,32.744533167653096,0.8702654725250688,0.6689383691042512,0.23133987246060517,0.10785838708428985,0.1613104481166741,0.2608205539850493,0.19102502296841384,0.04764571538496778,4.265203702943765,13.080881763727746,29.771977577909695,76.69564607184691,162.8369093917418,D1,RB|developmental,0.537644401283121,37.04788988586742,19.918590576490182,0.7568516830616429,0.4069170699997994,0.46235559871687903,0.07870233707969325,0.10837538063031386,0.19987282633744655,0.1124008147105393,0.03829304252512802,0.0,7.8190439951609605,21.742538388744514,73.70978039068459,168.18764754893905
sleeper:player:12467,sleeper:12467,Jordan James,RB,00-0040177,21.42686023669206,1,developmental,young,EXACT_NAME_POSITION,MAPPED_NO_2025_ROW,APPROVED_2025_ROSTER_FIRST_OBSERVED_FALLBACK,starter,0.19662921348314608,0.7105263157894737,0,0,30.1,1.0670431893687709,D1,RB|developmental,0.6845778818746385,95.7529081436353,65.55032304030668,3.1811597389912056,2.1777515960234775,0.3154221181253615,0.08238323972526722,0.14973178728481612,0.03211441503675654,0.16753476478549226,0.2528136750423064,18.114004273934903,26.945430223543767,43.46747029938081,89.57396532522716,172.54113985936678,D1,RB|developmental,0.5914602774755442,76.67619643751492,45.35092442070191,2.5473819414456784,1.5066752299236514,0.4085397225244558,0.07086800192163545,0.09208354074558839,0.11925664558255064,0.1800383891415208,0.1292137000842489,12.94530484611061,20.851095411027046,34.849517085887996,85.4571249729795,177.7820323580746
sleeper:player:12469,sleeper:12469,Dylan Sampson,RB,00-0040162,20.964153952511,1,developmental,young,EXACT_NAME_POSITION,MAPPED_2025,PHASE2_ENTRY_SEASON,premium,0.46629213483146065,0.6166666666666667,1,0,71.65,1.2490300069783669,D1,RB|developmental,0.9078082742040011,97.17519785007143,88.2164486557057,1.3562483998614294,1.2312135192701423,0.09219172579599888,0.03992687865519856,0.07811451715615438,0.15844939834217142,0.3869504649808522,0.24436701506962455,16.379965614011923,24.921142193741453,42.02673972790966,89.50433917571647,181.37835610984013,D1,RB|developmental,0.852125668216625,91.92041055282,78.32774126506825,1.2829087306743894,1.0931994593868561,0.14787433178337495,0.04694331262953479,0.08325333141633806,0.17147171329591532,0.33581256624880496,0.21464474462603195,13.77748886810648,21.911134271663634,36.79354608862363,88.18366007928631,186.04961358707743
sleeper:player:12470,sleeper:12470,Riley Leonard,QB,00-0040206,22.96830188162659,1,developmental,young,EXACT_NAME_POSITION,MAPPED_2025,PHASE2_ENTRY_SEASON,usable,0.3524590163934426,0.6538461538461539,1,0,8.67,1.0724336793540945,D1,QB|developmental,0.4740071829773531,62.537878184160874,29.643403467454963,7.213134738657541,3.419077677907147,0.5259928170226469,0.0739880973402822,0.15386759921728016,0.11522162315874253,0.088503323995773,0.04242653926527525,13.305800566374202,23.17485349165574,46.81889944368718,105.20273251768148,244.84043717013338,D1,QB|developmental,0.503277561867124,81.37741156741185,40.95542528470453,9.386091299586143,4.723809144717939,0.496722438132876,0.06588430795549148,0.13298581949846905,0.09976679897948482,0.11792471457560826,0.08671592085807041,12.224471219411413,18.681171775094434,49.468668138667496,98.55700493191983,243.41615663795343
sleeper:player:12471,sleeper:12471,DJ Giddens,RB,00-0040179,22.01824815020158,1,developmental,prime,EXACT_NAME_POSITION,MAPPED_2025,PHASE2_ENTRY_SEASON,starter,0.15168539325842698,0.5,1,0,23.65,1.106046511627907,D1,RB|developmental,0.6388212651859867,51.814516109987316,33.10021473638179,2.1908886304434385,1.399586246781471,0.3611787348140133,0.10436064337126402,0.1393550637103832,0.19242756399666192,0.15722158442641015,0.04545640968126743,13.949941970276669,22.775300129228818,39.22919117824698,84.92996777060264,166.50973263715076,D1,RB|developmental,0.5545252008193865,50.85019474959781,28.19771445522564,2.150113942900542,1.192292365971486,0.4454747991806135,0.09527572232734126,0.09004717760134073,0.1878322240735247,0.13207277627970762,0.04929730053747217,10.534554413037803,18.392570645979994,32.481338732746686,82.33501432291517,173.69251426658036
sleeper:player:12472,sleeper:12472,Raheim Sanders,RB,00-0040466,23.233878861304476,1,developmental,prime,EXACT_NAME_POSITION,MAPPED_2025,PHASE2_ENTRY_SEASON,starter,0.2303370786516854,0.868421052631579,1,0,32.75,1.070091603053435,D1,RB|developmental,0.5806358521335016,66.92780810601691,38.8606848910646,2.0435971940768525,1.1865857982004457,0.41936414786649845,0.06598187021832054,0.09073559542236627,0.14377719056191182,0.19563967008847147,0.08450152584243142,12.478169736491353,21.25879035741832,37.86154119468804,84.09215078507928,168.19857525973208,D1,RB|developmental,0.48953478104305315,59.76355500473765,29.256338813598706,1.8248413741904626,0.8933233225526322,0.5104652189569469,0.06893762743598716,0.06997193658292823,0.13765322522805024,0.14987451434470192,0.0630974774513856,8.82325172850171,16.754910108805795,30.927238043886447,81.4663186781373,174.47214530229027
sleeper:player:12474,sleeper:12474,Woody Marks,RB,00-0040583,24.67401794698043,1,developmental,prime,EXACT_NAME_POSITION,MAPPED_2025,PHASE2_ENTRY_SEASON,premium,0.5224719101123596,0.7833333333333333,1,0,91.05,1.138610653487095,D1,RB|developmental,0.8276100616927858,96.8465850088908,80.15120819394375,1.0636637562755717,0.8802988269516062,0.17238993830721416,0.03594771382711453,0.054847874336357856,0.13091372665920153,0.34794082516424724,0.2579599217058647,9.131600952283499,17.648147558215612,34.85615660943561,82.73605107621918,176.40176464087375,D1,RB|developmental,0.6955104688075815,86.49256763964061,60.1564862674179,0.9499458280026427,0.6606972681759242,0.3044895311924185,0.05263513437429315,0.059384576532420644,0.12069188686944549,0.27593604800384036,0.18686282302758184,5.227352841370795,13.414918196853051,28.325035388669725,80.28861998730439,179.33785652604408
sleeper:player:12481,sleeper:12481,Cam Skattebo,RB,00-0040715,23.570641423164062,1,developmental,prime,EXACT_NAME_POSITION,MAPPED_2025,PHASE2_ENTRY_SEASON,elite,0.8258426966292135,0.5694444444444444,1,0,192.0,1.12603125,D1,RB|developmental,0.9326566683298105,147.11459999993065,137.20741269860807,0.7662218749996388,0.7146219411385837,0.06734333167018947,0.017656103870407034,0.02365765622184671,0.050097221643219086,0.24691184112284623,0.5943338454714915,11.645076168712933,19.70700946517931,37.64000662044401,86.64550746988877,190.5597732710798,D1,RB|developmental,0.8757036054085642,125.00785745890805,109.46983148116566,0.6510825909318128,0.5701553722977378,0.12429639459143582,0.025088385526770472,0.03577440883691934,0.09808517073952144,0.2921208683718209,0.424634771933532,8.45478026536491,16.87563014006357,33.339401700929855,84.7164148100171,189.89604894414066
sleeper:player:12482,sleeper:12482,Savion Williams,WR,00-0040009,23.7759844486882,1,developmental,prime,EXACT_NAME_POSITION,MAPPED_2025,PHASE2_ENTRY_SEASON,starter,0.05371900826446281,0.08928571428571429,1,0,20.7,1.2541304347826088,D1,WR|developmental,0.691018762851998,26.701131801448263,18.45098306418492,1.2899097488622349,0.8913518388495132,0.30898123714800196,0.13419559979182608,0.21626645159410945,0.20328980982317793,0.11853772938330082,0.018729172259583766,1.5940641209264896,11.556291138943386,28.79324830972378,65.2270678167466,114.93226069605582,D1,WR|developmental,0.5803180423353073,29.738756587973953,17.257937004619265,1.436654907631592,0.8337167635081771,0.41968195766469274,0.10664274979188813,0.15028822510095075,0.20278121870104743,0.0935841924940691,0.02702165624735182,3.088267072572222,11.95239133897654,25.907419150718084,68.35696591193283,128.84563829090058
sleeper:player:12483,sleeper:12483,Jack Bech,WR,00-0040729,22.705462808955694,1,developmental,prime,EXACT_NAME_POSITION,MAPPED_2025,PHASE2_ENTRY_SEASON,premium,0.26859504132231404,0.011363636363636364,1,0,43.85,1.337411630558723,D1,WR|developmental,0.8489205329435231,40.971482213935964,34.781532516540594,0.9343553526553241,0.7931934439347912,0.1510794670564769,0.09812373633890555,0.17354770836134775,0.30020415664886824,0.20551904958068148,0.07152588201372004,3.252912498874501,13.013731220592113,30.6997132117014,68.32329940657436,125.07249171077368,D1,WR|developmental,0.7445006885027098,46.281395082204504,34.45653050356718,1.0554480064356786,0.7857817674701751,0.2554993114972902,0.09305819417409078,0.12970109975662206,0.21709700050121392,0.23844665653135177,0.06619773753943126,4.641521752641282,13.692584302304219,28.22159420721661,71.63677756888583,136.56481953650538
sleeper:player:12487,sleeper:12487,Terrance Ferguson,TE,00-0040737,22.4891681554036,1,developmental,prime,EXACT_NAME_POSITION,MAPPED_2025,PHASE2_ENTRY_SEASON,premium,0.4453125,0.62,1,0,49.3,1.271004056795132,D1,TE|developmental,0.901311719310202,52.03747366505556,46.901984857610586,1.055526849189768,0.9513587192213101,0.09868828068979796,0.04894278059112537,0.07342071969045831,0.17193160991213222,0.3567495876856584,0.25026702143082774,7.063580410295479,14.346964319522726,24.511881722831333,50.129086857809796,93.52015562303592,D1,TE|developmental,0.8464188248713935,56.6458721223941,47.946132515652046,1.1490034913264524,0.9725381849016643,0.15358117512860647,0.05965138232655281,0.05579078494772085,0.1899622574285391,0.30035614919562287,0.2406582509729579,10.63173461540503,16.288099116445302,24.389492692201024,55.241156791711376,104.6218224062182
sleeper:player:12489,sleeper:12489,RJ Harvey,RB,00-0040730,24.572715387721857,1,developmental,prime,EXACT_NAME_POSITION,MAPPED_2025,PHASE2_ENTRY_SEASON,premium,0.5674157303370787,0.9166666666666666,1,0,112.95,1.1906197432492254,D1,RB|developmental,0.8555068790498427,109.66875610596006,93.82237526548826,0.9709495892515277,0.8306540528153011,0.14449312095015732,0.02379727571504245,0.0437936294832571,0.09759381587358543,0.36500189345049117,0.32532026452746654,10.391674419964644,18.902922738465655,36.18515826796967,84.4337766533932,179.5071640907903,D1,RB|developmental,0.7411117606569666,91.96199373876797,68.15411509326327,0.8141832114986097,0.6034007533710781,0.2588882393430334,0.047620665251951536,0.06155114259961564,0.10623891572621275,0.32021377238309556,0.2054872646960911,6.547395230340079,14.780689265473143,29.650080445965216,82.23742529550195,182.24490426057847
sleeper:player:12490,sleeper:12490,Bhayshul Tuten,RB,00-0040719,23.546000260101167,1,developmental,prime,EXACT_NAME_POSITION,MAPPED_2025,PHASE2_ENTRY_SEASON,elite,0.7247191011235955,0.3194444444444444,1,0,162.7,1.1067332513829133,D1,RB|developmental,0.9556180911120714,123.57987388387895,118.09516318078292,0.7595566925868406,0.725846116661235,0.04438190888792859,0.023292654595418297,0.03869859914258955,0.09501814331130476,0.3632977882296108,0.435310905833148,12.48584769031767,20.748443016510997,38.41351068754716,87.2036999317931,187.6141996339452,D1,RB|developmental,0.908215290963625,110.59795897662623,100.44675749193965,0.6797661891618084,0.6173740472768264,0.09178470903637503,0.031234497028193448,0.0516571197989017,0.1460484452494664,0.3182478390820136,0.36102738980504984,8.23082808435705,16.582757774664316,32.31418486715199,84.44932619536819,187.62510571637065
sleeper:player:12492,sleeper:12492,Pat Bryant,WR,00-0040134,22.7273660650116,1,developmental,prime,EXACT_NAME_POSITION,MAPPED_2025,PHASE2_ENTRY_SEASON,premium,0.32644628099173556,0.17045454545454544,1,0,52.7,1.3238235294117646,D1,WR|developmental,0.8293174333746393,57.721193007650314,47.869191636426734,1.095278804699247,0.9083338071428222,0.17068256662536074,0.06401996206977828,0.10413464221487184,0.21061523586442582,0.32167073106024036,0.12887686216532296,4.858299805333893,14.555697047857123,32.36748753582134,70.28146367657438,128.94351290969803,D1,WR|developmental,0.7342220584535855,62.925760073762035,46.201481091114005,1.194037193050513,0.8766884457516888,0.26577794154641454,0.059855492765464306,0.08430887663971949,0.1856742513869524,0.2670118838551253,0.1373715538063239,6.3682879318363135,15.468024904525244,30.191715769748427,73.76155744677739,139.87739899083473
sleeper:player:12493,sleeper:12493,Oronde Gadsden,TE,00-0040189,22.187998384634867,1,developmental,prime,EXACT_NAME_POSITION,MAPPED_2025,PHASE2_ENTRY_SEASON,premium,0.5703125,0.94,1,0,65.45,1.3226203208556149,D1,TE|developmental,0.9207039914151746,64.6709467762941,59.542798825532294,0.9880969713719495,0.9097448254473994,0.07929600858482544,0.04139932154977008,0.043491782640350814,0.1591994412877241,0.24595832886114571,0.4306551170761838,6.989608977678898,14.069759252574883,24.541908965262643,50.571101567938086,98.21332974325153,D1,TE|developmental,0.8777709085157815,67.14427618289251,58.93729230669211,1.0258865726950728,0.9004933889486952,0.12222909148421846,0.04768108808991837,0.04495926996744977,0.136948297596316,0.3060741518141648,0.3421081010479326,11.131376470172583,16.88099827140511,25.692039284511722,56.119732065820266,108.01351461419665
sleeper:player:12495,sleeper:12495,Ollie Gordon,RB,00-0040198,21.62946535520921,1,developmental,young,EXACT_NAME_POSITION,MAPPED_2025,PHASE2_ENTRY_SEASON,starter,0.16292134831460675,0.5526315789473685,1,0,24.45,1.1334560327198364,D1,RB|developmental,0.820727245412364,57.583852852465,47.2606369318345,2.3551678058267895,1.9329503857601023,0.17927275458763603,0.0805230270707116,0.18290995997040543,0.25651264780402516,0.2481752055431407,0.05260640502408108,16.427191535174217,25.23841456008485,41.71771204699402,87.46897357141164,169.42349643427332,D1,RB|developmental,0.7470783954845075,51.84195035937172,38.730001093266914,2.1203251680724633,1.5840491244689945,0.2529216045154925,0.09342698181214538,0.1608125942406084,0.25455746232556764,0.1788551459635097,0.059426211142676356,12.445204445135126,20.312347219250434,34.44686032615335,84.30976072007653,175.89649149827454
sleeper:player:12496,sleeper:12496,Tai Felton,WR,00-0040154,22.467264899347693,1,developmental,prime,EXACT_NAME_POSITION,MAPPED_2025,PHASE2_ENTRY_SEASON,usable,0.012396694214876033,0.16666666666666666,1,0,5.6,1.439375,D1,WR|developmental,0.6189836136472485,17.46537939039481,10.810783648786757,3.1188177482847874,1.9304970801404924,0.3810163863527515,0.19543671347062447,0.21854930903734293,0.1431082609521067,0.05424480707207856,0.007644523115095865,1.2343599703765165,10.606921630388108,28.093532662365753,62.25323070297232,111.72415784927531,D1,WR|developmental,0.5178547650563788,24.97157458219884,12.931648888352422,4.459209746821222,2.3092230157772184,0.48214523494362116,0.11598608260594818,0.17553009125886337,0.13580442468564344,0.07076236424085101,0.01977180226507281,2.5701996672437346,11.285276038395473,27.873291717601965,62.940301609208525,122.06854177842553
sleeper:player:12497,sleeper:12497,Tory Horton,WR,00-0040648,22.757483042088474,1,developmental,prime,EXACT_NAME_POSITION,MAPPED_2025,PHASE2_ENTRY_SEASON,starter,0.25206611570247933,0.9464285714285714,1,0,41.9,1.2643317422434368,D1,WR|developmental,0.6965830754772677,61.717531266922,42.99138774077696,1.472972106609117,1.0260474401140085,0.3034169245227323,0.06273790084763928,0.0959163473626637,0.14014167233453162,0.2702595024519044,0.12752765248052875,7.453671508454391,17.236798887425003,34.88459614115918,72.43884572125788,128.6340404091771,D1,WR|developmental,0.640630802937209,63.0511372771797,40.39250069998382,1.5048004123431908,0.9640214964196616,0.359369197062791,0.08284996096056559,0.0711621721249735,0.1719171069500002,0.1842120299323262,0.13048953296934354,9.716367052760681,18.75427641757401,33.20937879434027,76.6283405734631,141.22038840842293
sleeper:player:12498,sleeper:12498,Mason Taylor,TE,00-0040736,21.317343956412522,1,developmental,young,EXACT_NAME_POSITION,MAPPED_2025,PHASE2_ENTRY_SEASON,premium,0.5546875,0.9,1,0,59.45,1.4134230445752733,D1,TE|developmental,0.9231412842102462,65.61337997675919,60.570419853120335,1.1036733385493556,1.018846423097062,0.07685871578975378,0.03246408601378079,0.04551708782190324,0.12880182203807616,0.2568864399194884,0.4594718484169976,5.673955608083901,12.743726112807373,23.196605507914015,49.05782935513099,96.23246067015256,D1,TE|developmental,0.8819514578708412,67.35268016726063,59.401794465024,1.1329298598361754,0.9991891415479225,0.11804854212915883,0.03143764323407367,0.04531567651509827,0.13148025685347464,0.3062404809165746,0.36747740035162,9.269248181277227,15.000772465631478,23.87932811464747,53.95019493094988,105.50098352396155
sleeper:player:12499,sleeper:12499,Elic Ayomanor,WR,00-0040170,22.24823233878861,1,developmental,prime,EXACT_NAME_POSITION,MAPPED_2025,PHASE2_ENTRY_SEASON,starter,0.08677685950413223,0.23214285714285715,1,0,23.4,1.3206410256410257,D1,WR|developmental,0.7116280949528591,44.66965859045968,31.78818404492344,1.9089597688230635,1.3584694036292069,0.28837190504714094,0.08075625286152013,0.12999841116837887,0.22501151363538618,0.22659531585610695,0.04926660143146691,5.968571237605005,15.903147960924933,33.207402326765006,69.83511962377379,120.61805779652127,D1,WR|developmental,0.6435036253345838,49.269925868264856,31.705375916194626,2.1055523875326863,1.354930594709172,0.35649637466541617,0.08099462012964435,0.11165244670230344,0.2045823767423243,0.17109525540526543,0.07517892635504629,8.20275792772673,17.096242266543364,31.12501294247301,73.76132070351244,134.93566267142174
sleeper:player:12500,sleeper:12500,Quinn Ewers,QB,00-0040234,22.467264899347693,1,developmental,young,EXACT_NAME_POSITION,MAPPED_2025,PHASE2_ENTRY_SEASON,depth,0.13934426229508196,0.6538461538461539,1,0,4.14,1.0327294685990338,D1,QB|developmental,0.36804643366623924,61.83008886369305,22.756343699548882,14.93480407335581,5.496701376702629,0.6319535663337608,0.07166261878260576,0.12066629703194974,0.0886463960077247,0.05441152279930213,0.03265959904465692,17.2804857191676,27.40198138549723,50.57251215717803,107.94781189435618,240.50532388337353,D1,QB|developmental,0.4459516048614607,82.0626637578059,36.595976601999965,19.821899458407223,8.839607874879219,0.5540483951385393,0.06606786551968692,0.11855096230011467,0.10844870018238406,0.08467321647836451,0.06821086038091047,20.941558273686617,27.222335066452253,57.21054800755344,105.94455146486852,246.44320457351486
sleeper:player:12501,sleeper:12501,Matthew Golden,WR,00-0040667,22.086695825376292,1,developmental,prime,EXACT_NAME_POSITION,MAPPED_2025,PHASE2_ENTRY_SEASON,premium,0.5743801652892562,0.8522727272727273,1,0,93.25,1.2699249329758713,D1,WR|developmental,0.8704162939705005,76.6710633435646,66.73574281028299,0.8222097945690573,0.7156648022550455,0.12958370602949953,0.0500623476150633,0.08592444692360943,0.14499330884847877,0.3562570347261026,0.2331791558572464,8.152147666078974,17.452568061610037,35.870466596964334,74.62156386373485,141.70473372672046,D1,WR|developmental,0.8024289811300362,75.14199850653246,60.29611730167155,0.8058123164239406,0.6466071560500971,0.19757101886996375,0.06492709179330435,0.072443017534588,0.18858977216276923,0.27505778430338396,0.2014113153359907,9.99897793519316,19.28479154873898,35.389280913753915,78.18840627451385,149.29388643506368
sleeper:player:12502,sleeper:12502,Gunnar Helm,TE,00-0040584,22.98746723067551,1,developmental,prime,EXACT_NAME_POSITION,MAPPED_2025,PHASE2_ENTRY_SEASON,premium,0.5859375,0.98,1,0,65.7,1.3898858447488585,D1,TE|developmental,0.9042680077448698,61.41983141632272,55.53998859086391,0.9348528373869516,0.8453575127985374,0.09573199225513018,0.0505506698957313,0.048006814440853675,0.1915790101275526,0.219560862116456,0.39457065116427625,6.696915093913731,13.733089349851568,24.25357346605564,50.273816626665216,98.48055080309986,D1,TE|developmental,0.8496258240167623,63.49104181506574,53.94362871980795,0.9663781098183521,0.8210597978661788,0.15037417598323766,0.04806611801628633,0.05087373346832124,0.1397196443175927,0.30849617548335256,0.30247015273120953,9.853449168149915,15.611385600249584,24.5922107193461,54.75421005047164,106.94715686872843
sleeper:player:12503,sleeper:12503,Isaiah Bond,WR,00-0040782,21.4651909347899,1,developmental,young,EXACT_NAME_POSITION,MAPPED_2025,PHASE2_ENTRY_SEASON,starter,0.10330578512396695,0.30357142857142855,1,0,24.0,1.3018958333333333,D1,WR|developmental,0.7432530863818044,48.33868108909327,35.92787391109434,2.014111712045553,1.4969947462955975,0.25674691361819557,0.06765714362204193,0.13788166769028867,0.21251213992330942,0.25987964973493793,0.06532248541122648,6.235466626717333,16.13567719072948,33.48456345038354,70.14237238818507,121.5008050993136,D1,WR|developmental,0.682754049397132,53.80881716622705,36.73818781351143,2.2420340485927936,1.5307578255629763,0.317245950602868,0.0580082523662218,0.1196363905223537,0.21509021934649586,0.19617952891721846,0.09383965824484225,8.68508399754338,17.589551427277264,31.744868551950276,74.23930719263522,135.73992074973205
sleeper:player:12506,sleeper:12506,Harold Fannin,TE,00-0040663,21.11747674490236,1,developmental,young,EXACT_NAME_POSITION,MAPPED_2025,PHASE2_ENTRY_SEASON,elite,0.9296875,0.8269230769230769,1,0,110.4,1.3754121376811592,D1,TE|developmental,0.9800299270025083,98.95078041649847,96.97472610842223,0.8962933008740803,0.8783942582284622,0.01997007299749165,0.005985836370609325,0.010694856604484555,0.018501161631891232,0.1007363535607197,0.8441117188348035,3.8854042857051567,10.211481481594255,21.657703656371368,48.31876902052534,108.48576919982115,D1,TE|developmental,0.9654853346386673,91.78213741843079,88.6143076592858,0.8313599403843368,0.802665830247154,0.03451466536133274,0.010861266385555046,0.01779541703913048,0.051998602562464774,0.14585684115336064,0.7389732074981563,4.482842347370401,10.47002274898444,22.06248562066449,49.32686644398754,108.30896132119395
sleeper:player:12507,sleeper:12507,Omarion Hampton,RB,00-0040666,22.464526992340705,1,developmental,prime,EXACT_NAME_POSITION,MAPPED_2025,PHASE2_ENTRY_SEASON,elite,0.8932584269662921,0.7361111111111112,1,0,218.6,1.1155329368709974,D1,RB|developmental,0.9481077880491718,154.82015404971952,146.78619380151162,0.7082349224598331,0.6714830457525691,0.05189221195082816,0.016969238609951223,0.021326704836959018,0.04484288714537697,0.2309679873128191,0.6340009701440655,13.739053127616984,21.678783955267825,39.78421309221316,88.97092047344819,195.20039861606438,D1,RB|developmental,0.909543444965885,130.55545463678828,118.74585796943174,0.597234467688876,0.5432106951941068,0.09045655503411498,0.024469720693032205,0.03909417210709458,0.08990287031166144,0.30736240695200523,0.44871427490209154,11.64288282356744,20.11176224092427,37.01324311204898,88.01737030489791,194.5422387497815
sleeper:player:12508,sleeper:12508,Jaxson Dart,QB,00-0040691,22.30572838593537,1,developmental,young,EXACT_NAME_POSITION,MAPPED_2025,PHASE2_ENTRY_SEASON,elite,0.7786885245901639,0.55,1,0,286.81,1.0405076531501691,D1,QB|developmental,0.959006633070607,240.57832427733464,230.71620875497536,0.838807308940883,0.8044217731424126,0.04099336692939304,0.008070668052807244,0.02328788439157244,0.026859735651217624,0.10660787611920262,0.7941804688558071,20.789884905866884,31.427637967025436,55.33772698404218,119.88391604727482,271.4113723004689,D1,QB|developmental,0.9541703967354694,227.06828832773726,216.66183875972104,0.7917028287986376,0.7554194022513896,0.04582960326453056,0.014378601120397823,0.04200920473997367,0.043088767233693134,0.12989396076123597,0.7247998628801688,19.78360611680665,26.82137252309439,53.64739751526738,118.03036848770033,272.6374706894512
sleeper:player:12509,sleeper:12509,Tre' Harris,WR,00-0040727,23.507669562003326,1,developmental,prime,EXACT_NAME_POSITION,MAPPED_2025,PHASE2_ENTRY_SEASON,premium,0.29338842975206614,0.07954545454545454,1,0,47.05,1.3145164718384699,D1,WR|developmental,0.8260162644268385,51.0820550456167,42.194608288026444,1.0856972379514709,0.8968035767912104,0.1739837355731615,0.07024950654403132,0.11478486760629912,0.2552642391601089,0.2749354357189482,0.11078221539745096,3.071196375974921,12.79989243620254,30.542434860801787,68.27438848970252,125.85218759824475,D1,WR|developmental,0.7140444070626831,57.65644849538766,41.16926457922921,1.2254292985204605,0.8750109368592818,0.28595559293731687,0.06410956047834693,0.09459273421173577,0.1748341360463658,0.2643450124923291,0.11616296383390556,4.232767501415587,13.303801058237205,27.93782085855434,71.3626868992906,136.79580083388004
sleeper:player:12511,sleeper:12511,Will Howard,QB,00-0040203,23.93752096210052,1,developmental,young,EXACT_NAME_POSITION,MAPPED_NO_2025_ROW,APPROVED_2025_ROSTER_FIRST_OBSERVED_FALLBACK,depth,0.20491803278688525,0.9615384615384616,0,0,5.11,1.1180039138943247,D1,QB|developmental,0.4232075566339377,109.11099957053662,46.17659953013343,21.35244609990932,9.036516542100475,0.5767924433660623,0.10668252330319866,0.11617560166215656,0.010790368210502626,0.025407169204444444,0.1641518942536355,12.478435207623207,22.50934866507321,45.83247807670876,103.47608413823133,238.23512933658162,D1,QB|developmental,0.5796121564938533,123.58948868183252,71.63397005484963,24.185809918166832,14.018389443219105,0.42038784350614666,0.08931675164987014,0.11029080775699444,0.05726505600893158,0.08330945142979698,0.2394300896482602,12.671202932461522,19.00378703485394,49.29428314133038,97.98948656245146,239.81942359396112
sleeper:player:12512,sleeper:12512,Quinshon Judkins,RB,00-0040784,21.843022101754315,1,developmental,young,EXACT_NAME_POSITION,MAPPED_2025,PHASE2_ENTRY_SEASON,elite,0.8146067415730337,0.5416666666666666,1,0,191.8,1.0970828988529717,D1,RB|developmental,0.9618314367093159,160.34671820204412,154.2265143398959,0.8360100010534104,0.8041007004165585,0.03816856329068408,0.010462345393578478,0.018780488200811966,0.03624185554147617,0.2175603856353919,0.6787863619380574,16.26166375645547,24.356215249915863,42.2539230580615,91.26909798030073,194.77565294281732,D1,RB|developmental,0.9321557831304695,141.63782154763226,132.02851446562684,0.7384662228760805,0.6883655603004527,0.06784421686953046,0.015781702516633793,0.033237326547594696,0.08007148039019225,0.2688696046127577,0.5341956690632911,13.29754811650205,21.71259800826349,38.04993383223234,89.62940272806168,194.59470980973248
sleeper:player:12514,sleeper:12514,Emeka Egbuka,WR,00-0040129,22.883426764409947,1,developmental,prime,EXACT_NAME_POSITION,MAPPED_2025,PHASE2_ENTRY_SEASON,elite,0.8388429752066116,0.5666666666666667,1,0,140.35,1.2798574991093694,D1,WR|developmental,0.9503904432779479,126.51194890233946,120.23574719725148,0.9014032696996043,0.8566850530619985,0.04960955672205214,0.012494965993989799,0.021314998716833924,0.039786169757873975,0.23056499763257626,0.6462293111766739,11.33306718509479,20.093560886307984,39.22025915171657,78.48514904970706,154.75852435130406,D1,WR|developmental,0.910892176882022,115.99797366330792,105.661646744074,0.8264907279181184,0.7528439383261418,0.08910782311797805,0.022683304385956768,0.03373006008419009,0.08448309010314294,0.23134211104299685,0.5386536112657353,10.308389839882686,19.77172043070417,37.85759390309151,78.50055968277931,154.8343938020911
sleeper:player:12517,sleeper:12517,Colston Loveland,TE,00-0040126,21.396743259615185,1,developmental,young,EXACT_NAME_POSITION,MAPPED_2025,PHASE2_ENTRY_SEASON,elite,0.9453125,0.8653846153846154,1,0,113.85,1.3097979797979797,D1,TE|developmental,0.9797587790518206,100.81723194514471,98.7765680779592,0.8855268506380739,0.8676027059987633,0.020241220948179373,0.005876266877471749,0.01015630952826617,0.015500356677970346,0.08427131963174034,0.863954526336372,3.886041994167101,10.184139497636352,21.670142826743394,48.37432387939865,109.07731073765981,D1,TE|developmental,0.9647703671491974,93.77620443955199,90.47250318700476,0.8236820767637417,0.7946640596135685,0.035229632850802606,0.010427297501645097,0.01662518785633514,0.04388412316828471,0.12852039884071134,0.7653133597822211,4.259160525703159,10.257534556753285,21.949947056380303,49.131835225628116,108.42599297969483
sleeper:player:12518,sleeper:12518,Tyler Warren,TE,00-0040128,23.2749474664093,1,developmental,prime,EXACT_NAME_POSITION,MAPPED_2025,PHASE2_ENTRY_SEASON,elite,0.9609375,0.9038461538461539,1,0,114.3,1.3454330708661417,D1,TE|developmental,0.9659024495499338,100.81664004378042,97.37903957368145,0.8820353459648331,0.8519601012570556,0.03409755045006624,0.008051709353998958,0.01047051510265536,0.01918822470640997,0.0905324425559446,0.8376595578309248,4.515296489709144,10.76951088011058,22.303798935876642,48.999332938224484,110.26666015876407,D1,TE|developmental,0.9400876462112637,92.89336925600614,87.32790885251258,0.812715391566108,0.764023699497048,0.05991235378873627,0.015971834147554553,0.015927597714543065,0.04383158218765166,0.13240738260314577,0.7319492495583687,4.381320582171668,10.388025965173277,22.249816975521604,49.16707571594357,108.76047265437573
sleeper:player:12519,sleeper:12519,Luther Burden,WR,00-0040735,21.72255419344682,1,developmental,young,EXACT_NAME_POSITION,MAPPED_2025,PHASE2_ENTRY_SEASON,elite,0.78099173553719,0.4111111111111111,1,0,129.6,1.277704475308642,D1,WR|developmental,0.9584671903826615,125.44111942317369,120.2311972919852,0.9679098720923897,0.927709855648034,0.04153280961733852,0.01100338794717371,0.02395746666590485,0.03774025490611791,0.23676605496299277,0.6490000259004722,11.903893422128938,20.788212264750847,39.75680414457037,78.92790702000764,153.1807336987181,D1,WR|developmental,0.927674905505657,116.71290121581919,108.27162960667614,0.9005625093813209,0.8354292407922542,0.07232509449434299,0.014696803892802613,0.036056185493440085,0.08650189036165888,0.24253122520594736,0.5478888005518081,11.276009609802749,20.701537152139025,38.32902798167516,79.50911921141879,154.7038601305463
sleeper:player:12521,sleeper:12521,Elijah Arroyo,TE,00-0040739,22.409768852200934,1,developmental,prime,EXACT_NAME_POSITION,MAPPED_2025,PHASE2_ENTRY_SEASON,premium,0.3671875,0.42,1,0,40.15,1.3505105853051058,D1,TE|developmental,0.8997781006131833,44.48391885118086,40.02565601174649,1.107943184338253,0.9969030139911953,0.10022189938681669,0.06015152471991958,0.09326442742744635,0.21789257259186617,0.3570763483078252,0.17139322756612602,6.6756338619566975,14.070037218473061,24.051490483518016,49.359121240539714,90.12174405244261,D1,TE|developmental,0.8378617169279193,50.51694115158364,42.32621104721253,1.2582052590680857,1.0542020186105239,0.16213828307208067,0.06890476349765375,0.06704588728751298,0.20979249395083502,0.3005768762970628,0.19154169589485479,9.812534177294289,15.40773292268372,23.135454237490038,54.06883951535026,101.86590420779271
sleeper:player:12522,sleeper:12522,Cam Ward,QB,00-0040676,23.272209559402313,1,developmental,young,EXACT_NAME_POSITION,MAPPED_2025,PHASE2_ENTRY_SEASON,elite,0.5819672131147541,0.15,1,0,244.17,1.0457181471925299,D1,QB|developmental,0.9533951133626045,193.51566734616847,184.49689160694035,0.7925448144578305,0.7556083532249677,0.04660488663739548,0.010041954385082739,0.04053941560225957,0.06866575750851522,0.21545068260959618,0.6186973032571508,10.232030353552602,21.355819195521768,44.693531702613186,109.13227397583847,253.67308154697798,D1,QB|developmental,0.9433860713221782,184.97006786662521,174.49818563689223,0.7575462500168949,0.714658580648287,0.05661392867782178,0.018107165249602823,0.07687895568873664,0.07799193652611519,0.23283819205306142,0.5375698218046622,15.114376075633668,22.035288043316104,47.018950551678344,113.97250656993431,264.7585486482956
sleeper:player:12524,sleeper:12524,Shedeur Sanders,QB,00-0040668,23.565165609150085,1,developmental,young,EXACT_NAME_POSITION,MAPPED_2025,PHASE2_ENTRY_SEASON,starter,0.45081967213114754,0.75,1,0,61.05,1.073022113022113,D1,QB|developmental,0.6556513106541275,119.62360131081043,78.43137098459967,1.9594365489076238,1.284707141434884,0.3443486893458725,0.03853932881366974,0.09379822835594395,0.1134901890998325,0.20522497680269686,0.2045985875819845,8.151613188068715,18.841543300921842,42.20291191941313,104.10325317290159,245.33749877700853,D1,QB|developmental,0.6880781380189738,133.79999652158907,92.06485247352018,2.1916461346697638,1.508023791540052,0.3119218619810262,0.05171703199913851,0.08718330287793875,0.11379386551445413,0.17972491755122635,0.25565902007621605,13.187648868629022,19.894255130858404,46.958331534616796,106.94582482790541,254.57337633502686
sleeper:player:12526,sleeper:12526,Tetairoa McMillan,WR,00-0040124,22.409768852200934,1,developmental,prime,EXACT_NAME_POSITION,MAPPED_2025,PHASE2_ENTRY_SEASON,elite,0.8471074380165289,0.5888888888888889,1,0,141.65,1.2946558418637486,D1,WR|developmental,0.9554227116568857,129.26933884865247,123.50686225687234,0.9125968150275501,0.8719157236630591,0.04457728834311425,0.011691570243110043,0.02026732320546352,0.03666058990294766,0.2186399702895864,0.6681632580157781,12.12765918646231,20.8691806261743,40.01915151552089,79.29326377273587,155.85757621673437,D1,WR|developmental,0.9213251261476929,118.7012576611089,109.36245118851096,0.837989817586367,0.7720610743982418,0.07867487385230709,0.02269071519644138,0.03251027373818762,0.0815725413684469,0.22346146334947528,0.5610901324951417,11.279287229546746,20.74778735114645,38.90474500251007,79.45628529630565,155.95181250688748
sleeper:player:12527,sleeper:12527,Ashton Jeanty,RB,00-0040122,21.749933263516706,1,developmental,young,EXACT_NAME_POSITION,MAPPED_2025,PHASE2_ENTRY_SEASON,elite,0.8595505617977528,0.6527777777777778,1,0,207.65,1.136879364314953,D1,RB|developmental,0.9676448062689819,168.2057225630412,162.76339382284812,0.8100444139804537,0.783835270035387,0.03235519373101814,0.008119817184895668,0.015077469422205511,0.027933307353334137,0.18151640106437678,0.7349978112441697,16.35544389171247,24.364296271824912,42.37922094715483,91.5014297375689,196.55900254936086,D1,RB|developmental,0.9420660099785101,148.95526526194814,140.32569241061407,0.7173381423643059,0.6757798815825382,0.05793399002148991,0.014724265716033325,0.031129271072906868,0.06596511463026564,0.24455998819987862,0.5856873703594256,13.795284683602496,22.241592816304767,38.88920507308365,90.17162935374716,196.0303478112085
sleeper:player:12529,sleeper:12529,TreVeyon Henderson,RB,00-0040734,22.86152350835404,1,developmental,prime,EXACT_NAME_POSITION,MAPPED_2025,PHASE2_ENTRY_SEASON,elite,0.7134831460674157,0.2916666666666667,1,0,162.5,1.112803076923077,D1,RB|developmental,0.9616926217520207,138.70477692800992,133.39136057342705,0.8535678580185226,0.8208699112210895,0.03830737824797926,0.01566737858792542,0.027208939030280366,0.06800236067169989,0.31762268041422453,0.5331912630478907,15.083183678490599,23.37828613875999,41.008123848112255,89.80762567557491,189.81061254946013,D1,RB|developmental,0.9244226040075393,124.99228365734257,115.54569233936961,0.769183284045185,0.7110504143961207,0.07557739599246072,0.02873345189185058,0.038869739901756226,0.11932611836949081,0.28690548153114964,0.45058781231329204,10.501986116864309,18.848095835271188,34.45357205348836,86.78989720047687,189.7512601136574
sleeper:player:12531,sleeper:12531,Trevor Etienne,RB,00-0040644,21.147593721979234,1,developmental,young,EXACT_NAME_POSITION,MAPPED_2025,PHASE2_ENTRY_SEASON,usable,0.0056179775280898875,0.125,1,0,6.35,1.1906299212598426,D1,RB|developmental,0.7519955621815471,30.354516081894772,22.82646138575327,4.780238753054295,3.594718328465082,0.24800443781845294,0.20960481078215412,0.28110921256421606,0.18885750409469723,0.06406505334543501,0.00835898139504466,13.457698643820947,21.991386535665235,38.369205112014335,81.86624922811185,159.42178325263038,D1,RB|developmental,0.6614228379252295,36.114190769494314,23.886750548132056,5.687274136928239,3.761692999705836,0.3385771620747705,0.12742892160292113,0.22290525258279473,0.19642417894395714,0.08964592819605836,0.02501855659949812,11.605715761188868,19.25952020846821,34.82915437875168,79.11799449898658,167.112133943596
sleeper:player:12533,sleeper:12533,Jacory Croskey-Merritt,RB,00-0040242,24.389275618253624,1,developmental,prime,EXACT_NAME_POSITION,MAPPED_2025,PHASE2_ENTRY_SEASON,elite,0.601123595505618,0.013888888888888888,1,0,122.05,1.059365014338386,D1,RB|developmental,0.9445870896155858,103.25628703025461,97.53455565041976,0.8460162804609145,0.7991360561279784,0.055412910384414205,0.02601129014630824,0.07433356414002312,0.12985859352968238,0.40566743703303454,0.3087162047665375,11.488619747953408,19.94610709176895,37.310633769097144,85.67374662943328,181.89165353096524,D1,RB|developmental,0.8789252326076183,118.47811901216254,104.13340831167805,0.9707342811320159,0.8532028538441463,0.12107476739238165,0.03223755295962812,0.0542588201910789,0.13632445857687467,0.19977142657420488,0.45633297430583175,5.493064823751219,13.751694720851631,28.807895498804278,81.29286303001378,181.9788779547071
sleeper:player:12534,sleeper:12534,Kyle Monangai,RB,00-0040236,23.239354675318452,1,developmental,prime,EXACT_NAME_POSITION,MAPPED_2025,PHASE2_ENTRY_SEASON,premium,0.5561797752808989,0.8833333333333333,1,0,112.1,1.099870651204282,D1,RB|developmental,0.8816287570461742,106.42540447107524,93.82769706197041,0.9493791656652564,0.8369999737909939,0.11837124295382584,0.03068409396482231,0.05217953756111598,0.11942499891981385,0.3829019015958799,0.29643822500454214,13.546390956957993,22.08639927309772,39.335408437906636,87.58114315965261,182.2536984145525,D1,RB|developmental,0.797172471871511,91.86197525060254,73.22983788152239,0.8194645428242867,0.6532545752142943,0.20282752812848903,0.05455786563444362,0.07172427182559797,0.12586864711683157,0.3400904127236238,0.204931274571014,10.061418724583845,18.28821838295145,33.04801740232072,85.79363131912102,185.58367218015334
sleeper:player:12535,sleeper:12535,Isaac TeSlaa,WR,00-0040669,23.529572818059233,1,developmental,prime,EXACT_NAME_POSITION,MAPPED_2025,PHASE2_ENTRY_SEASON,premium,0.34297520661157027,0.2159090909090909,1,0,53.75,1.262613953488372,D1,WR|developmental,0.8571864879832183,51.385285694307676,44.046772578317906,0.9560053152429335,0.8194748386663796,0.14281351201678172,0.07158736295847049,0.14495180366843502,0.22473338855386193,0.32073313155913247,0.09518080124331842,4.2008215454371935,13.86090490866961,31.718903438789514,69.65337692845684,128.89617609254304,D1,WR|developmental,0.7563203735185233,52.39326746745403,39.62609562084073,0.9747584645107726,0.7372296859691299,0.24367962648147667,0.07721090292461744,0.10904323951080586,0.2357243079133923,0.23880097725717556,0.09554094591253216,5.43434364507268,14.544533181773673,29.407639230692457,72.80185249605093,139.24158874098603
sleeper:player:12536,sleeper:12536,Jaylin Noel,WR,00-0040138,22.992943044689486,1,developmental,prime,EXACT_NAME_POSITION,MAPPED_2025,PHASE2_ENTRY_SEASON,premium,0.384297520661157,0.32954545454545453,1,0,57.0,1.2868070175438597,D1,WR|developmental,0.8709627337509925,50.74362140712342,44.1958032211736,0.8902389720547969,0.7753649687925193,0.12903726624900747,0.07773464724289118,0.152148533003346,0.23581891545450398,0.31332391203150667,0.0919367260187447,4.709296202912256,14.281630284599814,32.2521891281767,70.25592276364391,130.94072784359315,D1,WR|developmental,0.7778840111255675,52.30152646192351,40.68452119219107,0.9175706396828686,0.7137635296875626,0.2221159888744325,0.08288911714770493,0.11771209697835128,0.24093182056132695,0.24178678969338208,0.09456418674480227,6.090267255763109,15.227584459770455,30.415062736263444,73.4336003239052,140.68753679357528
sleeper:player:12540,sleeper:12540,Chimere Dike,WR,00-0040705,23.715750494534454,1,developmental,prime,EXACT_NAME_POSITION,MAPPED_2025,PHASE2_ENTRY_SEASON,starter,0.09504132231404959,0.26785714285714285,1,0,23.65,1.3177801268498945,D1,WR|developmental,0.681734569879084,43.317610625600466,29.53111264803337,1.8316114429429373,1.2486728392403117,0.318265430120916,0.07472658529408847,0.12429552032215771,0.21362299710452,0.22049452821033227,0.04859493894798553,4.117137230479877,14.033363002096742,31.360557777005816,67.99951968351544,119.07228728594995,D1,WR|developmental,0.5910326612296463,47.199522418951716,27.896459344041382,1.9957514764884448,1.1795543063019613,0.40896733877035374,0.07475338035543741,0.10301423941955874,0.18594686104194252,0.15615863738797317,0.0711595430247344,5.818345494079537,14.717111186224109,28.814253615539542,71.36625155248427,132.70278760361822
sleeper:player:12543,sleeper:12543,Tahj Brooks,RB,00-0040208,23.305064443486177,1,developmental,prime,EXACT_NAME_POSITION,MAPPED_2025,PHASE2_ENTRY_SEASON,starter,0.12921348314606743,0.39473684210526316,1,0,20.5,1.0969756097560976,D1,RB|developmental,0.7389500680831743,35.62977396878355,26.328623900020716,1.7380377545748074,1.2843231170741813,0.2610499319168257,0.15277118592675676,0.23307065553680745,0.2202421306157791,0.11272591046249271,0.02014018554133828,10.41307046345333,19.223128221067867,35.649503667704806,81.10749579951339,162.01542538061278,D1,RB|developmental,0.6101023877085954,33.06390000949385,20.17236434275045,1.6128731711948219,0.984017772817095,0.3898976122914046,0.14230469094468157,0.14655271705227937,0.20661693313440105,0.08912773333095814,0.025500313246275264,6.521160563554972,14.353081920310935,28.540574573245323,77.87679965681079,168.74070480635422
sleeper:player:12544,sleeper:12544,LeQuint Allen,RB,00-0040238,21.073670232790544,1,developmental,young,EXACT_NAME_POSITION,MAPPED_2025,PHASE2_ENTRY_SEASON,starter,0.06179775280898876,0.07894736842105263,1,0,17.65,1.3534277620396602,D1,RB|developmental,0.8275241873076374,42.66255883502536,35.30429932841863,2.4171421436274994,2.000243588012387,0.17247581269236256,0.140924412268862,0.26987220704746884,0.26094812519705224,0.13554650690452372,0.02023293588973062,16.63021998295755,25.55465128277696,41.812780881343556,87.0640847505902,165.67075992489455,D1,RB|developmental,0.7526473203452767,41.26017487007087,31.054360052936367,2.3376869614771034,1.759453827361834,0.2473526796547233,0.12309483123236845,0.18673473110755434,0.29094447002503315,0.11676569526216522,0.03510759271815553,12.452928630753796,20.235411404566328,34.01937315702798,83.63882197193524,173.15117997088112
sleeper:player:12545,sleeper:12545,Tyler Shough,QB,00-0040743,25.927979356181165,1,developmental,prime,EXACT_NAME_POSITION,MAPPED_2025,PHASE2_ENTRY_SEASON,elite,0.6967213114754098,0.38333333333333336,1,0,278.03,1.0446912203719023,D1,QB|developmental,0.9524984917982752,201.99869736377227,192.4034545842093,0.7265356161700978,0.6920240786397487,0.04750150820172483,0.02937753539665859,0.0216137033293562,0.057384246593938724,0.13612028543351465,0.708002721044807,1.4144502693191896,12.2761492355273,35.93628886837729,100.50746242722632,249.08560644741493,D1,QB|developmental,0.925760995127306,202.64077722566208,187.59692757779965,0.728845006746258,0.6747362787389838,0.07423900487269397,0.026483601047422606,0.028361946655564883,0.05685349175911568,0.12655068294396699,0.6875112727212359,0.00033827245874196166,6.99327245288388,32.958086026603546,98.65757642776906,251.68985108727352
sleeper:player:12670,sleeper:12670,KeAndre Lambert-Smith,WR,00-0040184,23.877287007946773,1,developmental,prime,EXACT_NAME_POSITION,MAPPED_2025,PHASE2_ENTRY_SEASON,usable,0.024793388429752067,0.6666666666666666,1,0,15.8,1.3161708860759493,D1,WR|developmental,0.5840362014618382,27.419731833818382,16.01411602532553,1.735426065431543,1.013551647172502,0.4159637985381618,0.1445862625143323,0.1798599192802666,0.15022897630559748,0.09124943843941347,0.018111604922228398,4.065727549937087,13.960444314188713,31.187550784724507,67.15322904973452,116.07889129593988,D1,WR|developmental,0.48922344295597886,34.964201513862584,17.105307044818503,2.212924146446999,1.0826143699252215,0.5107765570440211,0.10271229365406716,0.12994211745268425,0.12985622343653358,0.09328911480867962,0.03342369360401427,5.732757557853539,14.554686944159734,28.845539119297403,70.08141051665378,129.89617645121993
sleeper:player:12718,sleeper:12718,Konata Mumpfield,WR,00-0040590,22.856047694340063,1,developmental,prime,EXACT_NAME_POSITION,MAPPED_2025,PHASE2_ENTRY_SEASON,starter,0.0371900826446281,0.017857142857142856,1,0,18.05,1.3322991689750692,D1,WR|developmental,0.6561858982502272,26.69339800166482,17.515831345073252,1.4788586150506826,0.9704061687021192,0.3438141017497728,0.13396514598551673,0.20142479787430778,0.19399267281691163,0.10945059378808275,0.017352687785408324,2.069457039135081,12.002678142188948,29.228888520300153,65.42635182239312,114.66903414107924,D1,WR|developmental,0.5574396761319254,30.460864527121853,16.98009445669726,1.687582522278219,0.9407254546646681,0.44256032386807465,0.10134108408495619,0.13987433277087066,0.19972124043811823,0.09166327060004692,0.024839748237933366,3.7966093082276373,12.63834485813559,26.743486973125755,68.60912281828443,128.720423658488
sleeper:player:13079,sleeper:13079,Jahdae Walker,WR,00-0040277,23.159955372115785,1,developmental,prime,EXACT_NAME_POSITION,MAPPED_2025,PHASE2_ENTRY_SEASON,starter,0.045454545454545456,0.05357142857142857,1,0,19.6,1.294158163265306,D1,WR|developmental,0.6285676866671149,29.800963319648886,18.731922574283246,1.520457312226984,0.9557103354226145,0.37143231333288507,0.1181401472632194,0.1838872712228753,0.17842174170140299,0.12546463559550028,0.022653890884116994,2.420797178832572,12.376357419009942,29.603751181643545,65.94489792426958,115.40486465744715,D1,WR|developmental,0.5380402604821365,32.870079641996185,17.6854262126482,1.6770448796936828,0.9023176639106223,0.4619597395178635,0.09424211784987027,0.12037735840319032,0.1982460373055144,0.09661231770499107,0.028562429218570436,4.1233631497366545,12.977703403569429,26.973578292901195,69.2209148476254,129.5272201455164
sleeper:player:13269,sleeper:13269,Fernando Mendoza,QB,,22.919019555500796,0,developmental,young,UNMATCHED,UNMATCHED_COLD_START,UNMATCHED_COLD_START,elite,0.5163934426229508,0.016666666666666666,0,0,186.49,1.0550324414177703,D1,QB|developmental,0.934422449808847,187.7321265860731,175.421113632383,1.0066605533061992,0.9406462203463081,0.06557755019115297,0.03554371391489987,0.1368737887377573,0.018069255335193497,0.08410716178199544,0.6598285300390009,6.543531302420618,17.70087022380916,40.91647921829491,104.90128596913718,247.34224103053532,D1,QB|developmental,0.9469662902582366,150.50220569409055,142.52051540181498,0.8070256083119232,0.7642260464465385,0.05303370974176336,0.043095421333398505,0.13871763346406998,0.07785202608405295,0.26122224564490437,0.42607896373181087,8.438025864655412,15.296865952360669,40.22722802166259,106.5664133937178,255.97518380188072
sleeper:player:13272,sleeper:13272,Carson Beck,QB,,24.78353422725997,0,developmental,young,UNMATCHED,UNMATCHED_COLD_START,UNMATCHED_COLD_START,usable,0.4180327868852459,0.9615384615384616,0,0,14.22,1.0810829817158931,D1,QB|developmental,0.507201925949225,118.82171091842525,60.266600622407346,8.35595716725916,4.238157568383076,0.492798074050775,0.09868465759371053,0.12697222285726037,0.00473087296944156,0.050932108819838756,0.22588206370897376,2.307653299451836,12.254020724263405,35.960890805760485,95.15950342244756,236.69940378917863,D1,QB|developmental,0.621265102761948,128.09695777124003,79.58216963324236,9.00822487842757,5.59649575479904,0.378734897238052,0.08043023175032762,0.10658874419501348,0.029299073106867326,0.10914661544847237,0.29580043826126723,0,4.5771469379251695,34.93394699381567,85.90635088982938,232.23216970497262
sleeper:player:13274,sleeper:13274,Germie Bernard,WR,,22.74926932106751,0,developmental,prime,UNMATCHED,UNMATCHED_COLD_START,UNMATCHED_COLD_START,premium,0.41735537190082644,0.42045454545454547,0,0,65.45,1.3146371275783042,D1,WR|developmental,0.7364938662357186,85.22939764789537,62.77092859063991,1.3022062283864837,0.9590668997805945,0.26350613376428145,0.0818615662495549,0.1150442158465779,0.01851202532291298,0.15301874022330203,0.3680573185933707,5.618340076477715,15.174230143679331,33.20609417490921,71.4402000022172,133.18277106880942,D1,WR|developmental,0.606853366786989,75.77329276495603,45.98327782694976,1.1577279261261424,0.702571089792968,0.393146633213011,0.06301760955979627,0.054095976145581814,0.09953073549299825,0.20013065345880357,0.1900783921298091,6.133605669739204,15.302299838263032,30.514598201113493,73.84823872078232,141.796880941778
sleeper:player:13275,sleeper:13275,Ty Simpson,QB,,23.696585145485532,0,developmental,young,UNMATCHED,UNMATCHED_COLD_START,UNMATCHED_COLD_START,depth,0.1557377049180328,0.7307692307692307,0,0,4.95,1.0208080808080808,D1,QB|developmental,0.43249766678839985,89.70997680419447,38.79935565545558,18.123227637211002,7.838253667768804,0.5675023332116002,0.11425742487030804,0.12731332238213783,0.02507410906392356,0.028296183354795057,0.13755662711723537,7.5976828933790586,17.75821076322964,40.93391204729016,98.5770382313467,231.57497028947557,D1,QB|developmental,0.595501218334423,103.06921048294807,61.37784041536266,20.82206272382789,12.399563720275285,0.40449878166557696,0.09616940955438066,0.1427349185607311,0.06730383273444104,0.09039253657051412,0.19890052091435614,8.872706625559417,15.177535930010036,44.97205572434366,94.40273472244675,235.28394255091442
sleeper:player:13276,sleeper:13276,Omar Cooper,WR,,22.716414436983648,0,developmental,prime,UNMATCHED,UNMATCHED_COLD_START,UNMATCHED_COLD_START,starter,0.23553719008264462,0.875,0,0,37.3,1.2829892761394102,D1,WR|developmental,0.5734691950342846,71.77307387008449,41.1596468974136,1.924211095712721,1.103475788134413,0.4265308049657154,0.08714250900414279,0.11363611506265354,0.016098756448712413,0.12855032755466902,0.22804148696410687,6.653712913811518,16.41789665355636,34.04956680736414,71.40021105810482,127.11495548639041,D1,WR|developmental,0.4874426089004176,64.66802407365753,31.52195036689864,1.7337271869613282,0.8450925031340119,0.5125573910995824,0.08229877246253765,0.05370158404271649,0.09628986450762421,0.1308189442410297,0.12433344364650954,7.810708599343791,16.828040243290197,31.38932847683631,74.33961935587212,138.56240934865602
sleeper:player:13279,sleeper:13279,Carnell Tate,WR,,21.615775820174267,0,developmental,young,UNMATCHED,UNMATCHED_COLD_START,UNMATCHED_COLD_START,elite,0.6983471074380165,0.18888888888888888,0,0,109.6,1.3005291970802921,D1,WR|developmental,0.9147450019623073,133.2049784867512,121.84858830725234,1.2153738913024745,1.1117571925844192,0.08525499803769265,0.02214632255563186,0.048202713541137816,0.0,0.06677296925292252,0.7776229966126151,10.421252140349004,19.450632612005847,38.21037851902129,77.14389442390402,148.5669742751483,D1,WR|developmental,0.8497749129500227,115.61483666030784,98.2465877587442,1.0548798965356556,0.8964104722513158,0.15022508704997728,0.019020530454373023,0.038864704916054704,0.06501399476077194,0.19286419500164767,0.5340114878171753,8.728972525122252,18.094766732045002,35.206390326577775,76.7892484704106,150.33104617713414
sleeper:player:13281,sleeper:13281,Jordyn Tyson,WR,,22.053840941292428,0,developmental,prime,UNMATCHED,UNMATCHED_COLD_START,UNMATCHED_COLD_START,premium,0.45041322314049587,0.5113636363636364,0,0,69.05,1.302070963070239,D1,WR|developmental,0.7608120227025641,89.69479544414297,68.24087874775114,1.2989832794227802,0.9882820962744554,0.2391879772974359,0.08170705491119523,0.1139602237652754,0.013888916809151828,0.14924292127714225,0.4020129059397994,6.78148934755,16.271143701847215,34.390936583542064,72.69335168948955,135.58246071699534,D1,WR|developmental,0.6459438365117829,79.16784097303444,51.137978926476585,1.1465291958440904,0.7405934674363011,0.3540561634882171,0.0672059504479334,0.054416061859386224,0.1011251480188244,0.210209656896484,0.21298701928915487,7.544528091781139,16.735637778069965,32.1901297137216,75.26862481696233,143.87182334952178
sleeper:player:13285,sleeper:13285,Malachi Fields,WR,,23.017584207752382,0,developmental,prime,UNMATCHED,UNMATCHED_COLD_START,UNMATCHED_COLD_START,premium,0.28512396694214875,0.056818181818181816,0,0,46.15,1.3318093174431203,D1,WR|developmental,0.7069351896437653,71.32253823264743,50.42041209137131,1.5454504492447982,1.0925333064219136,0.29306481035623466,0.09127151885832702,0.12483879275820042,0.06735848489497862,0.12393094787477171,0.29953544525748754,3.6711984071102677,13.41303320482384,31.13542219565775,68.83916640672443,126.13642877012491,D1,WR|developmental,0.5616274880650327,66.66315357723528,37.439859490076145,1.4444887015652281,0.8112645609983997,0.4383725119349673,0.06416046078482597,0.06032624627628252,0.0894118118540404,0.20669932034764804,0.14102964880223579,3.9884831852883877,13.05329730107573,27.64170008850504,71.09118213602287,136.35789912853
sleeper:player:13286,sleeper:13286,Jadarian Price,RB,,22.89711629944489,0,developmental,prime,UNMATCHED,UNMATCHED_COLD_START,UNMATCHED_COLD_START,elite,0.6348314606741573,0.09722222222222222,0,0,143.35,1.1051831182420648,D1,RB|developmental,0.9277160551140977,136.01351163158185,126.18191845306656,0.9488211484588898,0.880236612857109,0.07228394488590228,0.0565548874644619,0.11671214397257831,0.011195921755278329,0.15592567878478605,0.5873274231369932,13.357852164004683,21.811114130080554,39.23144523009272,87.87028191487539,185.1443929011271,D1,RB|developmental,0.8522927302095573,118.617019103098,101.09642306069861,0.8274643816051482,0.7052418769494149,0.14770726979044269,0.045160784706352146,0.058902427041134416,0.11607367895474253,0.2030265097831863,0.429129329724142,7.240795947279629,15.533677060280525,30.56043200048684,83.51033751381692,184.91483133096153
sleeper:player:13287,sleeper:13287,Jeremiyah Love,RB,,21.254372095251785,0,developmental,young,UNMATCHED,UNMATCHED_COLD_START,UNMATCHED_COLD_START,elite,0.7696629213483146,0.4305555555555556,0,0,183.75,1.13654693877551,D1,RB|developmental,0.9496194432827184,169.37082889352794,160.83783224220457,0.9217460075838255,0.8753079305698208,0.05038055671728159,0.029032787709516356,0.05532083284893681,0.0,0.07781159885533291,0.7874542238689324,16.088362413011097,24.290357600172783,42.059221695822515,91.0381374000862,192.954906819335,D1,RB|developmental,0.9065033401230826,136.7786787089556,123.99032910729022,0.744373761681391,0.6747773012641645,0.09349665987691735,0.02518423123826818,0.04745625795707113,0.0814870822321388,0.2412690346128488,0.5111067340827558,12.017678724192265,20.40538393701535,36.337513944506036,88.46306115847138,192.5524905646827
sleeper:player:13288,sleeper:13288,Nicholas Singleton,RB,,22.65344257582291,0,developmental,prime,UNMATCHED,UNMATCHED_COLD_START,UNMATCHED_COLD_START,usable,0.03932584269662921,0.875,0,0,15.6,1.1115705128205127,D1,RB|developmental,0.5467320037297909,67.7744435381929,37.05445731730779,4.344515611422621,2.375285725468448,0.4532679962702091,0.125530701317995,0.1367869725647396,0.05027257020931492,0.11593640336630637,0.11820535627143502,16.32437585983734,25.245636898587236,41.469764898620305,86.5177657054611,164.43097916794483,D1,RB|developmental,0.44575803949900317,63.07281238052706,28.115213192432197,4.043128998751735,1.8022572559251409,0.5542419605009968,0.08756619030898809,0.09799391921532209,0.05344040517179588,0.12933672304801244,0.07742080175488465,10.46329277953209,18.221863844424313,32.05159412891783,81.29251504227724,170.32105936225642
sleeper:player:13293,sleeper:13293,Ja'Kobi Lane,WR,,22.073006290341347,0,developmental,prime,UNMATCHED,UNMATCHED_COLD_START,UNMATCHED_COLD_START,premium,0.30991735537190085,0.125,0,0,51.7,1.2823114119922632,D1,WR|developmental,0.7444790360346176,75.10044923533033,55.91071005248546,1.452619907840045,1.0814450687134518,0.2555209639653824,0.0931934636009416,0.1299492758197892,0.05199882209592113,0.15146489527156418,0.3178725792464015,5.454896482402795,15.189946630171661,32.955347798518446,70.84993005811661,128.93062492210237,D1,WR|developmental,0.620274358226004,69.9595445624067,43.39411160523034,1.3531826801239206,0.8393445184764089,0.37972564177399604,0.06754258533428374,0.06487085599664753,0.10567547347799237,0.2194917226472044,0.1626937207698759,6.176974083432029,15.266319509570415,29.849115119999002,73.59846796419725,139.39068818030012
sleeper:player:13294,sleeper:13294,Makai Lemon,WR,,22.24823233878861,0,developmental,prime,UNMATCHED,UNMATCHED_COLD_START,UNMATCHED_COLD_START,premium,0.5991735537190083,0.9204545454545454,0,0,95.0,1.3018473684210525,D1,WR|developmental,0.7709277435996607,103.4534325829487,79.75512134881225,1.088983500873144,0.8395275931453922,0.22907225640033935,0.0600314437633864,0.10870872260354493,0.0,0.12298474662496034,0.47920283060776897,7.967274179795119,17.20535428708213,35.69597064623907,74.45708247341902,142.42273314926572,D1,WR|developmental,0.6623384505849935,81.40558355159894,53.918048078533275,0.8569008794905151,0.5675584008266661,0.3376615494150065,0.06738738733505874,0.04889143529404237,0.12891908559672044,0.1939036057588853,0.22323693660028668,8.70823480218683,18.00858089274042,34.3499999528099,76.81273520745236,148.398921410056
sleeper:player:13296,sleeper:13296,Caleb Douglas,WR,,22.979253509654544,0,developmental,prime,UNMATCHED,UNMATCHED_COLD_START,UNMATCHED_COLD_START,premium,0.3347107438016529,0.19318181818181818,0,0,53.2,1.3393890977443608,D1,WR|developmental,0.7169577499851796,75.84389834054255,54.376870704340085,1.4256371868523035,1.0221216297808287,0.2830422500148204,0.08648240825291166,0.12395899829185274,0.03328312875263276,0.16517079633921117,0.30806241834857123,4.370276415347433,14.048768931909713,31.883795932502053,69.80721424836747,128.76008021700892,D1,WR|developmental,0.5766247842657525,69.44164501775946,40.04177357742451,1.3052940792811927,0.7526649168688817,0.4233752157342475,0.06010339054065232,0.058574053495501884,0.10484197696735262,0.19509216001759339,0.15801320324465226,4.748887496717444,13.853806155145499,28.648286362327728,72.12747601634112,138.40506510882082
sleeper:player:13298,sleeper:13298,KC Concepcion,WR,,21.938848846998912,0,developmental,young,UNMATCHED,UNMATCHED_COLD_START,UNMATCHED_COLD_START,premium,0.5661157024793388,0.8295454545454546,0,0,93.0,1.3238494623655914,D1,WR|developmental,0.7787785325092046,110.95504975704816,86.40941082427975,1.1930650511510554,0.9291334497234381,0.2212214674907954,0.04906927493490926,0.09011323053626817,0.0,0.09165530285799377,0.5479407241800334,8.295938195166372,17.61921799066696,36.01176544589133,74.76629228145352,141.55159475127178,D1,WR|developmental,0.6752406294362308,95.19600026067653,64.2802071358308,1.02361290602878,0.6911850229659227,0.32475937056376925,0.04306978671718084,0.04717013796582126,0.0847727143554073,0.19908647780403668,0.3011415125937847,9.18309645779297,18.46444014281368,34.48087541483079,77.41594441133891,148.36286586720797
sleeper:player:13301,sleeper:13301,Antonio Williams,WR,,22.133240244495095,0,developmental,prime,UNMATCHED,UNMATCHED_COLD_START,UNMATCHED_COLD_START,starter,0.16115702479338842,0.5535714285714286,0,0,33.2,1.2498644578313252,D1,WR|developmental,0.5879847551789864,61.982103541775956,36.44453197648972,1.8669308295715648,1.0977268667617386,0.4120152448210136,0.10234130722497743,0.13128101146376647,0.03304098814829695,0.14392258037825215,0.17739886796369342,6.923160605292267,16.839655133928566,34.27173132292718,71.47935691494617,124.60854235223775,D1,WR|developmental,0.5073714344581971,59.03472151719435,29.952531339019092,1.7781542625660947,0.9021846788861172,0.4926285655418029,0.08495042464006121,0.06863088893869425,0.11314576187380711,0.13686474241646218,0.10377961658917234,8.308138077290465,17.27562521477192,31.27765665548174,74.83959448950583,137.5922779535761
sleeper:player:13303,sleeper:13303,Cade Klubnik,QB,,22.8943783924379,0,developmental,young,UNMATCHED,UNMATCHED_COLD_START,UNMATCHED_COLD_START,usable,0.36885245901639346,0.7307692307692307,0,0,9.38,1.08773987206823,D1,QB|developmental,0.5029869678402604,103.69782835010248,52.15865625343784,11.055205581034379,5.560624334055206,0.4970130321597396,0.10878274990483183,0.14561483541238548,0.021334601381575582,0.054722687126123645,0.1725320940153439,9.758434550618844,19.62137040233562,43.29472822298717,101.79943506689057,241.95805494309013,D1,QB|developmental,0.6371413800783575,114.92119743647955,73.22105033493598,12.251726805594833,7.806082125259699,0.3628586199216425,0.08950466172460025,0.14254856816055517,0.04215731727499999,0.12272449185979128,0.2402063410584108,6.973780156816614,13.446407314538568,44.23731679769497,93.50524894548232,238.71054933904222
sleeper:player:13305,sleeper:13305,Mike Washington,RB,,23.165431186129762,0,developmental,prime,UNMATCHED,UNMATCHED_COLD_START,UNMATCHED_COLD_START,premium,0.3651685393258427,0.31666666666666665,0,0,54.2,1.1120479704797048,D1,RB|developmental,0.771757124911563,91.35733823668441,70.50567669711677,1.685559746064288,1.3008427434892391,0.228242875088437,0.10345697623235571,0.1454859643188086,0.052847638456968056,0.17398977142509223,0.2959767744783384,9.82799644600943,18.50402070653766,35.37687974392525,82.42495386303025,170.91254292668054,D1,RB|developmental,0.6139894544954718,73.85851996536482,45.34835238337726,1.3627033203941847,0.8366854683279937,0.3860105455045282,0.08276272356954892,0.05992128659756038,0.12855440755294628,0.19790941539958895,0.1448416213758273,4.516976862256676,12.569856898346977,27.007247132850424,78.40173871807882,174.2107683397236
sleeper:player:13311,sleeper:13311,Chris Bell,WR,,22.23454280375367,0,developmental,prime,UNMATCHED,UNMATCHED_COLD_START,UNMATCHED_COLD_START,starter,0.2024793388429752,0.7321428571428571,0,0,35.65,1.3304488078541377,D1,WR|developmental,0.5892920980305292,67.65056796440354,39.86594512870026,1.8976316399552184,1.1182593303983244,0.4107079019694708,0.09515860519721035,0.12331123218719905,0.023732412677390517,0.1386769189734778,0.20841292899525146,7.100480390423719,16.93611723796218,34.47706879589161,71.77638543847047,126.33528998484812,D1,WR|developmental,0.5087379179575151,62.52731901758637,31.81001809247223,1.7539219920781592,0.89228662250974,0.4912620820424849,0.0855450714928014,0.06164352541732749,0.10629536391476191,0.1373713085883549,0.1178826485442694,8.445437390043317,17.441292536341862,31.737609839550416,75.00279928490298,138.5752400024057
sleeper:player:13317,sleeper:13317,Ted Hurst,WR,,22.166095128578956,0,developmental,prime,UNMATCHED,UNMATCHED_COLD_START,UNMATCHED_COLD_START,usable,0.024793388429752067,0.6666666666666666,0,0,15.8,1.332151898734177,D1,WR|developmental,0.4845273833277933,48.94576192457965,23.715561950301716,3.0978330332012436,1.5009849335633996,0.5154726166722067,0.12273019683121617,0.12258270366981738,0.03568115341463403,0.10419746335352162,0.09933586605860413,7.913733582957825,17.80845034720945,35.03555681774525,71.00123508275527,119.92689732896064,D1,WR|developmental,0.4190956246406614,57.09376828654597,23.92774848313917,3.6135296383889854,1.5144144609581751,0.5809043753593386,0.07908124953557405,0.07792351763648046,0.0643238637609561,0.11197847119777611,0.08578852250987469,9.296563917754689,18.118493304060884,32.40934547919855,73.64521687655493,133.45998281112108
sleeper:player:13320,sleeper:13320,Zachariah Branch,WR,,22.426196294242864,0,developmental,prime,UNMATCHED,UNMATCHED_COLD_START,UNMATCHED_COLD_START,starter,0.16942148760330578,0.5892857142857143,0,0,33.45,1.322062780269058,D1,WR|developmental,0.5768770582754954,62.67649957000139,36.156634694947755,1.8737369079223134,1.080915835424447,0.4231229417245046,0.0989032600928318,0.1272214582699415,0.0306255496859256,0.1403454774424994,0.1797813127842971,6.563715402876305,16.46011820841437,33.91606559840375,71.12926990595972,124.5513883367534,D1,WR|developmental,0.492533899888395,59.19938887643108,29.15770587431827,1.7697874103566837,0.8716802951963608,0.507466100111605,0.08256625853150897,0.06522096428086778,0.1084932321005255,0.1329433068344833,0.10331013814100948,7.835635047658208,16.80809023663899,30.88609304190049,74.34378455549282,137.2572584351385
sleeper:player:13329,sleeper:13329,Malik Benson,WR,,23.874549100939785,0,developmental,prime,UNMATCHED,UNMATCHED_COLD_START,UNMATCHED_COLD_START,starter,0.07851239669421488,0.19642857142857142,0,0,23.1,1.3246969696969697,D1,WR|developmental,0.48930954617462574,47.42515235768897,23.205579777403273,2.053036898601254,1.0045705531343407,0.5106904538253743,0.09878458389947434,0.12383244332102619,0.04464891489943861,0.12033420690899993,0.10170939714568666,2.952868422779261,12.904493681796161,30.186504041495592,66.79873760202352,117.2941683795567,D1,WR|developmental,0.38270101461271033,47.445742231169355,18.157533690921632,2.0539282351155563,0.7860404195204169,0.6172989853872897,0.06431688211749968,0.06329729384722811,0.09616061953007433,0.09940553476770055,0.059520684350207645,3.5189432412496444,12.406911819556875,26.372996643908373,69.07869807634914,130.08979576040514
sleeper:player:13330,sleeper:13330,Kenyon Sadiq,TE,,21.495307911866774,0,developmental,young,UNMATCHED,UNMATCHED_COLD_START,UNMATCHED_COLD_START,premium,0.4296875,0.58,0,0,48.1,1.3495945945945944,D1,TE|developmental,0.862167765593594,73.64863154481539,63.49747609801936,1.5311565809732928,1.3201138481916708,0.13783223440640602,0.05016062735032875,0.08540557546418137,0.015057385641766625,0.12065285189948535,0.5908913252378318,7.744965058849061,15.060128838517798,25.183233129128155,50.7696914631997,93.61799833760236,D1,TE|developmental,0.7842842513027635,69.31617208392805,54.36358212601702,1.441084658709523,1.1302200026198965,0.21571574869723653,0.04411816402839494,0.04214198927177974,0.10155591046521444,0.2336648276164712,0.3628033599209031,10.621819650732114,16.267674473558472,24.25252814684538,55.23020712018864,104.30187412403635
sleeper:player:13337,sleeper:13337,Emmett Johnson,RB,,22.8943783924379,0,developmental,prime,UNMATCHED,UNMATCHED_COLD_START,UNMATCHED_COLD_START,premium,0.2640449438202247,0.016666666666666666,0,0,45.6,1.1494627192982456,D1,RB|developmental,0.772273715735273,91.53293860103136,70.6884826055871,2.0073012851103367,1.5501860220523487,0.22772628426472696,0.13029602077871316,0.12106710672319133,0.05988288244725309,0.15614366090090961,0.3048840448852059,11.449916650108548,20.323787175829935,36.93022232064154,83.75382003363246,168.74266313181403,D1,RB|developmental,0.6160138688257877,66.17608251240733,40.765384612202595,1.4512298796580556,0.8939777327237411,0.3839861311742123,0.09695033892492842,0.06473840875671208,0.17540285275895026,0.14304821776573431,0.13587405061946262,5.04277756700823,13.026230640976387,26.743569069797196,78.86394082626622,172.6668453485015
sleeper:player:13345,sleeper:13345,Jonah Coleman,RB,,23.034011649794316,0,developmental,prime,UNMATCHED,UNMATCHED_COLD_START,UNMATCHED_COLD_START,starter,0.25280898876404495,0.9736842105263158,0,0,41.95,1.132431466030989,D1,RB|developmental,0.6453661143753967,94.49110053557057,60.981354395696144,2.2524696194414915,1.4536675660475837,0.3546338856246033,0.08973240860445782,0.12565032632939996,0.032929678924547824,0.14661693002089954,0.25043677049609153,14.23404498468274,23.09236901009327,39.689268511740806,86.36577297673543,171.03277648397477,D1,RB|developmental,0.5304418679553871,69.67004956393492,36.95591123123804,1.6607878322749683,0.8809514000295122,0.46955813204461294,0.08888208679575982,0.08307310640250545,0.08940383940977452,0.16258665583115448,0.10649617951619281,8.66477017918691,16.63375464906394,30.43492789831344,82.20614061486984,175.75588057409314
sleeper:player:13346,sleeper:13346,Denzel Boston,WR,,22.738317693039555,0,developmental,prime,UNMATCHED,UNMATCHED_COLD_START,UNMATCHED_COLD_START,premium,0.47520661157024796,0.5795454545454546,0,0,75.6,1.3318849206349208,D1,WR|developmental,0.7447273998131132,91.6401367974762,68.24692079570245,1.2121711216597382,0.9027370475622017,0.2552726001868868,0.07861261911420912,0.10806311832872373,0.009650171118472542,0.13976156987607136,0.40863992137563643,6.289827124183432,15.759601847494693,33.92940880402355,72.38004017930504,136.07592831650948,D1,WR|developmental,0.6197992111156442,80.01484275596974,49.593136417692364,1.0583973909519808,0.6559938679588937,0.3802007888843558,0.06443667237831312,0.050245339345539486,0.09363190817844776,0.20006193940456335,0.21142335180878047,6.8457849246427145,16.059069103197643,31.565122060047525,74.79351534306652,143.91165798657443
sleeper:player:13347,sleeper:13347,Demond Claiborne,RB,,22.89711629944489,0,developmental,prime,UNMATCHED,UNMATCHED_COLD_START,UNMATCHED_COLD_START,starter,0.08426966292134831,0.18421052631578946,0,0,18.2,1.0961813186813187,D1,RB|developmental,0.5906251646750849,53.55562872594469,31.63130203553879,2.9426169629639944,1.7379836283263073,0.40937483532491514,0.1441754506328445,0.16543181366186638,0.07347451277052472,0.1209870536416239,0.08655633396822535,11.533852157025386,20.409190577619356,36.729266919571025,82.01376684466871,161.4070819571432,D1,RB|developmental,0.46056493201008586,47.21527083340812,21.7456980012264,2.5942456501872595,1.194818571495956,0.5394350679899141,0.10397238630034006,0.07173857490487914,0.13153714061612787,0.09900053290382602,0.05431629728491278,5.487272405880482,13.284260634886415,27.250616809769546,76.65004054681438,166.6040699425858
sleeper:player:13349,sleeper:13349,Eli Stowers,TE,,23.381725839681856,0,developmental,prime,UNMATCHED,UNMATCHED_COLD_START,UNMATCHED_COLD_START,starter,0.1015625,0.4090909090909091,0,0,17.8,1.3795224719101122,D1,TE|developmental,0.6093843987220816,45.33763205271871,27.628045647928964,2.5470579804898152,1.5521373959510654,0.3906156012779184,0.09906120846139553,0.12229355995441822,0.06283255187727271,0.1536632288985409,0.17153384953045425,11.072655427271684,18.78428775742286,28.174171805360302,52.233188730226615,84.16649012058195,D1,TE|developmental,0.5247082690072152,48.08614504659414,25.231197930628287,2.7014688228423673,1.4174830298105778,0.47529173099278477,0.08503804840287853,0.053738837852317714,0.1298042196765903,0.14712702404606598,0.1090001390293627,14.939271032679102,20.315664803485383,27.035875165907427,57.557235728375474,99.92148517864726
sleeper:player:13405,sleeper:13405,Kaytron Allen,RB,,23.64730281935974,0,developmental,prime,UNMATCHED,UNMATCHED_COLD_START,UNMATCHED_COLD_START,starter,0.17415730337078653,0.6052631578947368,0,0,27.3,1.128864468864469,D1,RB|developmental,0.5847455276103574,71.60459475109263,41.87046653705349,2.6228789286114518,1.5337167229689923,0.41525447238964264,0.1058613959448922,0.13888309649114733,0.052314577382743345,0.1372385451711482,0.15044791262042628,11.014043251556515,19.855515813803777,36.33648721767528,82.28269769875129,164.53284659354816,D1,RB|developmental,0.4486989834847527,56.476447678955424,25.34092466437712,2.0687343472144843,0.9282389986951326,0.5513010165152473,0.08677032600154617,0.07026998206279107,0.1014966355299198,0.11906460335000918,0.07109743654048647,5.119761679575603,13.004019291744257,26.99050915884093,77.37095775889397,169.2227088655857
sleeper:player:13413,sleeper:13413,Cyrus Allen,WR,,23.554213981122132,0,developmental,prime,UNMATCHED,UNMATCHED_COLD_START,UNMATCHED_COLD_START,starter,0.22727272727272727,0.8392857142857143,0,0,36.35,1.2970563961485557,D1,WR|developmental,0.5376345341099605,69.34489512662216,37.28221038430558,1.9077000034834157,1.0256454025943762,0.46236546589003946,0.08291261743727975,0.10808760793869365,0.016819132651044476,0.1221620490158123,0.20765312706713035,5.420990505992286,15.19459935350934,32.80810175446743,70.11844939876484,125.55927798964765,D1,WR|developmental,0.44081052156557854,62.37400920715364,27.495119530741594,1.715928726469151,0.7563994368842254,0.5591894784344215,0.07440617205667459,0.04976103214946683,0.08838885110723008,0.11847861883254969,0.10977584741965735,6.26393220884917,15.274376037393864,29.806259692330837,72.73863556839578,136.79203414095693
sleeper:player:13414,sleeper:13414,Kaelon Black,RB,,24.87388515849059,0,developmental,prime,UNMATCHED,UNMATCHED_COLD_START,UNMATCHED_COLD_START,starter,0.24157303370786518,0.9210526315789473,0,0,40.5,1.0997654320987655,D1,RB|developmental,0.5539978812905171,87.30596319532768,48.367318634239396,2.1557027949463623,1.1942547810923307,0.4460021187094829,0.08003752171215738,0.11113015787914014,0.031069231270157406,0.1276355537443812,0.20412541668468095,9.88457829897392,18.755599356323962,35.327861374477884,81.94920014689151,166.2440096025481,D1,RB|developmental,0.40451480340167656,63.30063684408755,25.606044668187,1.5629786875083345,0.6322480164984444,0.5954851965983234,0.06910159116648727,0.06335919846409833,0.07147841363072563,0.12189522365631324,0.07868037648405204,3.6366348719562254,11.59623397286716,25.357940462769015,77.10345825354975,170.42280776739037
sleeper:player:13417,sleeper:13417,De'Zhaun Stribling,WR,,23.704798866506497,0,developmental,prime,UNMATCHED,UNMATCHED_COLD_START,UNMATCHED_COLD_START,premium,0.5495867768595041,0.7840909090909091,0,0,90.25,1.3010858725761774,D1,WR|developmental,0.7233558363580277,98.37894064435173,71.1629808898118,1.0900713644803515,0.7885094835436212,0.2766441636419723,0.0718763066266899,0.09539199858847841,0.0,0.11610334136314263,0.43998418977971676,5.809907003431007,15.164323661151776,33.5139659304173,72.22789035109726,138.44345568963402,D1,WR|developmental,0.5857727898369203,83.74255451859531,49.05410978842797,0.9278953409262638,0.5435358425310579,0.41422721016307973,0.06105788222917398,0.04186366986696281,0.07933633072164403,0.1826528417865387,0.22086206523260074,6.054818832767062,15.324598222075053,31.228585049413553,74.2685390627134,144.88658499193127
sleeper:player:13424,sleeper:13424,Seth McGowan,RB,,24.85745771644866,0,developmental,prime,UNMATCHED,UNMATCHED_COLD_START,UNMATCHED_COLD_START,starter,0.20786516853932585,0.7631578947368421,0,0,30.15,1.1582255389718077,D1,RB|developmental,0.5322307676976995,76.65708152558872,40.799257349829226,2.542523433684535,1.3532091989993111,0.4677692323023005,0.08586558731306075,0.11709656877051743,0.03957271491518717,0.12533776279623088,0.16435813390270326,8.1961686028326,16.995317054999482,33.55246430562001,79.65039417368556,163.02467212452305,D1,RB|developmental,0.3789522183643914,57.33048484520914,21.725514411998127,1.901508618414897,0.7205809091873343,0.6210477816356086,0.06925177754007483,0.05938140861600031,0.07669041930478822,0.10712321426454571,0.0665053986389824,2.198411588770462,10.11006345529752,24.23343348960521,74.64248751262542,167.18199667259842
sleeper:player:13425,sleeper:13425,Jalon Daniels,QB,,23.841694216855924,0,developmental,young,UNMATCHED,UNMATCHED_COLD_START,UNMATCHED_COLD_START,depth,0.05737704918032787,0.2692307692307692,0,0,3.04,1.04375,D1,QB|developmental,0.3995525512836199,54.37558792040304,21.72590488114382,17.88670655276416,7.146679237218361,0.6004474487163801,0.12626520795270202,0.1404675058401815,0.03864195654077355,0.02530771640083409,0.06887016454912874,3.9313698539737345,14.151310035921512,37.13899712138897,94.13079718055428,223.96274921791832,D1,QB|developmental,0.5535051649465471,67.8564611883679,37.55890174275655,22.321204338278914,12.354901889064653,0.4464948350534529,0.10217753845126917,0.19455614276833816,0.07435404261722146,0.07893527169610871,0.10348216941360959,7.048557803019956,13.261914788973744,42.93681235535479,91.55000808998425,230.37263585363672
sleeper:player:13434,sleeper:13434,Will Kacmarek,TE,,23.551476074115143,0,developmental,prime,UNMATCHED,UNMATCHED_COLD_START,UNMATCHED_COLD_START,premium,0.2578125,0.14,0,0,31.3,1.408402555910543,D1,TE|developmental,0.7584675345076137,57.42179774067328,43.552569359363325,1.8345622281365264,1.3914558900755056,0.24153246549238627,0.0712381294899957,0.08616624602769464,0.07342260764319818,0.18841861300225185,0.3392219383444734,8.939898245964862,16.513017696150683,26.22516859070413,51.175196242178046,88.21647376695972,D1,TE|developmental,0.6334925967473827,56.47830223713195,35.77858634408423,1.804418601825302,1.1430858256895922,0.3665074032526173,0.07675162011516157,0.03731874344233642,0.10447187212057939,0.22682083739727024,0.18812952367203506,11.755452600198929,17.269210788516006,24.372119726186277,55.68663458157501,101.28543691638521
sleeper:player:1373,sleeper:1373,Geno Smith,QB,00-0030565,34.89462480406853,13,veteran,aging,DIRECT_ID,MAPPED_2025,PHASE2_ENTRY_SEASON,elite,0.5327868852459017,0.05,1,1,223.02,1.0756568917585867,D1,QB|veteran,0.8727208662791736,78.82749595204848,68.7944005538898,0.3534548289482938,0.30846740451031207,0.12727913372082644,0.0394419696958986,0.13673706927171023,0.3079004001934247,0.2669848666145957,0.12165656050354431,1.0406319575507865,12.255946485150332,35.46659693874486,99.78088746335753,242.62848902699534,D1,QB|veteran,0.7002146068861788,76.12682281226786,53.30511330898592,0.3413452731246877,0.23901494623345854,0.29978539311382124,0.0948213203112646,0.1206315407261768,0.17620668031087808,0.2316076716577072,0.07694739388015207,7.0070913301854105,13.893393339173848,38.54736185945969,105.80017548613355,255.60677559025532
sleeper:player:1466,sleeper:1466,Travis Kelce,TE,00-0030506,35.907650396654276,13,veteran,aging,DIRECT_ID,MAPPED_2025,PHASE2_ENTRY_SEASON,elite,0.8359375,0.5961538461538461,1,1,99.65,1.3680431510286,D1,TE|veteran,0.6824434652594114,74.75871183067876,51.01859436005817,0.7502128633284371,0.5119778661320438,0.31755653474058865,0.011612185393474913,0.028323145353390165,0.06362015194578788,0.21123733669027092,0.36765064587648744,4.635299059357237,11.178012648524813,22.359476826254863,48.92054724956543,105.7846979018849,D0,TE|veteran,0.3152390799802277,59.599193470443126,18.787994917186086,0.5980852330200013,0.1885398386069853,0.6847609200197723,0.009861918832074388,0.017213825551735482,0.04064923834630373,0.09927730153286453,0.14823679571724957,59.599193470443126,59.599193470443126,59.599193470443126,59.599193470443126,59.599193470443126
sleeper:player:1479,sleeper:1479,Keenan Allen,WR,00-0030279,33.34770734512002,13,veteran,aging,DIRECT_ID,MAPPED_2025,PHASE2_ENTRY_SEASON,premium,0.4834710743801653,0.6022727272727273,1,1,76.3,1.3618348623853211,D1,WR|veteran,0.3623775454571656,47.83663952293132,17.33492401323909,0.6269546464342244,0.22719428588779933,0.6376224545428344,0.02854260304312089,0.06129143727887386,0.09210774600058098,0.12762490310515162,0.052810856029438205,0.0,6.164119529738173,24.357217696101543,62.816958294990016,126.8038455460361,D0,WR|veteran,0.12720933578161975,39.73991156326582,5.055287753983355,0.520837635167311,0.0662554096197032,0.8727906642183803,0.013121884473289491,0.019258024510330127,0.029019034166055023,0.044060088028260815,0.021750304603684236,39.73991156326582,39.73991156326582,39.73991156326582,39.73991156326582,39.73991156326582
sleeper:player:19,sleeper:19,Joe Flacco,QB,00-0026158,40.62506416969548,18,veteran,aging,DIRECT_ID,MAPPED_2025,PHASE2_ENTRY_SEASON,usable,0.319672131147541,0.5,1,1,7.71,1.0590791180285344,D1,QB|veteran,0.13113022658039353,48.38570193745754,6.344828058310194,6.275707125480874,0.8229348973164973,0.8688697734196065,0.019733579321979104,0.0348056447097058,0.041065530876558294,0.024382535210430364,0.011142936461719965,0.0,8.324209872204953,31.89775143221626,90.11215659941828,228.66841682684344,D1,QB|veteran,0.056172986080752274,85.39048966902567,4.7966387876068,11.075290488848985,0.622132138470402,0.9438270139192477,0.006584131858639106,0.016834749419481224,0.006909330442351945,0.010986308445828305,0.01485846591445171,1.1480351620522597,7.576881507181888,38.260549976745445,87.2441660718592,231.42893685696532
sleeper:player:2133,sleeper:2133,Davante Adams,WR,00-0031381,32.68787175643579,12,veteran,aging,DIRECT_ID,MAPPED_2025,PHASE2_ENTRY_SEASON,elite,0.8966942148760331,0.7222222222222222,1,1,151.4,1.2521169088507265,D1,WR|veteran,0.6833133731169032,111.4665807906472,76.16660530986495,0.7362389748391492,0.5030819373174699,0.3166866268830968,0.011619562275312507,0.028341412662724438,0.04534530944734704,0.19161580905426473,0.40639127967725447,3.815668669868458,12.450046253511886,31.736075891380008,71.08729610161807,149.3853045318181,D0,WR|veteran,0.36113412432588987,86.42121732087666,31.20965064035222,0.5708138528459489,0.2061403609006091,0.6388658756741101,0.012375132906854854,0.022371658575979288,0.03998635072913302,0.11003536646024466,0.17636561565367803,86.42121732087666,86.42121732087666,86.42121732087666,86.42121732087666,86.42121732087666
sleeper:player:2216,sleeper:2216,Mike Evans,WR,00-0031408,32.03077407475855,12,veteran,aging,DIRECT_ID,MAPPED_2025,PHASE2_ENTRY_SEASON,elite,0.7479338842975206,0.32222222222222224,1,1,121.7,1.2793590797041907,D1,WR|veteran,0.6040745115507102,88.64877832199271,53.55046746442493,0.7284205285291102,0.4400202749747324,0.39592548844928976,0.01898315822661116,0.043318938063103114,0.07470122272966465,0.22186405243889076,0.24520714009244055,3.149489664591094,12.094279931436475,30.978025130772508,70.06205701736883,143.17862269503502,D0,WR|veteran,0.3028532895726993,72.81573790217621,22.052485756337546,0.5983215932800017,0.18120366274722716,0.6971467104273007,0.011328356604323526,0.02561282360300791,0.05110345098799336,0.11416545894625128,0.10064319943112322,72.81573790217621,72.81573790217621,72.81573790217621,72.81573790217621,72.81573790217621
sleeper:player:2306,sleeper:2306,Jameis Winston,QB,00-0031503,31.652942907794134,11,veteran,aging,DIRECT_ID,MAPPED_2025,PHASE2_ENTRY_SEASON,usable,0.4016393442622951,0.8846153846153846,1,1,12.08,1.1200745033112582,D1,QB|veteran,0.2726238593867488,69.09937162096053,18.838137372505443,5.720146657364282,1.5594484579888612,0.7273761406132512,0.0702218971937374,0.066038492876603,0.07180644073275909,0.041549341672811685,0.023007686910837745,24.029388751841367,33.93362101705635,57.63697973938403,116.55766635209531,257.66267880759773,D1,QB|veteran,0.1935108556286691,92.39503489848944,17.879442259047433,7.648595604179589,1.4800862797224696,0.8064891443713309,0.04288675620377809,0.039888110550420956,0.03814903800511239,0.04101157882116494,0.0315753720481927,27.17575856852779,33.6898732927591,64.25391293793405,114.49410413267589,260.43486616536484
sleeper:player:2307,sleeper:2307,Marcus Mariota,QB,00-0032268,31.839120584269356,11,veteran,aging,DIRECT_ID,MAPPED_2025,PHASE2_ENTRY_SEASON,depth,0.12295081967213115,0.5769230769230769,1,1,3.8,1.1672368421052632,D1,QB|veteran,0.320656752611553,54.390158744923255,17.440571677173953,14.313199669716647,4.589624125572093,0.679343247388447,0.07607280307943372,0.09477770543374932,0.09860177647636076,0.03512616429104996,0.016078303330959356,20.08932345829171,30.21838089635318,53.35882731809494,110.61795551487387,242.6519765755063,D1,QB|veteran,0.238795328505241,77.35714545244007,18.472524960543133,20.357143540115807,4.861190779090299,0.761204671494759,0.05371964499479911,0.07667620838990284,0.04859333311427777,0.03186097560617849,0.02794516640008278,30.32678068589593,36.59189089156703,66.57038365613748,115.14133742355546,255.29500677424954
sleeper:player:2449,sleeper:2449,Stefon Diggs,WR,00-0031588,31.7569833740597,11,veteran,aging,DIRECT_ID,MAPPED_2025,PHASE2_ENTRY_SEASON,elite,0.7066115702479339,0.2111111111111111,1,1,111.8,1.2992441860465118,D1,WR|veteran,0.7336688278349314,88.62260857922658,65.0196453559951,0.7926888066120445,0.5815710675849293,0.26633117216506863,0.016362130562839878,0.04336464396256835,0.09151357076441266,0.2904053783882478,0.29202310415686267,3.0849384066808483,12.101651531763856,30.88129881942944,69.844558433743,141.547334602844,D0,WR|veteran,0.43194660334408264,74.97770094878953,32.38636325137804,0.6706413322789762,0.28968124554005403,0.5680533966559174,0.015126677294816147,0.03822754578739452,0.06826443683662685,0.15655645061033072,0.1537714928149144,74.97770094878953,74.97770094878953,74.97770094878953,74.97770094878953,74.97770094878953
sleeper:player:2505,sleeper:2505,Darren Waller,TE,00-0031610,32.96713827114862,11,veteran,aging,DIRECT_ID,MAPPED_2025,PHASE2_ENTRY_SEASON,elite,0.6015625,0.019230769230769232,1,0,72.0,1.338861111111111,D1,TE|veteran,0.7112475017217917,58.68102785032554,41.736734457010925,0.8150142756989659,0.5796768674584851,0.28875249827820826,0.013251580458493516,0.04376978657067265,0.12000042105825161,0.3144087774478811,0.2198169361864929,7.363775002897903,14.407710037961316,24.948864848450988,51.12855242547858,99.8075527748259,D0,TE|veteran,0.3980391506393193,52.89207663445954,21.05311725913006,0.7346121754786048,0.2924044063768064,0.6019608493606807,0.021568672729871324,0.025927360931661845,0.08333633964630167,0.11622245999870724,0.15098431733277726,52.89207663445954,52.89207663445954,52.89207663445954,52.89207663445954,52.89207663445954
sleeper:player:3163,sleeper:3163,Jared Goff,QB,00-0033106,30.883591038830364,10,veteran,prime,DIRECT_ID,MAPPED_2025,PHASE2_ENTRY_SEASON,elite,0.7459016393442623,0.48333333333333334,1,1,286.0,1.0389353146853146,D1,QB|veteran,0.9334450060868715,234.850358664969,219.21989447352595,0.8211551002271643,0.766503127529811,0.06655499391312847,0.014736624830145324,0.02718558897586585,0.046303355321930424,0.1344028557994928,0.7108165811594371,28.595708580769227,39.32876648736686,63.13581379524048,127.71063531767733,278.048157119552,D1,QB|veteran,0.8483885569309217,230.53246596517516,195.5811061259218,0.8060575733048083,0.683850021419307,0.15161144306907826,0.03245921499718733,0.03381386157857492,0.04967873725873028,0.12922053922960614,0.6032162038668231,33.81233817423465,40.83320233540266,67.28974289665383,132.26490521808412,286.2466939417711
sleeper:player:3198,sleeper:3198,Derrick Henry,RB,00-0032764,31.658418721808115,10,veteran,aging,DIRECT_ID,MAPPED_2025,PHASE2_ENTRY_SEASON,elite,0.9606741573033708,0.9027777777777778,1,1,252.05,1.0391608807776234,D1,RB|veteran,0.7689918055291557,155.28012382262403,119.40914278115052,0.6160687316906329,0.4737518063128368,0.23100819447084434,0.007682305685431461,0.02269662157712731,0.04147637812322329,0.15407259760502803,0.5430639025383457,8.559020113066808,16.384121762282277,34.65793343620433,84.05049703061252,192.58168534541426,D0,RB|veteran,0.4397790696188967,101.9467103041604,44.83402940827085,0.4044701856939512,0.17787752195306825,0.5602209303811033,0.013071364286603016,0.02809951823412969,0.025468817296447444,0.12817022767362296,0.24496914212809356,101.9467103041604,101.9467103041604,101.9467103041604,101.9467103041604,101.9467103041604
sleeper:player:3202,sleeper:3202,Austin Hooper,TE,00-0032392,30.842522433725538,10,veteran,aging,DIRECT_ID,MAPPED_2025,PHASE2_ENTRY_SEASON,premium,0.3515625,0.38,1,1,38.25,1.3477908496732025,D1,TE|veteran,0.5580297606824629,31.867215459113208,17.782854616265425,0.8331298159245283,0.46491123179778887,0.4419702393175371,0.04835937029519703,0.09410084852646051,0.1787090497019728,0.1746636712004424,0.062196820958390145,2.4941337902818432,9.906484677508622,19.853520993484977,45.08538320211153,85.32990534475421,D0,TE|veteran,0.28936547568607374,25.03887481594559,7.245385921760148,0.6546111062992311,0.189421854163664,0.7106345243139263,0.03167856419195479,0.04278831470715861,0.0792242888005815,0.09547224683159732,0.04020206115478152,25.03887481594559,25.03887481594559,25.03887481594559,25.03887481594559,25.03887481594559
sleeper:player:3214,sleeper:3214,Hunter Henry,TE,00-0033090,30.735744060452987,10,veteran,aging,DIRECT_ID,MAPPED_2025,PHASE2_ENTRY_SEASON,elite,0.7890625,0.4807692307692308,1,1,90.8,1.3080726872246695,D1,TE|veteran,0.8315494009162699,73.00102232075493,60.703956377099004,0.8039760167484024,0.6685457750781829,0.16845059908373006,0.013011602982850362,0.029949133739169537,0.07809108024608631,0.2665481653021817,0.443949418645982,3.9039359866311187,10.53026683596267,21.592559626573205,48.02323552832445,103.27999990081648,D0,TE|veteran,0.6007186386003912,67.70313017836031,40.67053218972967,0.7456291869863471,0.447913350107155,0.3992813613996088,0.01937935104337011,0.03435992666950585,0.07816472761811948,0.19368380966109391,0.2751308236083018,67.70313017836031,67.70313017836031,67.70313017836031,67.70313017836031,67.70313017836031
sleeper:player:3257,sleeper:3257,Jacoby Brissett,QB,00-0033119,32.723464547526646,10,veteran,aging,DIRECT_ID,MAPPED_2025,PHASE2_ENTRY_SEASON,elite,0.5491803278688525,0.08333333333333333,1,1,226.17,1.0500862183313437,D1,QB|veteran,0.899932932781488,133.54622291872005,120.1826440531341,0.5904683331950306,0.5313818988068006,0.100067067218512,0.020849376771963156,0.0644868457854141,0.19477784238009382,0.30372343477119484,0.3160954330728221,6.895983376358814,18.07115433803058,41.3293106541864,105.65372491098051,249.08290640755462,D1,QB|veteran,0.788985034755233,123.60655984882038,97.52372591829634,0.5465205811947668,0.43119655974840315,0.21101496524476704,0.054691118794083136,0.10758878745269139,0.13573115452768722,0.27181604005341514,0.21915793392735605,14.064365488721087,20.96047005479445,45.76639969586322,112.8091141759798,262.9344257712914
sleeper:player:3271,sleeper:3271,Tyler Higbee,TE,00-0033110,32.66596850037988,10,veteran,aging,DIRECT_ID,MAPPED_2025,PHASE2_ENTRY_SEASON,premium,0.3984375,0.5,1,1,45.7,1.3357877461706782,D1,TE|veteran,0.45896628469937417,39.07682051430243,17.934943129313677,0.8550726589562895,0.39244952142918327,0.5410337153006258,0.03634182268390816,0.06676154425799413,0.13312747651255807,0.1532916255263798,0.069443815718534,5.794028061171247,13.171661340948297,23.21172235881673,48.73313855584384,90.4978654028612,D0,TE|veteran,0.20464750684827981,26.75601695443295,5.475552162915008,0.5854708305127561,0.11981514579682731,0.7953524931517202,0.020326013796067504,0.025969350970049602,0.053841119108860705,0.07120283611554912,0.03330818685775294,26.75601695443295,26.75601695443295,26.75601695443295,26.75601695443295,26.75601695443295
sleeper:player:3294,sleeper:3294,Dak Prescott,QB,00-0033077,32.09374593591929,10,veteran,aging,DIRECT_ID,MAPPED_2025,PHASE2_ENTRY_SEASON,elite,0.9098360655737705,0.8166666666666667,1,1,302.05,1.0363946366495613,D1,QB|veteran,0.92604537796814,257.81319012048954,238.7467130903007,0.8535447446465471,0.7904211656689313,0.07395462203185998,0.008821685558035804,0.012038059239248059,0.024249463822494606,0.06707376208218739,0.8138624072661742,25.184470681280857,35.465122852075055,59.774482528133674,124.28464305298229,280.52883704989114,D1,QB|veteran,0.8482766822004939,246.72191825033116,209.2884502395324,0.8168247583192556,0.6928933959262784,0.1517233177995061,0.014882433314986714,0.0315767236338601,0.02396969024422633,0.05697632131635768,0.7208715136910631,22.435644980378356,29.545361182646417,57.74403083303219,120.03445775400539,277.16226176692015
sleeper:player:3634,sleeper:3634,Kalif Raymond,WR,00-0032464,31.067030808298597,10,veteran,aging,DIRECT_ID,MAPPED_2025,PHASE2_ENTRY_SEASON,starter,0.128099173553719,0.4107142857142857,1,1,32.55,1.3084639016897082,D1,WR|veteran,0.3494110095341012,24.429620809546645,8.53597846959898,0.7505259849323087,0.2622420420767736,0.6505889904658988,0.06990506668512897,0.12231543307970795,0.09923026111078723,0.0493790156070622,0.008581233051414817,1.1829223567715772,11.185731841465383,28.519142791881983,65.72381338606785,117.67066224313427,D0,WR|veteran,0.17303249420682898,16.716102964218337,2.892428989316866,0.5135515503600104,0.08886110566257653,0.826967505793171,0.038557479318341956,0.05488529312451835,0.048340137059027295,0.02483919834837878,0.006410386356562623,16.716102964218337,16.716102964218337,16.716102964218337,16.716102964218337,16.716102964218337
sleeper:player:4017,sleeper:4017,Deshaun Watson,QB,00-0033537,29.966392191489216,9,veteran,prime,DIRECT_ID,MAPPED_NO_2025_ROW,PHASE2_ENTRY_SEASON,premium,0.5,0.8333333333333334,0,0,165.69,1.0639477337195968,D1,QB|veteran,0.6919074854833458,155.70420591893526,107.73290559655159,0.9397320654169549,0.6502076504107164,0.3080925145166542,0.11755121430248368,0.1358711660961565,0.0,0.05292047253124306,0.38556463255346257,12.229538109239762,23.365039779375408,46.566284106114324,110.33923084917201,252.3091095290851,D1,QB|veteran,0.6478386362451382,138.07975033622554,89.45339715088951,0.8333620033570255,0.5398841037533316,0.35216136375486184,0.09566567721425703,0.09827384230962682,0.04194298959070333,0.18064904953678013,0.23130707759377084,19.620633537534523,26.458515839262873,51.50750378824849,117.34694189157844,266.38702269643983
sleeper:player:4033,sleeper:4033,David Njoku,TE,00-0033885,29.145020089392663,9,veteran,aging,DIRECT_ID,MAPPED_2025,PHASE2_ENTRY_SEASON,premium,0.5,0.76,1,1,55.95,1.3907149240393208,D1,TE|veteran,0.617300267936327,44.828730684995946,27.67278746309344,0.8012284304735647,0.4945985248095342,0.382699732063673,0.040890640261868026,0.07193734798387379,0.1617496920057085,0.2112429638422728,0.1314796238426039,5.730571568033902,12.926445773064714,23.22502605126361,49.02704875779157,94.27549481754743,D0,TE|veteran,0.3847411636009259,40.60231412004035,15.621381579434628,0.7256892604118024,0.2792025304635322,0.6152588363990741,0.03303002466898307,0.04535097146630651,0.09520025773452116,0.13632786468701505,0.07483204504410013,40.60231412004035,40.60231412004035,40.60231412004035,40.60231412004035,40.60231412004035
sleeper:player:4034,sleeper:4034,Christian McCaffrey,RB,00-0033280,29.235371020623283,9,veteran,aging,DIRECT_ID,MAPPED_2025,PHASE2_ENTRY_SEASON,elite,0.9719101123595506,0.9305555555555556,1,1,276.7,1.139710878207445,D1,RB|veteran,0.836703147380181,167.92520075383158,140.50354399517963,0.6068854382140643,0.5077829562529079,0.163296852619819,0.006588172773378607,0.020281249256796943,0.03661114980275603,0.13450853069078167,0.6387140448564679,13.559410441794626,21.40687139662574,39.68657590101418,89.24840718433629,198.0892887645594,D0,RB|veteran,0.6019355734942642,125.5895021406734,75.59678899590537,0.4538832748126975,0.27320848932383585,0.3980644265057358,0.016595570928590316,0.03389808361877066,0.026292223077316126,0.15403507104540923,0.37111462482417784,125.5895021406734,125.5895021406734,125.5895021406734,125.5895021406734,125.5895021406734
sleeper:player:4035,sleeper:4035,Alvin Kamara,RB,00-0033906,30.106025448845628,9,veteran,aging,DIRECT_ID,MAPPED_2025,PHASE2_ENTRY_SEASON,premium,0.4101123595505618,0.45,1,1,63.15,1.175581947743468,D1,RB|veteran,0.4295623197254198,57.85830381285169,24.85374720122667,0.9162043359121408,0.3935668598769069,0.5704376802745802,0.04033096078207578,0.06985396316325679,0.1359025493888098,0.13412468267501587,0.04935016371626159,6.885307291632586,15.518252120144517,32.48553924544256,79.77936653605423,169.74198822704994,D0,RB|veteran,0.1780238835273259,28.92834488468732,5.149936300389889,0.45808938851444686,0.08155085194599983,0.8219761164726741,0.02173661076320728,0.02994374032729884,0.04699120889412307,0.059030193463041156,0.02032213007965558,28.92834488468732,28.92834488468732,28.92834488468732,28.92834488468732,28.92834488468732
sleeper:player:4037,sleeper:4037,Chris Godwin,WR,00-0033921,29.51189962832912,9,veteran,aging,DIRECT_ID,MAPPED_2025,PHASE2_ENTRY_SEASON,elite,0.6652892561983471,0.1,1,1,107.2,1.3143936567164178,D1,WR|veteran,0.7437549324737702,78.90172634542118,58.68354815010263,0.7360235666550483,0.5474211581166291,0.2562450675262298,0.02543763846695019,0.061121037990711814,0.1400569022571429,0.29717378507616454,0.21996556868280076,5.769710902637037,14.883761540605938,33.54572167949267,72.47092909537372,142.71460480769537,D0,WR|veteran,0.4982976453101533,75.42480575460385,37.5840031054948,0.703589605919812,0.35059704389454105,0.5017023546898467,0.021709010513187837,0.06024067292433124,0.0941770058241673,0.19773172723483193,0.12443922881363505,75.42480575460385,75.42480575460385,75.42480575460385,75.42480575460385,75.42480575460385
sleeper:player:4039,sleeper:4039,Cooper Kupp,WR,00-0033908,32.214213844226784,9,veteran,aging,DIRECT_ID,MAPPED_2025,PHASE2_ENTRY_SEASON,premium,0.45867768595041325,0.5340909090909091,1,1,70.2,1.2973361823361822,D1,WR|veteran,0.4586605601891728,47.54808534975185,21.808431462439785,0.6773231531303682,0.31066141684387155,0.5413394398108272,0.036685462938374935,0.07194655594955102,0.12761411454692187,0.15919282487547756,0.06322160187884752,0.0,6.968724273730807,25.10950996731558,63.435025048977515,126.60746958202878,D0,WR|veteran,0.2015404780874338,26.867131359650728,5.414814499061893,0.3827226689408935,0.07713410967324634,0.7984595219125662,0.020975609862966673,0.03454804698953293,0.04804796560047767,0.06784586175787745,0.03012299387657909,26.867131359650728,26.867131359650728,26.867131359650728,26.867131359650728,26.867131359650728
sleeper:player:4046,sleeper:4046,Patrick Mahomes,QB,00-0033873,29.95817847046825,9,veteran,prime,DIRECT_ID,MAPPED_2025,PHASE2_ENTRY_SEASON,elite,0.8278688524590164,0.65,1,1,293.49,1.0469198269106272,D1,QB|veteran,0.9321214533666193,239.89872887728436,223.61475182189886,0.8174000098036879,0.7619160851201024,0.06787854663338067,0.013545821230643034,0.022160413990744768,0.03278420873530932,0.1051746171385712,0.758456392271351,21.87867648235259,32.38466726126232,56.44333287365936,120.98301088904651,274.27540964866074,D1,QB|veteran,0.8588919840822684,227.539626900286,195.43196160572575,0.7752891986108079,0.6658896780323886,0.1411080159177316,0.031715273298896514,0.02642847673381074,0.043745255357269024,0.11191764934970082,0.6450853293425913,22.347285404079017,29.412420037416506,56.74379820518874,120.36669473632003,275.92079421041313
sleeper:player:4054,sleeper:4054,Mo Alie-Cox,TE,00-0033217,31.951374771555884,9,veteran,aging,DIRECT_ID,MAPPED_2025,PHASE2_ENTRY_SEASON,starter,0.1171875,0.5,1,1,18.45,1.3798373983739838,D1,TE|veteran,0.3354542380921248,25.009570104356346,8.38956628436844,1.3555322549786637,0.4547190398031675,0.6645457619078752,0.06289538731914344,0.10519896989132907,0.10832416491820884,0.0489119083795633,0.01012380758388022,8.838242565108231,16.523982992585182,25.95253185192844,50.06145984081187,82.52702565876405,D0,TE|veteran,0.1567684253182886,8.80132404844423,1.3797697117905867,0.4770365337910151,0.07478426622171203,0.8432315746817114,0.034168192308423606,0.040964078404246394,0.05055427058536056,0.024501423933028378,0.006580460087229695,8.80132404844423,8.80132404844423,8.80132404844423,8.80132404844423,8.80132404844423
sleeper:player:4066,sleeper:4066,Evan Engram,TE,00-0033881,30.998583133123883,9,veteran,aging,DIRECT_ID,MAPPED_2025,PHASE2_ENTRY_SEASON,elite,0.640625,0.11538461538461539,1,1,74.9,1.4220694259012017,D1,TE|veteran,0.8019160208742849,59.337320941344515,47.58354829862337,0.7922205733156811,0.6352943698080556,0.19808397912571507,0.01702649727100301,0.044146415058726754,0.1363405844912626,0.3484515330619051,0.2559509909913874,6.957753867555482,13.909434799218772,24.56196892944469,50.7768474290829,100.83558109592887,D0,TE|veteran,0.5451423471902669,57.15657937220844,31.1584718363325,0.7631051985608603,0.41600095909656204,0.4548576528097331,0.02531127155969771,0.04202976663312166,0.10297755205862633,0.18733226924538457,0.1874914876934366,57.15657937220844,57.15657937220844,57.15657937220844,57.15657937220844,57.15657937220844
sleeper:player:4137,sleeper:4137,James Conner,RB,00-0033553,30.3277959164117,9,veteran,aging,DIRECT_ID,MAPPED_2025,PHASE2_ENTRY_SEASON,starter,0.05056179775280899,0.02631578947368421,1,1,17.5,1.1424571428571428,D1,RB|veteran,0.13117160015963147,29.95874367038782,3.929736346017001,1.7119282097364468,0.2245563626295429,0.8688283998403685,0.0342936690701798,0.039297423101069304,0.038032696787817635,0.016020927658956973,0.0035268835416078026,7.378460432345882,16.331300011653255,32.55639130951429,77.80366673653702,156.01013679501634,D0,RB|veteran,0.053741296722145004,0.0,0.0,0.0,0.0,0.946258703277855,0.012811026338560504,0.011655491337843882,0.018751895923978124,0.008273101597276886,0.0022497815244856105,0.0,0.0,0.0,0.0,0.0
sleeper:player:4147,sleeper:4147,Samaje Perine,RB,00-0033526,29.96091637747524,9,veteran,aging,DIRECT_ID,MAPPED_2025,PHASE2_ENTRY_SEASON,premium,0.38764044943820225,0.38333333333333336,1,1,60.8,1.11703125,D1,RB|veteran,0.5184477249047678,52.17517826455326,27.050102467758325,0.858144379351205,0.44490300111444614,0.48155227509523224,0.052056221225379846,0.09739411463045325,0.17545585097262983,0.14767828453719004,0.04586325353911478,6.8089554228051625,15.486054713495477,32.39403567113618,79.6385932575042,168.82337955094525,D0,RB|veteran,0.22874644534902766,27.827837222225,6.365518846335329,0.4576946911550165,0.10469603365683107,0.7712535546509723,0.029756372315838046,0.04405169072672042,0.06292227785033444,0.06892660083998163,0.023089503616153098,27.827837222225,27.827837222225,27.827837222225,27.827837222225,27.827837222225
sleeper:player:4177,sleeper:4177,Mack Hollins,WR,00-0033555,31.95958849257685,9,veteran,aging,DIRECT_ID,MAPPED_2025,PHASE2_ENTRY_SEASON,starter,0.1115702479338843,0.3392857142857143,1,1,25.3,1.3070355731225296,D1,WR|veteran,0.2531186795458169,26.47294410987523,6.700796656781829,1.0463614272677957,0.26485362279770075,0.7468813204541831,0.03788047558954603,0.06635126205866983,0.08490743166701914,0.05297306094370167,0.011006449286880242,0.0,5.56214400425025,22.92101840780814,59.668914668829025,111.27398973361716,D0,WR|veteran,0.11497313338679793,2.4839199694761476,0.2855840619727122,0.09817865492000583,0.011287907587854236,0.8850268666132021,0.019374331735878242,0.030654807985123888,0.03300325734824171,0.02405879554867416,0.00788194076887992,2.4839199694761476,2.4839199694761476,2.4839199694761476,2.4839199694761476,2.4839199694761476
sleeper:player:4179,sleeper:4179,Joshua Dobbs,QB,00-0033949,30.59884871010356,9,veteran,prime,DIRECT_ID,MAPPED_2025,PHASE2_ENTRY_SEASON,depth,0.09016393442622951,0.4230769230769231,1,1,3.43,1.0395043731778426,D1,QB|veteran,0.30807800181399003,25.939947649941896,7.991527239153606,7.562666953335829,2.329891323368398,0.69192199818601,0.13452112577044703,0.10903495310729698,0.04443927125960031,0.012609509671538026,0.007473142005107784,8.475584662683232,18.65365380580201,41.7158114993027,98.8528964115412,229.77951753157407,D1,QB|veteran,0.21043170104803544,36.75749130025129,7.734941420570243,10.71646976683711,2.255084962265377,0.7895682989519646,0.08546480421460886,0.05752799466502621,0.040243257665994014,0.01601338624036485,0.011182258262041524,9.800355737663594,16.040231917503185,45.8513402325312,94.48430486332292,233.97533235170056
sleeper:player:4199,sleeper:4199,Aaron Jones,RB,00-0033293,30.74943359548793,9,veteran,aging,DIRECT_ID,MAPPED_2025,PHASE2_ENTRY_SEASON,premium,0.5898876404494382,0.9833333333333333,1,1,116.65,1.1602271753107585,D1,RB|veteran,0.4645425062293975,84.86330983655765,39.422614638396375,0.7275037277030231,0.3379564049583915,0.5354574937706025,0.020024310928608725,0.04400847585724113,0.09379965208457065,0.1991473264288714,0.10756274093010568,7.735009494950411,16.19889363065964,33.542151568118996,81.82959260155604,177.6865379413582,D0,RB|veteran,0.19989598255742647,47.00468919705431,9.396048531851621,0.4029549009606027,0.08054906585385016,0.8001040174425735,0.016931300297280443,0.033060952858018716,0.03441330966688508,0.08893961912494312,0.026550800610299078,47.00468919705431,47.00468919705431,47.00468919705431,47.00468919705431,47.00468919705431
sleeper:player:421,sleeper:421,Matthew Stafford,QB,00-0026498,37.566822042889314,17,veteran,aging,DIRECT_ID,MAPPED_2025,PHASE2_ENTRY_SEASON,elite,0.8114754098360656,0.6166666666666667,1,1,292.95,1.0369022017409113,D1,QB|veteran,0.8819214283334322,251.94944527796557,222.1996146473593,0.860042482601009,0.7584898946829128,0.11807857166656777,0.007762306285514101,0.017268963587389902,0.021612751293015216,0.06998129684402607,0.765296110323487,24.518933683504763,35.07232196750067,59.07960302999805,123.63276756450131,276.33065358268334,D1,QB|veteran,0.6968447169900359,250.66090061918632,174.67172435244441,0.8556439686608169,0.5962509791856782,0.3031552830099641,0.009218905448253604,0.031018916087231868,0.01683005566628765,0.03487982914321169,0.6048970106450511,24.67840447032855,31.735042101353724,58.88279093666531,122.79886365241956,278.0401008351398
sleeper:player:4217,sleeper:4217,George Kittle,TE,00-0033288,31.896616631416112,9,veteran,aging,DIRECT_ID,MAPPED_2025,PHASE2_ENTRY_SEASON,elite,0.8984375,0.75,1,1,106.55,1.330647583294228,D1,TE|veteran,0.7809908500148285,87.06841752897645,67.99963741540131,0.8171601832846218,0.6381946261417298,0.21900914998517151,0.011259846215884968,0.0222738579577511,0.05428043470157522,0.17958318065065543,0.5135935304889618,7.417232332867954,13.814716943970005,25.173116735319155,51.79823124884414,110.8657162871734,D0,TE|veteran,0.5206636229242724,69.32253707114363,36.093723301763816,0.6506103901562049,0.33874916285090395,0.4793363770757276,0.014469311341585042,0.02497092875661699,0.06129519819878669,0.15451778771659486,0.2654103969106888,69.32253707114363,69.32253707114363,69.32253707114363,69.32253707114363,69.32253707114363
sleeper:player:4454,sleeper:4454,Kendrick Bourne,WR,00-0033307,30.078646378775744,9,veteran,aging,DIRECT_ID,MAPPED_2025,PHASE2_ENTRY_SEASON,starter,0.2603305785123967,0.9821428571428571,1,1,42.3,1.3141371158392436,D1,WR|veteran,0.35780405658090586,42.64211242335396,15.257520806255089,1.0080877641454837,0.36069789140082953,0.6421959434190941,0.04328794500307871,0.07662272534154535,0.10519779518231978,0.1002153454775567,0.032480245576405296,3.2517050843353346,13.015935454349005,30.6869650944228,68.25068196707697,124.73667963212247,D0,WR|veteran,0.2017213988330323,33.5690980353704,6.771605413258114,0.793595698235707,0.1600852343559838,0.7982786011669677,0.03486172692321421,0.04364843161098163,0.05193745870824505,0.04916108655062249,0.022112695039968894,33.5690980353704,33.5690980353704,33.5690980353704,33.5690980353704,33.5690980353704
sleeper:player:4866,sleeper:4866,Saquon Barkley,RB,00-0034844,28.55910798989712,8,established,aging,DIRECT_ID,MAPPED_2025,PHASE2_ENTRY_SEASON,elite,0.8820224719101124,0.7083333333333334,1,1,215.0,1.1020372093023256,D1,RB|established,0.8419653726653697,141.83284117913377,119.41834097957755,0.6596876333913199,0.5554341440910584,0.15803462733463025,0.013661103757090511,0.026175328246569797,0.0683105447239329,0.25466018522852346,0.4791582107092531,13.696010906315458,21.659093591145762,39.7341881006253,88.90040930560201,194.73869726069103,D1,RB|established,0.6201845600509016,112.91885135874527,70.03052815137659,0.5252039598081175,0.32572338675058876,0.3798154399490984,0.02148350522606467,0.047995366390756466,0.06972078720004479,0.23562525775768714,0.24535964347634853,8.131851844533724,16.593263534862107,33.40876233217068,84.50922089457325,190.81229039180838
sleeper:player:4881,sleeper:4881,Lamar Jackson,QB,00-0034796,28.649458921127742,8,established,prime,DIRECT_ID,MAPPED_2025,PHASE2_ENTRY_SEASON,elite,0.9426229508196722,0.8833333333333333,1,1,318.16,1.0348503897410106,D1,QB|established,0.9475974510654467,274.6592165091181,260.26637347567294,0.86327387638018,0.818036124829246,0.05240254893455332,0.016266092828486303,0.03332892872647241,0.02647407822625844,0.1311958781343211,0.7403324731499085,59.14887082744731,69.36351182475573,93.76024985904996,158.33712349365288,315.7190252218549,D1,QB|established,0.8983187418499471,239.40963405249127,215.0661612487902,0.7524818772079811,0.6759685731983599,0.10168125815005291,0.0432094945362287,0.03333087537016036,0.08159550942096219,0.17447251100037972,0.5657103515222162,56.13128243573786,63.26317312106296,91.7034410726443,153.73716767188304,311.51390605861053
sleeper:player:4892,sleeper:4892,Baker Mayfield,QB,00-0034855,30.38529196355846,8,established,prime,DIRECT_ID,MAPPED_2025,PHASE2_ENTRY_SEASON,elite,0.680327868852459,0.35,1,1,273.01,1.0463005018131206,D1,QB|established,0.9385943938726158,229.80437913828317,215.69310194656967,0.8417434494644268,0.7900556827463084,0.061405606127384216,0.013967665794052177,0.029367236866059118,0.055542305765046276,0.15505768377392068,0.6846595016735375,30.831385096577282,41.73072067791003,65.34469491689109,129.89758507511365,277.8986187221372,D1,QB|established,0.8674208339847785,221.1358423835473,191.81783682426314,0.8099917306455708,0.7026037025173552,0.13257916601522146,0.035041111181120244,0.04799651099725061,0.06519592936205296,0.1547184337958063,0.5644688486485484,37.08493418285988,44.06761460837306,69.89141154912059,135.7722897935428,288.48383148692375
sleeper:player:4943,sleeper:4943,Sam Darnold,QB,00-0034869,28.241510777086457,8,established,prime,DIRECT_ID,MAPPED_2025,PHASE2_ENTRY_SEASON,elite,0.6475409836065574,0.2833333333333333,1,1,265.9,1.059516735614893,D1,QB|established,0.9455448823915067,214.95783796830514,203.25228362087364,0.8084160886359728,0.7643936954527027,0.05445511760849331,0.014486051727547999,0.037810752061830856,0.06475202202347438,0.1886338365963703,0.6398622199822831,26.014975347762686,36.99557661719399,60.51401589621041,125.04984361248354,271.8859727580348,D1,QB|established,0.8957616360820869,202.22218844565046,181.14287837417595,0.7605197008110209,0.6812443714711394,0.10423836391791308,0.03910847878717809,0.06634598917470574,0.08646887413232174,0.1847134616771477,0.5191248323107337,32.81412890932463,39.777380339979885,65.2929829980589,131.6052666263186,283.68017439425466
sleeper:player:4981,sleeper:4981,Calvin Ridley,WR,00-0034837,30.700151269362134,8,established,aging,DIRECT_ID,MAPPED_2025,PHASE2_ENTRY_SEASON,premium,0.5,0.6477272727272727,1,1,78.85,1.292999365884591,D1,WR|established,0.41907177478451607,50.5735887583042,21.19396359816479,0.6413898384058871,0.26878837790950905,0.5809282252154839,0.03894901309966389,0.06437344289696752,0.10505591564079284,0.1387585224317967,0.07193488071529512,0.0,7.049496267029433,25.28461561161933,63.79033973577311,128.3440165480303,D1,WR|established,0.21127184701257185,48.372747613564286,10.219799733390703,0.6134780927528762,0.12961064975765002,0.7887281529874282,0.022786779239435544,0.03223107260506365,0.051511194820685585,0.072632887653543,0.03210991269384412,0.0,5.437722136612685,21.120241831291565,64.17086095563297,133.78087730427387
sleeper:player:4983,sleeper:4983,DJ Moore,WR,00-0034827,28.383881941449857,8,established,aging,DIRECT_ID,MAPPED_2025,PHASE2_ENTRY_SEASON,elite,0.7975206611570248,0.45555555555555555,1,1,130.7,1.256469013006886,D1,WR|established,0.8572434146391288,101.78017900728325,87.25038819478527,0.778731285442106,0.6675622662187091,0.1427565853608712,0.016138619430188714,0.037178087699778116,0.08397507090471906,0.2977252808768643,0.4222263557275786,5.509522752121882,14.349962189269462,33.368272703589284,72.53850333554296,147.38378540496024,D1,WR|established,0.6808516854615305,87.92644424530948,59.86486776105825,0.6727348450291468,0.45803265310679614,0.3191483145384695,0.02348821606656772,0.056289496935953365,0.09412880532970473,0.2359834155391317,0.270961751590173,2.5794160625464144,12.014214513816533,29.80978336366926,70.73905331663008,146.2523948372898
sleeper:player:4984,sleeper:4984,Josh Allen,QB,00-0034857,29.28191543974209,8,established,prime,DIRECT_ID,MAPPED_2025,PHASE2_ENTRY_SEASON,elite,0.9918032786885246,0.9833333333333333,1,1,376.13,1.0344043282907505,D1,QB|established,0.9482273376858115,292.3793236544874,277.2420676632728,0.7773358244609241,0.7370910793163874,0.05177266231418853,0.01354278774669034,0.005056481697298839,0.01373508581236183,0.036050329815406915,0.8798426526140536,48.17065324047698,58.33963277487192,82.83890922439535,147.68951430244567,306.68285223056523,D1,QB|established,0.8912304783495868,282.68033332155335,251.93332868618864,0.7515495528714895,0.6698038675090757,0.1087695216504132,0.023799157328364507,0.000949567682220403,0.017491878943587096,0.05847361686686001,0.7905162575285548,47.76329509823452,54.9380503269079,83.50778479267606,145.76752201270412,304.5606849009937
sleeper:player:4993,sleeper:4993,Mike Gesicki,TE,00-0034829,29.914371958356433,8,established,aging,DIRECT_ID,MAPPED_2025,PHASE2_ENTRY_SEASON,elite,0.640625,0.11538461538461539,1,1,74.9,1.335954606141522,D1,TE|established,0.8258965665102938,58.38094316177956,48.216620506946356,0.7794518446165495,0.6437466022289232,0.17410343348970625,0.01753926827690715,0.044208363834509504,0.13356889915764944,0.34850205316630134,0.28207798207492635,4.608337720244975,11.560018651908273,22.21255278213419,48.4274312817724,98.48616494861838,D1,TE|established,0.6074691963719921,57.68001216150264,35.03883063447474,0.7700936203137868,0.4678081526632141,0.39253080362800785,0.02829961322260192,0.04569512719527574,0.1155669280268949,0.20721147532880363,0.21069605259841595,4.865625800179359,10.665158057413699,19.93715165403249,49.96430030323789,103.26030095994267
sleeper:player:5001,sleeper:5001,Dalton Schultz,TE,00-0034383,29.142282182385674,8,established,aging,DIRECT_ID,MAPPED_2025,PHASE2_ENTRY_SEASON,elite,0.7421875,0.36538461538461536,1,1,85.85,1.414944670937682,D1,TE|established,0.8643306538422547,74.34614964851401,64.25965613635424,0.866000578316995,0.748510846084499,0.13566934615774529,0.014566600660076588,0.03041648306595852,0.09135190298356616,0.30163733134292287,0.4263583357897306,8.708429234443358,15.440272678136758,26.37168662810933,52.743233334818086,106.35357495944086,D1,TE|established,0.6867471131381574,66.55857517460598,45.70890935574969,0.7752891691858589,0.5324275987856691,0.3132528868618426,0.02333668641252523,0.042474444982234065,0.09441821628232926,0.23772054908602375,0.2887972163750451,6.242201443217134,12.107658591613124,22.195086535044815,51.25118057627289,106.54497330993587
sleeper:player:5008,sleeper:5008,Durham Smythe,TE,00-0034798,30.064956843740802,8,established,aging,DIRECT_ID,MAPPED_2025,PHASE2_ENTRY_SEASON,premium,0.2109375,0.02,1,1,27.1,1.416070110701107,D1,TE|established,0.5249101699498108,28.731606301820733,15.081512346819775,1.060206874605931,0.556513370731357,0.47508983005018923,0.06032824427223918,0.09343695731891542,0.24439677314350386,0.10216966051940342,0.024578534695748864,7.553928071787105,15.182397248655342,24.79049142989723,49.51811888475864,85.00240738135568,D1,TE|established,0.25966774598677467,25.578109656036403,6.641810080985529,0.9438416847245905,0.24508524284079442,0.7403322540132253,0.058555156900378616,0.053301322565760985,0.07434782663974303,0.06182036696961725,0.011643072911274735,6.555894451860404,12.030926276800201,18.95879763467216,50.19336579179444,94.83292652845515
sleeper:player:5012,sleeper:5012,Mark Andrews,TE,00-0034753,29.988295447545124,8,established,aging,DIRECT_ID,MAPPED_2025,PHASE2_ENTRY_SEASON,elite,0.8515625,0.6346153846153846,1,1,100.45,1.3135689397710304,D1,TE|established,0.8620918529686725,77.07868033969535,66.44890235842796,0.7673338012911434,0.661512218600577,0.13790814703132748,0.013953216897692335,0.02868381210642678,0.08137332787483542,0.25597495800839865,0.4821065380813193,5.156687688376607,11.657914473914452,22.88638206964164,49.446604993590114,106.87082370725153,D1,TE|established,0.6716611650657116,66.64175951474448,44.76068183770224,0.6634321504703283,0.4456016111269511,0.3283388349342884,0.020611061866677438,0.04125088740548445,0.09038510280318106,0.21879474874852306,0.3006193642418456,3.526280193274836,9.463836900950625,20.40265729428311,48.48322124299433,105.93342641445096
sleeper:player:5022,sleeper:5022,Dallas Goedert,TE,00-0034351,30.661820571264297,8,established,aging,DIRECT_ID,MAPPED_2025,PHASE2_ENTRY_SEASON,elite,0.8203125,0.5576923076923077,1,1,95.05,1.3155760126249343,D1,TE|established,0.8399676357132565,82.79762759436454,69.54732749310507,0.8710955033599637,0.7316920304377178,0.1600323642867435,0.011310667948229363,0.02377781439857868,0.06553953198747342,0.23157979513371524,0.5077598262452598,8.269736711254566,14.830692236774446,25.977582046492806,52.46384215817267,108.80936725513851,D1,TE|established,0.6269514045754981,73.16716295582444,45.872255583958484,0.7697755176835817,0.4826118420195527,0.37304859542450186,0.01877959609567267,0.03283140737785163,0.07543989223049138,0.19285153479737038,0.3070489740741121,7.200667725749902,13.11651557831297,23.83898100335437,52.1276994754255,108.95681830539363
sleeper:player:5045,sleeper:5045,Courtland Sutton,WR,00-0034348,29.895206609307515,8,established,aging,DIRECT_ID,MAPPED_2025,PHASE2_ENTRY_SEASON,elite,0.756198347107438,0.34444444444444444,1,1,122.65,1.2752996331023236,D1,WR|established,0.8130042627592392,100.1706058787004,81.43912958255913,0.8167191673762771,0.6639961645540899,0.1869957372407608,0.01418408711112646,0.03322871498575886,0.07856864261415343,0.28473906758484835,0.40228375046335213,4.23982744364104,13.164782752769959,32.072261860432235,71.16270818713609,144.57174907978737,D1,WR|established,0.5904383327248889,86.18697564239515,50.888094200896404,0.7027066909286193,0.41490496698651774,0.4095616672751111,0.01960244669420027,0.04642919383311311,0.08036875831890629,0.20501837799592348,0.23901955588274573,0.28846962665027576,9.695558465660369,27.180871045663785,68.448785473911,143.1453195162851
sleeper:player:5127,sleeper:5127,Kyle Allen,QB,00-0034577,29.484520558259238,8,established,prime,DIRECT_ID,MAPPED_2025,PHASE2_ENTRY_SEASON,usable,0.2540983606557377,0.19230769230769232,1,1,6.32,1.1045094936708861,D1,QB|established,0.33883425483636453,23.134054063291313,7.838609969879482,3.660451592292929,1.2402863876391585,0.6611657451636355,0.1404271925207424,0.13150844107297563,0.04621567547065445,0.01336055111924701,0.007322394652745085,6.174323890400508,16.16782162520139,39.58908044784643,97.53325633614512,233.8890366764889,D1,QB|established,0.22163151654713664,27.56799959516548,6.109937558447375,4.362025252399602,0.9667622719062302,0.7783684834528634,0.0891552185369338,0.06630218884007587,0.03776928747344566,0.01825038379836187,0.010154437898319536,1.8573194045662191,8.234252108185082,38.61821665353648,87.63386651340242,230.48687698319554
sleeper:player:5844,sleeper:5844,T.J. Hockenson,TE,00-0035229,28.16484938089078,7,established,aging,DIRECT_ID,MAPPED_2025,PHASE2_ENTRY_SEASON,elite,0.6171875,0.057692307692307696,1,1,74.85,1.405684702738811,D1,TE|established,0.8795120283267701,62.521987596660516,54.988840126160056,0.8352970954797665,0.7346538427008692,0.12048797167322989,0.015210419108901165,0.041862465422280906,0.14697904181190896,0.39187225920773416,0.2835878427759449,9.714087147086907,16.734707010226188,27.313148852033294,53.55113428254619,102.75780509135674,D1,TE|established,0.7270891755142004,61.73257867728802,44.88508973283485,0.8247505501307685,0.5996671974994636,0.2729108244857996,0.035949497842953336,0.05443227305029189,0.14349527656456826,0.23045084331639845,0.26276128473998844,8.58486659490545,14.372462325116196,23.376792355895027,53.836551790507784,106.68620484970614
sleeper:player:5846,sleeper:5846,DK Metcalf,WR,00-0035640,27.71583263174466,7,established,aging,DIRECT_ID,MAPPED_2025,PHASE2_ENTRY_SEASON,elite,0.7644628099173554,0.36666666666666664,1,1,124.75,1.2783807615230462,D1,WR|established,0.8614092586190152,101.97302966203864,87.84051188031155,0.8174190754472035,0.7041323597620165,0.13859074138098482,0.015340138058388337,0.033933861804191626,0.08160787931082648,0.29450751518992346,0.43601986425568523,4.903384346352723,13.813964421940085,32.74225811884339,71.8568892938386,145.54867143960226,D1,WR|established,0.70116438046399,88.36773932901913,61.96031119963506,0.708358631895945,0.49667584127963976,0.29883561953601,0.023327986335177686,0.05544838841310019,0.09620300902368101,0.2453038577169147,0.2808811389751164,2.772417455669391,12.185503192721399,29.721830903514192,70.95096813233168,145.81290207058407
sleeper:player:5848,sleeper:5848,Marquise Brown,WR,00-0035662,28.244248684093446,7,established,aging,DIRECT_ID,MAPPED_2025,PHASE2_ENTRY_SEASON,starter,0.06611570247933884,0.14285714285714285,1,1,22.9,1.3277510917030568,D1,WR|established,0.4267080367837486,32.809996118021054,14.000289030403177,1.4327509221843255,0.6113663332053789,0.5732919632162514,0.05904133203318774,0.10614405343748712,0.15488819859403827,0.08993774442046287,0.01669670829857263,2.531485380921062,12.51479833614517,29.76017304841022,66.36908386654439,116.42235151113137,D1,WR|established,0.2666326434989109,31.884114704893218,8.501345789388177,1.3923194194276516,0.37123780739686363,0.7333673565010891,0.04301135221081571,0.07503151592481021,0.0771300144184899,0.05456166275153666,0.016898098193258423,1.3765486334991976,10.257344121670634,24.102704643510506,66.98252848700716,127.75369047715961
sleeper:player:5849,sleeper:5849,Kyler Murray,QB,00-0035228,28.06902263564618,7,established,prime,DIRECT_ID,MAPPED_2025,PHASE2_ENTRY_SEASON,elite,0.7131147540983607,0.4166666666666667,1,1,278.78,1.045342205323194,D1,QB|established,0.895609260549675,209.8562919134447,187.94923842229696,0.7527666687475598,0.6741847995634442,0.10439073945032495,0.023967505856520112,0.048295150365426164,0.051831269700202756,0.16831713104142423,0.6031982035861018,21.4506119065193,32.26542111914812,55.97667380674215,120.53601348518798,269.70776499342037,D1,QB|established,0.8341655344317287,176.32339225776164,147.08289673551107,0.632482216291562,0.527594865971415,0.1658344655682713,0.04082953180232319,0.06492863768969279,0.10727070035405742,0.203543091364815,0.4175935732208403,21.359365537014796,28.360888104224703,54.507114341385765,119.91924367304641,273.2647900483697
sleeper:player:5850,sleeper:5850,Josh Jacobs,RB,00-0035700,27.554296118332342,7,established,aging,DIRECT_ID,MAPPED_2025,PHASE2_ENTRY_SEASON,premium,0.4887640449438202,0.6833333333333333,1,1,83.6,1.082811004784689,D1,RB|established,0.6676549479896776,90.78753481165204,60.61474683278459,1.0859752967900962,0.7250567802964665,0.3323450520103224,0.027926512415498154,0.05646890680290828,0.14524061710334105,0.2679247679518574,0.17009414371607273,12.7168097762084,21.28259162546815,38.410729441208304,86.16139900147095,178.6906618789236,D1,RB|established,0.4149974065274019,75.88547581055582,31.492275654478554,0.9077210025186103,0.3767018618956765,0.5850025934725981,0.04015055054331569,0.05407030929917502,0.07714283014762091,0.1597744788111303,0.08385923772615998,6.704580533788969,14.865995491912187,29.609060877932446,81.62319104554004,179.99024230993177
sleeper:player:5854,sleeper:5854,Drew Lock,QB,00-0035704,28.808257527533076,7,established,prime,DIRECT_ID,MAPPED_2025,PHASE2_ENTRY_SEASON,depth,0.00819672131147541,0.038461538461538464,1,1,2.64,1.0513257575757575,D1,QB|established,0.3574247200807994,35.35296936284379,12.636025178539517,13.391276273804465,4.786373173689211,0.6425752799192006,0.18469404832738553,0.10008255830808403,0.055487322594491684,0.010460503317742554,0.006700287533095604,20.595038540674466,30.898104142536205,53.76322080361501,110.60322777862562,238.75695036473593,D1,QB|established,0.2683524624536541,49.74366548996441,13.3488351257028,18.842297534077424,5.056376941554091,0.7316475375463459,0.10758060740877616,0.08117978177358735,0.048187853938749255,0.01944232190530635,0.011961897427234965,25.471441111180106,31.648676269266772,61.0305525280349,109.8468003226971,247.683212574089
sleeper:player:5857,sleeper:5857,Noah Fant,TE,00-0035644,27.781542399912386,7,established,aging,DIRECT_ID,MAPPED_2025,PHASE2_ENTRY_SEASON,premium,0.3046875,0.26,1,1,33.1,1.4090785498489427,D1,TE|established,0.6830983680861097,37.34366981919569,25.509399911839083,1.1282075474077247,0.770676734496649,0.3169016319138903,0.053652156442940496,0.09603556672674227,0.22580058517478901,0.22964716739048233,0.07796289235115555,7.100234573695836,14.56712389677,24.410537297323202,49.41735870537401,88.10633824346132,D1,TE|established,0.4667894391780505,41.91366926312694,19.564858169229318,1.2662739958648621,0.591083328375508,0.5332105608219495,0.05127902304987222,0.06778870168320267,0.12524304612112647,0.15868397566430184,0.06379469265954738,10.349666642456434,15.892993804191747,23.393066707870375,54.204811358204445,100.72182797864056
sleeper:player:5859,sleeper:5859,A.J. Brown,WR,00-0035676,28.173063101911744,7,established,aging,DIRECT_ID,MAPPED_2025,PHASE2_ENTRY_SEASON,elite,0.9297520661157025,0.8111111111111111,1,1,158.75,1.2885385826771654,D1,WR|established,0.854408360527152,120.48388517998701,102.94243880657433,0.758953607432989,0.6484563074429879,0.14559163947284803,0.012685348714925701,0.02464596502529262,0.05133247383117966,0.20878210467298117,0.5569624682827728,6.406705286964204,14.971462983720642,34.34723099271423,73.75574561140624,153.20632553451918,D1,WR|established,0.6900719591955721,100.82211905486442,69.57451722643951,0.6350999625503271,0.43826467544213865,0.30992804080442793,0.022476306316883476,0.04264859615799139,0.06946136825141569,0.21101696920110433,0.3444687192681772,3.5503756760091605,13.072903426753413,31.884128874849456,71.66982811408698,149.79273559879977
sleeper:player:5870,sleeper:5870,Daniel Jones,QB,00-0035710,28.266151940149353,7,established,prime,DIRECT_ID,MAPPED_2025,PHASE2_ENTRY_SEASON,elite,0.6639344262295082,0.31666666666666665,1,1,269.55,1.0524411055462808,D1,QB|established,0.9398911354009436,215.81661049204675,202.844119073753,0.8006552049417427,0.7525287296373697,0.06010886459905641,0.013853016103877454,0.03476106693877789,0.055112229455660626,0.1684388516696228,0.6677259712330049,20.538352776914124,31.478582935638496,55.04464974560005,119.58986057722568,267.0079753377832,D1,QB|established,0.8907037878501454,196.3699699962459,174.90747609567563,0.7285103691198141,0.6488869452631261,0.10929621214985463,0.03868247976719852,0.06262305582722036,0.08640349734393499,0.1792827355620749,0.5237120193497166,25.177478292752177,32.1504913272715,57.81904848863563,123.91862697298058,276.31206275181364
sleeper:player:5872,sleeper:5872,Deebo Samuel,WR,00-0035719,29.62962962962963,7,established,aging,DIRECT_ID,MAPPED_2025,PHASE2_ENTRY_SEASON,premium,0.5826446280991735,0.875,1,1,94.9,1.2811169652265542,D1,WR|established,0.6122087925039673,65.82078484906383,40.29606321410879,0.6935804515180592,0.4246160507282275,0.3877912074960327,0.028602767542083754,0.06403502766653082,0.12572371108732847,0.24409873376801403,0.14974855244001026,0.0,9.177644423683311,27.61619305487784,66.3924764701711,133.7578391116266,D1,WR|established,0.37775028884347606,57.54839676144927,21.738923499116424,0.6064109247781798,0.22907190199279687,0.6222497111565239,0.03559855807081321,0.05127996404296872,0.08993865746034635,0.12671242770132127,0.07422068156802655,0.0,9.228843161448353,25.383004622514036,68.14687604399042,139.41800416237504
sleeper:player:5892,sleeper:5892,David Montgomery,RB,00-0035685,28.236034963072477,7,established,aging,DIRECT_ID,MAPPED_2025,PHASE2_ENTRY_SEASON,elite,0.7921348314606742,0.4861111111111111,1,1,184.75,1.0969445196211096,D1,RB|established,0.8678620746787398,119.30298278948057,103.5385341590406,0.6457536280892047,0.5604250834048206,0.13213792532126023,0.018891637845423935,0.03744602221732617,0.10688388247687694,0.32395748996808826,0.38068304217102444,9.842794623956692,17.98154186649444,35.81992143084331,84.78596103017821,187.51460698609188,D1,RB|established,0.667576244665111,97.34872289562554,64.98769485360621,0.5269213688531829,0.35176018865280767,0.332423755334889,0.02669268938706867,0.06242704361935493,0.10387065088468568,0.2596340002869253,0.21495186048707643,4.829110765389953,13.228773822682914,29.40509441569543,81.14850312883512,185.66819002225267
sleeper:player:5906,sleeper:5906,Dawson Knox,TE,00-0035689,28.797305899505123,7,established,aging,DIRECT_ID,MAPPED_2025,PHASE2_ENTRY_SEASON,premium,0.4140625,0.54,1,1,46.35,1.3202912621359224,D1,TE|established,0.7006792399369783,39.1801012189497,27.452683542747554,0.8453096271618058,0.5922909070711446,0.29932076006302166,0.04371867561705089,0.08019503933318749,0.2053814823940368,0.25405609768009163,0.11732794491261153,3.377691391922326,10.717370197759344,20.802545893983833,46.33461168168759,88.65310891613157,D1,TE|established,0.4747281219127579,44.53781032101943,21.1433510478042,0.9609020565484234,0.4561672286473398,0.5252718780872421,0.044264574982382766,0.0636908397826586,0.11847743817456846,0.16594162269392615,0.08235364627922201,8.642937498342611,14.2769751254937,22.17700471598244,53.197496632311505,101.95430703236491
sleeper:player:5927,sleeper:5927,Terry McLaurin,WR,00-0035659,29.963654284482228,7,established,aging,DIRECT_ID,MAPPED_2025,PHASE2_ENTRY_SEASON,elite,0.8305785123966942,0.5444444444444444,1,1,138.55,1.2619126669072536,D1,WR|established,0.7758255634086207,104.34408277921764,80.95280681054228,0.753114996602076,0.5842858665502871,0.22417443659137926,0.01694505240797819,0.03308911697452438,0.07097661723740513,0.24570622280813012,0.40910855398058293,4.690183890594085,13.46746006527863,32.57205658824127,71.8205967656462,147.80693902558176,D1,WR|established,0.5491106797682077,85.31298028073803,46.846268595007764,0.6157559024232264,0.3381181421509041,0.4508893202317923,0.01931954026730623,0.04301805045441943,0.07694970979744944,0.19520826471251823,0.21461511453651436,0.05630483827657429,9.514071783046624,27.538420940325373,68.24773326609915,144.41810856279636
sleeper:player:5947,sleeper:5947,Jakobi Meyers,WR,00-0034960,28.810995434540065,7,established,aging,DIRECT_ID,MAPPED_2025,PHASE2_ENTRY_SEASON,premium,0.6239669421487604,0.9886363636363636,1,1,97.25,1.310210796915167,D1,WR|established,0.6298577261391566,66.60824764820026,41.953719405809245,0.6849177136061724,0.43140071368441385,0.3701422738608434,0.025649882153337137,0.07163494913046477,0.1309195647712255,0.25525797341033,0.14639535667379916,1.37783777006684,10.556430428894082,29.11823919603364,67.89865105772867,136.74169631262697,D1,WR|established,0.4055401187762433,52.95563146164488,21.47563307282643,0.544530914772698,0.22082913185425634,0.5944598812237567,0.03806834301059587,0.058700600210017974,0.12485279780341692,0.11991827657829598,0.06400010117391655,1.4084056798206674,10.723797697869358,27.289691932463313,69.44870973982661,141.51790236632897
sleeper:player:5967,sleeper:5967,Tony Pollard,RB,00-0035261,28.340075429338043,7,established,aging,DIRECT_ID,MAPPED_2025,PHASE2_ENTRY_SEASON,elite,0.7359550561797753,0.3472222222222222,1,1,168.35,1.0905732105732107,D1,RB|established,0.8520853847001972,115.90985017513589,98.76508927702288,0.6885051985455057,0.5866652169707329,0.14791461529980277,0.018425789427879626,0.0368976478116822,0.11052335360323515,0.3265162634674257,0.3597223303899746,9.412363178624922,17.66201557084605,35.35185220939851,84.19640677987833,184.97953894422403,D1,RB|established,0.6365683685610356,96.07438258457073,61.15791298236896,0.5706824032347534,0.36327836639363803,0.3634316314389644,0.026117818062092426,0.05497793695451352,0.10463527929197015,0.24327226328473833,0.20756507096772117,3.636096668225904,11.997367470363194,27.76933484617672,79.92735486307541,183.3333265468319
sleeper:player:5973,sleeper:5973,Josh Oliver,TE,00-0035249,28.449591709617582,7,established,aging,DIRECT_ID,MAPPED_2025,PHASE2_ENTRY_SEASON,premium,0.2421875,0.1,1,1,31.25,1.345536,D1,TE|established,0.7017950189632629,31.115401597789727,21.836633854370383,0.9956928511292713,0.6987722833398523,0.2982049810367371,0.06062506255249159,0.10821547374702008,0.29178549384696756,0.1957366837076147,0.045432305109168944,5.877005050472263,13.495419956362625,23.158530943467312,48.121802563397964,84.59622170687012,D1,TE|established,0.46490197513912446,33.70872310921549,15.67125195289213,1.0786791394948958,0.5014800624925482,0.5350980248608755,0.07881864159175114,0.08932118950145337,0.13566134728699175,0.13003510866749216,0.03106568809143602,10.738805922160218,16.2444869501629,23.17185157331828,54.76717096466167,100.06787295486114
sleeper:player:5995,sleeper:5995,Justice Hill,RB,00-0034975,27.797969841954316,7,established,aging,DIRECT_ID,MAPPED_2025,PHASE2_ENTRY_SEASON,premium,0.4550561797752809,0.5833333333333334,1,1,66.65,1.2304651162790696,D1,RB|established,0.6535468012170175,53.30912510684396,34.84000818925566,0.7998368358116122,0.52273080554022,0.34645319878298253,0.06971505789376173,0.13831440577055304,0.21135818498605424,0.1778240191501731,0.056335133416475384,9.179491137174828,17.71125662539381,34.804037908178074,82.15451374661184,173.69575247212288,D1,RB|established,0.37793901584063483,44.54036423488168,16.833541424114593,0.6682725316561392,0.2525662629274507,0.6220609841593652,0.05862156059898645,0.08571635694292072,0.10840571565065478,0.09973071224776371,0.025464670400309218,4.937375584662634,13.057656627225569,27.997118173042036,79.10833999249895,176.72607621230313
sleeper:player:6001,sleeper:6001,Drew Sample,TE,00-0035631,29.377742184986687,7,established,aging,DIRECT_ID,MAPPED_2025,PHASE2_ENTRY_SEASON,starter,0.0859375,0.3181818181818182,1,1,16.95,1.4130088495575224,D1,TE|established,0.4534233545328721,23.668295117687148,10.731757768335704,1.3963595939638436,0.6331420512292452,0.5465766454671279,0.08784645751467261,0.14100377344282317,0.15208821663011693,0.06158211463505516,0.010902792310204261,8.212635281839596,15.942816686688168,25.297962139483786,49.28316843211458,80.69729668030698,D1,TE|established,0.2653003730464837,26.449109208884586,7.016958539864268,1.560419422353073,0.4139798548592489,0.7346996269535163,0.06176826256331722,0.07256332916070839,0.08243743168063014,0.03899789369343989,0.009533455948388057,11.956406517344526,17.319909348093923,23.981340926680723,54.47718830385822,96.5217705169006
sleeper:player:6039,sleeper:6039,Ty Johnson,RB,00-0035537,27.95676844835965,7,established,aging,DIRECT_ID,MAPPED_2025,PHASE2_ENTRY_SEASON,premium,0.28651685393258425,0.08333333333333333,1,1,48.6,1.2378189300411522,D1,RB|established,0.6881942547769803,46.07293643988588,31.707130158634442,0.9480028074050593,0.6524100855686099,0.31180574522301974,0.09140852627448078,0.15172190244452236,0.2517541980986269,0.15503022953935766,0.03827939841999254,9.681130462875068,18.52584108437864,35.18356479415806,82.10523676762269,167.8451819613075,D1,RB|established,0.3980544117213758,34.33793108881505,13.668364959287414,0.7065417919509269,0.2812420773515929,0.6019455882786242,0.0736929119087447,0.09645745124140405,0.13497691346644308,0.07086338813473876,0.022063746970045157,2.5149597714590666,10.51650581218988,24.329218127675635,76.45785077440422,170.71849960932778
sleeper:player:6136,sleeper:6136,Jarrett Stidham,QB,00-0035264,29.065620786189996,7,established,prime,DIRECT_ID,MAPPED_2025,PHASE2_ENTRY_SEASON,depth,0.02459016393442623,0.11538461538461539,1,1,2.76,1.2293478260869566,D1,QB|established,0.299324161140767,21.920699294085622,6.561394927821182,7.942282352929574,2.377317002833762,0.700675838859233,0.1460328957179928,0.10276482532001313,0.03610305495303714,0.007991404524325174,0.006431980625398733,7.285425767474912,17.559396222703498,40.46611114730103,97.3522024478054,226.06780710506973,D1,QB|established,0.22577408067254878,28.38920974729234,6.409547731715089,10.285945560613168,2.322299902795322,0.7742259193274512,0.10055207491062507,0.06498073402194114,0.039067098972368305,0.012262576185072838,0.008911596582541398,7.065287659545312,13.254313855213503,42.739917623579416,91.47260027345399,229.63663288757502
sleeper:player:6271,sleeper:6271,Olamide Zaccheaus,WR,00-0035208,28.110091240751007,7,established,aging,DIRECT_ID,MAPPED_2025,PHASE2_ENTRY_SEASON,premium,0.2768595041322314,0.03409090909090909,1,1,45.0,1.2956222222222222,D1,WR|established,0.5839695640649882,37.9662924379293,22.171159244141432,0.84369538750954,0.49269242764758736,0.41603043593501177,0.06198846813189789,0.10680462947446727,0.22709888126005176,0.1352191865004519,0.05285839869811942,0.0,9.048019347403915,26.752104865199442,64.41637862245688,121.43927261308471,D1,WR|established,0.3514678289431644,41.34636623764762,14.531917576234962,0.9188081386143916,0.3229315016941103,0.6485321710568356,0.04153770414763091,0.07565357205171155,0.08317261488404903,0.11798990570187365,0.033114032157899265,0.0,7.75201667787227,22.309906775806105,65.74438079126836,130.84191103447193
sleeper:player:6768,sleeper:6768,Tua Tagovailoa,QB,00-0036212,27.50227588519956,6,established,prime,EXACT_NAME_POSITION,MAPPED_2025,PHASE2_ENTRY_SEASON,premium,0.48360655737704916,0.5,1,1,137.37,1.0714712091431897,D1,QB|established,0.8534320018272563,102.07249209650843,87.11193126141998,0.7430479150943322,0.6341408696325251,0.14656799817274369,0.03974092270057733,0.1173188833352443,0.1337374428064942,0.29841856994590965,0.2642161830390309,0.0,0.0,20.132630679779865,83.56014045347354,225.13211119224525,D1,QB|established,0.7727343035858745,93.37452128293248,72.15369567623124,0.679730081407385,0.5252507510827054,0.22726569641412553,0.11094672273526857,0.11484109031688136,0.15665895715753092,0.1631025200311666,0.22718501334502703,0.0,0.0,23.891690171706664,88.76136574971933,237.3996646165398
sleeper:player:6770,sleeper:6770,Joe Burrow,QB,00-0036442,28.72612031732342,6,established,prime,EXACT_NAME_POSITION,MAPPED_2025,PHASE2_ENTRY_SEASON,elite,0.8770491803278688,0.75,1,1,297.69,1.0453172763613154,D1,QB|established,0.9257709421784772,246.97649357581446,228.64366115361838,0.8296432314683545,0.7680595960684551,0.07422905782152278,0.031221778648053873,0.01963775846358528,0.03984572041045059,0.12553139850713368,0.7095342861492537,37.0352445355391,47.404219578519346,71.61427081237603,136.1303387446386,291.1970462196956,D1,QB|established,0.8587218464184334,232.69834444780886,199.82315200273504,0.7816800848124185,0.6712457657386377,0.1412781535815666,0.03799138024893223,0.028879812682384064,0.059523947929346385,0.11820954495489884,0.6141171606028719,34.75249906614965,41.8440564166042,69.70372253783452,132.50637850800456,289.0032391422204
sleeper:player:6783,sleeper:6783,Jerry Jeudy,WR,00-0036407,26.357830756278364,6,established,prime,EXACT_NAME_POSITION,MAPPED_2025,PHASE2_ENTRY_SEASON,premium,0.5247933884297521,0.7159090909090909,1,1,80.5,1.324198757763975,D1,WR|established,0.7316656038255567,66.35506193889272,48.54971646040215,0.824286483712953,0.6031020678310827,0.2683343961744433,0.05003512456399636,0.06905111293190462,0.14943965182018873,0.30899401868310566,0.15414569582636128,4.13925503166022,13.499428458191545,31.806608158846796,70.32634896504118,135.76031437831128,D1,WR|established,0.5355610958535908,62.32007135098193,33.37620570640585,0.7741623770308314,0.4146112510112528,0.4644389041464092,0.06412664854501293,0.06393327421889626,0.12013334260451844,0.17418679427049105,0.11318103621467211,4.333703073846877,13.578766156060532,29.492847537068513,72.22115876081006,142.3128726364668
sleeper:player:6786,sleeper:6786,CeeDee Lamb,WR,00-0036358,26.40163726839018,6,established,prime,EXACT_NAME_POSITION,MAPPED_2025,PHASE2_ENTRY_SEASON,elite,0.9628099173553719,0.9,1,1,167.95,1.277377195593927,D1,WR|established,0.8892877761048724,137.87544183452792,122.61094504850404,0.8209314786217798,0.7300443289580473,0.11071222389512758,0.011870160464090031,0.014753135118363016,0.02515267570815436,0.13200026014132882,0.7055115446729362,9.485574163212,17.98603000139574,37.44869282732481,76.93181106842566,157.52548114744786,D1,WR|established,0.7657825926077533,119.97090920271576,91.87163388676504,0.7143251515493645,0.5470177665183986,0.23421740739224672,0.02497885726463644,0.0233305871067172,0.05033313460031462,0.16628372322400437,0.5008562904120807,6.910614099843592,16.45590542100357,35.50088189682377,75.0535835329001,153.83260668887846
sleeper:player:6790,sleeper:6790,D'Andre Swift,RB,00-0036275,26.631621456977214,6,established,prime,EXACT_NAME_POSITION,MAPPED_2025,PHASE2_ENTRY_SEASON,elite,0.8033707865168539,0.5138888888888888,1,1,187.25,1.108841121495327,D1,RB|established,0.9057409557301382,139.78119449015188,126.6055526906105,0.7464950306550167,0.6761311225132737,0.09425904426986176,0.015017285028544231,0.022590476282836384,0.06005510992029784,0.2899929568943031,0.5180851276041567,11.988851978399957,20.10235723987087,37.97208208250985,86.9524558489685,190.07566183184895,D1,RB|established,0.7627675695970714,115.64059972782279,88.20689920113914,0.6175732962767572,0.47106488224907417,0.23723243040292863,0.03394299981609898,0.04589232003386957,0.10107522778598596,0.24460025181503017,0.3372567701460867,7.348578070103684,15.755368672324298,32.025922972100915,83.6513533331703,188.39131507649375
sleeper:player:6794,sleeper:6794,Justin Jefferson,WR,00-0036322,26.212721684907972,6,established,prime,EXACT_NAME_POSITION,MAPPED_2025,PHASE2_ENTRY_SEASON,elite,0.9545454545454546,0.8777777777777778,1,1,167.45,1.291283965362795,D1,WR|established,0.9032352660820646,135.85718019747313,122.71099630482364,0.8113298309792364,0.7328217157648471,0.09676473391793539,0.013211472969698554,0.017249184582796805,0.03294837749660844,0.1708181050631506,0.6690081259698102,12.489137333567207,21.012268471457688,40.4496786558214,79.93562725287615,160.23175816500788,D1,WR|established,0.7882960441947924,116.87309644126215,92.13059959744342,0.69795817522402,0.5501976685425107,0.21170395580520762,0.027519710108074146,0.030542532119321918,0.06143192991925716,0.18939832964389483,0.4794035424042443,8.620280667736658,18.16106892623965,37.11879502769881,76.80533185827437,155.42564786068098
sleeper:player:6797,sleeper:6797,Justin Herbert,QB,00-0036355,27.480372629143652,6,established,prime,EXACT_NAME_POSITION,MAPPED_2025,PHASE2_ENTRY_SEASON,elite,0.8442622950819673,0.6833333333333333,1,1,294.67,1.0446533410255538,D1,QB|established,0.9557429291035768,240.46982196569223,229.82733200650634,0.8160648249421123,0.7799481861285721,0.04425707089642317,0.015453688045303043,0.019161421916854007,0.03419632433693222,0.11567023581831415,0.7712612589861734,22.877418576402064,33.337305913786295,57.44666413921419,121.97706757677605,275.8616719346488,D1,QB|established,0.9142469080357001,229.16093485772558,209.5096761362461,0.7776866829257324,0.7109976452853908,0.08575309196429992,0.037777611201842407,0.030017607560399198,0.052029783853140915,0.09354484034457512,0.7008770650757424,22.37656741971012,29.450431959278855,56.95979002161751,120.30433086294141,276.1723360940578
sleeper:player:6801,sleeper:6801,Tee Higgins,WR,00-0036410,26.62066982894926,6,established,prime,EXACT_NAME_POSITION,MAPPED_2025,PHASE2_ENTRY_SEASON,elite,0.8801652892561983,0.6777777777777778,1,1,147.9,1.2442731575388775,D1,WR|established,0.901093315957841,122.69382179634992,110.55858273001338,0.8295728316183226,0.74752253367149,0.09890668404215897,0.012988028314736775,0.020649784754398604,0.039928465446267464,0.22886643801075476,0.5986605994316835,7.8779484684906365,16.547325611798122,35.788384676151715,75.11157484843892,152.8329594716867,D1,WR|established,0.7804180070875358,105.53972126051455,82.3650989347048,0.7135883790433709,0.5568972206538526,0.21958199291246416,0.030803839802694178,0.03970979092848592,0.08626343896729369,0.20002790986483807,0.423613027524224,5.642333881242088,15.132186101239803,33.55713217547306,73.78585794152967,150.93117708879248
sleeper:player:6804,sleeper:6804,Jordan Love,QB,00-0036264,26.831488668487374,6,established,prime,EXACT_NAME_POSITION,MAPPED_2025,PHASE2_ENTRY_SEASON,elite,0.7622950819672131,0.5166666666666667,1,1,286.26,1.037441486760288,D1,QB|established,0.9552919570628331,212.50126682873545,203.000751067154,0.7423365710498688,0.7091481557575421,0.0447080429371669,0.016782607912391008,0.03119342713431344,0.04651284859439393,0.16802795560466413,0.6927751178170706,11.713271036286358,22.39837527866017,46.25710451518977,110.81662932177258,261.74965542283354,D1,QB|established,0.9191174893461864,195.13765439244662,179.35443098208935,0.6816797819899624,0.6265438097606699,0.08088251065381358,0.043247480019013504,0.05520599726308241,0.08382591080590616,0.13570665766012885,0.6011314435980555,11.888072634807152,18.917333701471016,45.55993159532363,110.23554821994716,264.5297507771615
sleeper:player:6806,sleeper:6806,J.K. Dobbins,RB,00-0036158,26.708282853172893,6,established,prime,EXACT_NAME_POSITION,MAPPED_2025,PHASE2_ENTRY_SEASON,elite,0.6797752808988764,0.20833333333333334,1,1,150.25,1.0653444259567388,D1,RB|established,0.8663353999980852,119.97106718324731,103.93518247639571,0.7984763206871701,0.6917483026715189,0.13366460000191482,0.025043144277682384,0.03496928641026354,0.09724000888730816,0.3472222059034069,0.3618607545194242,14.392750132937167,22.740986816649027,40.28886850259124,88.97183589395263,187.83142071778974,D1,RB|established,0.6876190881384536,100.46229266006107,69.07979007120966,0.6686342273548157,0.45976565771187794,0.3123809118615464,0.036824244932825,0.04574950542113924,0.13469523481145107,0.23629054123525867,0.23405956173777967,8.337131262083517,16.657792316628992,32.07919511845892,84.51071960285496,186.7930411767656
sleeper:player:6813,sleeper:6813,Jonathan Taylor,RB,00-0036223,26.617931921942272,6,established,prime,EXACT_NAME_POSITION,MAPPED_2025,PHASE2_ENTRY_SEASON,elite,0.949438202247191,0.875,1,1,241.85,1.0919392185238785,D1,RB|established,0.9175002733597999,173.26044520444304,158.96650583751713,0.7163963002044368,0.6572938012715202,0.08249972664020011,0.0067200062822345245,0.013461297638166574,0.02521353501057868,0.1385889402729454,0.7335164941558747,14.274462184984678,22.10819371915553,40.35954261647992,89.68370269534466,197.8499481405658,D1,RB|established,0.7917919448248172,148.2008501494192,117.34423936449994,0.6127800295613778,0.4851942913562123,0.20820805517518282,0.02692900724566281,0.033513686683159336,0.04391719433581298,0.17146688112066494,0.5159651754395171,9.90214888558156,18.410303507873518,35.694720309765934,86.34042139612002,193.9829608783302
sleeper:player:6819,sleeper:6819,Michael Pittman,WR,00-0036252,27.90748612223386,6,established,aging,EXACT_NAME_POSITION,MAPPED_2025,PHASE2_ENTRY_SEASON,elite,0.7231404958677686,0.25555555555555554,1,1,112.65,1.336733244562805,D1,WR|established,0.8739065174476879,90.1926953591315,78.81998430051885,0.8006453205426676,0.6996891637862304,0.12609348255231212,0.02011612476375052,0.043537547788646415,0.10452797881238284,0.3526440416958143,0.3530808243870938,3.296498430672024,12.26880569840251,31.098453114828207,70.05912698064128,142.35529713411174,D1,WR|established,0.709652740688269,79.92232042359332,56.717093730769015,0.7094746597744636,0.5034806367578253,0.290347259311731,0.027167788342213922,0.07259893597157946,0.12169201643673756,0.23776344215140208,0.250430557786336,1.4705940758528087,10.8518687229408,28.17742772798072,69.48421799266856,143.51096884470311
sleeper:player:6826,sleeper:6826,Cole Kmet,TE,00-0036290,26.481036571592846,6,established,prime,EXACT_NAME_POSITION,MAPPED_2025,PHASE2_ENTRY_SEASON,premium,0.4609375,0.66,1,1,50.7,1.3322583826429981,D1,TE|established,0.793745113329515,44.98434720922252,35.70610577363858,0.8872652309511344,0.7042624412946465,0.20625488667048497,0.05135994563277448,0.07033637900685594,0.19016976982316192,0.31876988832103226,0.16310913054569043,4.957130808419002,12.210712621234208,22.416385619812438,48.07077485008713,92.00107939815427,D1,TE|established,0.6225223225882144,46.480306959344595,28.935028642944342,0.9167713404209978,0.5707106241211901,0.3774776774117856,0.06705448280520832,0.06414608585142863,0.16013667218544234,0.19935144022732584,0.13183364151880925,8.06284242907774,13.730072565594156,21.93937176039733,52.6876717975499,102.37893079698097
sleeper:player:6847,sleeper:6847,Devin Duvernay,WR,00-0036331,27.970457983394592,6,established,aging,EXACT_NAME_POSITION,MAPPED_2025,PHASE2_ENTRY_SEASON,depth,0.004132231404958678,0.5,1,1,0.9,1.5116666666666667,D1,WR|established,0.26922977379891533,7.482214952348978,2.0144350391357775,8.313572169276643,2.238261154595308,0.7307702262010847,0.13480797775360026,0.08629262094864343,0.03864071535547197,0.008026080684570018,0.0014623790566296844,0.0,5.801607900245081,23.660256069458597,55.404411780324914,105.90249344560596,D1,WR|established,0.1438309253181621,8.525081355763131,1.2261703398120232,9.47231261751459,1.3624114886800258,0.8561690746818379,0.054781193928972495,0.05821718435420394,0.021290417103097932,0.0071952305629574805,0.0023468993689302513,0.0,2.5347083028516906,22.279214521799233,48.97056781410138,107.34097357386756
sleeper:player:6865,sleeper:6865,Colby Parkinson,TE,00-0036244,26.650786806026133,6,established,prime,EXACT_NAME_POSITION,MAPPED_2025,PHASE2_ENTRY_SEASON,premium,0.5234375,0.82,1,1,56.85,1.3412137203166228,D1,TE|established,0.7902803776914961,50.88626229418682,40.214414585158494,0.8950969620789239,0.7073775652622426,0.20971962230850394,0.03946005237485969,0.051532917167652716,0.14865699296319956,0.30486020144487425,0.24577021374090988,2.618753236535298,9.754672711626554,20.122541418164417,45.93069913414169,92.0151904158015,D1,TE|established,0.6245742903673701,53.30663954214485,33.29395656390431,0.9376717597562858,0.5856456739473054,0.3754257096326299,0.05800214201509046,0.050408526904439255,0.14060446850721667,0.20234950160134643,0.1732096513392773,8.613936415432327,14.324907349598583,22.95907950534746,53.31162968396211,104.24650887584517
sleeper:player:6869,sleeper:6869,Adam Trautman,TE,00-0036422,28.570059617925075,6,established,aging,EXACT_NAME_POSITION,MAPPED_2025,PHASE2_ENTRY_SEASON,starter,0.1640625,0.7727272727272727,1,1,21.8,1.3899311926605504,D1,TE|established,0.555717306695204,29.43067036906161,16.355132871729264,1.3500307508743856,0.7502354528316176,0.444282693304796,0.09765978900548622,0.15538137649982756,0.18566656157294287,0.09514492014328708,0.021864659473660286,11.474010852728796,19.116134123208333,28.642466281034316,53.01198184480583,87.01361908002983,D1,TE|established,0.360420025696774,28.236886573183348,10.177139384303635,1.295270026292814,0.46684125616071714,0.639579974303226,0.07581837698797467,0.10135293200036351,0.11434056899439513,0.051011960921029914,0.017896186793010836,12.391868934411491,17.82067006879891,24.755532687382747,55.43262743693111,99.07932538232188
sleeper:player:6904,sleeper:6904,Jalen Hurts,QB,00-0036389,27.069686578095375,6,established,prime,EXACT_NAME_POSITION,MAPPED_2025,PHASE2_ENTRY_SEASON,elite,0.9754098360655737,0.95,1,1,323.3,1.0287751314568512,D1,QB|established,0.959074061961191,273.6650218391289,262.4650241119514,0.8464739308355362,0.811831191190694,0.04092593803880895,0.014358153279998754,0.010112729753820306,0.015941342238550187,0.0604017637261221,0.8582600729626997,36.07508779038645,46.20229406491057,70.69786564717838,135.27172263897222,293.82952743679726,D1,QB|established,0.9222173005402359,256.9722291532836,236.98423548354808,0.7948414140219102,0.73301650319687,0.07778269945976413,0.032156886200293826,0.008400263800424726,0.0340887945035805,0.06859769435330172,0.7789736616826352,32.20667050353732,39.356879888679195,68.1322740135902,129.6639432538055,288.0723411767851
sleeper:player:7002,sleeper:7002,Juwan Johnson,TE,00-0036040,28.96705613393841,6,established,aging,EXACT_NAME_POSITION,MAPPED_2025,PHASE2_ENTRY_SEASON,elite,0.7578125,0.40384615384615385,1,1,86.2,1.3812993039443155,D1,TE|established,0.8891251285349446,69.81099540844562,62.07071026568664,0.8098723365248912,0.7200778453095898,0.11087487146505537,0.01629528148144697,0.03146488466017033,0.09224237379785606,0.3217062330384051,0.42741635555706614,4.601148265804483,11.289175190937584,22.268838259430254,48.631954668829295,102.80651792658294,D1,TE|established,0.7317313146449069,64.683341950148,47.33082684080786,0.7503867975655221,0.5490815178748011,0.2682686853550931,0.027206416992006786,0.05211886519852917,0.11235240966300344,0.23054536361282216,0.30950825917854535,5.118421935068888,10.992222421011405,21.248738146373512,50.040965444306345,105.63405106068721
sleeper:player:7021,sleeper:7021,Rico Dowdle,RB,00-0036139,27.217533556472755,6,established,aging,EXACT_NAME_POSITION,MAPPED_2025,PHASE2_ENTRY_SEASON,elite,0.702247191011236,0.2638888888888889,1,1,154.45,1.128232437682098,D1,RB|established,0.8923441153686081,111.87262471340703,99.82887833384949,0.7243290690411592,0.6463507823493008,0.10765588463139186,0.02160586590493647,0.043383590126206024,0.12214497537940805,0.366746465963252,0.3384632179948056,11.154165196517184,19.452307695685114,37.06267152380411,85.77557590450397,185.42358586068605,D1,RB|established,0.7222834304443323,94.9502096587136,68.58096315370423,0.6147634163723769,0.44403342928911776,0.2777165695556677,0.03411227942142224,0.06923344311030413,0.13762486043627326,0.24580861625997089,0.2355042312163618,5.355641584322217,13.69062788039939,29.29879646041872,81.49882823836548,184.22201380849376
sleeper:player:7049,sleeper:7049,Jauan Jennings,WR,00-0036259,28.145684031841856,6,established,aging,EXACT_NAME_POSITION,MAPPED_2025,PHASE2_ENTRY_SEASON,premium,0.5165289256198347,0.6931818181818182,1,1,80.15,1.2888084840923268,D1,WR|established,0.6802249087273436,59.337354334569895,40.362746436354854,0.7403288126583891,0.5035900990187754,0.31977509127265635,0.04599938072973944,0.08173995255808146,0.15668152053562964,0.2673257070500779,0.1284783478538152,1.0239456591563183,10.405992977305381,28.688348549971124,67.20831127469523,132.34616632508272,D1,WR|established,0.45665961790683085,56.433903562108824,25.771084837663555,0.7041036002758431,0.32153568106879044,0.5433403820931691,0.04936121007272967,0.07307133263094087,0.10236279740553292,0.14409373247461546,0.08777054532301194,1.406911097841565,10.647326880986462,26.47765656062316,69.33062470911801,139.26298521733975
sleeper:player:7083,sleeper:7083,Tyler Huntley,QB,00-0035993,27.57619937438825,6,established,prime,EXACT_NAME_POSITION,MAPPED_2025,PHASE2_ENTRY_SEASON,depth,0.10655737704918032,0.5,1,1,3.6,1.1765277777777778,D1,QB|established,0.38936202772023987,33.85667504238161,13.182503646366941,9.404631956217115,3.6618065684352614,0.6106379722797601,0.1397838877170837,0.11661423200717161,0.08307118865143366,0.03432632989603626,0.015566389448514694,6.874766333278359,17.02686336906853,40.12894943435831,97.32228359644171,228.8052188240203,D1,QB|established,0.328660686732296,46.1766382805099,15.17644564826121,12.826843966808305,4.215679346739225,0.671339313267704,0.12094290775157737,0.079869728059446,0.07054950043785219,0.02941685975976693,0.027881690723653495,10.261726176580652,16.513955474656136,46.41515718027223,95.00032383353823,234.82148994135073
sleeper:player:7090,sleeper:7090,Darnell Mooney,WR,00-0036309,27.841776354066134,6,established,aging,EXACT_NAME_POSITION,MAPPED_2025,PHASE2_ENTRY_SEASON,premium,0.3512396694214876,0.23863636363636365,1,1,54.75,1.316447488584475,D1,WR|established,0.6458428127434075,38.94427323253062,25.151878964745368,0.7113109266215638,0.45939504958439026,0.3541571872565925,0.0720966487157373,0.12077546585629075,0.20864074116576956,0.19178422104281287,0.05254573596279703,0.0,8.105856088537095,25.98426648936573,63.94537624578637,123.46957386806457,D1,WR|established,0.41004652643804507,40.324400928033214,16.5348805312351,0.7365187384115656,0.3020069503421936,0.5899534735619549,0.04852215799928892,0.09271247138964017,0.11329027891377659,0.11247862072674307,0.04304299740859627,0.0,8.065047728783242,22.975880843583276,66.33994267898443,132.94568613380892
sleeper:player:7523,sleeper:7523,Trevor Lawrence,QB,00-0036971,25.906076100125258,5,established,prime,EXACT_NAME_POSITION,MAPPED_2025,PHASE2_ENTRY_SEASON,elite,0.7950819672131147,0.5833333333333334,1,1,290.96,1.0509795160846853,D1,QB|established,0.9627236029027165,254.1207956953371,244.64808800432007,0.8733873924090498,0.8408306571498491,0.037276397097283476,0.01479750919836967,0.01364896032678411,0.036971115515888026,0.10053564616317785,0.7967703716984968,34.37762579899459,44.97544640839122,68.9329284050481,133.48992833863633,285.59858813629444,D1,QB|established,0.9315780506607891,251.29942630286595,234.1050296873985,0.863690632055492,0.8045952353842402,0.06842194933921086,0.03592488979187696,0.024810178838755463,0.04303238409307822,0.08261382911491393,0.7451967688221646,38.34858864138555,45.3961956008181,72.37326006169684,136.54854971038728,291.4745336348276
sleeper:player:7525,sleeper:7525,DeVonta Smith,WR,00-0036912,26.798633784403513,5,established,prime,EXACT_NAME_POSITION,MAPPED_2025,PHASE2_ENTRY_SEASON,elite,0.8553719008264463,0.6111111111111112,1,1,143.15,1.2951309814879497,D1,WR|established,0.9019210842878904,115.14368232667327,103.85051481297356,0.8043568447549652,0.7254663975757845,0.09807891571210958,0.014707164086284422,0.022187640121168268,0.05013107198250152,0.26313948630966255,0.5517557217882737,5.663055369519853,14.386385302762129,33.55921134567802,72.84508717759957,149.69894478164574,D1,WR|established,0.7799396392883107,99.09004617140674,77.28425486798902,0.692211290055234,0.5398830238769753,0.22006036071168933,0.031396049067519,0.04631325807973673,0.095792204914177,0.21993297229841532,0.3865051549284626,4.1338733370492164,13.607683508727789,31.832316830247027,72.30137337505431,148.95922323721646
sleeper:player:7526,sleeper:7526,Jaylen Waddle,WR,00-0036613,26.768516807326638,5,established,prime,EXACT_NAME_POSITION,MAPPED_2025,PHASE2_ENTRY_SEASON,elite,0.8057851239669421,0.4777777777777778,1,1,131.85,1.2881721653394007,D1,WR|established,0.9013034771779513,116.27737936124902,104.80120633543349,0.8818913868885022,0.794851773495893,0.09869652282204866,0.014455984041199493,0.023048144337809422,0.052733860850739535,0.27532136666571844,0.5357441212824845,9.430225344740137,18.25141682983209,37.29314738006008,76.47170304867619,151.60841378007723,D1,WR|established,0.7786342605947848,99.3901495737523,77.38857562376369,0.7538122834565969,0.5869440699564936,0.2213657394052152,0.03086001876004107,0.04690012431288062,0.09962080582043545,0.22263176433373646,0.37862154736769116,5.910893555419328,15.350811919031209,33.21866851831272,74.05335558990488,149.72816789928908
sleeper:player:7527,sleeper:7527,Mac Jones,QB,00-0036972,26.990287274892708,5,established,prime,EXACT_NAME_POSITION,MAPPED_2025,PHASE2_ENTRY_SEASON,usable,0.38524590163934425,0.8076923076923077,1,1,11.32,1.033833922261484,D1,QB|established,0.5435222787179456,82.4780323806141,44.828648103683875,7.286045263305132,3.9601279243536993,0.45647772128205444,0.08902223211010102,0.08324753379670002,0.15874585003548253,0.13419628216750637,0.07831038060815562,14.765697841261918,24.682621800653187,48.35315319921788,107.17436523512532,247.74674079298057,D1,QB|established,0.456012604369898,116.69189678346645,53.212975761091855,10.30847144730269,4.7007929117572305,0.543987395630102,0.09873875443727922,0.05752604796396802,0.06362646799909456,0.0844731931211126,0.15164814084844358,17.15069462656303,23.65006604063725,54.18199002645281,104.31788288733833,249.91779766512087
sleeper:player:7528,sleeper:7528,Najee Harris,RB,00-0036893,27.48311053615064,5,established,aging,EXACT_NAME_POSITION,MAPPED_2025,PHASE2_ENTRY_SEASON,premium,0.47752808988764045,0.65,1,1,74.65,1.0981982585398526,D1,RB|established,0.5151050326693775,55.84047437935815,28.763709379452813,0.7480304672385552,0.38531425826460564,0.48489496733062254,0.06568209644901112,0.09098632012485612,0.1423479476603584,0.1448677701675204,0.07122089826763141,3.778856427047131,12.310996952676554,29.439274442424008,76.98395539915596,169.22363934841079,D1,RB|established,0.27744701116057535,47.78072594434125,13.256619604340038,0.6400633080286838,0.177583651766109,0.7225529888394246,0.0397322301018563,0.053246618290920235,0.07581544784489373,0.07994629934998199,0.02870641557292311,0.5910280623033275,8.734717732976426,23.640613735039366,75.09835065620462,173.19764663178177
sleeper:player:7543,sleeper:7543,Travis Etienne,RB,00-0036973,26.59876657289335,5,established,prime,EXACT_NAME_POSITION,MAPPED_2025,PHASE2_ENTRY_SEASON,elite,0.7584269662921348,0.4027777777777778,1,1,180.05,1.1169702860316577,D1,RB|established,0.91182964289757,138.46871706907896,126.25988083758293,0.7690570234328185,0.7012489910446149,0.08817035710243004,0.014365486888757478,0.021712545120014647,0.06284525424324172,0.2995846527811066,0.5133217038644495,12.53990845943951,20.763041856210002,38.50275496360243,87.45397947178532,188.98350534263415,D1,RB|established,0.7770207172519638,114.76318142131167,89.17336954210484,0.6373961756251689,0.4952700335579274,0.22297928274803624,0.035167398570350845,0.044685683988146964,0.10762936068124061,0.2433039531718666,0.34623432084035877,6.652111753072746,15.031950829384261,30.887762789502418,83.08428917754867,186.9501346656724
sleeper:player:7547,sleeper:7547,Amon-Ra St. Brown,WR,00-0036963,25.856793773999467,5,established,prime,EXACT_NAME_POSITION,MAPPED_2025,PHASE2_ENTRY_SEASON,elite,0.9793388429752066,0.9444444444444444,1,1,196.7,1.2970793085917642,D1,WR|established,0.9206722142447895,148.79644650051577,136.9927538713862,0.756463886632007,0.6964552815017093,0.07932778575521049,0.00816860039902783,0.009922491497912226,0.0167988787725274,0.08790787272612918,0.7978743708491929,12.75957233322692,21.305125109439174,40.76993084453871,80.54177864109195,161.56927112727135,D1,WR|established,0.830028903761123,132.5411766800212,110.01300758292733,0.6738239790545054,0.5592933786625691,0.16997109623887696,0.022857268486454366,0.017354592847437185,0.03471580830958612,0.13531720940041403,0.6197840247172314,9.524534043778395,19.095110123364584,37.91972440531802,78.24062228250465,157.40999194258873
sleeper:player:7553,sleeper:7553,Kyle Pitts,TE,00-0036970,24.904002135567463,5,established,prime,EXACT_NAME_POSITION,MAPPED_2025,PHASE2_ENTRY_SEASON,elite,0.8828125,0.7115384615384616,1,1,106.3,1.380084666039511,D1,TE|established,0.9459593505064275,86.74852385421279,82.06057728252247,0.8160726609051062,0.7719715642758465,0.05404064949357246,0.011224917460327548,0.015378360868668874,0.04536034745286668,0.21089978325737152,0.663095941467193,3.7724671178357525,10.214781837442374,21.524390542879992,48.1612344044476,106.6626907136177,D1,TE|established,0.8879027028194886,76.19106247358114,67.6502503009812,0.7167550561954952,0.6364087516555146,0.11209729718051142,0.028978472152553197,0.03420625434982114,0.0995411072555222,0.21609207685789864,0.5090847922036934,4.000300159192967,9.959712705941733,21.111322748619465,48.99308527988,107.06503531636722
sleeper:player:7564,sleeper:7564,Ja'Marr Chase,WR,00-0036900,25.50360377009795,5,established,prime,EXACT_NAME_POSITION,MAPPED_2025,PHASE2_ENTRY_SEASON,elite,0.987603305785124,0.9666666666666667,1,1,201.4,1.2886941410129096,D1,WR|established,0.9190691584480418,154.49351638710564,141.99022609157595,0.7670978966589158,0.7050160183295727,0.08093084155195818,0.008483284281309025,0.009473639737549772,0.016038285849328617,0.08008229524511137,0.8049916533347431,17.386258762501917,25.92141641675073,45.404908572099764,85.21389575550606,166.5170334853459,D1,WR|established,0.8310544859492224,136.51764165807614,113.4535985111526,0.6778433051543006,0.5633247195191291,0.16894551405077762,0.02197782010041919,0.01577456047869072,0.03161734449259678,0.13380506296929542,0.6278796979082203,12.289015422038666,21.866304735102297,40.72455834509789,81.05226196391072,160.39024087514971
sleeper:player:7569,sleeper:7569,Nico Collins,WR,00-0036554,26.45639540852995,5,established,prime,EXACT_NAME_POSITION,MAPPED_2025,PHASE2_ENTRY_SEASON,elite,0.9380165289256198,0.8333333333333334,1,1,161.5,1.2665975232198141,D1,WR|established,0.9047148302422764,131.83543017733274,119.27346883280308,0.8163184531104194,0.7385354107294309,0.09528516975772361,0.011378016472755234,0.015716968686919332,0.030181403031694674,0.17259043262511614,0.674848009425791,8.16538431141285,16.715902603331102,36.11241257384435,75.54555413852805,155.27863315024513,D1,WR|established,0.7930765680775952,113.41071188829062,89.94337816760245,0.7022335101442144,0.5569249422142566,0.2069234319224048,0.028825319973158365,0.03198873674943314,0.06800017917839153,0.1836094726977587,0.48065285947885344,6.073218496163221,15.601767591227201,34.46341518855648,74.21189283092922,152.50030973673267
sleeper:player:7571,sleeper:7571,Rashod Bateman,WR,00-0036550,25.758229121747878,5,established,prime,EXACT_NAME_POSITION,MAPPED_2025,PHASE2_ENTRY_SEASON,premium,0.5082644628099173,0.6704545454545454,1,1,79.05,1.2802719797596458,D1,WR|established,0.7526633974044966,62.84234968782922,47.29913641692295,0.7949696355196613,0.5983445467036427,0.24733660259550339,0.061154671405549456,0.08279312273255955,0.16835857146655273,0.30070758179908386,0.13964945000075105,4.880687802348234,14.279020121092614,32.53953995047553,71.04153377097322,135.89324270765624,D1,WR|established,0.5713020222093969,58.36322839804318,33.343030406470966,0.7383077596210396,0.42179671608438923,0.42869797779060315,0.07266330243585334,0.07728699722666008,0.13915011894656795,0.1782393229163039,0.10396228068401157,4.777696649672578,14.012459252228545,29.78343641279716,72.69705371012157,142.46555425943683
sleeper:player:7585,sleeper:7585,Davis Mills,QB,00-0036898,26.864343552571235,5,established,prime,EXACT_NAME_POSITION,MAPPED_2025,PHASE2_ENTRY_SEASON,usable,0.27049180327868855,0.2692307692307692,1,1,6.85,1.096058394160584,D1,QB|established,0.42512951596248516,33.10205190907757,14.072659305471204,4.832416337091616,2.054402818316964,0.5748704840375148,0.07916484817904149,0.14805158350907116,0.11075629742173487,0.06541557060755307,0.021741216245084575,0.0,4.032014392711581,27.482888704190152,85.54609017281416,222.42379810571305,D1,QB|established,0.3663622637268401,37.715658238942396,13.817593930366785,5.505935509334656,2.0171669971338373,0.6336377362731599,0.106748186573578,0.11366046646500794,0.06631098213630614,0.04261395838251731,0.037028670169430726,0.0,0.6244131343642678,31.014269758892528,80.2030117762513,223.40171306338385
sleeper:player:7587,sleeper:7587,Dyami Brown,WR,00-0036626,25.834890517943556,5,established,prime,EXACT_NAME_POSITION,MAPPED_2025,PHASE2_ENTRY_SEASON,starter,0.14049586776859505,0.4642857142857143,1,1,32.6,1.2922699386503067,D1,WR|established,0.5362645506564893,40.71336615867861,21.8331350087969,1.2488762625361536,0.6697280677545061,0.46373544934351074,0.08103741224874025,0.10449397316141736,0.16834573296827288,0.14891845169151155,0.033468980586547216,4.97023873176952,14.93726689439027,32.30950235741742,69.50417168709534,121.90048206743364,D1,WR|established,0.3898605228971661,38.1694408430912,14.880758165779984,1.1708417436531042,0.45646497441042894,0.6101394771028339,0.0785112005312151,0.0831421234345851,0.11602255614987572,0.07849330427457163,0.033691338506918606,4.934003874662025,13.889125655645799,27.69990010094213,71.52593908682931,133.87689190483536
sleeper:player:7588,sleeper:7588,Javonte Williams,RB,00-0036997,25.35301888471358,5,established,prime,EXACT_NAME_POSITION,MAPPED_2025,PHASE2_ENTRY_SEASON,elite,0.9044943820224719,0.7638888888888888,1,1,219.45,1.079997721576669,D1,RB|established,0.9298433009656105,156.95984411430692,145.9480595702948,0.7152419417375572,0.665062928094303,0.07015669903438948,0.012371587242435948,0.016549363603247488,0.04341317499435844,0.23454471146179792,0.6229644636637707,14.782721779003396,22.69152492756723,40.83133949029206,90.01387512674178,196.6480501395012,D1,RB|established,0.8331053479292974,126.92576287172538,105.74253183844027,0.5783812388777644,0.48185250325103796,0.16689465207070264,0.032808700540259854,0.0487493811260532,0.08433044550777045,0.26312528658850814,0.4040915341667057,10.95502449906311,19.43000815662669,36.45054454298503,87.27157690835084,194.01213555153336
sleeper:player:7591,sleeper:7591,Justin Fields,QB,00-0036945,26.494726106627787,5,established,prime,EXACT_NAME_POSITION,MAPPED_2025,PHASE2_ENTRY_SEASON,usable,0.3360655737704918,0.5769230769230769,1,1,7.94,1.0831863979848866,D1,QB|established,0.5481334384796345,68.14213721225612,37.350983975505,8.582133150158201,4.7041541530862725,0.45186656152036553,0.12027439392880347,0.11803787169651589,0.1687676891171922,0.09839451128641379,0.04265897245070913,21.27152562172187,31.142125908348426,54.75930342070777,113.00738914348628,252.13232576114933,D1,QB|established,0.4502393184604232,92.50083055586833,41.647510906497246,11.64997865942926,5.245278451699905,0.5497606815395768,0.1242534791828157,0.07872700508407618,0.08420871367144787,0.07928495750849643,0.08376516301358702,26.343143839547473,32.7830953421801,63.58712838320034,112.44353437386098,256.95285261375403
sleeper:player:7594,sleeper:7594,Chuba Hubbard,RB,00-0036555,26.226411219942914,5,established,prime,EXACT_NAME_POSITION,MAPPED_2025,PHASE2_ENTRY_SEASON,elite,0.6123595505617978,0.041666666666666664,1,1,122.3,1.1245952575633689,D1,RB|established,0.902587698671227,95.64997519860566,86.33249099246942,0.7820930106181984,0.7059075306007312,0.09741230132877299,0.033339263136213486,0.07591851351355992,0.1584971381784012,0.39965689788146014,0.23517588596159228,13.055558230997825,21.48102120525415,38.88051970967509,87.23589129740395,183.86045032229356,D1,RB|established,0.7548308351416727,99.27786391401317,74.93799292929589,0.8117568594768043,0.6127391081708576,0.2451691648583273,0.04463801546385781,0.07258396599115152,0.1536276649278232,0.19428288272921893,0.2896983060296212,6.427674888773608,14.692211645120047,29.872255712956857,82.16156837253108,183.06238918128122
sleeper:player:7600,sleeper:7600,Pat Freiermuth,TE,00-0036894,26.85339192454328,5,established,prime,EXACT_NAME_POSITION,MAPPED_2025,PHASE2_ENTRY_SEASON,elite,0.7109375,0.28846153846153844,1,1,79.75,1.353078369905956,D1,TE|established,0.9220866628906731,71.61890123487382,66.0388336395615,0.8980426487131513,0.8280731490854107,0.07791333710932691,0.016125462619187226,0.024551316511908325,0.07483715696132817,0.32902873681796463,0.47754398998028474,4.3918199632474995,11.172549851004462,22.028183399669047,48.29047759485914,100.84145597401049,D1,TE|established,0.8211836985955914,66.25295634507566,54.40584773434148,0.8307580732924847,0.68220498726447,0.17881630140440863,0.03538485085953711,0.04243536058393898,0.12066049541697979,0.2497917807770585,0.372911210958077,4.763820955855614,10.605617866466211,20.52402458879186,49.664099816511296,104.32806354433237
sleeper:player:7610,sleeper:7610,Trey Lance,QB,00-0037012,25.31468818661574,5,established,prime,EXACT_NAME_POSITION,MAPPED_2025,PHASE2_ENTRY_SEASON,depth,0.1885245901639344,0.8846153846153846,1,1,5.05,1.0312871287128713,D1,QB|established,0.39638627526869374,62.44119315966724,24.750831979893537,12.364592704884602,4.901154847503671,0.6036137247313063,0.14975928768400124,0.08200307082506866,0.09205067296291675,0.0431115236679349,0.029461720128772143,25.981543346036958,36.05504954357234,59.329363517174954,116.97081746249874,251.1439161762142,D1,QB|established,0.3667090948210545,85.58057586534784,31.383175509846293,16.946648686207492,6.214490199969563,0.6332909051789455,0.12539355793324483,0.051608027284804646,0.08767435458487297,0.045489714229570134,0.05654344078856193,30.398313761798413,36.72153610636552,66.84937883727656,115.78273101086933,257.2959314380363
sleeper:player:7611,sleeper:7611,Rhamondre Stevenson,RB,00-0036875,27.521441234248478,5,established,aging,EXACT_NAME_POSITION,MAPPED_2025,PHASE2_ENTRY_SEASON,elite,0.6460674157303371,0.125,1,1,144.1,1.1324809160305342,D1,RB|established,0.8863062827964878,95.73989124585643,84.85486712545502,0.6643989677019877,0.5888609793577725,0.11369371720351218,0.028277845950207294,0.06569206401064746,0.15628041024413394,0.37786186535830724,0.25819409723319187,8.62251018248758,17.045633417951173,34.49992809233317,83.1371609159786,180.81456218220046,D1,RB|established,0.7091339498886458,89.04992316157335,63.14832374884691,0.6179730961941245,0.43822570262905564,0.29086605011135425,0.03621129288690211,0.07951728452703292,0.14844399259866162,0.21504722922481065,0.22991415065123844,2.4407427482415462,10.739870095395375,25.88223627225031,78.65808253187795,180.27890271439887
sleeper:player:7694,sleeper:7694,Tommy Tremble,TE,00-0037005,25.24897841844802,5,established,prime,EXACT_NAME_POSITION,MAPPED_2025,PHASE2_ENTRY_SEASON,premium,0.3359375,0.34,1,1,34.45,1.4003773584905659,D1,TE|established,0.8127383474007124,35.90238357180819,29.179243891897872,1.042159174798496,0.8470027254542197,0.18726165259928762,0.06114286764324494,0.08471978988356119,0.23011485538426016,0.32261294711297406,0.11414788737667203,1.863985964541655,9.261653632868885,19.191720688899743,44.24160719995366,84.02620495887797,D1,TE|established,0.6634014467328629,41.046354535016825,27.230210981640173,1.1914761838901835,0.7904270241404985,0.33659855326713706,0.08434303487798535,0.07573728222446495,0.18181650462645643,0.2091620040830547,0.11234262092090154,7.544480170573507,13.10780766465804,20.86567834827104,51.360549167837625,98.49099753629338
sleeper:player:7716,sleeper:7716,John Bates,TE,00-0036628,27.819873098010227,5,established,aging,EXACT_NAME_POSITION,MAPPED_2025,PHASE2_ENTRY_SEASON,starter,0.0703125,0.22727272727272727,1,1,15.75,1.3811428571428572,D1,TE|established,0.5418742075975231,24.652678456217327,13.358650603619294,1.5652494257915763,0.8481682922932885,0.45812579240247686,0.12113471043214065,0.16904742017368882,0.1711577513062196,0.06976693955820022,0.010767386127273874,10.152706594580913,17.887725158767097,27.215463789038402,51.082229661349345,82.0016312883086,D1,TE|established,0.35963215197563847,26.20636015379243,9.424649697556996,1.6638958827804717,0.5983904569877457,0.6403678480243615,0.09416615462257935,0.10348300475718704,0.10650502640950074,0.04358040925274054,0.011897556933630862,13.201467822814664,18.54961186036578,25.21212617706277,55.52542220121419,97.2392806005848
sleeper:player:7828,sleeper:7828,Noah Gray,TE,00-0036637,26.34140331423643,5,established,prime,EXACT_NAME_POSITION,MAPPED_2025,PHASE2_ENTRY_SEASON,premium,0.3203125,0.3,1,1,33.65,1.3578157503714712,D1,TE|established,0.75645365983853,34.37409164738978,26.002407430293047,1.0215183253310485,0.7727312757887979,0.24354634016147003,0.06757517946799456,0.09103203946971648,0.23361214061864213,0.2749780991329463,0.08925620114923052,3.114870458400347,10.545107820899922,20.432939444822686,45.45464988741719,84.6950776048796,D1,TE|established,0.5649388335765588,37.67047858386552,21.281516231439724,1.1194793041267612,0.6324373322864703,0.43506116642344117,0.0774464828267441,0.06914344505789433,0.16207142326888963,0.17296870181046348,0.08330878061256732,6.423240933405026,11.976200900749319,19.61408358224019,50.24401487344825,97.0661015040834
sleeper:player:7891,sleeper:7891,Brock Wright,TE,00-0036754,26.76304099331266,5,established,prime,EXACT_NAME_POSITION,MAPPED_2025,PHASE2_ENTRY_SEASON,starter,0.1328125,0.5909090909090909,1,1,20.25,1.3348395061728395,D1,TE|established,0.5325137675981401,35.50247682276069,18.90555769195394,1.7532087319881824,0.9336077872569848,0.46748623240185994,0.06961941617934372,0.08489755714098332,0.17451201237822786,0.15797146972378562,0.04551331217579954,10.020452704384056,17.712910396739574,27.162687918309558,51.427663874720814,84.36735631266473,D1,TE|established,0.38856384048585846,38.61948779648562,15.006136495799197,1.9071351998264505,0.7410437775703307,0.6114361595141415,0.07173125998161088,0.06050553980966627,0.12901137248903533,0.08560245974510376,0.041713208460442276,15.050249790293961,20.455651292106772,27.21517131482984,57.992830476233614,101.01086698989226
sleeper:player:8110,sleeper:8110,Jake Ferguson,TE,00-0038041,26.62066982894926,4,established,prime,EXACT_NAME_POSITION,MAPPED_2025,PHASE2_ENTRY_SEASON,elite,0.7734375,0.4423076923076923,1,1,89.9,1.4084315906562845,D1,TE|established,0.9304884860889301,82.03290444333675,76.33067306495828,0.9124905944753808,0.849061991823785,0.06951151391106991,0.01220048499620621,0.017105194811963986,0.05542650448804468,0.26705235907851466,0.5787039427142006,6.744396063770765,13.411056129822612,24.42696446512521,50.85472013160034,105.55348026621104,D1,TE|established,0.8443254565352195,75.23545382309847,63.52320889682204,0.8368793528709506,0.7065985416776644,0.1556745434647805,0.03147500792272818,0.03644618696511284,0.10440570015975549,0.2308535414574293,0.4411450200301937,7.949313455901155,13.835497740639767,24.163093730505977,52.9485630331464,108.85904377176612
sleeper:player:8111,sleeper:8111,Cade Otton,TE,00-0038129,26.38247191934126,4,established,prime,EXACT_NAME_POSITION,MAPPED_2025,PHASE2_ENTRY_SEASON,premium,0.5390625,0.86,1,1,59.1,1.4074957698815567,D1,TE|established,0.7986995906386536,52.36878614269919,41.82692805441704,0.8861046724652993,0.7077314391610328,0.2013004093613464,0.042972028413726666,0.044205586261890646,0.16613030744890803,0.2849266939462191,0.2604649745679091,3.5059466638875207,10.618466108023952,21.02366722007396,46.889846588841124,93.50215962232676,D1,TE|established,0.6457570216032782,52.619997959551206,33.97973315913036,0.8903552954238783,0.5749531837416305,0.3542429783967218,0.058659597583027884,0.05509986005279971,0.1411033966528699,0.21820699522134784,0.17268717209323287,8.177484006057618,13.900472811323972,22.614601362995195,52.93710828110534,104.18774315101754
sleeper:player:8112,sleeper:8112,Drake London,WR,00-0037238,24.10727119653381,4,established,prime,EXACT_NAME_POSITION,MAPPED_2025,PHASE2_ENTRY_SEASON,elite,0.9462809917355371,0.8555555555555555,1,1,163.1,1.2959411404046597,D1,WR|established,0.9255226776434091,139.2833036960659,128.90985618780306,0.8539748847091717,0.7903731219362542,0.07447732235659088,0.011662471779390926,0.014020137654049475,0.027427017831837434,0.1505190531980217,0.7218939971801096,12.38096498652525,20.91289560847644,40.33247256151255,79.77608826084503,159.79941873942215,D1,WR|established,0.8538776335498484,120.12085861644684,102.56851449538753,0.7364859510511762,0.6288688810262878,0.14612236645015164,0.029437757258311673,0.03012563811046384,0.06605716787502376,0.19459645019062582,0.5336606201154233,10.448380841385422,19.982168685524314,38.913221467031775,78.57467822697302,157.02509833868655
sleeper:player:8117,sleeper:8117,Jalen Tolbert,WR,00-0037666,26.511153548669718,4,established,prime,EXACT_NAME_POSITION,MAPPED_2025,PHASE2_ENTRY_SEASON,starter,0.1859504132231405,0.6607142857142857,1,1,33.6,1.3570833333333332,D1,WR|established,0.5374203763911645,39.132985764166456,21.030863938688416,1.1646721953620969,0.6259185696038219,0.46257962360883553,0.07367527471378578,0.09494252463541374,0.16490586098746482,0.16229222634861518,0.041604489705884956,0.32194259171465944,10.172047975887438,27.67900691549749,64.88346877807233,118.90235360022712,D1,WR|established,0.38329126686353965,36.92377159146015,14.152559190670736,1.0989217735553616,0.42120711876996236,0.6167087331364604,0.07819526416668253,0.07795627443505233,0.1100252701598569,0.07948238028509205,0.037632077816855944,1.9248224215038263,10.906113327984137,25.162750382033884,68.34192785856082,131.5720525772996
sleeper:player:8119,sleeper:8119,Jahan Dotson,WR,00-0037741,25.44610772295119,4,established,prime,EXACT_NAME_POSITION,MAPPED_2025,PHASE2_ENTRY_SEASON,starter,0.21074380165289255,0.7678571428571429,1,1,36.25,1.2837379310344827,D1,WR|established,0.6480579178012772,37.298676105025876,24.17170237336732,1.0289289960007137,0.6668055827135813,0.3519420821987228,0.0989675587609488,0.1449170904949512,0.20003757509791462,0.1687488825444792,0.0353868109029834,3.2737084109604666,13.094609779388698,30.65656855016618,67.97889750729723,122.82118557671114,D1,WR|established,0.4941908996732437,32.7505660249996,16.18503168870252,0.9034638903448166,0.44648363279179365,0.5058091003267563,0.12500735173702765,0.11372071853706026,0.14315592316262327,0.08116673923660234,0.031140166999930316,4.769713112032271,13.771500319832029,28.12040546248874,71.34269193148295,135.0802420615461
sleeper:player:8121,sleeper:8121,Romeo Doubs,WR,00-0037816,25.385873768797442,4,established,prime,EXACT_NAME_POSITION,MAPPED_2025,PHASE2_ENTRY_SEASON,elite,0.6322314049586777,0.011111111111111112,1,1,100.1,1.2866933066933068,D1,WR|established,0.918082901971877,87.39521213643232,80.2360499766636,0.8730790423220013,0.8015589408258101,0.08191709802812297,0.02183354106624441,0.043698953757618494,0.14164882342718257,0.41263387239708743,0.29826771132374413,8.670392140387236,17.841639880354123,36.42050412159141,75.24798322591553,144.36123561812343,D1,WR|established,0.8195315037524742,77.73392883088853,63.705403587365886,0.7765627255833021,0.6364176182554034,0.1804684962475258,0.044479685830229675,0.09731743296941443,0.13962759652630669,0.29672137086394285,0.24138541756258056,6.21398245163244,15.536636674845774,32.12285409635919,74.32361064296148,146.56387204599423
sleeper:player:8126,sleeper:8126,Wan'Dale Robinson,WR,00-0038117,24.654852597931512,4,established,prime,EXACT_NAME_POSITION,MAPPED_2025,PHASE2_ENTRY_SEASON,premium,0.6074380165289256,0.9431818181818182,1,1,95.7,1.366959247648903,D1,WR|established,0.8023237060497759,84.72729103190602,67.97871414427678,0.8853426440115572,0.71033139126726,0.19767629395022412,0.02926756397314844,0.05532695350972874,0.1156897969744666,0.35077896959794613,0.25126042199448595,8.817599081843213,18.035576614736684,36.55006997708105,75.3167252008074,143.5753282165721,D1,WR|established,0.6648627504180341,68.90934607304708,45.81525735963424,0.7200558628322579,0.4787383214172857,0.3351372495819659,0.07084920310033647,0.06559276870165788,0.18186601638624797,0.19498193725708138,0.1515728249727104,9.111770804039473,18.417082993090013,34.83452079074658,77.19288544855337,148.93985331681145
sleeper:player:8127,sleeper:8127,Charlie Kolar,TE,00-0038046,26.557697967788524,4,established,prime,EXACT_NAME_POSITION,MAPPED_2025,PHASE2_ENTRY_SEASON,premium,0.2734375,0.18,1,1,32.3,1.3879411764705885,D1,TE|established,0.8093216189865714,34.466101213431976,27.894160834209803,1.0670619570721975,0.8635963106566503,0.1906783810134286,0.07636251166509903,0.1197997930226189,0.27408954531728397,0.2744285455112526,0.06464122347031684,6.772267079417929,14.317401194010145,24.069336260303274,49.06246123277528,86.63973549755038,D1,TE|established,0.6309162600417192,33.33761319837306,21.03324223783499,1.032124247627649,0.6511839702116097,0.3690837399582808,0.11275703012569427,0.09448566787433788,0.20276633781499762,0.16389914464385374,0.057008079582835706,8.879326947121129,14.404277749223034,21.607160951002406,52.83911852285722,98.74997918416545
sleeper:player:8130,sleeper:8130,Trey McBride,TE,00-0037744,25.7773944707968,4,established,prime,EXACT_NAME_POSITION,MAPPED_2025,PHASE2_ENTRY_SEASON,elite,0.9765625,0.9423076923076923,1,1,127.1,1.3717191188040911,D1,TE|established,0.9429343161767266,109.79427028075591,103.52878516730728,0.8638416229799836,0.8145459100496245,0.05706568382327337,0.006366460026032706,0.006649160519001406,0.014050980325486902,0.06635666963201901,0.8495110456741866,10.454231956950942,16.725190435778742,28.27534580282969,55.159563257854934,116.88314060591318,D1,TE|established,0.8805071140678877,98.40865381909627,86.64951977355828,0.7742616350833696,0.6817428778407418,0.11949288593211228,0.02063813821522883,0.015852540486999245,0.035357921176029525,0.10539449334485608,0.7032640208447741,8.25410950303445,14.280057844844471,26.046549787508347,53.393522988178965,113.33504573769625
sleeper:player:8131,sleeper:8131,Isaiah Likely,TE,00-0037838,25.3721842337625,4,established,prime,EXACT_NAME_POSITION,MAPPED_2025,PHASE2_ENTRY_SEASON,elite,0.6796875,0.21153846153846154,1,1,78.9,1.347122940430925,D1,TE|established,0.9322004874222447,66.55051902954818,62.03842627754818,0.8434793286381265,0.7862918412870492,0.0677995125777553,0.019614810930731457,0.02829941105978288,0.08900952639499118,0.3540617770933555,0.44121496194338367,2.866456413881181,9.733301056437057,20.493248194889397,46.76746125216264,98.19270326044798,D1,TE|established,0.8558344462464584,63.017037865781774,53.932151705953444,0.7986950299845598,0.6835507187066342,0.14416555375354156,0.04000739197284054,0.04870807160642294,0.13929938754966248,0.2777174920701862,0.3501021030473463,5.004170457813046,10.829007434803351,20.415866893409543,50.066287207365164,104.13044090573558
sleeper:player:8132,sleeper:8132,Tyler Allgeier,RB,00-0037263,25.380397954783465,4,established,prime,EXACT_NAME_POSITION,MAPPED_2025,PHASE2_ENTRY_SEASON,premium,0.43258426966292135,0.5166666666666667,1,1,65.4,1.123860856269113,D1,RB|established,0.8003066315410299,78.60327787341197,62.906724542953896,1.2018849827738831,0.9618765220635151,0.19969336845897012,0.05048341546384111,0.07143856006161103,0.20056614384308952,0.338099319161859,0.13971919301062924,12.019596658827894,20.60668372802307,37.634187775383715,84.97174084815843,175.71523468890945,D1,RB|established,0.6065686730951859,65.56643571172528,39.77054590924201,1.0025448885584904,0.6081123227712845,0.3934313269048141,0.08055407498345601,0.08109945647445471,0.14777846646699527,0.19680133504976285,0.10033534012051704,6.476374366157213,14.583270987370618,29.313145734152908,80.71572795441182,177.89681527900578
sleeper:player:8134,sleeper:8134,Khalil Shakir,WR,00-0037261,25.577527259286637,4,established,prime,EXACT_NAME_POSITION,MAPPED_2025,PHASE2_ENTRY_SEASON,elite,0.640495867768595,0.03333333333333333,1,1,101.05,1.3431024245423058,D1,WR|established,0.9118628025742956,89.1679837168807,81.30896753197399,0.8824144850755141,0.8046409453931123,0.08813719742570436,0.022364430589923018,0.042670552484988945,0.13756041100814567,0.4074429111750648,0.30182449731617317,9.783789919071538,18.93618368715468,37.538257302772536,76.37534377748999,145.77932241744807,D1,WR|established,0.8061929332708041,78.46099628748783,63.25470074435948,0.7764571626668761,0.6259742775295347,0.1938070667291959,0.04267203920038605,0.09274343490668627,0.13922632171592714,0.29238885211634774,0.23916228533145692,6.524340824138562,15.852185867745483,32.50897105631561,74.6196568500663,147.02170672697346
sleeper:player:8135,sleeper:8135,Treylon Burks,WR,00-0037742,25.4433698159442,4,established,prime,EXACT_NAME_POSITION,MAPPED_2025,PHASE2_ENTRY_SEASON,starter,0.2190082644628099,0.8035714285714286,1,1,36.3,1.2905785123966942,D1,WR|established,0.5382881522518367,46.83951558925673,25.213156298912104,1.2903447820731881,0.6945773085099753,0.4617118477481633,0.07241274395817553,0.09019513272244076,0.14972645248332886,0.1715444384294966,0.05440938465839494,4.847783747831315,14.645039393181598,32.232769691713116,69.54910974149372,124.69066711356925,D1,WR|established,0.4046815548169266,42.64858236065922,17.25909462044932,1.1748920760512183,0.47545715207849376,0.5953184451830734,0.08356054965508411,0.0720022323144377,0.1161778495003352,0.08753199503981506,0.04540892830725461,5.291822459525349,14.29793807441412,28.738330127204406,71.81566745414769,135.71114223877328
sleeper:player:8136,sleeper:8136,Rachaad White,RB,00-0037256,26.63709727099119,4,established,prime,EXACT_NAME_POSITION,MAPPED_2025,PHASE2_ENTRY_SEASON,elite,0.6235955056179775,0.06944444444444445,1,1,137.15,1.1591542107181918,D1,RB|established,0.9099583274623579,98.65594647181747,89.77280004571094,0.7193288113147464,0.6545592420394527,0.09004167253764206,0.030707026013642426,0.06391450976248825,0.15231656474346017,0.4078148155593953,0.25520541138337177,12.326020449801455,20.78626285542898,38.185013138681164,86.75007766343168,183.66218652182465,D1,RB|established,0.7673629170338014,97.88811517827088,75.11570960613868,0.7137303330533786,0.5476901903473472,0.23263708296619856,0.04417272023891416,0.07361783197044452,0.1551285761757529,0.2096675854242863,0.28477620322440356,5.770452438860414,14.052919317845195,29.06516418139188,81.92390447025167,183.09339827879302
sleeper:player:8137,sleeper:8137,George Pickens,WR,00-0037247,24.49605399152618,4,established,prime,EXACT_NAME_POSITION,MAPPED_2025,PHASE2_ENTRY_SEASON,elite,0.8884297520661157,0.7,1,1,148.15,1.2586095173810325,D1,WR|established,0.9377963236664452,134.02936522123778,125.69224596782409,0.9046869066570218,0.8484120551321235,0.062203676333554836,0.010033946263129584,0.015371411259636073,0.032753717005080674,0.1975670124895351,0.6820702366490637,13.106597723048296,21.752530224227634,41.019253298183116,80.33710904500238,158.35740447032896,D1,WR|established,0.8692100123503774,115.68433941761604,100.5539860939313,0.7808595303247792,0.6787309219975113,0.13078998764962257,0.03228483271931678,0.03866273755515956,0.08247619135193511,0.19955353965045738,0.5162327110735085,10.616713089847629,20.11092990722876,38.62648504110035,78.71256458071593,156.01597052377633
sleeper:player:8138,sleeper:8138,James Cook,RB,00-0037248,25.936193077202134,4,established,prime,EXACT_NAME_POSITION,MAPPED_2025,PHASE2_ENTRY_SEASON,elite,0.9269662921348315,0.8194444444444444,1,1,231.05,1.0766305994373513,D1,RB|established,0.9308871363661378,163.97576106553385,152.64292665175284,0.7096981651830073,0.660648892671512,0.06911286363386215,0.00868540091005379,0.012728002972813988,0.03161022953619582,0.17923018829948328,0.6986333146475909,11.345090908944819,19.218090056272374,37.41274578820082,86.67173035896336,194.0688530083164,D1,RB|established,0.8314946420043066,134.2212896246738,111.6042831658245,0.5809188038289279,0.4830308728233044,0.16850535799569344,0.030056265158349436,0.04152101068700037,0.0644922661878509,0.22628327747334542,0.46914182249776043,7.439736577278668,15.931617405447437,33.07653352842257,83.8297340723691,191.0226795734535
sleeper:player:8142,sleeper:8142,Alec Pierce,WR,00-0037664,25.333853535664662,4,established,prime,EXACT_NAME_POSITION,MAPPED_2025,PHASE2_ENTRY_SEASON,elite,0.7396694214876033,0.3,1,1,118.45,1.2550485436893204,D1,WR|established,0.9225652846417637,110.05628105422558,101.53410425740556,0.9291370287397684,0.857189567390507,0.07743471535823632,0.014502297238591854,0.023705704546214176,0.058887159921971556,0.30005050096511104,0.525419621969875,6.741057059683968,15.694239189491071,34.56036911284224,73.60074136925121,146.44523334755468,D1,WR|established,0.8321973584393246,96.48344886618666,80.2932712795562,0.814550011533868,0.6778663679152064,0.16780264156067537,0.032264613325994514,0.052675458823456,0.11359816243865589,0.24603119774914187,0.38762792610207636,5.726051322320778,15.121052120031003,32.506620499150834,73.84609217197149,148.21140418132273
sleeper:player:8144,sleeper:8144,Chris Olave,WR,00-0037239,25.180530743273305,4,established,prime,EXACT_NAME_POSITION,MAPPED_2025,PHASE2_ENTRY_SEASON,elite,0.9214876033057852,0.7888888888888889,1,1,157.1,1.3153755569700827,D1,WR|established,0.9233750858468203,131.51493999072798,121.43761900407787,0.8371415658225843,0.7729956652073703,0.07662491415317974,0.01130417870979521,0.015544275658294722,0.03363952992543197,0.19704850872866114,0.6658385928246372,10.348387098928981,18.931382953791427,38.284270864546755,77.68117375111491,156.84212534051892,D1,WR|established,0.8392779230560525,112.60968746842572,94.51082461449153,0.7168025936882605,0.6015965920718748,0.16072207694394747,0.03189174486483386,0.0382587837390952,0.08129754627180064,0.20277749735351647,0.48505235082680637,8.546453697044058,18.063679794011783,36.80702590690051,76.67574318135075,154.63636563193998
sleeper:player:8146,sleeper:8146,Garrett Wilson,WR,00-0037740,25.112083068098592,4,established,prime,EXACT_NAME_POSITION,MAPPED_2025,PHASE2_ENTRY_SEASON,elite,0.871900826446281,0.6555555555555556,1,1,146.5,1.3342525597269623,D1,WR|established,0.8818098008180671,120.83377286276414,106.5524051802096,0.8248039103260351,0.7273201718785639,0.11819019918193285,0.017743922292786048,0.02128936144563194,0.04400889336022118,0.22348740993210053,0.5752802137873274,7.827331503702943,16.515506395397743,35.73338614812137,75.0467859527705,152.47754456728256,D1,WR|established,0.7744627509824075,100.71573756741684,78.00058718368385,0.6874794373202514,0.5324272162708795,0.22553724901759253,0.03178835042234844,0.040791094355013685,0.0987615298991835,0.22863503533458185,0.37448674097128,6.362765817645972,15.847417098216503,34.202040857904734,74.52019346714526,151.50367880482602
sleeper:player:8148,sleeper:8148,Jameson Williams,WR,00-0037240,24.43582003737243,4,established,prime,EXACT_NAME_POSITION,MAPPED_2025,PHASE2_ENTRY_SEASON,elite,0.8140495867768595,0.5,1,1,133.8,1.235560538116592,D1,WR|established,0.9377422716208105,119.56606602062625,112.12215435894586,0.8936178327401064,0.8379832164345729,0.06225772837918953,0.013058374637704371,0.020607641888315386,0.04881115538163716,0.26577493603362845,0.5894901636795252,9.341403245828687,18.14686219500136,37.21013308518758,76.40845582996809,151.83032770405305,D1,WR|established,0.8675957815209212,104.20956959547046,90.41178297514102,0.7788458116253396,0.6757233406213827,0.1324042184790788,0.033506744207252054,0.049788692486838634,0.10394996880016341,0.23689381608453283,0.4434565599421343,8.181847862709454,17.627518838802203,35.55231608576392,76.33268120922668,152.1717989563408
sleeper:player:8150,sleeper:8150,Kyren Williams,RB,00-0037840,25.016256322853994,4,established,prime,EXACT_NAME_POSITION,MAPPED_2025,PHASE2_ENTRY_SEASON,elite,0.8707865168539326,0.6805555555555556,1,1,212.9,1.0833983090652888,D1,RB|established,0.9399848313555019,154.1139453481895,144.86477092764895,0.7238794990520878,0.680435748838182,0.060015168644498074,0.01179228651648679,0.0159670717831223,0.04494400612696679,0.24119872112435325,0.6260827458045728,13.128358825490963,21.118836352122152,39.16143444687549,88.32032865446483,193.7602183183028,D1,RB|established,0.8581427730097535,125.10881861321018,107.36122853271445,0.5876412335049797,0.5042800776548354,0.1418572269902465,0.03423392670518268,0.04903771257340392,0.09023178725529253,0.2648420713107848,0.4197972751650896,9.122925234213156,17.577596848759235,34.28946328735048,85.5325562251577,191.61708682757794
sleeper:player:8151,sleeper:8151,Kenneth Walker,RB,00-0038134,24.865671437469626,4,established,prime,EXACT_NAME_POSITION,MAPPED_2025,PHASE2_ENTRY_SEASON,elite,0.9157303370786517,0.7916666666666666,1,1,222.75,1.097679012345679,D1,RB|established,0.9400093842482622,147.8066202361621,138.93961007601146,0.6635538506673944,0.6237468465814207,0.05999061575173781,0.014816885622563666,0.018099520769430968,0.05272451068298996,0.26557772133125673,0.5887907458420208,10.756435070476996,18.640886992501166,36.811570546325,86.01133959371224,193.03848653661754,D1,RB|established,0.8595794901040508,118.21220722796376,101.61278881308748,0.5306945330099383,0.45617413608569013,0.14042050989594923,0.034829081452041465,0.059844901838592104,0.09567066944069633,0.29455089693683756,0.3746839404358833,8.74028709048222,17.22255860984387,34.33343997405605,85.0466955131906,192.00824726446996
sleeper:player:8154,sleeper:8154,Brian Robinson,RB,00-0037746,26.448181687508985,4,established,prime,EXACT_NAME_POSITION,MAPPED_2025,PHASE2_ENTRY_SEASON,premium,0.5,0.7166666666666667,1,1,84.65,1.0698523331364442,D1,RB|established,0.7748259508303558,71.35414553020507,55.28704365612873,0.8429314297720623,0.6531251465579294,0.22517404916964423,0.057381186849067525,0.07526209539984412,0.1993065437336033,0.31268802794543227,0.13018809690240857,6.310552041160356,14.850473320839669,32.010287174665805,79.7732775090615,172.6982032745072,D1,RB|established,0.551135301040776,59.41249461313832,32.74432310419547,0.7018605388439257,0.3868201193643883,0.448864698959224,0.07334708243816511,0.08947000086832785,0.12732331451576756,0.1812065885791401,0.07978831463937539,3.030184806327112,11.198615976601591,26.03861561478114,77.92768293451945,176.51451025116506
sleeper:player:8155,sleeper:8155,Breece Hall,RB,00-0038120,24.25511817491119,4,established,prime,EXACT_NAME_POSITION,MAPPED_2025,PHASE2_ENTRY_SEASON,elite,0.8370786516853933,0.5972222222222222,1,1,197.8,1.1039964610717896,D1,RB|established,0.9425267842400806,145.43932004038754,137.08045461973038,0.735284732256762,0.6930255541947946,0.05747321575991937,0.015134860383383159,0.019589529149304653,0.05876459601680746,0.28582328728914713,0.5632145114014382,13.71833639742313,21.764741102165857,39.72388977831034,88.7753401087567,193.06684825593072,D1,RB|established,0.8695281706606843,118.72154397294251,103.23172694880469,0.6002100301968782,0.5218995295692855,0.13047182933931567,0.03715816286944683,0.055195801885923435,0.10920109086434912,0.2887970507285152,0.3791760643124497,10.462593790229619,18.892319413354503,35.40791935291267,86.7781984419524,192.18593979870073
sleeper:player:8160,sleeper:8160,Kenny Pickett,QB,00-0038102,27.239436812528663,4,established,prime,EXACT_NAME_POSITION,MAPPED_2025,PHASE2_ENTRY_SEASON,usable,0.23770491803278687,0.11538461538461539,1,1,6.08,1.1082236842105264,D1,QB|established,0.4744787059434452,12.664841510512838,6.009197610886959,2.0830331431764537,0.9883548702116709,0.5255212940565548,0.16495385823250286,0.18434733925024493,0.08885849371843114,0.027783517892093774,0.00853549685017255,0.0,0.0,21.947897234752283,79.84423448086403,215.63909369881912,D1,QB|established,0.373335626498126,16.75324330251466,6.254582584219845,2.7554676484399114,1.0287142408256325,0.626664373501874,0.14807539555927585,0.12929297013852378,0.055953102337012,0.024912217728216526,0.01510194073509786,0.0,0.0,22.275955034658686,71.36899715140606,213.89395264433776
sleeper:player:8161,sleeper:8161,Malik Willis,QB,00-0038128,26.27295563906172,4,established,prime,EXACT_NAME_POSITION,MAPPED_2025,PHASE2_ENTRY_SEASON,elite,0.6147540983606558,0.21666666666666667,1,1,254.73,1.046197935068504,D1,QB|established,0.941999474881427,174.54398163205664,164.4203390411108,0.6852117207712348,0.6454690811491022,0.05800052511857301,0.06152508882532329,0.056595875336325374,0.12177476337643683,0.2233654780762895,0.478738269267052,21.61805021364745,32.670071365628225,56.09824024514646,120.58495921495005,266.27373762049206,D1,QB|established,0.8983557808918532,158.41787426647014,142.3156131438822,0.6219050534545211,0.5586919999367259,0.1016442191081468,0.0630739733984517,0.08921454275432862,0.16523490747222053,0.22122595737821227,0.35960639988864007,27.296354029475857,34.23840442967376,59.48879621691839,126.11972437666697,277.5500590728876
sleeper:player:8167,sleeper:8167,Christian Watson,WR,00-0038124,26.30854843015257,4,established,prime,EXACT_NAME_POSITION,MAPPED_2025,PHASE2_ENTRY_SEASON,elite,0.8223140495867769,0.5222222222222223,1,1,137.2,1.2428243440233238,D1,WR|established,0.8929205909949164,118.73726758428649,106.02295114448262,0.8654319794773068,0.7727620345807772,0.10707940900508361,0.015940812116798337,0.022420060469437897,0.048833050934451415,0.25227169148971085,0.5534549759845179,9.51173158186377,18.307641450304146,37.38914638178555,76.62736222359497,152.32337096237785,D1,WR|established,0.7764552224281194,99.10493817785937,76.95054681661482,0.72233919954708,0.5608640438528777,0.22354477757188063,0.031174674677371363,0.04512234266517187,0.10176316691489383,0.2266124683205144,0.3717825698501679,6.005953684271169,15.458490163269467,33.413233212285455,74.21009351617869,150.21850271815887
sleeper:player:8172,sleeper:8172,Greg Dulcich,TE,00-0037252,25.435156094923236,4,established,prime,EXACT_NAME_POSITION,MAPPED_2025,PHASE2_ENTRY_SEASON,elite,0.6640625,0.17307692307692307,1,1,76.3,1.3589187418086501,D1,TE|established,0.9200972466052717,70.78279360383331,65.12705350191627,0.9276906107972912,0.8535655766961503,0.0799027533947283,0.018413856345112854,0.027268861939796486,0.08391613049641457,0.3429956590767245,0.44750273874722324,6.554662204017106,13.447942021624733,24.168933860476365,50.39500410641229,101.28701310472565,D1,TE|established,0.8361591097286799,64.97606114069548,54.330325437080205,0.8515866466670443,0.7120619323339477,0.1638408902713201,0.040433102620151214,0.04257579378091252,0.13777476893958845,0.26078337191478496,0.35459207247324276,6.22930483893871,12.042670206215284,21.53632287023511,51.251546976341245,105.00239237925749
sleeper:player:8180,sleeper:8180,Jalen Nailor,WR,00-0037291,26.502939827648753,4,established,prime,EXACT_NAME_POSITION,MAPPED_2025,PHASE2_ENTRY_SEASON,premium,0.44214876033057854,0.48863636363636365,1,1,68.9,1.3131059506531204,D1,WR|established,0.7700743690434461,61.20925286014968,47.135676775900514,0.8883781256915774,0.6841172246139406,0.22992563095655394,0.05151612458431625,0.07507816563743638,0.1765133776538963,0.328116939686881,0.13884976148091616,2.6986109532930556,12.211431195478646,30.30570911769688,68.61255135481227,131.20324656196482,D1,WR|established,0.584634477827395,56.79844489408612,33.206329172062105,0.8243605935281003,0.4819496251387823,0.41536552217260503,0.0691576954443579,0.08134403979694413,0.14083434047233406,0.18419943442526082,0.10909896768849804,2.834739518429352,12.021434437500119,27.38653425896588,70.60448310576592,139.04937006958545
sleeper:player:8183,sleeper:8183,Brock Purdy,QB,00-0037834,25.681567725552203,4,established,prime,EXACT_NAME_POSITION,MAPPED_2025,PHASE2_ENTRY_SEASON,elite,0.7295081967213115,0.45,1,1,282.93,1.058682359594246,D1,QB|established,0.9475985088844588,207.2578711496445,196.39724965597043,0.7325411626538172,0.694154913427245,0.052401491115541154,0.016393247803050952,0.0379430794418388,0.04351234734230818,0.17959131665612035,0.6701585176411405,10.461963542887418,21.237084265593793,44.995599486228244,109.56654408640111,259.3190641875931,D1,QB|established,0.9210193361120951,172.5947199295523,158.96307436596925,0.6100262253191683,0.5618459490544278,0.07898066388790492,0.04783948423311542,0.07644367979102526,0.11849062162731201,0.16142768464503618,0.5168178658156062,8.953748563507318,15.965155591804596,42.26135624391167,107.46859826851258,261.1332230846828
sleeper:player:8188,sleeper:8188,Tyquan Thornton,WR,00-0038104,25.068276555986774,4,established,prime,EXACT_NAME_POSITION,MAPPED_2025,PHASE2_ENTRY_SEASON,premium,0.3181818181818182,0.14772727272727273,1,1,52.3,1.2359560229445508,D1,WR|established,0.7668476592661781,55.913600995938125,42.8772140448782,1.06909370929136,0.8198320085062754,0.23315234073382185,0.06228075628583036,0.08941585659306808,0.2161135561852127,0.2917343302949373,0.1073031599071297,4.822919965940599,14.540293305218945,32.32827441769484,70.23629550021515,128.6056178862242,D1,WR|established,0.5993008501732745,53.27474555696808,31.927600305055847,1.0186375823512062,0.6104703691215267,0.4006991498267255,0.0735490500824202,0.09238494852128912,0.15533927064408315,0.18962381703246295,0.0884037638930191,4.713936058015072,13.808684168922056,28.456908454570275,72.12967222061705,138.0846301140207
sleeper:player:8205,sleeper:8205,Isiah Pacheco,RB,00-0037197,26.502939827648753,4,established,prime,EXACT_NAME_POSITION,MAPPED_2025,PHASE2_ENTRY_SEASON,premium,0.3539325842696629,0.2833333333333333,1,1,54.0,1.1167222222222222,D1,RB|established,0.7032901031942722,61.67785282989888,43.37742348154072,1.1421824598129422,0.8032856200285318,0.2967098968057278,0.06373706446659172,0.08186129991356952,0.2144380224947221,0.2602796873194052,0.08297402899998364,7.050510963642665,15.757602524399019,32.59600148046612,79.6487017857511,167.73134505333798,D1,RB|established,0.4600473611275677,53.486808794239906,24.60646524092485,0.9904964591525909,0.4556752822393491,0.5399526388724323,0.06903151833194107,0.06301830386516973,0.1343248771188447,0.1348111520496732,0.058861509761939115,2.4945408268002165,10.541341751519713,24.859066932750306,76.43825238159945,172.03170438818253
sleeper:player:8225,sleeper:8225,Daniel Bellinger,TE,00-0038115,24.942332833665304,4,established,prime,EXACT_NAME_POSITION,MAPPED_2025,PHASE2_ENTRY_SEASON,premium,0.2890625,0.22,1,1,32.75,1.3598625954198473,D1,TE|established,0.8241438495899528,37.30258869879715,30.742699049897354,1.1390103419480047,0.938708367935797,0.1758561504100472,0.06160780249448753,0.08419237202732358,0.2340305059047244,0.33329883983320785,0.11101432933020941,3.676824746510661,11.183765358511572,20.98094291198062,45.98393948038733,84.11541028887521,D1,TE|established,0.6890974700697885,42.26143300298545,29.122246563881138,1.2904254352056626,0.8892289027139278,0.3109025299302115,0.0907458708655227,0.07786338274849648,0.18963019336706208,0.21783892662165397,0.1130190964670533,9.426893228929963,14.961199391863175,22.308622215451223,53.34111164200017,99.55579929408239
sleeper:player:8228,sleeper:8228,Jaylen Warren,RB,00-0037228,26.834226575494363,4,established,prime,EXACT_NAME_POSITION,MAPPED_2025,PHASE2_ENTRY_SEASON,elite,0.7471910112359551,0.375,1,1,168.5,1.1235489614243324,D1,RB|established,0.9071100155553726,131.44487094405613,119.23495892673671,0.7800882548608673,0.7076258690014048,0.09288998444462737,0.01621796270169184,0.022974479663766787,0.07135352427758414,0.31685357797627633,0.47971047093605357,10.018960156836854,18.235903761611425,35.961078186073735,84.79566382832911,185.98666834207444,D1,RB|established,0.7658850940266875,107.76851491883758,82.5382991817304,0.6395757561948818,0.4898415381705068,0.23411490597331253,0.03588616050955574,0.048385889130003024,0.11621081685282865,0.2501290959523488,0.31527313158195125,4.634705200983944,13.001759681703664,28.900558281275515,80.85508500804127,184.47531069681426
sleeper:player:827,sleeper:827,Tyrod Taylor,QB,00-0028118,36.08013853809455,15,veteran,aging,DIRECT_ID,MAPPED_2025,PHASE2_ENTRY_SEASON,depth,0.1721311475409836,0.8076923076923077,1,1,4.99,1.1323647294589179,D1,QB|veteran,0.21094693943196963,69.56047855054084,14.67357005565976,13.93997566143103,2.9405952015350216,0.7890530605680304,0.05384848409118922,0.05838891584150052,0.05037251640259845,0.028918602544533056,0.01941842055214844,25.653929266820903,35.769969374290895,58.99549936639143,116.63460971408642,250.22186682949933,D1,QB|veteran,0.12143749364002887,105.4058102901692,12.800217416734512,21.123408875785408,2.56517383100892,0.8785625063599711,0.017193969435370406,0.03534007953037028,0.022986251007500045,0.01731271216778342,0.028604481499004693,31.13272672964742,37.44657672821331,67.41202291582984,116.58285007905081,257.7792664642968
sleeper:player:8408,sleeper:8408,Jordan Mason,RB,00-0037525,26.27569354606871,4,established,prime,EXACT_NAME_POSITION,MAPPED_2025,PHASE2_ENTRY_SEASON,elite,0.6910112359550562,0.2361111111111111,1,1,152.7,1.0577963326784545,D1,RB|established,0.9160365439837826,119.09051161602493,109.09126068200399,0.7798985698495412,0.7144155905828684,0.08396345601621735,0.022741610806567978,0.03258142042242931,0.10498161655076343,0.3775558428937218,0.37817605331030013,13.301288823758718,21.625898068442055,39.20426173569537,87.90681833456925,187.15808467170848,D1,RB|established,0.7879574919337482,99.5623443566088,78.45089515027765,0.6520127331801494,0.5137583179454986,0.2120425080662518,0.04155212958741662,0.060050225336202474,0.15144202358727998,0.2675132355915166,0.26739987783133257,7.852898821047845,16.18097800374997,31.68956597527813,84.02160293961197,186.5255012462797
sleeper:player:8676,sleeper:8676,Rashid Shaheed,WR,00-0037545,27.00397680992765,4,established,aging,EXACT_NAME_POSITION,MAPPED_2025,PHASE2_ENTRY_SEASON,premium,0.5578512396694215,0.8068181818181818,1,1,92.1,1.278398479913138,D1,WR|established,0.7598491438237102,61.6020686545906,46.80827912496008,0.6688606802887145,0.508233215254724,0.24015085617628984,0.050810529819518856,0.08384824146632552,0.17911430420715224,0.29992152769278346,0.1461545406379301,2.235440464133333,11.57741403473581,29.946837772932938,68.6912358267425,135.18609765836095,D1,WR|established,0.5725445939844581,57.4961871282338,32.91913111498905,0.624279990534569,0.3574281337132362,0.4274554060155419,0.06255968548247844,0.09792281552194489,0.12743307027795736,0.17891945662210318,0.10570956607997428,3.299548780542466,12.575672813155897,28.522239682349607,71.54554474935897,142.33054855698828
sleeper:player:8698,sleeper:8698,Jake Tonges,TE,00-0037112,26.152487730754224,4,established,prime,EXACT_NAME_POSITION,MAPPED_2025,PHASE2_ENTRY_SEASON,premium,0.2265625,0.06,1,1,29.85,1.3779061976549412,D1,TE|established,0.7468864994590929,42.1271257020878,31.46418144790554,1.4112939933697755,1.0540764304155958,0.2531135005409071,0.04089475442896396,0.03575451543587569,0.22667459502547652,0.32918391072465614,0.11437872384412064,5.978035588840143,13.616127298141215,23.24389669261732,48.13702823195831,84.09026364299842,D1,TE|established,0.5756515794051168,43.448567061382015,25.011236251773692,1.4555633856409385,0.8378973618684653,0.4243484205948832,0.08851655574009623,0.05417691653785864,0.13661202006112977,0.20782712748879617,0.08851895957723598,10.462157878771983,15.95515093390177,22.818813496250833,54.40153521747381,99.38347931231172
sleeper:player:8800,sleeper:8800,Malik Davis,RB,00-0037563,27.765114957870455,4,established,aging,EXACT_NAME_POSITION,MAPPED_2025,PHASE2_ENTRY_SEASON,premium,0.33707865168539325,0.23333333333333334,1,0,52.45,1.0916205910390848,D1,RB|established,0.6456550429561767,46.08816135389895,29.757053798722826,0.8787066035061762,0.5673413498326563,0.3543449570438233,0.08325897046159961,0.12386049458545506,0.226089695426736,0.16654727727606905,0.04589860520631701,5.378726981960519,14.11857790935725,30.912687849832132,77.92727559945712,165.4271778752821,D1,RB|established,0.37477713795406487,39.81451042539529,14.921568266271926,0.7590945743640665,0.28449129201662393,0.6252228620459351,0.057580584557625526,0.08123127751590446,0.1147706259952509,0.08958161983059877,0.03161303005468531,0,7.2329613546114295,21.431616565408408,73.12931959203075,168.38824404176185
sleeper:player:8917,sleeper:8917,KaVontae Turpin,WR,00-0037801,29.082048228231926,4,established,aging,EXACT_NAME_POSITION,MAPPED_2025,PHASE2_ENTRY_SEASON,premium,0.30165289256198347,0.10227272727272728,1,1,48.45,1.207595459236326,D1,WR|established,0.6809002323324568,31.80000594753851,21.652631437852477,0.656346871982219,0.44690673762337413,0.3190997676675432,0.08355533743423135,0.15518929425696595,0.24813285340739455,0.15452643964321194,0.03949630759065296,0.0,7.006554251839191,24.766112158612387,62.54537646800875,120.39324936774463,D1,WR|established,0.4254413482568765,29.58915348425619,12.588449352121609,0.6107152421931102,0.2598235160396617,0.5745586517431235,0.06628341931940704,0.11809593087065583,0.11857751431501316,0.09667013054750442,0.025814353204296172,0.0,5.6752253896659965,20.329241855943913,63.79670321709867,129.40094623747598
sleeper:player:9221,sleeper:9221,Jahmyr Gibbs,RB,00-0039139,23.452911421863558,3,developmental,prime,EXACT_NAME_POSITION,MAPPED_2025,PHASE2_ENTRY_SEASON,elite,0.9943820224719101,0.9861111111111112,1,1,292.3,1.122213479302087,D1,RB|developmental,0.9562612782128315,180.61426034241745,172.71442345850522,0.6179071513596218,0.5908806823760014,0.04373872178716853,0.005656542703552713,0.016249337432543212,0.026484032776541704,0.11549967146226296,0.7923716938379309,16.984351556102567,24.798025738987896,43.13149279839022,92.77633873010593,202.37657149545862,D1,RB|developmental,0.90609149153729,165.94211207858893,150.35873584213678,0.5677116389961988,0.5143986857411453,0.09390850846271004,0.01664473998714267,0.03514677223200678,0.024602132070634695,0.15527837804759342,0.6744194691999124,13.612502086072816,22.163729070415776,39.47185287428871,90.57228338803297,199.16116435397333
sleeper:player:9224,sleeper:9224,Chase Brown,RB,00-0038597,25.44884562995818,3,developmental,prime,EXACT_NAME_POSITION,MAPPED_2025,PHASE2_ENTRY_SEASON,elite,0.9382022471910112,0.8472222222222222,1,1,231.25,1.1332021621621622,D1,RB|developmental,0.9289345074316033,157.2823714920147,146.10502228960914,0.6801399848303339,0.6318055017929044,0.07106549256839667,0.00936274127490091,0.01734802450414179,0.03938637015318141,0.19834871665019974,0.6644886548491795,8.95512188344324,16.795397986853445,35.02539912763861,84.27436836795984,192.07938878410334,D1,RB|developmental,0.8311624740370279,137.25999542811348,114.08535738634195,0.5935567369864367,0.49334208599499224,0.16883752596297208,0.018273766177073318,0.0401687019427574,0.05393752501773222,0.23130223991535248,0.4874802409841125,6.182212001115822,14.679873942005479,31.951683527603223,82.50122750663046,189.90841551705373
sleeper:player:9225,sleeper:9225,Tank Bigsby,RB,00-0038555,23.006632579724428,3,developmental,prime,EXACT_NAME_POSITION,MAPPED_2025,PHASE2_ENTRY_SEASON,premium,0.37640449438202245,0.35,1,1,59.85,1.0605764411027567,D1,RB|developmental,0.8689049988170565,55.620254483326306,48.328717156039026,0.9293275602894955,0.8074973626740021,0.13109500118294348,0.09066166122524037,0.16916331600536932,0.28972973053794926,0.25775557041228797,0.06159472063620962,12.345096671748337,21.046168520682563,37.92348296147888,85.14957464054764,173.9420641190382,D1,RB|developmental,0.7351221827995922,53.35317423125221,39.22110190016508,0.891448190998366,0.6553233400194667,0.2648778172004078,0.09096080491268008,0.13825659506338667,0.2392624563325699,0.20330222562117442,0.06334010086978113,9.347618837914496,17.416677471885052,31.728754392358436,83.58121793143647,179.65107330011116
sleeper:player:9226,sleeper:9226,De'Von Achane,RB,00-0039040,23.88550072896774,3,developmental,prime,EXACT_NAME_POSITION,MAPPED_2025,PHASE2_ENTRY_SEASON,elite,0.848314606741573,0.625,1,1,202.25,1.1562076637824474,D1,RB|developmental,0.94637040358466,157.7005083425012,149.2430937255989,0.7797305727688564,0.7379139368385607,0.05362959641534004,0.00964871468931982,0.016934101422841897,0.04232767151769844,0.22716886193471833,0.6502910540200815,14.836854341112911,22.863261525325782,40.85095126232247,89.93380552412609,194.6105235228232,D1,RB|developmental,0.8798636017102428,138.29881045602806,121.68408948008303,0.683801287792475,0.6016518639311893,0.1201363982897572,0.020874444812595976,0.03822343720312136,0.07300461780321942,0.24758380958966056,0.5001772923016455,10.93110683183101,19.368903891241644,35.9558420206877,87.26820588172663,192.9004509489961
sleeper:player:9228,sleeper:9228,Bryce Young,QB,00-0039150,24.10453328952682,3,developmental,young,EXACT_NAME_POSITION,MAPPED_2025,PHASE2_ENTRY_SEASON,elite,0.5983606557377049,0.18333333333333332,1,1,252.28,1.049540193435865,D1,QB|developmental,0.9455957656621465,186.49223019326217,176.34626319963903,0.739227168991843,0.6990100808611028,0.05440423433785346,0.009641086749204268,0.037284786680116276,0.07145994789083289,0.20893164053907737,0.6182783038029157,2.0044322716706375,13.099190846600834,36.47846692603766,100.96350469602378,246.06607866663205,D1,QB|developmental,0.9227332830541378,178.77632151275282,164.9628620818045,0.7086424667542128,0.6538879898596975,0.07726671694586218,0.015221969173976939,0.08007494769596818,0.07107186396091279,0.21532730009630396,0.5410372021269759,6.043533810762688,12.976248492973735,38.063355268866516,104.9340891875135,256.04780394413933
sleeper:player:9230,sleeper:9230,Tanner McKee,QB,00-0038400,25.347543070699604,3,developmental,prime,EXACT_NAME_POSITION,MAPPED_2025,PHASE2_ENTRY_SEASON,depth,0.07377049180327869,0.34615384615384615,1,1,3.24,1.0410493827160494,D1,QB|developmental,0.37691680418051343,28.43378520913713,10.71717145178312,8.77585963244973,3.307768966599728,0.6230831958194866,0.14830598464316455,0.1208729527199685,0.07364647548145088,0.02261071530916093,0.011480676026768574,6.532777188634789,16.73312231203228,39.7573279559705,96.82613339773914,227.20303011304412,D1,QB|developmental,0.34480320433392586,45.80730946176584,15.794507084332622,14.138058475853652,4.874847865534759,0.6551967956660741,0.09610642959981788,0.10351714258599683,0.08284768592095977,0.03456283055623003,0.027769115670921454,8.795332411698272,15.022190249041758,44.75934119713003,93.39777324808915,232.5556817521307
sleeper:player:9479,sleeper:9479,Darnell Washington,TE,00-0038558,24.041561428366084,3,developmental,prime,EXACT_NAME_POSITION,MAPPED_2025,PHASE2_ENTRY_SEASON,premium,0.4765625,0.7,1,1,50.9,1.3747151277013752,D1,TE|developmental,0.8387324697278502,51.05492761874276,42.821425533444746,1.003043764611842,0.8412853739380107,0.1612675302721498,0.046204113840170445,0.07028141811840474,0.18990896059550727,0.331550522965623,0.20078745420814478,8.483669457191283,15.693338556389833,25.947312109065308,51.592957944635224,96.08765562882147,D1,TE|developmental,0.7294306617609522,54.76333912233483,39.94605869624414,1.075900572148032,0.7847948663309261,0.27056933823904783,0.04645953485508702,0.06613150264834859,0.16551937341393783,0.26219424155244675,0.189126009291132,10.541363583434368,16.216919744433035,24.59572667580653,55.07905827854339,105.06953259399461
sleeper:player:9480,sleeper:9480,Brenton Strange,TE,00-0038935,24.679493760994408,3,developmental,prime,EXACT_NAME_POSITION,MAPPED_2025,PHASE2_ENTRY_SEASON,elite,0.7265625,0.3269230769230769,1,1,84.4,1.3426895734597155,D1,TE|developmental,0.9337577582421799,76.84246389940259,71.7522468285118,0.9104557334052439,0.8501451046032203,0.06624224175782012,0.014155215653098034,0.02381129729475838,0.06801154672149845,0.30058877801434025,0.5271909205584848,6.411588366317432,13.17958371372876,24.066846821151472,50.42187689928926,103.48166187938756,D1,TE|developmental,0.8668173542806574,73.52030388001249,63.72867529518238,0.8710936478674465,0.7550790911751466,0.13318264571934257,0.02128925623134551,0.035158515765094885,0.09865834413525357,0.2576573727308452,0.4540538654181182,5.699378302181266,11.555112645369242,21.506913887802725,50.73909429739941,105.72741380098373
sleeper:player:9481,sleeper:9481,Luke Musgrave,TE,00-0039144,24.997090973805076,3,developmental,prime,EXACT_NAME_POSITION,MAPPED_2025,PHASE2_ENTRY_SEASON,starter,0.0546875,0.13636363636363635,1,1,14.85,1.41989898989899,D1,TE|developmental,0.6306650624707114,30.793682584570416,19.42049975090136,2.0736486588936307,1.3077777610034587,0.3693349375292886,0.0903793339003925,0.13178387275280876,0.2352563371716751,0.1484037487974474,0.024841769848387676,10.405590157833146,18.153797461635072,27.44966367241844,51.22517199771367,81.63495724685153,D1,TE|developmental,0.5001521547968678,34.254418544921904,17.13242124655648,2.3066948515098926,1.1536984004415138,0.4998478452031322,0.07230849132727436,0.09621059392916798,0.1664587211704299,0.12149498105538797,0.0436793673146076,11.700227557654827,17.034515908837314,23.661652827115034,53.88804546791937,95.27791433423013
sleeper:player:9482,sleeper:9482,Michael Mayer,TE,00-0039066,24.156553522659603,3,developmental,prime,EXACT_NAME_POSITION,MAPPED_2025,PHASE2_ENTRY_SEASON,premium,0.5,0.76,1,1,55.95,1.4036282394995532,D1,TE|developmental,0.8362289133934302,49.46938246379909,41.367727943946726,0.8841712683431473,0.739369578980281,0.1637710866065698,0.04447013951091863,0.06597176666738153,0.1808857798882956,0.3279502602137263,0.2169509671131081,5.165460802856117,12.361335007886929,22.65991528608582,48.461937992613784,93.71038405236963,D1,TE|developmental,0.726694692938731,55.050868301402396,40.005173836298134,0.9839297283539302,0.7150165118194483,0.273305307061269,0.04442176723459151,0.06347824527312512,0.16071181082458372,0.2613547821674861,0.19672808743894457,9.536949342100506,15.23436678404152,23.640097318027877,54.322365104048835,104.8036523048849
sleeper:player:9484,sleeper:9484,Tucker Kraft,TE,00-0038996,24.827340739371788,3,developmental,prime,EXACT_NAME_POSITION,MAPPED_2025,PHASE2_ENTRY_SEASON,elite,0.8671875,0.6730769230769231,1,1,102.75,1.3039951338199514,D1,TE|developmental,0.9251564459573487,87.57971417502554,81.02493710412706,0.8523573155720248,0.7885638647603607,0.0748435540426513,0.01140853227839933,0.017376418472255035,0.04219664865053591,0.18700895846364834,0.6671658880925101,3.919659859699692,10.388073257166631,21.6589065883334,48.24651240146878,106.2153356303935,D1,TE|developmental,0.8572620223955574,79.92993756750171,68.52089992906716,0.7779069349635203,0.6668700723023567,0.14273797760444262,0.017162717902880573,0.026556167184391525,0.08054812050381344,0.20820975136804876,0.5247852654364231,4.355489556261155,10.303369930958304,21.363242210434457,49.305954739462805,107.06432514663604
sleeper:player:9486,sleeper:9486,Dontayvion Wicks,WR,00-0038393,24.21131166279937,3,developmental,prime,EXACT_NAME_POSITION,MAPPED_2025,PHASE2_ENTRY_SEASON,premium,0.371900826446281,0.29545454545454547,1,1,56.35,1.3161579414374445,D1,WR|developmental,0.7722052689538107,54.50679715895376,42.09043595994069,0.9672901004250889,0.7469465121551143,0.2277947310461893,0.059803583624387924,0.10100939238590659,0.2075077162602788,0.2983410402649888,0.10554353641824858,3.3417365814692133,12.94400181523099,30.878864236991365,68.87355789871094,129.11933153022233,D1,WR|developmental,0.6131633497589225,59.74158117199343,36.63134803131407,1.0601877759005045,0.6500682880446153,0.3868366502410775,0.04661113095175663,0.0868418830315022,0.15513519765203046,0.2162018649109473,0.10837327321268592,4.814965384756533,13.94479335804212,29.019215801555752,72.19175866381002,139.20434305361067
sleeper:player:9487,sleeper:9487,Parker Washington,WR,00-0038606,23.450173514856566,3,developmental,prime,EXACT_NAME_POSITION,MAPPED_2025,PHASE2_ENTRY_SEASON,elite,0.7148760330578512,0.23333333333333334,1,1,112.35,1.2800667556742322,D1,WR|developmental,0.9363356961053629,108.75799891409858,101.8339966202588,0.9680284727556616,0.9063996138874838,0.06366430389463706,0.014315377935231686,0.028709152407416512,0.06935444738175099,0.3274871036079841,0.49646961477297963,9.497085985634833,18.492260351539656,37.296552571598866,76.26068106245873,148.25897009788676,D1,WR|developmental,0.8683852476839983,103.26170249737609,89.67093909945528,0.9191072763451366,0.7981391998171365,0.13161475231600173,0.02029725867203103,0.049066261490110855,0.10394345924978493,0.2681311124542639,0.42694715581780757,8.7537716714114,18.13057777548743,35.368049079806326,76.8108711453124,150.67906950009873
sleeper:player:9488,sleeper:9488,Jaxon Smith-Njigba,WR,00-0038543,23.546000260101167,3,developmental,prime,EXACT_NAME_POSITION,MAPPED_2025,PHASE2_ENTRY_SEASON,elite,0.9710743801652892,0.9222222222222223,1,1,192.4,1.266933471933472,D1,WR|developmental,0.9453191410163583,153.67565188997494,145.27253523976,0.7987299994281442,0.7550547569634095,0.05468085898364172,0.006519343794604816,0.010329199757913477,0.016224201688998626,0.08638677940240877,0.8258596163724325,17.18550129934094,25.74234940099815,45.18798737629332,84.92562578443341,165.67586808390288,D1,WR|developmental,0.8907644864321179,141.65246415891278,126.17898448835793,0.7362394187053678,0.655815927694168,0.10923551356788208,0.01476436854320726,0.017185580708770774,0.02990459948509265,0.12465722187849056,0.7042527158165567,14.14964529863957,23.71367016222957,42.500715136335,82.82511701357738,161.8266032998436
sleeper:player:9493,sleeper:9493,Puka Nacua,WR,00-0039075,24.260593988925166,3,developmental,prime,EXACT_NAME_POSITION,MAPPED_2025,PHASE2_ENTRY_SEASON,elite,0.9958677685950413,0.9888888888888889,1,1,217.6,1.269797794117647,D1,WR|developmental,0.9376431997432308,157.93221327376156,148.08406579654016,0.7257914212948602,0.6805333906091,0.06235680025676916,0.006063370345984309,0.008469334784669628,0.01211823922830219,0.058023644653436714,0.8529686107308381,17.27310760945123,25.829870907286548,45.31493864676603,85.26522188278341,166.78695174851129,D1,WR|developmental,0.8748937800879513,146.54713861231042,128.21318006159723,0.6734703061227502,0.5892149819007225,0.12510621991204873,0.012523307054194965,0.012227662739304779,0.01981588766740576,0.10131082296788274,0.729016099659163,13.97390291342262,23.563664917174258,42.315853482848574,83.0168573450577,162.54924926288854
sleeper:player:9500,sleeper:9500,Josh Downs,WR,00-0038997,24.05525096340103,3,developmental,prime,EXACT_NAME_POSITION,MAPPED_2025,PHASE2_ENTRY_SEASON,elite,0.6487603305785123,0.05555555555555555,1,1,101.85,1.3330927835051547,D1,WR|developmental,0.923810271066161,87.75651492633229,81.07036984191663,0.8616250851873568,0.7959781035043362,0.07618972893383902,0.021731936194367925,0.04844650930104978,0.14220374606584538,0.4087226689943067,0.3027054105105912,8.876850551770843,18.009466832059097,36.63524362678803,75.47893159574471,145.1752829894631,D1,WR|developmental,0.8385807084640053,85.7589502481253,71.9158012562023,0.842012275386601,0.7060952504290849,0.16141929153599466,0.026314994160751927,0.07990027315278508,0.1289520040556127,0.32008818401430894,0.2833252530805467,7.361443839528015,16.69431349030574,33.42569819981465,75.43573650925383,147.99883018476578
sleeper:player:9501,sleeper:9501,DeMario Douglas,WR,00-0038621,24.731513994127187,3,developmental,prime,EXACT_NAME_POSITION,MAPPED_2025,PHASE2_ENTRY_SEASON,premium,0.371900826446281,0.29545454545454547,1,1,56.35,1.2809316770186334,D1,WR|developmental,0.7890084765571952,55.910243562542206,44.113656097223156,0.9921959815890364,0.7828510398797366,0.2109915234428048,0.05563098839155115,0.09954687635918476,0.21043757020475629,0.3143549147206031,0.10903812688109986,3.863242265526523,13.465507499288293,31.40036992104868,69.39506358276824,129.64083721427963,D1,WR|developmental,0.6263705018870728,60.29740967855853,37.76851876284915,1.0700516358218017,0.6702487801747852,0.3736294981129272,0.046772641818135854,0.0895526457078676,0.15478256112091252,0.21986319625021528,0.1153994569899415,4.601724224163135,13.731552197448721,28.80597464096236,71.97851750321664,138.99110189301726
sleeper:player:9502,sleeper:9502,Tank Dell,WR,00-0038977,25.84310423896452,3,developmental,prime,EXACT_NAME_POSITION,MAPPED_NO_2025_ROW,PHASE2_ENTRY_SEASON,starter,0.06611570247933884,0.14285714285714285,0,0,22.9,1.3279694323144104,D1,WR|developmental,0.36258354022859063,39.64763885366325,14.375581257265843,1.7313379412080023,0.627754640055277,0.6374164597714094,0.08114859293924258,0.10173077598065568,0.04321749479332486,0.08172090078288578,0.054765775732481724,2.010647617893092,11.993960573117207,29.239335285382253,65.84824610351642,115.90151374810341,D1,WR|developmental,0.2251698181628754,41.18039157777176,9.272581283442872,1.798270374575186,0.4049162132507804,0.7748301818371246,0.03627266866275406,0.04919265258251124,0.055537431809230244,0.055428230919395735,0.02873883418898412,1.355438901176683,10.23623438934812,24.08159491118799,66.96141875468464,127.7325807448371
sleeper:player:9504,sleeper:9504,Kayshon Boutte,WR,00-0038608,23.321491885528108,3,developmental,prime,EXACT_NAME_POSITION,MAPPED_2025,PHASE2_ENTRY_SEASON,premium,0.4090909090909091,0.3977272727272727,1,1,62.85,1.283739061256961,D1,WR|developmental,0.8257327822760543,66.0974244359013,54.578810180738046,1.0516694420986683,0.8683979344588392,0.1742672177239457,0.048777855090543776,0.0878069283070517,0.18638585106804326,0.3504019867397583,0.15236016107065725,7.485237247990526,17.041702539026197,35.060130857754054,73.22513531762307,134.70956871253514,D1,WR|developmental,0.701109353138487,69.28087502682924,48.5734694749286,1.102321002813512,0.7728475652335497,0.298890646861513,0.05000649339242233,0.08568628957377877,0.15791181664292933,0.2508012460613702,0.15670350746798636,8.233428565398945,17.393642127630457,32.61517147135994,75.8295421064198,143.60165682038786
sleeper:player:9506,sleeper:9506,Sean Tucker,RB,00-0038951,23.852645844883877,3,developmental,prime,EXACT_NAME_POSITION,MAPPED_2025,PHASE2_ENTRY_SEASON,premium,0.42134831460674155,0.48333333333333334,1,1,64.5,1.0690000000000002,D1,RB|developmental,0.8441181756555138,72.64536830077819,61.32127575987578,1.1262847798570261,0.950717453641485,0.15588182434448616,0.057027855347832404,0.0985756193162292,0.23542560184526223,0.33219356167886854,0.12089553746732143,12.411000361471537,21.023163295975337,38.01941088728081,85.34208911638214,175.69131909246408,D1,RB|developmental,0.692929178923802,71.10412582335852,49.27012352487452,1.1023895476489691,0.7638778841065818,0.307070821076198,0.06074505170893285,0.09795500456618668,0.1701675896640764,0.24543186872273368,0.1186296642618724,8.762871707939233,16.862610886921445,31.498977131394557,83.01763523323623,179.97831376080384
sleeper:player:9508,sleeper:9508,Tyjae Spears,RB,00-0039032,24.21404956980636,3,developmental,prime,EXACT_NAME_POSITION,MAPPED_2025,PHASE2_ENTRY_SEASON,premium,0.5112359550561798,0.75,1,1,89.6,1.2056138392857143,D1,RB|developmental,0.8066568300324463,83.40392314487883,67.27834425631774,0.9308473565276656,0.7508743778606891,0.19334316996755374,0.05003027952961409,0.07580229692296822,0.1844913216637769,0.33087384568820877,0.16545908622787825,12.3148619226927,20.8551501238533,38.03261615434654,85.89329297126507,179.16712149729966,D1,RB|developmental,0.6429543604934685,77.798433275563,50.02084191408339,0.8682860856647656,0.5582683249339665,0.35704563950653145,0.050217749525547785,0.08496193429581322,0.1318851207400658,0.2518100842224358,0.12407947170960594,9.040686487246411,17.22085426026014,32.04328791554285,84.10766742857584,182.93541928418946
sleeper:player:9509,sleeper:9509,Bijan Robinson,RB,00-0038542,23.587068865205993,3,developmental,prime,EXACT_NAME_POSITION,MAPPED_2025,PHASE2_ENTRY_SEASON,elite,0.9831460674157303,0.9583333333333334,1,1,289.4,1.137648583275743,D1,RB|developmental,0.9533976524434852,178.3509865898798,170.0394119257709,0.6162784609187277,0.5875584378913992,0.04660234755651482,0.005978033463953751,0.01567180647679467,0.027131481220109745,0.1238810704998777,0.7807352607827494,16.150980360855243,23.99194955879257,42.29297358091487,91.93016759735016,201.13218004926466,D1,RB|developmental,0.8996606651354514,162.64380979839933,146.3242381033918,0.5620034892826515,0.5056124329764747,0.1003393348645486,0.016832135284241972,0.034827655186370585,0.028436683391221886,0.16632431601716705,0.6532398752564499,12.67513856872732,21.21960751059627,38.42453476511645,89.66645637053537,198.03671794655483
sleeper:player:9511,sleeper:9511,Keaton Mitchell,RB,00-0038454,23.62266165629684,3,developmental,prime,EXACT_NAME_POSITION,MAPPED_2025,PHASE2_ENTRY_SEASON,premium,0.3202247191011236,0.18333333333333332,1,1,51.5,1.156611650485437,D1,RB|developmental,0.814176901495941,57.951285550892116,47.18259810753184,1.125267680599847,0.9161669535443075,0.18582309850405898,0.08230473682554475,0.12730050450211963,0.2700107305438986,0.26075528913547863,0.07380564048889938,10.43449917738721,19.21348126995605,35.959895188831624,82.95710942695827,169.86291064190783,D1,RB|developmental,0.6486799587805,59.496586527961824,38.59424329653873,1.1552735248147927,0.7494027824570627,0.3513200412195,0.06748537987099262,0.09815179037164533,0.2011997204333236,0.19822184789108488,0.08362122021345354,7.0604558770302575,15.085183874488045,29.13695202674728,81.02614679560843,175.95568157591575
sleeper:player:96,sleeper:96,Aaron Rodgers,QB,00-0023459,41.75034394956775,21,veteran,aging,DIRECT_ID,MAPPED_2025,PHASE2_ENTRY_SEASON,elite,0.5655737704918032,0.11666666666666667,1,1,233.9,1.041889696451475,D1,QB|veteran,0.6606839987325569,91.73341380051043,60.60679864710955,0.3921907387794375,0.2591141455626744,0.3393160012674431,0.02068562188549364,0.07038499929892186,0.15594973709118595,0.22625591300277478,0.18740772745418066,0.0,0.0,12.277458629670988,76.6499545540901,220.63992405284978,D1,QB|veteran,0.35170771897597897,88.2122082487062,31.024914548986494,0.37713641833564004,0.1326417894355985,0.648292281024021,0.025539100489939723,0.050642759335751276,0.06518182387506585,0.12150528914835317,0.08883874612686894,0.0,0.0,12.967511663025952,79.93368901623481,230.3871157954903
sleeper:player:9753,sleeper:9753,Zach Charbonnet,RB,00-0039165,24.646638876910544,3,developmental,prime,EXACT_NAME_POSITION,MAPPED_2025,PHASE2_ENTRY_SEASON,premium,0.5337078651685393,0.8166666666666667,1,1,95.5,1.0911832460732984,D1,RB|developmental,0.8212865148770806,97.61612496508081,80.1708070683768,1.022158376597705,0.8394848907683435,0.1787134851229194,0.030493649539813136,0.05273344986418364,0.1362658617056405,0.3553216280822527,0.24647192568519063,10.578342176888242,19.089888260847005,36.31841946524098,84.27853036330731,178.3027161261757,D1,RB|developmental,0.6593035908190495,88.19388997678804,58.14654834999654,0.923496230123435,0.608864380628236,0.34069640918095045,0.044646982263988666,0.06980932942294803,0.10662392133572647,0.2643408615145613,0.17388249628182506,7.4242599882837155,15.622595920837533,30.53857954789295,82.61600473185047,181.90183778190507
sleeper:player:9754,sleeper:9754,Quentin Johnston,WR,00-0038544,23.986803288226316,3,developmental,prime,EXACT_NAME_POSITION,MAPPED_2025,PHASE2_ENTRY_SEASON,elite,0.6900826446280992,0.16666666666666666,1,1,109.1,1.2544729605866178,D1,WR|developmental,0.9222015030094473,102.71962018874194,94.72818812661738,0.941518058558588,0.8682693687132667,0.07779849699055275,0.01533655840679999,0.031009141661269172,0.07643354819583124,0.33578601996315877,0.4636362347823881,6.516576987791254,15.567695387442797,34.30268986633173,73.23598515290497,144.36319704631865,D1,WR|developmental,0.8408046996662089,98.41803793902106,82.75034883105616,0.902090173593227,0.7584816574798915,0.15919530033379115,0.02066003439743549,0.050606160903453316,0.10510226463027997,0.2736335342962941,0.39080270543874596,6.636320623684746,15.997443060978249,33.02590852470887,74.7318664455385,148.11420115082242
sleeper:player:9756,sleeper:9756,Jordan Addison,WR,00-0038994,23.595282586226958,3,developmental,prime,EXACT_NAME_POSITION,MAPPED_2025,PHASE2_ENTRY_SEASON,premium,0.6157024793388429,0.9659090909090909,1,1,95.95,1.270067743616467,D1,WR|developmental,0.8173203096781303,82.13992369541108,67.13462787167138,0.8560700749912568,0.6996834587980342,0.1826796903218697,0.02995885346742706,0.07112038825453018,0.12832581704784735,0.354311932967752,0.23360331794057376,9.557234704406945,18.752308537825797,37.29217666728254,76.05525813539334,144.61180752444966,D1,WR|developmental,0.6957428406993637,72.92965101046438,50.740282565233706,0.7600797395566897,0.5288200371572038,0.30425715930063635,0.047319210096274274,0.07053636835384455,0.19145675389276365,0.22216269860395552,0.1642678097525257,10.115212495474076,19.424986640080967,35.9306719271885,78.15258560122683,150.0580764533454
sleeper:player:9757,sleeper:9757,Kendre Miller,RB,00-0038551,23.22566514028351,3,developmental,prime,EXACT_NAME_POSITION,MAPPED_2025,PHASE2_ENTRY_SEASON,premium,0.3089887640449438,0.15,1,1,51.05,1.0799804113614104,D1,RB|developmental,0.7612797799173368,62.162564461514975,47.32310339235938,1.21768000904045,0.9269951692920545,0.23872022008266325,0.08708715376274172,0.11409618084514203,0.2379384309548433,0.24062865066383285,0.08152936369077687,12.915820793756083,21.722892392541205,38.436438459046364,85.42858670598613,171.93475113544622,D1,RB|developmental,0.5924968920320665,61.14689543976751,36.22934550547199,1.1977844356467682,0.7096835554450929,0.40750310796793354,0.0636082523519617,0.08147437789293596,0.19345672504875375,0.17671110718243632,0.07724642955597875,8.805773626608449,16.823886573104673,30.768989699943475,82.80877461290557,177.52033063970643
sleeper:player:9758,sleeper:9758,C.J. Stroud,QB,00-0039163,23.912879799037626,3,developmental,young,EXACT_NAME_POSITION,MAPPED_2025,PHASE2_ENTRY_SEASON,elite,0.6311475409836066,0.25,1,1,261.48,1.045999694049258,D1,QB|developmental,0.9423299476460348,194.91914652478633,183.67814913991168,0.7454457186965975,0.7024558250723255,0.05767005235396516,0.010470394525162232,0.035372837859988765,0.06348171476980652,0.1891102965868997,0.6438947039041776,4.7197031795224405,15.738811644578902,39.21062002960422,103.73099792628093,249.98846456945182,D1,QB|developmental,0.9203300427346223,185.85636556813856,171.04919686582653,0.710786161726092,0.6541578585965524,0.07966995726537773,0.014509522939550459,0.0731439701798892,0.06692198084836133,0.20284817883789263,0.5629063899289286,7.9058284471813645,14.858982808899356,40.229768177980446,106.73341012868093,258.4882869213971
sleeper:player:9997,sleeper:9997,Zay Flowers,WR,00-0039064,24.972449810742177,3,developmental,prime,EXACT_NAME_POSITION,MAPPED_2025,PHASE2_ENTRY_SEASON,elite,0.9132231404958677,0.7666666666666667,1,1,156.65,1.26042451324609,D1,WR|developmental,0.9280746724523167,128.857115078892,119.58902486999317,0.8225797323899905,0.7634154157037546,0.07192532754768333,0.010509729761736548,0.01874040900188198,0.03687783714537469,0.20952805422830412,0.6524186423150193,9.59840701083197,18.204146042869027,37.53174501792012,76.93169918924215,155.79499059526057,D1,WR|developmental,0.8469673290828958,116.9490328028961,99.05200995189688,0.746562609657811,0.6323141394950327,0.15303267091710415,0.019477124040149372,0.03558803450032895,0.06935535880674479,0.20038611609906504,0.5221606956366077,8.119955982330865,17.632691233142218,36.288490641913995,76.29182048972726,154.09379051960966
