index,source_season,player_id,horizon,source_percentile,source_points,target_points,observed_region,d1_crps,m1_crps,d1_mae,m1_mae,d1_brier4,m1_brier4,d1_logloss4,m1_logloss4,d1_expected,m1_expected,d1_survivor_p,m1_survivor_p,d1_downside_p,m1_downside_p,p_out,pi_survivor,prob_norm_error
0,2021,00-0034109,2,0.54,41.4,0.0,0,6.648824774955209,7.316208520295639,24.13070350825184,53.73111830165299,0.3773973953100834,0.3923056658877901,0.7581032074291022,0.7581032074291024,24.13070350825184,53.73111830165299,0.2004580544609066,0.2652612900618347,0.6328092394401319,0.6468159720828907,0.4685543350367831,0.0846139477183897,0.0
1,2021,00-0034115,2,0.5914285714285714,47.5,27.3,2,14.330720226384576,11.87730192023716,20.964201200059478,41.6966642932809,1.008991022857739,1.0496266480098553,1.8832931948940368,2.1616271121768422,48.26420120005948,68.9966642932809,0.4202117388315158,0.3320823260559014,0.4276998378463421,0.5527800472362532,0.3187200764864838,0.0615362410801661,0.0
2,2021,00-0034164,2,0.2542857142857143,7.9,0.0,0,0.6661390934089555,2.2963919815359404,4.766279682232484,22.41267072070588,0.1560657235567634,0.2874276346382416,0.3275928526717559,0.5782635523798751,4.766279682232484,22.41267072070588,0.2793436267008462,0.2857396146574658,0.7206563732991538,0.6618819213548048,0.5608714453572061,0.3837576442844795,0.0
3,2021,00-0034171,2,0.3657142857142857,16.4,3.0,1,2.6267161138837523,4.658861345828818,6.554273473995769,36.491574810726384,1.4426364047720748,1.0183012464246353,27.631021115928547,1.852707071898904,9.554273473995767,39.491574810726384,0.1936664632292859,0.3149475816282067,0.6032202856398035,0.6061679046796151,0.4493558150641975,0.228359082940212,0.0
4,2021,00-0034208,2,0.2457142857142857,7.2,8.3,3,5.294282479858095,5.546763937864519,1.8895825840554088,7.318613246300508,1.0603326282657213,1.077119782247648,1.4810921727146096,1.538433299117741,6.410417415944592,15.618613246300509,0.2273892044301404,0.2147172357299228,0.7726107955698596,0.7470226573458698,0.6734825783887203,0.3973783816498414,0.0
5,2021,00-0034253,2,0.6371428571428571,60.2,0.0,0,7.50351931500153,10.993298652947177,26.852302119057278,66.03866784137838,0.3415940310108361,0.4486826204675305,0.6919392601225852,0.8438655064946046,26.852302119057278,66.03866784137838,0.227711207292094,0.2733594788769136,0.5949774617006058,0.6289590031311786,0.4300449647847709,0.0460960035074476,0.0
6,2021,00-0034301,2,0.8771428571428571,152.0,0.0,0,52.7303449662011,61.42851487950856,89.18153698433525,193.68641764172264,1.065947481346193,1.0842083378023826,2.189345556882276,2.1893455568822766,89.18153698433525,193.68641764172264,0.3009517878050935,0.4095009083320197,0.3203865479463839,0.4333120376663283,0.111990015735185,0.0096391578222607,0.0
7,2021,00-0034311,2,0.2457142857142857,7.2,0.0,0,0.3951764784149532,0.7303423066845198,4.66121997234802,12.182121341613634,0.055306308666597,0.097087678690077,0.1818725088944613,0.2939353025498887,4.66121997234802,12.182121341613634,0.166292376052838,0.1674739862335311,0.8337076239471619,0.8026841028526298,0.7453247104917208,0.3973783816498414,0.0
8,2021,00-0034331,2,0.1285714285714285,2.3,0.0,0,0.6752328378593422,0.3717937719587647,5.649119547636632,5.382578417787734,0.1283823340550705,0.1028978742848937,0.2921718137479606,0.2921718137479611,5.649119547636632,5.382578417787734,0.2533597581060088,0.1913899716924996,0.7466402418939914,0.7864698730514871,0.746640241893991,0.5904250224078783,0.0
9,2021,00-0034367,2,0.6828571428571428,78.6,0.0,0,32.05219150551468,28.88965862778433,62.1261909300346,114.07408188406824,0.9828677245947388,0.9299049444902672,1.7212482157087816,1.7212482157087816,62.1261909300346,114.07408188406824,0.506812912036262,0.3889688923909534,0.3020809256296323,0.4688137908885638,0.1788427741710671,0.0343879609643872,0.0
10,2021,00-0034378,2,0.2314285714285714,6.4,0.0,0,0.7120462952765516,0.988447222804,6.492453285621197,13.562189813079153,0.0937613439031699,0.1400621712385308,0.244009041184011,0.3635037208660183,6.492453285621197,13.562189813079153,0.2165194493609868,0.203971180592969,0.783480550639013,0.7614016981105544,0.6952361403308182,0.4204272620626532,0.0
11,2021,00-0034400,2,0.0371428571428571,1.0,0.0,0,0.2067121342692868,0.2066681181713789,2.7646281567506,2.742851865168086,0.0410379121284696,0.1042438397623192,0.1546025734978826,0.2849337359932419,2.7646281567506,2.742851865168086,0.1432443927846211,0.2043671449600516,0.856755607215379,0.7791670394488245,0.7520640874480662,0.7263456772342528,0.0
12,2021,00-0034414,2,0.7342857142857143,89.1,14.3,1,18.827853743574085,18.759378803891902,39.57758801859285,88.4437549260359,0.8636252128950044,0.7721151004142328,1.3982712686594565,1.3813158248965025,53.87758801859285,102.74375492603588,0.4576210930535578,0.3302986802627424,0.5423789069464423,0.5466030118450279,0.2953552744133626,0.024640209277866,0.0
13,2021,00-0034433,2,0.1057142857142857,2.0,8.5,3,5.897900744970426,6.592997494246701,3.369875883710961,4.48603158677102,1.2596814854325626,1.337124001947866,1.578060688405588,1.8344813449937032,5.130124116289039,4.01396841322898,0.206374935680405,0.1596963075818513,0.793625064319595,0.8234264438060487,0.7936250643195948,0.6267576696178838,0.0
14,2021,00-0034440,2,0.66,72.7,0.0,0,20.55491220962829,23.097200899115663,46.602651533477925,101.43158825459868,0.7916910343148014,0.7930142099500813,1.418991884980906,1.4189918849809062,46.602651533477925,101.43158825459868,0.3793173625247056,0.3611631010273421,0.4042538861905493,0.5081873530211575,0.2419578152955618,0.0398316736493392,0.0
15,2021,00-0034449,2,0.1628571428571428,3.1,0.0,0,1.351823666919695,0.7812143058951388,8.0840870303277,8.876960987998698,0.2280090599158167,0.1788670547720043,0.4119544713703622,0.4119544713703624,8.0840870303277,8.876960987998698,0.3376455685447512,0.2454328182626941,0.6623544314552486,0.7221293997286502,0.6623544314552485,0.5341488921105446,0.0
16,2021,00-0034578,2,0.0885714285714285,1.6,0.0,0,0.2336831204052707,0.1498605585293595,3.4567655805609423,2.903297866798211,0.0648231042155429,0.0532825831262219,0.198490069158255,0.1984900691582552,3.4567655805609423,2.903297866798211,0.1800320863284417,0.1417165888363374,0.8199679136715583,0.844292905057993,0.8199679136715582,0.6531216233616927,0.0
17,2021,00-0034597,2,0.1971428571428571,4.8,0.0,0,2.446005856604412,1.437745838511738,11.92245517071206,14.612407795015695,0.3115576224394485,0.2394308432228367,0.5020116571523284,0.5020116571523285,11.92245517071206,14.612407795015695,0.3946882456062306,0.2754665028143683,0.6053117543937693,0.6831342409455491,0.6053117543937692,0.4769898727329408,0.0
18,2021,00-0034614,2,0.4828571428571429,29.3,0.5,1,3.844770402761096,5.71496702677193,15.606168435944149,44.831759626575845,0.8417693371367264,0.987263855725176,1.349422800196831,1.7601453882116933,16.10616843594415,45.331759626575845,0.2728000581554169,0.2749672733749334,0.727199941844583,0.6398298569249701,0.4678100045787708,0.1192319833437368,0.0
19,2021,00-0034681,2,0.7971428571428572,105.8,29.7,1,22.744360590542662,21.3592388663522,39.984557994072986,91.36015558698688,1.0308923609031424,0.7345166697600971,1.6577692824241654,1.3102530416430618,69.68455799407299,121.0601555869869,0.5598172525605836,0.348578915273365,0.4401827474394164,0.5193709368576533,0.2496191475457947,0.0163329542074212,0.0
20,2021,00-0034750,2,0.82,115.7,3.8,1,23.71746622545754,39.81645509169381,54.03030766316645,141.60877485578376,0.4705477138539069,0.6849162285995062,0.8894499559445532,1.1939274496626544,57.83030766316645,145.40877485578378,0.1617201115811153,0.3897360818097843,0.5698115842294289,0.4619586841709028,0.1589298905884221,0.0140537567614335,0.0
21,2021,00-0034791,2,0.9628571428571427,200.3,19.1,1,86.60713763071695,69.69066121888633,117.30835851640094,232.90519570800316,1.314484497745967,0.6562463989762738,2.7248293332075084,1.1040855196158144,136.40835851640094,252.00519570800316,0.6171197256225442,0.4188467468503261,0.1530927307525508,0.4190492471503392,0.0875353405197071,0.0054616869096809,0.0
22,2021,00-0034799,2,0.2142857142857142,5.4,0.0,0,1.2483131165252237,1.8632658740105068,7.49332715469222,17.385622120578333,0.1894046971494512,0.2935713173249863,0.3677900123150679,0.5783486666423627,7.49332715469222,17.385622120578333,0.307737466966123,0.3001862033265779,0.6922625330338771,0.651820195675225,0.5608237092293257,0.4485421802946848,0.0
23,2021,00-0034808,2,0.0685714285714285,1.3,0.0,0,0.3209965891271071,0.1308584422237668,3.810296352167221,2.463915874687666,0.0654546116342114,0.0544705897084527,0.1995575241809438,0.1995575241809441,3.810296352167221,2.463915874687666,0.180906898202102,0.1451186188342983,0.819093101797898,0.8416493166055277,0.8190931017978977,0.6827248149636507,1.1102230246251563e-16
24,2021,00-0034816,2,0.6714285714285714,73.2,0.0,0,35.99244009893608,27.826938192803382,67.17045426381111,109.82272539721806,1.0273921430623618,0.9555553430650654,1.785363479332858,1.785363479332858,67.17045426381111,109.82272539721806,0.5378979539802469,0.3953371730934463,0.2827550834911607,0.4608591547334766,0.1677360813194962,0.0370137061037822,0.0
25,2021,00-0034838,2,0.4485714285714285,25.6,48.7,3,26.013428971182456,27.56561726742381,28.151198971310667,3.921206278475864,0.6692122748209208,0.7621392504117346,1.076401178003977,1.2573231398073446,20.548801028689336,44.77879372152414,0.3408198712719399,0.2844143458520872,0.5406548611776716,0.631834477546006,0.4633193400119564,0.1454417361448303,0.0
26,2021,00-0034844,2,0.8085714285714286,109.6,188.2,3,108.2439204694173,90.7312041021924,137.3529795986177,70.72837930408028,0.5259818819451496,0.6144710109635956,0.8967715566685296,1.110092918893075,50.84702040138227,117.47162069591973,0.4078843679359032,0.3295283402439719,0.5921156320640968,0.545347696967132,0.2897135531452974,0.0151512150561693,1.1102230246251563e-16
27,2021,00-0034845,2,0.8371428571428572,128.3,0.0,0,46.52056676114924,51.81183347225444,81.99262477078219,167.29807217738954,1.0520762418908822,1.07621954320584,2.1592078339345786,2.159207833934579,81.99262477078219,167.29807217738954,0.2633415109377056,0.4092267099929815,0.3657517206970079,0.4345905055444525,0.1154165138798141,0.0125529255726166,0.0
28,2021,00-0034959,2,0.0371428571428571,1.0,30.8,3,25.94368708715959,27.37305797503959,27.170277328005103,28.318935599584066,1.2035077550851967,1.2670273315059997,1.4948955273453004,1.6881477165188576,3.629722671994896,2.481064400415938,0.2242720338014115,0.1848616231937684,0.7757279661985884,0.8002441167822957,0.7757279661985883,0.7263456772342528,0.0
29,2021,00-0034972,2,0.7742857142857142,97.9,110.2,3,32.06557358429775,38.14903740213825,38.19872072258504,17.808365057618076,0.2895703620189546,0.5097973981007567,0.5704020774673035,0.9406070302476992,72.00127927741497,128.00836505761808,0.5652980993705227,0.3903907844026946,0.4347019006294773,0.4624862128577579,0.1620257824314208,0.0189746716241408,0.0
30,2021,00-0035099,2,0.1457142857142857,3.0,3.8,3,2.476765098217305,2.592037598067474,3.97270232757731,5.460190269533681,0.8493549115100598,0.9793527249080892,1.0546130495983026,1.3540260111847735,7.77270232757731,9.26019026953368,0.3483271865767071,0.258198654622666,0.651672813423293,0.7098606652925392,0.6516728134232928,0.5624879866663496,0.0
31,2021,00-0035125,2,0.4085714285714286,19.6,12.9,2,6.306026265678275,6.976001186413356,2.141289545236708,29.078984365365702,0.9545999003545887,1.1470056317984163,1.7375872855010943,2.453972740214973,15.041289545236708,41.9789843653657,0.2802417477482133,0.3133380333320301,0.5438138597393489,0.6007105220994832,0.4286392844101717,0.1818679851042888,0.0
32,2021,00-0035184,2,0.0028571428571428,0.4,1.3,3,1.157598059616063,1.0088661437514248,0.5011055103937219,0.485722906926317,1.6672211443164724,1.4072089394462584,2.4421088785495795,1.910852968394236,1.801105510393722,0.814277093073683,0.0869772334940184,0.1479541325588964,0.9130227665059816,0.8415952668554035,0.8251342923973559,0.7694262691219625,0.0
33,2021,00-0035187,2,0.3742857142857143,17.0,0.0,0,1.528430840264793,2.1163687922889025,9.995519514117074,26.298227556091582,0.1829061640399894,0.1897740984633389,0.4539251949932505,0.4539251949932507,9.995519514117074,26.298227556091582,0.1810084233405113,0.2068564376351688,0.719655520182366,0.7403138770886496,0.6351302423910138,0.2184318090713005,0.0
34,2021,00-0035217,2,0.3457142857142857,16.1,0.0,0,8.151802627858789,8.922946904502837,20.57679960620246,55.3366283350008,0.897073046436864,0.7683803688468076,1.3137815088244111,1.3137815088244114,20.57679960620246,55.3366283350008,0.5836548064360578,0.4272491189441432,0.4163451935639423,0.4707511404234877,0.2688016562186494,0.2527371925277178,0.0
35,2021,00-0035218,2,0.0371428571428571,1.0,0.0,0,0.2948606792574715,0.1618813285971017,3.479199989906858,2.4275265615898607,0.0963012989578652,0.0816532875418848,0.2477341397937056,0.2477341397937058,3.479199989906858,2.4275265615898607,0.2194325624854539,0.1808725724516692,0.7805674375145462,0.8045545644588966,0.7805674375145459,0.7263456772342528,0.0
36,2021,00-0035243,2,0.7457142857142857,93.2,66.6,3,18.01616590361653,23.43098027540272,8.915519795924752,52.87639080252573,0.2482076332881092,0.5365438502409551,0.5221855360091952,0.9891530890712448,75.51551979592475,119.47639080252571,0.5932226207543692,0.3718915166783699,0.4067773792456308,0.4890265612684469,0.2051031704762465,0.0228713900616352,0.0
37,2021,00-0035250,2,0.8942857142857142,162.8,140.84,3,29.27628445227878,42.34724774863261,24.743336719226196,75.78786562914163,0.4655060194137368,0.4700099951459144,0.8224261932437718,0.8409314437480913,116.0966632807738,216.62786562914164,0.4393643774352389,0.4313085965762325,0.2034161583353959,0.4027959172902675,0.0636363983216971,0.0086056563159159,0.0
38,2021,00-0035261,2,0.8485714285714285,130.1,169.6,3,41.96948182048968,56.28623605758983,68.0752594205648,6.847753361918535,0.599508046067923,0.4706534611296477,1.029027545868453,0.8468281370060824,101.5247405794352,176.44775336191853,0.3573543023225329,0.4287727858793245,0.2609687143117085,0.4072905875258256,0.0722396201892152,0.011641446282913,1.1102230246251563e-16
39,2021,00-0035268,2,0.2771428571428571,9.6,0.0,0,0.9521744950077932,0.6888648510434017,8.721486852941643,13.16310144961152,0.085393501395127,0.0773999182546784,0.2601865205670743,0.2601865205670746,8.721486852941643,13.16310144961152,0.1722896584574806,0.1449613603462319,0.770907782236117,0.8264616770615789,0.7709077822361168,0.3483639314489047,0.0
40,2021,00-0035273,2,0.4314285714285714,22.2,0.0,0,1.725737861576329,3.5016177949808167,9.785224136532134,34.44210421789272,0.1706537042252107,0.283353730931116,0.4104221704518443,0.5953466886116171,9.785224136532134,34.44210421789272,0.1866752965069272,0.2411175987866444,0.8133247034930727,0.6898974394882856,0.5513713785507968,0.160252297855439,0.0
41,2021,00-0035291,2,0.2371428571428571,7.0,9.9,3,5.145326857238417,6.147815527576352,0.5273016848911904,9.679013920751457,0.882897429822566,0.8886301361902992,1.2711220867763555,1.3011903385938266,9.37269831510881,19.579013920751457,0.2805166810576534,0.2722075809220957,0.5904070670078523,0.6806689186009613,0.5904070670078521,0.4111600060094231,0.0
42,2021,00-0035304,2,0.1457142857142857,3.0,0.0,0,0.5891650532735273,0.6861027690708079,5.192334991144985,8.27156600172249,0.1502533571654107,0.1535149496340671,0.3727165496755205,0.3727165496755205,5.192334991144985,8.27156600172249,0.2057775360832605,0.2306331890710579,0.7942224639167395,0.740836139768706,0.6888604628953667,0.5624879866663496,0.0
43,2021,00-0035311,2,0.8428571428571429,128.6,0.0,0,66.4736942503455,57.22740875582684,102.77665108842716,175.38292634835872,1.1732202496811577,1.1871999804901725,2.646472351734239,2.646472351734239,102.77665108842716,175.38292634835872,0.3636635403041872,0.4296020363872391,0.2590532957982132,0.4062889058681577,0.0709008858095595,0.0120887033794953,0.0
44,2021,00-0035342,2,0.1171428571428571,2.1,0.0,0,0.4861841371823141,0.3880144780174648,4.967116429676507,5.28470901303564,0.1099072045372048,0.113707759859503,0.3083944606250794,0.3083944606250796,4.967116429676507,5.28470901303564,0.1789027917766616,0.2029288429532684,0.8210972082233383,0.7746311829310875,0.7346254800219413,0.6087420084803544,0.0
45,2021,00-0035448,2,0.02,0.7,0.0,0,0.3231428470366881,0.0908631440637799,3.509485624119886,1.528615404268128,0.0739007477871894,0.0632711918421176,0.2134714775031449,0.2134714775031452,3.509485624119886,1.528615404268128,0.19222480041242,0.1606034067090974,0.8077751995875799,0.8272877494944556,0.8077751995875797,0.748497961768744,0.0
46,2021,00-0035537,2,0.7114285714285714,87.5,28.9,1,15.521399802711322,19.561248229211373,28.808738294621516,91.42200823372512,0.6711460383031883,0.7069117205072228,1.0482787463657814,1.241049731380763,57.70873829462151,120.3220082337251,0.4633835296462968,0.3831502517364515,0.5366164703537032,0.4751564725698889,0.1860758709398422,0.0285865076485523,0.0
47,2021,00-0035567,2,0.4771428571428571,29.2,31.6,3,19.56901528776033,19.918232264936123,18.27494373601993,0.8985253586011162,1.0577685397539924,1.0978965014007722,1.552052129914589,1.692013120826698,13.32505626398007,30.701474641398885,0.2118128600180711,0.1841484375425613,0.788187139981929,0.7592395794342269,0.6450020077771945,0.1232971423784255,1.1102230246251563e-16
48,2021,00-0035594,2,0.6314285714285715,57.3,6.0,1,14.765825789977018,19.67248509771619,33.49363626942792,89.43121341055384,0.6918407416939334,0.7041261089871252,1.2500348319063768,1.2109136375672045,39.49363626942792,95.43121341055384,0.2775582851967849,0.4108725225639567,0.4313668093664741,0.4427969514534567,0.1448719918407441,0.0478029599975179,0.0
49,2021,00-0035628,2,0.7171428571428572,87.6,26.8,1,12.52258424507557,17.49426469685197,18.977916561613736,79.03940482917147,0.6648066270098728,0.7615157962188304,1.0875569168424482,1.3611001524012338,45.777916561613736,105.83940482917149,0.3840662041015216,0.3390760139014699,0.6159337958984785,0.5352734593902289,0.2788948931408849,0.0275458851441014,0.0
50,2021,00-0035657,2,0.9571428571428572,200.1,17.0,1,75.33253025228612,73.07312388755258,109.0474620466574,238.7350283511805,1.1728388019016975,0.6538879939408041,2.277613553206866,1.0906546909286703,126.0474620466574,255.7350283511805,0.5197090657155921,0.424696099184783,0.1775366516270819,0.4110045054588735,0.0750080576017689,0.0056728842446891,0.0
51,2021,00-0035664,2,0.8542857142857143,134.4,33.5,1,47.584729210037295,36.76125517280758,76.77431767277034,146.97278161936734,1.0327910773468616,0.6587464086303334,1.908953891929768,1.0990466816288458,110.27431767277034,180.4727816193673,0.4162728756108055,0.4260089067128392,0.2260197130990953,0.4109729044873529,0.0777843373626109,0.0112105489990439,0.0
52,2021,00-0035685,2,0.8885714285714286,157.5,196.2,3,30.252180190784717,63.73247613421197,65.18164184366745,12.216189009244374,0.2802528298647545,0.4726376633546788,0.5738165428717943,0.8492441242214523,131.01835815633254,208.4161890092444,0.5633712001045129,0.427738126675321,0.1596086653822199,0.4078472206380804,0.0717264923768369,0.0089373349251149,0.0
53,2021,00-0035700,2,0.9171428571428571,177.0,148.1,3,26.305740980883638,44.50183886095775,10.950404010908072,86.20539291954881,0.2558928170073443,0.4689894648106332,0.5342620927680264,0.8359506400746198,137.14959598909192,234.3053929195488,0.586101619239302,0.4334622189512513,0.1414238199621112,0.3994161291540871,0.0577078201956064,0.0073966635648053,0.0
54,2021,00-0035715,2,0.5971428571428572,48.6,3.1,1,7.849525042790646,8.408820878948376,25.332699274764764,53.58512033874708,1.1893676376126847,0.93447568051627,2.4755317401630363,1.6556525729944058,28.432699274764765,56.68512033874708,0.2397145931844755,0.2697333109689402,0.6017347745375061,0.636349794966797,0.44538240009676,0.0593694700118264,0.0
55,2021,00-0035726,2,0.22,5.8,3.7,2,2.4290830040858538,2.78379832465412,0.5708681532676527,11.665121742598092,1.6423852096310412,1.388291645819698,27.631021115928547,3.201071853169941,4.270868153267653,15.365121742598092,0.2331805763900979,0.2495858114225174,0.7668194236099023,0.7096956522898074,0.632285821465186,0.4391247468000753,0.0
56,2021,00-0035760,2,0.06,1.2,0.0,0,0.3926094309526329,0.1803235016386408,4.447957561863451,2.787014952734632,0.0952660599042295,0.0796926031538146,0.2462201872612493,0.2462201872612495,4.447957561863451,2.787014952734632,0.2182499254343854,0.1764304157299532,0.7817500745656146,0.8080192095637074,0.7817500745656144,0.6949895801126573,0.0
57,2021,00-0035806,2,0.5114285714285715,33.5,0.0,0,9.813498412366837,9.693781249460962,28.473499860124747,59.14102163081358,0.679118199946196,0.6148126151977577,1.091958032915386,1.0919580329153862,28.473499860124747,59.14102163081358,0.4241310575172454,0.3370279905096953,0.5758689424827546,0.5546863479549349,0.3355588148339227,0.1006081988328004,0.0
58,2021,00-0035831,2,0.8714285714285714,149.4,0.0,0,103.74340755568092,69.94104431899208,136.82839506596417,205.51695280035275,1.3395386674801415,1.2548788711807466,3.1084391159780487,3.1084391159780487,136.82839506596417,205.51695280035275,0.5826599274461894,0.4407245020922183,0.1362672716623475,0.3902269177454769,0.0446706266190765,0.0100102673732518,0.0
59,2021,00-0035835,2,0.1342857142857142,2.8,0.0,0,1.2783918104739973,0.9173680111306036,7.920598992482899,9.300298989174546,0.2657240307966723,0.2122092105746132,0.4533469990022152,0.4533469990022155,7.920598992482899,9.300298989174546,0.3645024216631985,0.2736384464204752,0.6354975783368015,0.6939883717690072,0.6354975783368014,0.5811680808884118,0.0
60,2021,00-0035860,2,0.38,17.1,26.2,3,12.570519118773255,13.928866510320011,11.871130572718345,12.65327521969473,0.8050603835563674,0.7151156893785309,1.3699186724491397,1.1764529391122158,14.328869427281656,38.85327521969473,0.2541276262898534,0.3083706103194096,0.5808635204305823,0.6118735990307146,0.4529212204092028,0.2119884630863208,0.0
61,2021,00-0035908,2,0.18,4.0,0.0,0,5.181559990484233,2.3720516290589835,17.58589898182323,17.36266108339528,0.5747392831871521,0.4461842762418994,0.7680187789108338,0.7680187789108341,17.58589898182323,17.36266108339528,0.5360686911148383,0.3819081285437254,0.4639313088851615,0.5642287871853374,0.4639313088851614,0.5055876403732519,0.0
62,2021,00-0035924,2,0.3228571428571428,13.7,2.1,1,6.093129594799882,5.526645943184157,18.30510134127672,41.10123681397917,1.4034548764807218,0.9886812356909808,27.631021115928547,1.806733126634376,20.405101341276723,43.20123681397917,0.4914755537195376,0.370495764165646,0.3819495372015156,0.5461391855929187,0.3819495372015155,0.2826291448042351,0.0
63,2021,00-0035957,2,0.2085714285714285,5.3,0.0,0,0.4865246786973998,0.7167318152444935,5.386807081435056,10.73695434122904,0.0671414238106164,0.1126688002846569,0.2023893187925363,0.3169549889954126,5.386807081435056,10.73695434122904,0.1832231205533522,0.1869704225671864,0.8167768794466479,0.7837411976862141,0.7283635387624685,0.4579966593312456,0.0
64,2021,00-0035973,2,0.3542857142857142,16.2,22.5,3,10.326229828742257,11.986072133161592,6.592662065369025,17.49729019803261,0.5986205115281451,0.7099592106227579,0.9306583863025932,1.1595630029045343,15.907337934630975,39.99729019803261,0.3942940271083873,0.3136232033701536,0.6057059728916125,0.6099147573305395,0.4582571741842367,0.2420826242266234,0.0
65,2021,00-0036020,2,0.4657142857142857,27.6,26.9,3,13.286670447654604,11.482720052774347,20.47497502971704,34.212144266947874,0.290446335406024,0.5328261128088837,0.5858749831712311,0.9767795630475278,47.37497502971704,61.11214426694787,0.5566186167551926,0.3765217128896108,0.3296063796277668,0.5096204835340215,0.2801165676245822,0.1317851596651821,0.0
66,2021,00-0036069,2,0.1228571428571428,2.2,0.0,0,0.6880570622730051,0.3843541505145378,5.769672131975347,5.3682461668176815,0.1359138127225436,0.1093288146197064,0.3020318123702066,0.3020318123702069,5.769672131975347,5.3682461668176815,0.2606854548325852,0.1981381118924263,0.7393145451674148,0.7794513938246507,0.7393145451674146,0.5996183196627425,0.0
67,2021,00-0036096,2,0.3857142857142857,17.5,0.0,0,4.500541586114574,5.22548145878374,16.69139572578106,41.01713952234998,0.4523383430284048,0.4717304405362296,0.8582377729645436,0.8582377729645441,16.69139572578106,41.01713952234998,0.2679778453565484,0.3228843334866583,0.5536989438548097,0.5925698913665799,0.4239084474188191,0.2056851642993906,0.0
68,2021,00-0036187,2,0.1857142857142857,4.6,7.8,3,4.456670368784796,4.587233279213887,8.980959546969608,11.552314864167156,0.4457235680927627,0.6283077458703433,0.6388150513217177,0.9847035001407392,16.78095954696961,19.352314864167155,0.5279176088367822,0.3735499680314383,0.4720823911632177,0.5726289490622337,0.4720823911632177,0.4960498668350007,0.0
69,2021,00-0036223,2,0.9971428571428572,343.1,137.4,2,42.69164913168796,80.53497633919807,35.86609733835209,312.669544644559,0.0651699251592921,1.0054494002268215,0.2188521224218946,1.76590553126871,173.2660973383521,450.069544644559,0.0,0.4409457636390089,0.1965594797923898,0.3880223946997231,0.038211106172305,0.004349068493554,0.0
70,2021,00-0036251,2,0.6942857142857143,85.2,142.6,3,53.97171503700071,58.67751107787366,73.1353477997957,18.691386116131184,0.3073884825756219,0.5000423873173512,0.5923992048774998,0.9260454265874224,69.4646522002043,123.9086138838688,0.5529989341390404,0.3961170911991677,0.4470010658609595,0.4583557303179302,0.1615588133290229,0.0319423070954509,0.0
71,2021,00-0036265,2,0.8828571428571429,156.6,95.6,2,21.071829045336287,34.294115728468654,13.843054658537028,115.77187543683571,0.5754792136214388,1.002837915574076,0.9792034422763348,1.7890906606230816,109.44305465853702,211.3718754368357,0.3866663045826188,0.4350507861045327,0.2377235205115575,0.397837151721319,0.0562139640514436,0.009281677385693,1.1102230246251563e-16
72,2021,00-0036269,2,0.1628571428571428,3.1,11.0,3,6.221351296459304,7.148256618617024,3.1917985954516084,1.337921672277032,0.8000911909334413,0.9426090084737392,1.00100904191968,1.3199825163626404,14.191798595451608,9.662078327722968,0.3675084226120315,0.2671399725034247,0.6324915773879687,0.6975533058641427,0.6324915773879685,0.5341488921105446,0.0
73,2021,00-0036275,2,0.8657142857142858,148.9,164.3,3,21.87240503984598,49.92199601241586,22.37688354837113,40.46449273033858,0.2152829864863181,0.4635737787045005,0.4760156023561713,0.8228155694222805,141.92311645162889,204.7644927303386,0.6212537891489532,0.439193332715511,0.1271816855111049,0.3924732163575513,0.0483922691701878,0.0103955147433883,0.0
74,2021,00-0036278,2,0.2028571428571428,5.1,0.0,0,0.4012330934185923,0.4754043745902363,4.794352833100026,8.620165882745283,0.0762330204667247,0.0760645814257496,0.2520946159453403,0.2520946159453405,4.794352833100026,8.620165882745283,0.1410286735903564,0.1544463918296363,0.8589713264096436,0.8218539115494391,0.7771712018021993,0.4674814854213021,0.0
75,2021,00-0036297,2,0.0942857142857142,1.8,23.0,3,15.382326264117337,18.0890100049224,15.047525579628664,17.788260043129455,1.0063937956669688,1.1020919481802416,1.2356827161523456,1.4805997447890746,7.952474420371336,5.211739956870545,0.2906362725417343,0.2275012047981582,0.7093637274582655,0.7495232159670109,0.7093637274582654,0.6444283326249889,0.0
76,2021,00-0036328,2,0.9514285714285714,196.1,88.9,2,44.96305151594272,43.96578230198074,58.413679358547256,169.92220400142438,1.021064201418031,1.003756748309406,1.4571655771880632,1.7761935274350973,147.31367935854726,258.8222040014244,0.6525598528727281,0.4377630598811475,0.1145446828330151,0.3929556530989235,0.0467787968825423,0.0058921999603733,0.0
77,2021,00-0036336,2,0.0771428571428571,1.4,1.1,3,2.587497641562953,0.9770551270244452,10.370355448737348,4.474964469739776,0.7532716013595884,0.8596268355997512,0.9511581152838112,1.1795309103758178,11.470355448737347,5.574964469739776,0.3862933920187968,0.3074229136820143,0.6137066079812031,0.6635758840172228,0.6137066079812031,0.6702009035486121,0.0
78,2021,00-0036360,2,0.7914285714285715,104.6,53.1,2,36.54890882173194,22.398877806032644,54.137661403336345,85.02580032346239,1.5843995206410255,0.9952647438331432,27.631021115928547,1.88732262366443,107.23766140333636,138.1258003234624,0.7422914840448633,0.4003519542950152,0.2577085159551368,0.4481712188317522,0.1387546053856363,0.0169573636311985,1.1102230246251563e-16
79,2021,00-0036370,2,0.3285714285714285,14.0,55.7,3,25.7209362966484,33.08529843127836,29.00464203713552,13.733796684046254,0.4080515064623978,0.6061429500639055,0.6727013278931747,1.0296805414387835,26.695357962864485,41.96620331595375,0.5103281504650395,0.3571210277180085,0.4003732613171241,0.5612891900450717,0.4003732613171241,0.2749583048733749,2.220446049250313e-16
80,2021,00-0036383,2,0.4371428571428571,24.5,0.0,0,11.32023748035991,8.135143426614384,31.13264310693493,54.481472945919286,0.7583161608266321,0.6051413857882098,1.0669561549379911,1.0669561549379916,31.13264310693493,54.481472945919286,0.5655847488426289,0.3508569305592607,0.434415251157371,0.5477662594214869,0.3440541727998303,0.1551843843756449,0.0
81,2021,00-0036414,2,0.0685714285714285,1.3,35.7,3,21.881626364395498,30.206231847888628,20.33880226654164,31.50696358221196,0.958106490069784,1.048103624754448,1.1780995044199245,1.3985305598584383,15.361197733458363,4.193036417788043,0.3078632757649019,0.2469595897824427,0.692136724235098,0.7305223814352779,0.6921367242350979,0.6827248149636507,0.0
82,2021,00-0036425,2,0.6085714285714285,51.1,7.7,1,20.389760120747315,17.78828120373079,42.85263487601576,84.92016690424332,0.8280835412961465,0.7010984284559004,1.4623844894259497,1.1839361951267016,50.552634876015766,92.62016690424332,0.401115701927452,0.4286497475474962,0.3465063810501817,0.4208948184023271,0.1148232115629668,0.0552487989203125,0.0
83,2021,00-0036450,2,0.4942857142857143,32.6,4.4,1,9.409985467254476,6.74521306321622,27.395420433759,47.70237637212038,1.051429306802984,0.941396333608916,1.814802793563512,1.6825911796482336,31.795420433759,52.10237637212038,0.4073977964193671,0.2923921346522983,0.5926022035806329,0.6156238520630374,0.4297321793401749,0.1114487043370506,1.1102230246251563e-16
84,2021,00-0036457,2,0.5,32.9,0.0,0,7.266856985927902,5.590208179609085,27.53956240962735,45.62889183015245,0.3974119910485945,0.3539590340539208,0.7008784828880024,0.7008784828880027,27.53956240962735,45.62889183015245,0.3430671011712481,0.2573879630047063,0.6569328988287518,0.6610516435200928,0.4961492536589278,0.1077261918579724,0.0
85,2021,00-0036493,2,0.2657142857142857,9.1,3.0,1,4.577340999970298,3.27329400604453,15.151654933981092,23.173771361501966,1.5028300919962665,1.1736329347815293,27.631021115928547,2.213913087252234,18.15165493398109,26.173771361501966,0.4623829028481298,0.2966828459357372,0.5376170971518704,0.6468893162456529,0.5376170971518702,0.3658797659707307,0.0
86,2021,00-0036523,2,0.0828571428571428,1.5,0.0,0,0.3776177365621915,0.1954345212931323,4.70623019244257,3.2174572470091376,0.0885399472238396,0.0730364922859157,0.2362342491732482,0.2362342491732484,4.70623019244257,3.2174572470091376,0.210404309870116,0.1665407942393025,0.7895956901298838,0.8173874192076279,0.7895956901298837,0.6617139446595338,0.0
87,2021,00-0036555,2,0.8257142857142857,117.6,143.5,3,34.58809860008695,45.89528855469135,40.5991966630564,20.25698914365708,0.1750992245789306,0.4660542605154509,0.389436910239213,0.8356304311979574,102.9008033369436,163.75698914365708,0.677438225649053,0.4336010396260774,0.3225617743509469,0.4012332518806988,0.0637358279200612,0.0135347928019848,0.0
88,2021,00-0036567,2,0.86,146.0,41.5,1,38.97060481460714,36.65453931507014,63.86417067787521,149.6891054580441,0.91088042933679,0.6625591786952154,1.6325058305130955,1.1199078633991102,105.3641706778752,191.1891054580441,0.398010232263927,0.4168551877774513,0.2926282880792942,0.4234989239511825,0.0971890656319653,0.0107954267694182,0.0
89,2021,00-0036569,2,0.2257142857142857,6.0,8.6,3,3.818323376374723,5.023013888304142,2.5246875130484536,15.935023119537163,0.6148309062696917,0.5706789861620462,0.9885279798426184,0.9432413621069357,11.124687513048451,24.535023119537165,0.3721240621730883,0.3893637189313974,0.4223091281687116,0.5458305009464299,0.4223091281687116,0.4297509512838282,0.0
90,2021,00-0036650,2,0.34,15.6,0.0,0,10.564601495812482,6.019164382549157,30.90269811726037,45.176351188608734,0.6447864171326678,0.5244347502443406,0.9251604091386316,0.9251604091386318,30.90269811726037,45.176351188608734,0.5235878365325163,0.3548761148713589,0.3964678169129391,0.5616105370178118,0.396467816912939,0.2600104190201829,0.0
91,2021,00-0036654,2,0.5857142857142857,46.5,0.0,0,17.461323547858996,20.137557568977076,39.06096015646691,86.14604522037187,0.9803093623355064,1.0165028112096035,1.9435998212242305,1.943599821224231,39.06096015646691,86.14604522037187,0.2807166858338944,0.4186163271518022,0.4580385586462034,0.4368769487735224,0.1431875712421267,0.0637767297170287,0.0
92,2021,00-0036669,2,0.1742857142857143,3.9,0.0,0,4.926849838920175,2.1762807971013203,17.23757130533087,16.489283207366704,0.5284477741924859,0.4116650487817018,0.7216024731203202,0.7216024731203204,17.23757130533087,16.489283207366704,0.5140271268097074,0.3686881433148537,0.4859728731902927,0.5804196995180348,0.4859728731902926,0.5151213487150037,0.0
93,2021,00-0036670,2,0.4257142857142857,21.7,0.0,0,11.67854792031131,7.103013064712556,32.838855089224325,49.08924001413439,0.7244760092858471,0.5794112083024215,1.024976161156233,1.0249761611562334,32.838855089224325,49.08924001413439,0.5527391536130093,0.3463029635609981,0.3588050188007857,0.555616049562873,0.3588050188007856,0.1654533027018238,1.1102230246251563e-16
94,2021,00-0036691,2,0.0371428571428571,1.0,0.0,0,2.568830276985216,0.6851528562282727,10.925074376982868,4.994124293002651,0.4075893780418885,0.3455925625555034,0.6004517823862269,0.600451782386227,10.925074376982868,4.994124293002651,0.4514362513367134,0.3721071984593095,0.5485637486632866,0.5979122070025695,0.5485637486632865,0.7263456772342528,0.0
95,2021,00-0036698,2,0.0542857142857142,1.1,0.0,0,0.9323702338388912,0.4172569013905862,6.213478819100796,4.066553359853097,0.2365553808042281,0.1985642792571234,0.4214652868524791,0.4214652868524793,6.213478819100796,4.066553359853097,0.3439152372345752,0.2794152963624528,0.6560847627654249,0.6965066310054927,0.6560847627654248,0.70301639267253,0.0
96,2021,00-0036727,2,0.1628571428571428,3.1,5.4,3,3.3406736143077875,3.4171882384151946,5.850795304761315,4.884845897876678,0.7412843437800435,0.8889937547613407,0.9385462749992538,1.257519749442214,11.250795304761317,10.28484589787668,0.3911961137689561,0.2843584327481053,0.6088038862310438,0.6780591570465352,0.6088038862310436,0.5341488921105446,0.0
97,2021,00-0036755,2,0.58,45.9,0.0,0,25.28521110509042,20.10603141027809,51.28466243133242,86.47303737652551,1.173645746146274,1.0219184385293278,1.958615325725338,1.958615325725338,51.28466243133242,86.47303737652551,0.6124518421117869,0.4206669863596666,0.387548157888213,0.4347734068624755,0.1410535990507465,0.0660930478373289,0.0
98,2021,00-0036768,2,0.26,8.9,0.0,0,2.442004706087776,2.3288915753137367,12.58725347610419,23.79908069657789,0.2818590868172199,0.2644314978950889,0.5477951399833818,0.547795139983382,12.58725347610419,23.79908069657789,0.2975362520979628,0.2725294415886809,0.578223307374376,0.6765772083779557,0.5782233073743759,0.3747760037194178,0.0
99,2021,00-0036774,2,0.0114285714285714,0.5,0.0,0,0.2323001260247887,0.1217926530989741,3.352837625392816,1.4988614647938665,0.0379921825348406,0.1168400064822389,0.1482985301575365,0.3019217321647304,3.352837625392816,1.4988614647938665,0.137826308328346,0.2191362933012114,0.8621736916716539,0.7648744951278109,0.7393959335440008,0.759117244987398,0.0
100,2021,00-0036799,2,0.0371428571428571,1.0,0.0,0,0.8657470871680903,0.3531037518234754,6.192370945224629,3.585227975681614,0.2100572701138675,0.1781062858183818,0.391682353293698,0.3916823532936982,6.192370945224629,3.585227975681614,0.32408121676045,0.2671317451465997,0.67591878323955,0.7113455093309788,0.6759187832395499,0.7263456772342528,0.0
101,2021,00-0036842,2,0.3914285714285714,19.0,2.3,1,5.412219733454492,6.645515851436343,17.19379340373641,47.62371335599646,0.9616409993557824,0.9095324520522156,1.865378691346352,1.6376436945997044,19.49379340373641,49.923713355996455,0.2970028707258448,0.3674307659978276,0.4955930332122374,0.5351931275172737,0.3407554700763875,0.199521833866006,0.0
102,2021,00-0036857,2,0.5228571428571429,38.8,3.1,1,10.149172940103703,9.877780916209067,28.848604142708453,62.42438573695579,0.8506331880975762,0.8492791649833631,1.3944689569883002,1.5209021113658918,31.94860414270845,65.5243857369558,0.4099109277423348,0.3314653831767588,0.590089072257665,0.5606390643777216,0.3421243909369326,0.0939110253956778,0.0
103,2021,00-0036860,2,0.1057142857142857,2.0,2.2,3,2.595880816515109,1.66497073990862,8.415707821650212,6.497426133711445,0.6112395367490695,0.7388057358908697,0.8048139344086086,1.061234590996724,10.615707821650211,8.697426133711446,0.4471711219784781,0.3460283430337948,0.5528288780215219,0.6174022054826689,0.5528288780215218,0.6267576696178838,0.0
104,2021,00-0036875,2,0.78,102.9,109.7,3,36.54853179918799,40.16380332858594,42.90003101887859,13.9294545189408,0.3730076180379826,0.5553810591165572,0.6890058462064295,1.0199622250050078,66.79996898112141,123.6294545189408,0.5020749607643293,0.3606085619024163,0.4979250392356706,0.5033056947075654,0.2253658991901518,0.0182773613433172,0.0
105,2021,00-0036893,2,0.98,231.7,168.5,3,24.619004809953797,53.15271637207925,33.95669182844111,123.78635113918716,0.2887683368428352,0.4789768138336182,0.5336758557311045,0.8624989684240262,134.5433081715589,292.2863511391872,0.5864453144494876,0.4221059338262806,0.4135546855505124,0.4143391491194897,0.0798381448660595,0.0048738856532183,0.0
106,2021,00-0036906,2,0.6657142857142857,72.9,94.5,3,33.33461232346593,35.70260256584234,41.85187352456861,13.065265789999913,0.4884121529420105,0.5145091291426318,0.9288859557230486,0.9534657171859416,52.64812647543139,107.56526578999993,0.3949935056047862,0.3854030083732006,0.3885193442716284,0.4747865861614234,0.1898455993925983,0.0383978789808229,0.0
107,2021,00-0036919,2,0.74,92.4,70.38,3,18.50819671598751,23.70436681724398,7.421189206790245,56.197240013130425,0.2905717876514884,0.5029834204714734,0.5701023274915656,0.9290654745873588,77.80118920679024,126.57724001313042,0.565467572860662,0.3949226031836015,0.434532427139338,0.457633954220587,0.1566685968752719,0.0237397314981493,0.0
108,2021,00-0036924,2,0.8314285714285714,120.9,35.8,1,42.04439836143895,31.57010473254759,71.3540152537276,130.70324066291482,1.0934844962567585,0.6587981796486856,1.4777635388556958,1.0922254517373158,107.1540152537276,166.50324066291483,0.7020352814673132,0.430548901783934,0.2979647185326868,0.4052864496731017,0.0698173575848198,0.0130347393013604,0.0
109,2021,00-0036950,2,0.42,21.5,0.0,0,9.779037166737073,10.92771995326904,24.164655619593816,61.33831627297534,0.8552855788150961,0.8861794122721344,1.57282876401932,1.5728287640193204,24.164655619593816,61.33831627297534,0.3568459335350064,0.4301867104630648,0.3757719492799899,0.449233825745119,0.2074575032254465,0.1707887761472359,0.0
110,2021,00-0036984,2,0.4542857142857143,25.8,17.3,2,10.794965683955184,8.640856627360264,19.51175877045841,30.975016642515858,1.1414685234334312,1.1263012548937472,2.211946440049496,2.388422953177399,36.81175877045841,48.27501664251586,0.4158686961045098,0.3088378742473747,0.474643973442946,0.599387823568358,0.4146148033362131,0.1407636882281767,0.0
111,2021,00-0036997,2,0.9,166.9,134.2,3,28.67420663118402,40.703626892661816,2.291811806486436,90.00806251569952,0.3122665651020028,0.4663656319951065,0.6240080112013142,0.8287372504625983,131.90818819351355,224.2080625156995,0.5357926653073581,0.4366002551507279,0.1907073051302445,0.3953631347825908,0.0518150993398249,0.0082861839081582,0.0
112,2022,00-0034959,2,0.2648809523809524,7.9,0.0,0,0.7050378830758426,1.6292183169702523,5.319019822586274,18.64554926544853,0.1254547046893123,0.2123131535502627,0.2882879785451465,0.4754078940817715,5.319019822586274,18.64554926544853,0.2504542919270024,0.2430236289458368,0.7495457080729976,0.7108768235426169,0.6216314449577786,0.3671716133895668,0.0
113,2022,00-0034972,2,0.6994047619047619,73.4,104.9,3,34.55787426120622,39.83697726964832,44.24017377860825,1.4901082899466331,0.3411754104053129,0.4983041369158786,0.7011859348120812,0.9224278588561808,60.65982622139176,106.39010828994664,0.4959967350635295,0.397552666686272,0.2967320934300971,0.4560944347129818,0.1575805235141546,0.0309021908251956,0.0
114,2022,00-0034975,2,0.5446428571428571,38.0,86.1,3,50.24453906472269,48.64979178228781,61.71967260890449,29.4242042496064,0.6519134559046225,0.6778421432765629,1.0682818174803308,1.1772752724739155,24.38032739109551,56.6757957503936,0.3435983752540315,0.3081171311152634,0.6564016247459685,0.5892826035164329,0.3812046634165712,0.0822436650668432,0.0
115,2022,00-0035099,2,0.1339285714285714,4.0,1.0,1,1.6030641160181798,1.505609334667234,6.588346540600376,11.5108424904849,1.5493363853921442,1.392087516588863,27.631021115928547,2.9011418778367792,7.588346540600376,12.5108424904849,0.34293888865772,0.2575511502975255,0.6570611113422801,0.7120215374615221,0.65706111134228,0.5817483889730767,0.0
116,2022,00-0035125,2,0.4732142857142857,27.3,19.8,3,8.775967056131485,9.473575900477684,3.299555718558196,28.708546452271545,0.7392614037443253,0.6899901259026993,1.1999280099350391,1.177412655956966,16.500444281441805,48.508546452271545,0.3012158956835821,0.3080748038182057,0.6987841043164179,0.5977408941977702,0.4077554271307791,0.1261605742008799,0.0
117,2022,00-0035184,2,0.0357142857142857,0.7,0.0,0,0.0886992819927958,0.0868293525558643,1.6994249195786248,1.4880680193609843,0.0188599395114281,0.0623820770626274,0.1021523687859703,0.2128456049428542,1.6994249195786248,1.4880680193609843,0.0971080313656603,0.1582128262778653,0.9028919686343398,0.8291107751879179,0.8082809221623182,0.7282374420093461,0.0
118,2022,00-0035217,2,0.4136904761904761,21.7,0.0,0,5.116534176916908,6.912923832320978,16.439329165857576,49.66021591499472,0.5238704170055939,0.5459896121202341,0.9720780468155228,0.9720780468155232,16.439329165857576,49.66021591499472,0.2718132010244807,0.3393620650577959,0.5196221354248862,0.5666306253049753,0.3782961037296674,0.1768377335130513,0.0
119,2022,00-0035243,2,0.9434523809523808,206.7,54.3,1,44.16864253729297,53.74864596051799,66.08968413081162,208.53664365161552,1.1272002214439814,0.6561727538491929,2.179775689445841,1.1014712390538994,120.38968413081162,262.83664365161553,0.4768823172103548,0.4205974283563829,0.1975470483719052,0.4168618693193385,0.0844801584790068,0.0062124883955525,0.0
120,2022,00-0035250,2,0.8720238095238095,148.4,80.6,2,27.132227416110467,32.126925253101064,38.97311738108559,117.32049550381046,0.6936064394785695,0.9993839172645612,1.101176846174311,1.8081152648314365,119.57311738108558,197.92049550381049,0.4789247195028014,0.427432508994282,0.1885957044431857,0.4086046186449105,0.0734428015684401,0.0099709593676567,0.0
121,2022,00-0035261,2,0.949404761904762,210.8,166.7,3,26.520982273131253,51.20047659983095,38.71570578827641,102.1768460135957,0.379014750957598,0.4779705544013167,0.6341252934828713,0.8609352911933973,127.98429421172358,268.8768460135957,0.5303992291318461,0.4227664875757544,0.469600770868154,0.4137770298276778,0.0795144798314573,0.005971878730997,0.0
122,2022,00-0035273,2,0.056547619047619,1.0,0.0,0,0.4481658457268951,0.250039650650756,4.438149200797534,2.9992838887182782,0.1201059791845675,0.1315591346668394,0.3286805920547019,0.3286805920547019,4.438149200797534,2.9992838887182782,0.1746988001007857,0.2271414788649401,0.7198729131578182,0.7531096454097419,0.7198729131578182,0.6998537005558709,0.0
123,2022,00-0035291,2,0.306547619047619,11.0,1.5,1,2.9605024040087287,3.2629418816535214,10.722831665492652,27.605950284704267,1.1541607194602843,1.117805949009382,2.063608845615735,2.070356208325673,12.222831665492652,29.105950284704267,0.3624968453297233,0.2990326968772767,0.6375031546702766,0.6366491587916063,0.5105083175080412,0.3052196295583672,0.0
124,2022,00-0035304,2,0.0803571428571428,2.5,0.0,0,0.2350952759905866,0.5252091209539316,2.803879996563909,6.815834144382219,0.0435790369301592,0.1170236721498144,0.1597143147897916,0.3094159131260537,2.803879996563909,6.815834144382219,0.1476127313786979,0.2111473065776601,0.8523872686213021,0.7686777310695482,0.733875478098974,0.6654402034717458,0.0
125,2022,00-0035311,2,0.1904761904761904,5.4,1.0,1,1.675547935424781,1.2911351049279496,8.344257615309685,10.831495925606028,1.462729332619511,1.4547704992875632,2.895464473101222,2.921445037404877,9.344257615309685,11.831495925606028,0.2233988145196568,0.1960640728125081,0.7766011854803432,0.7751836467193497,0.7213278393312805,0.4881036232835335,1.1102230246251563e-16
126,2022,00-0035537,2,0.5089285714285714,31.8,81.7,3,39.87555930016384,45.296999032705024,52.40092061589736,24.455463922687088,0.4507540704711689,0.6018832416636988,0.8210804938092358,1.074243046810343,29.29907938410264,57.24453607731292,0.4399560278320256,0.3415561995282424,0.4067965337342611,0.549027414408667,0.3276527082241427,0.1021286639436003,0.0
127,2022,00-0035567,2,0.4226190476190476,21.8,22.9,3,12.19574027121928,13.00832271610551,8.167636174455547,11.236517359344468,0.8980984480996183,0.9182167085600458,1.3549643094640644,1.4365001247947218,14.732363825544452,34.13651735934447,0.2579565008932982,0.2377584290435609,0.742043499106702,0.6952785845748115,0.5609633409042731,0.1683265762161018,0.0
128,2022,00-0035594,2,0.5654761904761905,38.6,8.9,1,10.857098905149282,8.969199591630044,26.15582975493406,52.80255836776426,0.9206087207905442,0.8022305647061352,1.49816917190983,1.4334024590168966,35.05582975493406,61.70255836776426,0.478428326073077,0.3460073741504072,0.5215716739269229,0.5365286937075162,0.298032626626701,0.0723363346558633,0.0
129,2022,00-0035628,2,0.1994047619047619,5.9,26.4,3,15.979417318736656,15.836672036405025,17.267468617663326,4.244541811960481,0.8234349735691071,0.7063059510959495,1.0262511275559425,1.0755697238452693,9.132531382336674,22.15545818803952,0.3583478459597025,0.3411033652110546,0.6416521540402973,0.6072076036193461,0.5099274345688973,0.4732237557064052,0.0
130,2022,00-0035657,2,0.7053571428571429,73.9,0.0,0,33.98050096982744,23.189962406072155,68.23314424110916,96.16928048210126,0.9370978789548936,0.8030028637859543,1.440955849926033,1.440955849926033,68.23314424110916,96.16928048210126,0.5593579785268448,0.3597623270816114,0.4406420214731552,0.5074927797374195,0.2367013995014477,0.0297339593377945,1.1102230246251563e-16
131,2022,00-0035664,2,0.6577380952380952,59.5,0.0,0,25.170420400480324,19.04408936818006,54.30098999666322,83.61269485229109,0.8368297985015147,0.7977520561358935,1.428258902295951,1.428258902295951,54.30098999666322,83.61269485229109,0.4613619743944116,0.3624504948302848,0.3638435450731603,0.5065835289298771,0.2397259453925072,0.0404132810956052,0.0
132,2022,00-0035685,2,0.8779761904761905,151.7,191.72,3,36.05738450726349,63.11583690363719,72.54515673909219,8.848201898293723,0.3979592829112655,0.4745514808107979,0.7348458429303568,0.8554888223798848,119.1748432609078,200.5682018982937,0.4795793838292006,0.4250753539425454,0.1915506730095741,0.4117423045568177,0.0781629048783323,0.0095861882712254,0.0
133,2022,00-0035700,2,0.9970238095238096,281.8,264.1,3,81.64116611636354,78.90852071694707,113.74565272544262,93.89991792447525,1.528606409156985,0.4751975529319105,27.631021115928547,0.8509085098601801,150.3543472745574,357.99991792447526,0.0,0.427026797607298,0.3220052838874664,0.4073413049407334,0.0685746357585235,0.0043525116325385,0.0
134,2022,00-0035726,2,0.119047619047619,3.5,0.5,1,0.7707534934145208,1.1710743925516829,3.984425114598865,10.417161197957927,1.2572551684506097,1.4149905358746924,2.083248816737487,2.992670254553662,4.4844251145988645,10.917161197957927,0.2058210916922139,0.2521041833964317,0.794178908307786,0.7198072484681368,0.6696539128796835,0.6057088736176771,0.0
135,2022,00-0035806,2,0.6220238095238095,50.5,18.8,1,8.470215083878237,11.27550913940538,11.365153829355927,57.32806930259802,0.974377222871894,0.7511195692769208,1.918137316838905,1.3336335646368938,30.16515382935593,76.12806930259802,0.2611885920929953,0.3656357888443929,0.4825528995009532,0.5048913782839164,0.2413733684016002,0.0507436688168629,0.0
136,2022,00-0035831,2,0.7172619047619048,77.6,0.0,0,38.70181604058429,27.40586710907479,72.77656794208195,105.56298511067058,1.0262462471289835,0.9085866860742324,1.6715452257690904,1.6715452257690906,72.77656794208195,105.56298511067058,0.5825167487887686,0.3818280966287634,0.278591010753152,0.4766729352666543,0.1879564060471461,0.027524601653086,0.0
137,2022,00-0035860,2,0.2172619047619047,6.4,11.5,3,7.38471183607405,7.830698386423151,3.665678828280901,2.862136493622934,1.0846239436612417,1.1064729263357906,1.4899240144165966,1.558907870801466,7.834321171719099,14.362136493622934,0.2253897812627988,0.2103656923049212,0.7746102187372013,0.7556442613332269,0.6911080530698587,0.4436322246410127,0.0
138,2022,00-0035924,2,0.1696428571428571,5.2,3.7,3,2.645136553717049,2.9597945415908957,1.8804206657760023,13.304300411550049,1.1442226872783137,0.8893581370882215,1.4121473792356842,1.2618380944476544,5.5804206657760025,17.004300411550048,0.2436195774352982,0.2831331224906499,0.7563804225647018,0.6784656737896083,0.6074002559781981,0.522859710502285,0.0
139,2022,00-0035973,2,0.2113095238095238,6.3,31.8,3,20.06289743531962,19.83809393783523,22.581636345618072,9.467547030620274,0.7562263048422823,0.7341742821502848,1.1343505369964653,1.1124404636142495,9.218363654381928,22.332452969379727,0.3216309409136712,0.3287556650280158,0.5207739487748143,0.6192379024368482,0.5207739487748142,0.45346218694312,0.0
140,2022,00-0036020,2,0.3363095238095238,13.2,0.0,0,6.362247937893034,4.615426055242583,20.6155496560382,36.61524556858084,0.549837677354826,0.4691323971214259,0.845091907711481,0.8450919077114812,20.6155496560382,36.61524556858084,0.4608299321237724,0.3368211182140113,0.429517880391182,0.5846586334155222,0.4295178803911819,0.2647792486141582,0.0
141,2022,00-0036096,2,0.1279761904761904,3.7,4.4,3,3.516877670536568,3.407797122022438,3.3359098167049,1.9865568831389624,1.3232081359277892,1.4005088160560484,1.6787369572094897,1.9585901663588,7.7359098167049,6.3865568831389625,0.1866095230678597,0.1410571479145899,0.8133904769321403,0.8426634137914328,0.8133904769321401,0.5913857309569222,0.0
142,2022,00-0036139,2,0.056547619047619,1.0,163.8,3,152.57575679939723,157.65640498347128,157.7447454216201,160.44082295962045,0.9419045215285176,1.0287512110602175,1.1591894381032335,1.3688597416282635,6.055254578379888,3.3591770403795715,0.3137403838456916,0.254396872397109,0.6862596161543085,0.7234845245058873,0.6862596161543083,0.6998537005558709,0.0
143,2022,00-0036158,2,0.7113095238095238,74.2,159.8,3,83.56540942422316,85.54873528863018,108.9595797940317,72.63705263194858,0.5200675112026741,0.6210979121295694,0.9558065139640288,1.1169974326264884,50.84042020596832,87.16294736805143,0.3845019133046018,0.3272609439353456,0.4549322330149085,0.5517195203196432,0.3048177641656278,0.0286085881059209,0.0
144,2022,00-0036187,2,0.3660714285714285,15.4,3.2,1,3.568322105826825,3.908992782975524,11.293244167414862,30.4690298348856,1.1363474182838065,1.071557169445483,2.2660345406680507,1.947492064694104,14.49324416741486,33.6690298348856,0.2477852011873191,0.2862111379264273,0.6031341559701364,0.6420428158399414,0.4994114822784792,0.2279391755999247,0.0
145,2022,00-0036223,2,0.8005952380952381,126.4,231.7,3,68.80939242313217,91.369429548023,103.33970995138397,50.93212773102161,0.2972769371439935,0.4624883826708451,0.5986327603903531,0.8280334174272992,128.36029004861604,180.7678722689784,0.5495625062938992,0.4369076570006214,0.1701590534914307,0.3974618108653121,0.0590992879473338,0.0159667216826633,0.0
146,2022,00-0036251,2,0.6339285714285714,56.0,63.4,3,18.55760425817185,23.634393476779053,16.666650101592793,21.81366606970844,0.48014553640573,0.5271856465470182,0.912660858814881,0.9753481382838588,46.733349898407205,85.21366606970844,0.4014545876107657,0.377061061319757,0.3739630064148685,0.4884519686544629,0.2146175625943408,0.0470489010650095,0.0
147,2022,00-0036265,2,0.8541666666666666,144.6,0.0,0,82.19132507079189,65.62736540882264,117.864034295384,197.7770751942261,1.2331574040629116,1.2132235784963228,2.801386626366203,2.801386626366203,117.864034295384,197.7770751942261,0.4577418540231324,0.433893133138658,0.1886711488528394,0.400074552673189,0.060725800222787,0.0112193631307969,0.0
148,2022,00-0036275,2,0.8601190476190477,145.1,172.5,3,29.07101656997165,54.13169037884981,50.17063920792246,26.11609619748816,0.4078705645342553,0.4657368926943592,0.7371648858898412,0.8306528776247165,122.32936079207754,198.61609619748816,0.4784685072187629,0.4357646924118295,0.1782903288515175,0.3973447272141409,0.0562267100664634,0.0107869420562544,0.0
149,2022,00-0036297,2,0.3184523809523809,11.2,0.3,1,1.6472802595085616,1.752383169387098,9.186853754672374,20.565708842382392,1.304102182776291,1.279016351934584,2.375906993474563,2.3566792491606914,9.486853754672374,20.865708842382396,0.2665340470579735,0.2165768494193836,0.7334659529420263,0.7352700794316966,0.640535789019093,0.288629765964042,0.0
150,2022,00-0036328,2,0.7886904761904762,121.9,85.4,3,17.442689821617705,28.398117166071444,16.027619707144083,90.53655499368044,0.6021583478581485,0.4621634182685407,1.0366828535447352,0.8288651552155041,101.42761970714407,175.93655499368046,0.3546290896684431,0.4365444154741303,0.2781689853410095,0.3983848805334485,0.0612112301332921,0.0172648165059328,0.0
151,2022,00-0036336,2,0.1398809523809523,4.1,0.0,0,0.8534210561891848,0.4166179269848076,7.772764894670709,7.560593956517025,0.0841499516801878,0.0669662070220091,0.2295664541592038,0.2295664541592041,7.772764894670709,7.560593956517025,0.2051218560760747,0.1530408160564528,0.7948781439239253,0.8284526681123711,0.7948781439239251,0.5720482306709,1.1102230246251563e-16
152,2022,00-0036360,2,0.7291666666666666,83.3,7.0,1,34.708396658718634,25.90076920708202,66.0175183091184,106.305563093502,0.9245405568717056,0.6995025764874476,1.3868475932359112,1.2238102441091565,73.0175183091184,113.305563093502,0.5756675162305609,0.3873118988088327,0.4243324837694391,0.4685781618175434,0.1744707535472767,0.0254750982268461,0.0
153,2022,00-0036370,2,0.6279761904761905,50.8,0.2,1,12.849035966901695,15.198866041657034,34.054105475101714,72.45663307322921,0.8494807085962087,0.7688687358616634,1.598391336398648,1.3715291824588758,34.25410547510172,72.65663307322922,0.2839189003529894,0.3506742117933119,0.4731962639385889,0.5246933815882187,0.2709747009902987,0.0488631673774307,1.1102230246251563e-16
154,2022,00-0036383,2,0.6815476190476191,65.6,0.0,0,23.12443411859704,23.13407230739408,49.21019503971276,93.4285473887017,0.8844336054593911,0.8915694457674105,1.6298334990233476,1.629833499023348,49.21019503971276,93.4285473887017,0.3853752255812664,0.3809784514610528,0.3752636672880604,0.4798053369266072,0.1959621993083434,0.034679469115865,0.0
155,2022,00-0036414,2,0.8125,132.3,81.7,2,16.69351301350582,29.35597528874075,12.016717124546716,99.30870036252462,0.6629656461890122,0.9984990266104244,1.1236310987700553,1.830552013892295,69.68328287545329,181.00870036252465,0.1731978574058313,0.4219133946752536,0.5017049537535022,0.4177615636314366,0.0901969236613877,0.0147647607350847,0.0
156,2022,00-0036425,2,0.5744047619047619,38.7,23.5,2,9.248991191618426,10.007154437046715,11.93915771694654,40.72906558188231,1.3813850867652124,1.0285443496492972,27.631021115928547,2.0772176005545964,35.43915771694654,64.22906558188231,0.5119432035534319,0.3662294591485857,0.4880567964465681,0.5084922388618442,0.2540165117042783,0.0684366476885429,0.0
157,2022,00-0036450,2,0.2529761904761904,7.7,0.4,1,1.8265778454951231,2.20183247715854,9.312759762087342,21.007749273397916,1.216896046798425,1.2203634860139856,2.1950606233259333,2.320231920096316,9.712759762087344,21.40774927339791,0.3171379308544502,0.2792663174399381,0.6828620691455497,0.6697610549900148,0.571510258362379,0.3858274053280813,0.0
158,2022,00-0036457,2,0.0238095238095238,0.5,0.0,0,0.1882856500101808,0.0745923644536494,2.930237746434636,1.1694060037741925,0.0311604577997759,0.0732549841580035,0.1333265988882389,0.2320015986230026,2.930237746434636,1.1694060037741925,0.1248207871305416,0.1724886533198172,0.8751792128694584,0.8143143401080752,0.7929448556857843,0.7436796785758211,0.0
159,2022,00-0036493,2,0.6458333333333334,57.5,0.0,0,17.39846736678618,19.88028258009527,41.3340071962984,85.56961713735966,0.8314099088023627,0.8548538989032961,1.5457397653302876,1.545739765330288,41.3340071962984,85.56961713735966,0.3245774465490003,0.3763929969819847,0.4376960405069278,0.4884519753060383,0.2131541288494089,0.0436107986212354,0.0
160,2022,00-0036543,2,0.1785714285714285,5.3,0.0,0,0.918497479901684,0.9028330398101972,7.555836125600858,12.342947996643398,0.1267630407925316,0.1275358681146148,0.3375434506532843,0.3375434506532844,7.555836125600858,12.342947996643398,0.1860045105233144,0.2044405428359574,0.713520971080618,0.7668800267127118,0.7135209710806178,0.5079717195298957,0.0
161,2022,00-0036555,2,0.7232142857142857,77.7,204.6,3,91.195388958994,104.137665133253,125.43907542422332,92.62454644830284,0.19301123244926,0.4868838712052356,0.4776894441434068,0.897819092883965,79.16092457577668,111.97545355169714,0.6202147784085816,0.407457318002967,0.2381904078131727,0.4412361347083872,0.1324741320030068,0.0264805680588031,0.0
162,2022,00-0036567,2,0.5803571428571429,40.6,0.0,0,21.325810132800456,9.256508533274612,53.332504668742985,55.1436573861617,0.6740503148777954,0.5320989598752792,0.9670851236399888,0.9670851236399892,53.332504668742985,55.1436573861617,0.5310419901204378,0.3035045023699466,0.4689580098795621,0.5921681232662473,0.3801896302958448,0.0659460159890155,0.0
163,2022,00-0036569,2,0.4642857142857143,26.0,0.0,0,5.725459718474074,8.833859589089336,18.257274731632258,55.143069026949846,0.707388102126285,0.6595686331192652,1.1591922700473012,1.1591922700473014,18.257274731632258,55.143069026949846,0.3212455342983095,0.3593166555304548,0.6787544657016904,0.5322593703701723,0.3137394953517309,0.1328803250392463,1.1102230246251563e-16
164,2022,00-0036650,2,0.1101190476190476,3.3,0.0,0,1.7666997139018097,0.7423825932956643,11.466516746593015,9.194113768043971,0.1673294159594352,0.1356885994155816,0.341432450177043,0.3414324501770431,11.466516746593015,9.194113768043971,0.2892485228652302,0.2228133084729482,0.7107514771347697,0.7532238708635243,0.7107514771347696,0.6198526812361188,0.0
165,2022,00-0036654,2,0.0684523809523809,1.4,0.0,0,2.536302242766615,0.9850215416053718,10.892891017032513,7.015495460668891,0.457345202539808,0.3806251742488304,0.6504656187666944,0.6504656187666946,10.892891017032513,7.015495460668891,0.4781972409685192,0.3836385964943808,0.5218027590314809,0.5813973489545327,0.5218027590314808,0.6828969617007041,0.0
166,2022,00-0036669,2,0.0357142857142857,0.7,0.0,0,0.3302810941890266,0.161224780098208,3.7559979875621257,2.02770792465621,0.1364978745736597,0.1158310681865234,0.3027889090941067,0.302788909094107,3.7559979875621257,2.02770792465621,0.2612449756202594,0.215587861207882,0.7387550243797407,0.767138712154692,0.7387550243797405,0.7282374420093461,1.1102230246251563e-16
167,2022,00-0036727,2,0.1517857142857142,4.8,5.5,3,3.3494735358388894,3.7878426940959766,4.654883766962112,10.657960481033273,0.7546891656432879,0.8956812435481354,0.9526534043984894,1.25892499864146,10.154883766962111,16.15796048103327,0.3857162033541468,0.2839591189216158,0.6142837966458533,0.6800765139126903,0.6142837966458531,0.5524880930046673,0.0
168,2022,00-0036755,2,0.2589285714285714,7.8,0.0,0,4.97669396618895,1.980580477731948,21.507072144268285,20.572083215835026,0.3436686796587925,0.2555526620383297,0.5353387263527645,0.5353387263527647,21.507072144268285,20.572083215835026,0.4145290578830345,0.2681987742496656,0.5854709421169654,0.6818897260763246,0.5854709421169653,0.3764537155965198,0.0
169,2022,00-0036829,2,0.6041666666666666,44.9,0.0,0,17.49127482766465,14.568691869414645,43.66984711207313,69.54737003466101,0.7638955506254963,0.7756116132461642,1.381541030688458,1.3815410306884583,43.66984711207313,69.54737003466101,0.353742336397881,0.3632031876015234,0.4507814293734371,0.5096998537182011,0.2511911613568488,0.0568040780033856,0.0
170,2022,00-0036842,2,0.3303571428571428,12.5,10.5,3,4.8811213524683925,6.175228032003062,8.99397105225782,30.507295977058146,0.3610619944941231,0.5240236788441446,0.6471522606446547,0.935094902495052,19.49397105225782,41.00729597705814,0.5235345458718718,0.3925486099212104,0.4764654541281283,0.5173448224981052,0.3395564681809362,0.2725878463604059,0.0
171,2022,00-0036857,2,0.3005952380952381,10.3,0.0,0,5.544756806764482,5.208038082494639,18.40658852182536,36.314551115170666,0.6810221974743247,0.5957919540546974,1.0181797306885765,1.018179730688577,18.40658852182536,36.314551115170666,0.5051474632497284,0.3929624942914037,0.4948525367502716,0.5239444734516412,0.361251917833265,0.3137119708084913,0.0
172,2022,00-0036860,2,0.0238095238095238,0.5,0.0,0,0.1988350757366981,0.1193928249282632,2.8365306967583006,1.4794736899344971,0.037856116535141,0.1172522088924313,0.1480120530672073,0.3037515102760437,2.8365306967583006,1.4794736899344971,0.1375792799354995,0.2182239731755121,0.8624207200645005,0.7650798375229868,0.7380442400759009,0.7436796785758211,0.0
173,2022,00-0036875,2,0.9315476190476192,189.1,156.9,3,25.567650361268804,47.32711401793702,25.50344708360464,90.15537516187251,0.2848648094047316,0.471656836116712,0.5782901409606324,0.8433692485697826,131.39655291639536,247.0553751618725,0.5608565327797398,0.4302584309693371,0.1578855739703662,0.403634650685638,0.063977913895927,0.0067229818004269,0.0
174,2022,00-0036893,2,0.925595238095238,187.46,168.6,3,18.83159366774955,50.04300793776,21.637692130168205,79.47960870073663,0.1527027629986316,0.4682247030805649,0.3878021340587498,0.8328247938242894,146.9623078698318,248.07960870073663,0.6785465912420731,0.4348192750724409,0.1146067910500441,0.3974025954826262,0.0543379729619233,0.0069936408285159,0.0
175,2022,00-0036906,2,0.7767857142857143,112.8,29.0,1,26.90520881627321,26.238696576120816,48.84174709506527,115.33856272977178,1.0250945042644302,0.6962383651846097,1.5514272194548393,1.2210829998062318,77.84174709506527,144.33856272977178,0.6103016229164568,0.3829354150711644,0.389698377083543,0.4726637174112765,0.1777531116272744,0.018666444536774,0.0
176,2022,00-0036919,2,0.6755952380952381,64.9,51.1,3,14.61526016042301,17.17148109206724,3.464572781629009,52.02561975260307,0.4165136783435303,0.4689758163030377,0.8058322786404365,0.864311300713089,54.56457278162901,103.12561975260309,0.4467159796308962,0.4213416304080832,0.3169475196709993,0.4251012626114912,0.1120643616886418,0.0360347906951577,0.0
177,2022,00-0036924,2,0.7470238095238095,88.0,24.8,1,32.70849659584104,21.8053430635575,59.09971269435181,98.03687336663904,1.038050529807403,0.6816501697613965,1.5036564086718531,1.172087391264797,83.8997126943518,122.83687336663904,0.644636400166072,0.4055170603468668,0.355363599833928,0.4427675647234678,0.133047805004517,0.0226768064064204,0.0
178,2022,00-0036950,2,0.4553571428571428,24.5,4.0,1,6.5365535872035,8.369952911116314,18.38147400675489,54.20510081835216,1.0041283482291368,0.8170465728649594,1.984520395802753,1.445270562718732,22.38147400675489,58.20510081835216,0.3765371612236439,0.3932246223276428,0.3914926501045198,0.4897284329502128,0.2540461318657311,0.1399006910228793,0.0
179,2022,00-0036973,2,0.9136904761904762,178.1,96.2,2,26.367039704502798,38.05665063294825,20.253942886949105,134.14426806474023,0.7382443177508935,0.997019117651583,1.2157894350450855,1.81406348137424,116.45394288694912,230.34426806474025,0.4577990226404823,0.4228899134118816,0.2457251039173272,0.4141196060315478,0.0808639649360423,0.0075678343846349,0.0
180,2022,00-0036984,2,0.0744047619047619,1.9,38.8,3,27.217961656796295,31.252309659001966,29.471182484736296,32.30556746852606,0.8982007976468271,0.9943848947095392,1.109115862593402,1.3349274418299328,9.328817515263705,6.494432531473938,0.3298504653262724,0.2631772704244176,0.6701495346737275,0.7122640478141378,0.6701495346737274,0.6742290118102903,0.0
181,2022,00-0036997,2,0.4791666666666667,28.0,110.9,3,43.01741123901972,71.29174382454866,55.585545123533166,58.25473887819616,0.3424340982155927,0.6306748443479387,0.6070280721163643,1.1055908629390767,55.31445487646684,52.64526112180384,0.5449680705857243,0.3310152398112679,0.3898582762660449,0.5669341823389447,0.3609678362998391,0.1218439508021497,0.0
182,2022,00-0037085,2,0.2708333333333333,8.4,8.4,3,5.063123506757117,5.367527214291282,4.2539499299326415,11.2470818565613,0.9232758796153722,0.963527244337621,1.3015204789299744,1.41093806911764,12.653949929932642,19.6470818565613,0.2721177290525073,0.2439143672654808,0.617473164097206,0.7089372830055821,0.6174731640972059,0.3579869818473992,0.0
183,2022,00-0037087,2,0.3779761904761904,16.2,0.0,0,4.442787483336982,6.293067518154302,15.7036249260825,43.959414788354565,0.5641809779046218,0.5991215382080494,1.0458590425646035,1.0458590425646035,15.7036249260825,43.959414788354565,0.2599659182042561,0.3663452414884555,0.5319030664367521,0.5393240363826945,0.3513898308646629,0.2142544668351782,0.0
184,2022,00-0037157,2,0.6101190476190477,48.0,0.0,0,30.024302363093327,16.56582329065744,63.11830920782786,75.85327503428474,1.0145498417699248,0.8294607323578747,1.4893509433059813,1.4893509433059815,63.11830920782786,75.85327503428474,0.6268428588523044,0.3748342907280204,0.3731571411476956,0.4934613138474009,0.2255189826523244,0.054711929545992,0.0
185,2022,00-0037197,2,0.8184523809523809,132.5,44.9,1,29.92477616894879,32.81673243829356,50.342994861334965,138.9019618156342,0.7690496810160861,0.6602249047707518,1.3356248024147537,1.0966330246218283,95.24299486133496,183.8019618156342,0.3293195300662704,0.4296892541253704,0.3358486108755948,0.406848547288925,0.0728548059281606,0.0141976536575741,0.0
186,2022,00-0037228,2,0.6934523809523809,70.8,94.1,3,33.72599953819025,36.33302202294196,41.287530726570274,4.210579440568864,0.4612357255071727,0.5266934422869678,0.8869985683475552,0.9734656908425152,52.81246927342972,98.31057944056886,0.4118901594939593,0.3777715274476398,0.3897912944251994,0.4834881151785894,0.2005378401673416,0.0321148022920587,0.0
187,2022,00-0037248,2,0.7410714285714286,87.7,234.7,3,121.46907847134972,124.24247392120373,157.90506197631316,116.53214187801576,0.285449001728541,0.5111190835960155,0.5671083546415926,0.9444183977676992,76.79493802368684,118.16785812198422,0.5671631043424143,0.388905693558186,0.4328368956575857,0.465850122969643,0.1693688231501759,0.0235745029574418,0.0
188,2022,00-0037256,2,0.7648809523809523,100.1,155.1,3,63.86976841014855,64.24314446274575,88.44009622888315,28.532764423580616,0.3729675204076713,0.5332009921224505,0.6838559073601601,0.9831619640054132,66.65990377111684,126.56723557641938,0.5046672855360916,0.3741262528733423,0.4953327144639085,0.4852138341412015,0.197988528271765,0.020179525866561,0.0
189,2022,00-0037258,2,0.8363095238095238,141.4,44.5,1,49.5984910323979,35.473297925264646,75.21811195189284,147.66538521769328,1.0481163525346693,0.6600153931705544,1.902200953675993,1.101358609979323,119.71811195189284,192.16538521769328,0.4862017345935087,0.4262699620774928,0.2278854291866507,0.4110647903550971,0.078645641562006,0.012622079244122,0.0
190,2022,00-0037263,2,0.8660714285714286,146.9,98.7,2,29.30462441044847,32.97102415090103,26.295973477899462,99.9988041360099,0.8068079344509338,1.001554915634404,1.2719930438807756,1.7981067904396677,124.99597347789948,198.6988041360099,0.5145230389744264,0.4320723650279738,0.2052044915998302,0.4023155048922671,0.0637962097838213,0.010371012713435,0.0
191,2022,00-0037265,2,0.3184523809523809,11.2,0.0,0,8.42704755154828,4.435199727614762,26.567598090464383,34.026064027205784,0.6872242162010231,0.4983766407394039,0.8823347269887363,0.8823347269887365,26.567598090464383,34.026064027205784,0.5861843635755832,0.3531755283667156,0.4138156364244167,0.5683004447527932,0.4138156364244166,0.288629765964042,0.0
192,2022,00-0037267,2,0.0892857142857142,2.7,97.0,3,69.68953762593185,75.49459377685827,79.38039655751521,81.14078706654259,0.3467618460830175,0.4742913326914729,0.5385229260782505,0.7785249856052509,17.619603442484795,15.859212933457412,0.5836096506383599,0.4590826656853325,0.4163903493616402,0.4954669631595025,0.4163903493616401,0.6520403909181355,0.0
193,2022,00-0037276,2,0.1041666666666666,3.0,25.9,3,17.376759888133293,19.43372827062871,16.93149817871347,17.30020353319452,0.9974706162991318,1.097537364087004,1.2248966654808249,1.4797379624125682,8.968501821286528,8.59979646680548,0.2937880572026795,0.2276973458303907,0.7062119427973205,0.7483862424302705,0.7062119427973204,0.6291716941561636,0.0
194,2022,00-0037286,2,0.3184523809523809,11.2,0.0,0,8.480886865976021,4.305836599992205,26.77967215106008,33.526166415719665,0.6671796907127513,0.4838403030455962,0.8617371424720363,0.8617371424720367,26.77967215106008,33.526166415719665,0.5775723723970665,0.3479868117721454,0.4224276276029335,0.5746428056081407,0.4224276276029334,0.288629765964042,0.0
195,2022,00-0037299,2,0.3541666666666667,15.1,0.5,1,10.099019097213876,5.9315652917384725,28.94239158322194,43.025088593170025,1.4364387191159456,0.9546346973346173,27.631021115928547,1.7319011962989517,29.44239158322194,43.525088593170025,0.5411808498144949,0.3660362546620122,0.3678012305881838,0.5447489082924614,0.3678012305881837,0.2422284904017218,0.0
196,2022,00-0037304,2,0.494047619047619,29.8,17.0,2,6.69990946455513,8.56255976845462,9.787073482597332,45.62656655832347,0.8495389312748883,1.0430511943359837,1.5326094195158622,2.113263025176604,26.78707348259733,62.62656655832347,0.3886623036127887,0.3842447213174712,0.3953663249049042,0.4949122700569071,0.2507038624457062,0.1116062243946979,0.0
197,2022,00-0037331,2,0.3422619047619047,14.6,0.0,0,6.498775755998587,5.355933546011407,21.800331886515103,41.06849968850837,0.5760751010264682,0.5025571408959294,0.8940960851403214,0.8940960851403217,21.800331886515103,41.06849968850837,0.4569317338678408,0.3466537137020284,0.4089771121002313,0.5712998543765389,0.4089771121002312,0.2571152718012537,1.1102230246251563e-16
198,2022,00-0037429,2,0.5327380952380952,36.0,14.5,2,7.284845646129256,8.61401874740615,13.752277964769275,47.57457875510109,1.33988800882729,1.053608648805025,27.631021115928547,2.171629887192825,28.25227796476928,62.07457875510109,0.3988033335972006,0.3464868745855921,0.6011966664027995,0.539521453563182,0.3085101627031815,0.0884457702098717,0.0
199,2022,00-0037456,2,0.2470238095238095,7.4,1.0,1,3.5375092074347627,4.157449514597271,12.52495851779537,29.119660442818542,1.3599583887907187,1.057699281878346,27.631021115928547,1.973103053588412,13.52495851779537,30.119660442818542,0.4140712310609324,0.4039388249032251,0.3847444020746118,0.5237691869085797,0.3847444020746117,0.3952865368219799,1.1102230246251563e-16
200,2022,00-0037525,2,0.5267857142857143,35.8,112.0,3,67.29614549548268,64.98701122723526,81.370466181569,47.42785855253655,0.4789230836787003,0.5662427418628363,0.8921159588605878,1.0289985317019736,30.629533818431,64.57214144746345,0.4097877407363771,0.3573646708101685,0.410973925613138,0.5258081437477162,0.2891422336413806,0.0917027392130802,0.0
201,2022,00-0037557,2,0.1607142857142857,5.0,16.3,3,10.12718203802753,11.598377763716147,1.3082845636314246,4.295310441208411,1.0324471136357984,1.151201173029797,1.267576620764204,1.584072940041244,14.991715436368576,12.00468955879159,0.2815130085952153,0.2051378801068358,0.7184869914047848,0.7679716005067048,0.7184869914047844,0.5377071918388654,0.0
202,2022,00-0037563,2,0.5029761904761905,30.4,0.0,0,7.982833617188628,5.96723023133417,28.45311794305106,45.022471388112365,0.4411307915421903,0.4110625701969662,0.7832067754329387,0.7832067754329389,28.45311794305106,45.022471388112365,0.3594053118962284,0.2768970596017524,0.5393366285448403,0.6350364959429123,0.4569383606406102,0.1058309997943692,0.0
203,2022,00-0037594,2,0.1785714285714285,5.3,12.8,3,4.741340822316058,6.913837963844575,2.4070744914013407,11.958571486154458,0.3618540049616187,0.5436922546161472,0.5540030788304952,0.8913912256869997,15.20707449140134,24.75857148615446,0.5746448513526499,0.4100848351503035,0.4253551486473501,0.5323874389608275,0.42535514864735,0.5079717195298957,0.0
204,2022,00-0037617,2,0.4642857142857143,26.0,35.8,3,11.92139407628833,15.254280787309291,4.946193377298961,23.70590074533584,0.459724884513044,0.5114622704893808,0.8647849795631737,0.9474068134738912,30.85380662270104,59.50590074533584,0.4211420970501953,0.3877452165328628,0.3629161335345721,0.4952524773746172,0.2594436581851093,0.1328803250392463,0.0
205,2022,00-0037746,2,0.7708333333333334,104.7,144.3,3,55.83440161640313,59.3285187892247,76.12567890384429,19.553602523407235,0.3624683623248961,0.5659796566399177,0.6763240479866852,1.0368288720598489,68.17432109615572,124.74639747659278,0.5084827191788683,0.3545773110357652,0.4915172808211316,0.5119103377917948,0.2392583978690409,0.0194085374166316,0.0
206,2022,00-0037827,2,0.2886904761904761,9.9,0.7,1,6.789569744578788,3.142437338006218,24.342123614102224,27.342719068594445,1.5001161839127377,1.1261978589460144,27.631021115928547,2.1004650492753,25.042123614102223,28.042719068594444,0.4923781920537987,0.3072456186769816,0.5076218079462013,0.6300213011657924,0.5076218079462012,0.3310725522172706,0.0
207,2022,00-0037840,2,0.4375,23.5,245.1,3,188.95895851665372,190.22521392073375,210.86685138209168,193.153443025016,0.4812378613890642,0.5955133507662249,0.8590207749875337,1.0524067341215864,34.23314861790833,51.946556974983984,0.4235766561604925,0.349096554661673,0.4287972403660919,0.5499739574331226,0.3471521266648215,0.1548720252810655,0.0
208,2022,00-0038040,2,0.2351190476190476,7.0,27.3,3,11.556607729711722,14.753931356332298,10.303550515180351,1.992210884851815,0.4600176140031751,0.5289095373793886,0.7658942231676983,0.9022555160991128,16.99644948481965,29.292210884851816,0.4649180045857422,0.4056536687322071,0.3911300370237677,0.5246038310288482,0.3911300370237676,0.4144353145517264,0.0
209,2022,00-0038045,2,0.1904761904761904,5.4,0.0,0,5.030581715397483,3.2934070978487178,16.657923968854128,23.582758819463734,0.6170595348064329,0.4760609315434021,0.8107030003678086,0.8107030003678087,16.657923968854128,23.582758819463734,0.5554545592604462,0.3907985745312525,0.4445454407395539,0.551891842635498,0.4445454407395538,0.4881036232835335,0.0
210,2022,00-0038098,2,0.4434523809523809,23.7,23.2,3,8.929977355170108,10.363307048796138,1.510933418794682,30.794107040048875,0.6202606199431403,0.5581348225849194,1.123498046214786,1.0065296194289473,21.68906658120532,53.99410704004888,0.3251404467300752,0.365485153824332,0.4681134597758581,0.5277871531575287,0.313164727324151,0.1497413700426151,0.0
211,2022,00-0038120,2,0.7589285714285714,99.1,190.9,3,60.92673641553632,88.03581525680384,101.09709123128236,64.47203791507788,0.2237420038015501,0.5313948869453262,0.4880807879455772,0.9801547568885997,89.80290876871764,126.42796208492211,0.6138032831334777,0.3752530213675456,0.3861967168665223,0.4838854053845295,0.1962722853250568,0.0209804859238202,0.0
212,2022,00-0038134,2,0.9077380952380952,176.5,144.2,3,27.88296624024258,43.69163063118751,8.654995136127866,89.67547833858225,0.2598411834962329,0.469716478036299,0.5541320098523005,0.8389719041388096,135.54500486387212,233.87547833858224,0.5745707665808051,0.4321545914645898,0.1771446682191998,0.4013840515972481,0.0610422706080995,0.0078722365763089,0.0
213,2021,00-0034109,3,0.54,41.4,0.0,0,2.3579893530076674,3.058944851740627,15.126132277893657,39.78279930252703,0.1581879109817484,0.1619972661919995,0.4184441333957007,0.4184441333957009,15.126132277893657,39.78279930252703,0.1202808247532109,0.1661654699815442,0.8023611865485096,0.777760234165361,0.658069892695551,0.1321580068979856,0.0
214,2021,00-0034115,3,0.5914285714285714,47.5,9.6,1,9.372622216278302,7.367979414893611,22.88666598651976,44.80927843314135,1.1599501955098792,1.0128255778379185,2.3057388944023507,1.7533501787764352,32.48666598651976,54.40927843314135,0.2407650529109705,0.2240428734891839,0.6217001242504988,0.6952077513687747,0.5220150075905706,0.0999327841628662,0.0
215,2021,00-0034164,3,0.2542857142857143,7.9,0.0,0,0.3059419106270598,0.8014847304944741,4.007797893850445,13.83666081496536,0.0504862706814265,0.0908590603317402,0.2006697793262932,0.2819578842930705,4.007797893850445,13.83666081496536,0.0696966597042336,0.1635905610339216,0.8181825677478635,0.8087895972175516,0.7543054519714807,0.4683730476296796,0.0
216,2021,00-0034171,3,0.3657142857142857,16.4,0.0,0,0.9985644161519563,1.7808069463504133,7.798551427446009,26.35106853610069,0.1364672206711363,0.1444824184183061,0.3816899969956694,0.3816899969956697,7.798551427446009,26.35106853610069,0.1433358432355733,0.1839768255644964,0.7620568773165636,0.7725299468138089,0.6827066615202363,0.3076226180523527,0.0
217,2021,00-0034208,3,0.2457142857142857,7.2,4.9,2,3.752344384399532,3.78902378269224,0.8387414128053798,5.48677776512667,1.6693839887365831,1.6200569441695332,27.631021115928547,3.824692507364981,5.73874141280538,10.38677776512667,0.154260574309687,0.1330163806959153,0.845739425690313,0.8451584737332174,0.8023101402291786,0.4815042177232038,0.0
218,2021,00-0034253,3,0.6371428571428571,60.2,0.0,0,3.1388559219077923,3.5232658412291045,18.192615297748446,41.84303801305728,0.1477085562684146,0.1498031348104522,0.4004325953104388,0.400432595310439,18.192615297748446,41.84303801305728,0.151006866223605,0.1506793237604048,0.7571147219637364,0.7924337029136624,0.6700301314395996,0.0773560110749075,0.0
219,2021,00-0034301,3,0.8771428571428571,152.0,0.0,0,32.887645513727016,36.83321580626426,70.32546604268761,149.40316962164636,0.7051270738924977,0.7203700910355529,1.2929309005034535,1.292930900503454,70.32546604268761,149.40316962164636,0.2430825691901832,0.308595929283369,0.4753362360994766,0.5598073608581372,0.2744651729712538,0.0188297830028278,0.0
220,2021,00-0034311,3,0.2457142857142857,7.2,0.0,0,0.1964262667357657,0.2819287245560238,3.837640460004571,7.886374216574596,0.0251724216191461,0.0340631409160488,0.1189955887117641,0.1626366820793636,3.837640460004571,7.886374216574596,0.1121882828533045,0.1009954173299427,0.8878117171466954,0.8824333929136954,0.8498999161983283,0.4815042177232038,0.0
221,2021,00-0034331,3,0.1285714285714285,2.3,0.0,0,0.3407010592864772,0.1559730096568117,4.631311269810917,3.5318134554794143,0.0518280887204878,0.041893567133698,0.1755188245567533,0.1755188245567536,4.631311269810917,3.5318134554794143,0.160978397184976,0.123345270619594,0.8390216028150239,0.8631926446759769,0.8390216028150237,0.6560340991880841,0.0
222,2021,00-0034367,3,0.6828571428571428,78.6,0.0,0,18.90289186680476,17.774860133356526,49.20538163159408,98.13666622262797,0.6660297193071636,0.607216632570708,1.0934905606712788,1.0934905606712793,49.20538163159408,98.13666622262797,0.3697729809334582,0.2973119686080433,0.6302270190665418,0.586232282393709,0.3350449554888822,0.0595423562913855,0.0
223,2021,00-0034378,3,0.2314285714285714,6.4,0.0,0,0.5042077244795324,0.4467848232444211,6.046543001913795,9.457130020214857,0.0633318937042781,0.0579140106854151,0.2168743192481838,0.216874319248184,6.046543001913795,9.457130020214857,0.1536654280620057,0.1334732415544131,0.8463345719379942,0.8456580305973126,0.8050311398661658,0.5034374014468667,1.1102230246251563e-16
224,2021,00-0034400,3,0.0371428571428571,1.0,0.0,0,0.1266069716026718,0.0716275562157666,2.618089776803007,1.6189521488983207,0.0230997917664401,0.0368169108985829,0.1136956475628294,0.159193768574918,2.618089776803007,1.6189521488983207,0.107470441904833,0.1217237884232702,0.8925295580951671,0.8685382286293827,0.8528310910926213,0.7698345600187045,0.0
225,2021,00-0034414,3,0.7342857142857143,89.1,0.0,0,9.573363696234203,10.759846271693547,34.40351440455982,74.2411638497962,0.3729951943630674,0.3374749164419507,0.6853493454997048,0.6853493454997053,34.40351440455982,74.2411638497962,0.291880412737943,0.2177157892821839,0.7081195872620571,0.6942296386517752,0.5039141586782565,0.044123386495785,0.0
226,2021,00-0034433,3,0.1057142857142857,2.0,0.0,0,0.2571793015856882,0.1172091000581012,4.2449865659121535,2.8774249163261527,0.0419276633541759,0.0343410755279747,0.1564069646230735,0.1564069646230738,4.2449865659121535,2.8774249163261527,0.144788921113074,0.1133385207949908,0.855211078886926,0.8752409111328194,0.8552110788869257,0.6869926672213819,0.0
227,2021,00-0034440,3,0.66,72.7,0.0,0,11.252485219353307,12.117287625314106,36.06211739360893,81.43958437495823,0.4381053304725848,0.4376788545895295,0.830809647113869,0.8308096471138692,36.06211739360893,81.43958437495823,0.2830415624079828,0.254835085564808,0.5765017796147358,0.6470609227167765,0.4356963831581527,0.0679096300277703,0.0
228,2021,00-0034449,3,0.1628571428571428,3.1,0.0,0,0.6689795577210029,0.3270093114723362,6.430520287544981,5.854103001306755,0.0898374685881589,0.0711717218109504,0.2381815608851143,0.2381815608851146,6.430520287544981,5.854103001306755,0.2119404026939636,0.1568423183505438,0.7880595973060364,0.8238419632944138,0.7880595973060361,0.6070741683763663,0.0
229,2021,00-0034578,3,0.0885714285714285,1.6,0.0,0,0.1580701784854414,0.0619787187084635,3.219244637542452,1.8812005302907435,0.0264618529085046,0.0218844820935596,0.1221967466085035,0.1221967466085037,3.219244637542452,1.8812005302907435,0.1150257643063168,0.0914058495241171,0.8849742356936833,0.8999127810188617,0.884974235693683,0.7091825196179271,0.0
230,2021,00-0034597,3,0.1971428571428571,4.8,0.0,0,1.2355645277349565,0.6726119387283447,9.163575088947724,10.266929888160137,0.1343595620465874,0.1043389993589356,0.300011942928471,0.3000119429284714,9.163575088947724,10.266929888160137,0.2591906268044694,0.1847080239494523,0.7408093731955308,0.7896337476242197,0.7408093731955305,0.5558632899288569,0.0
231,2021,00-0034614,3,0.4828571428571429,29.3,0.0,0,1.0391680143298867,2.0398966236642053,9.239670234429294,30.80109110543142,0.0886664919052036,0.1336462076201726,0.2777659693313982,0.3702440659580483,9.239670234429294,30.80109110543142,0.1360659017186469,0.1579383811623726,0.863934098281353,0.7934856805768346,0.6905657664724147,0.1778555311449467,0.0
232,2021,00-0034681,3,0.7971428571428572,105.8,0.0,0,16.798653720226806,16.48219116169318,46.20849502397528,91.2297457656488,0.5095757541722852,0.4504693173417226,0.8521038376273758,0.852103837627376,46.20849502397528,91.2297457656488,0.3768833664009632,0.2474783894987061,0.6231166335990368,0.649523375966477,0.4265166655670177,0.0304185318080551,0.0
233,2021,00-0034750,3,0.82,115.7,0.0,0,21.802619157310662,21.604838217980628,56.90821170316423,106.12042587016872,0.5309450664560157,0.5450468528346687,0.9967312693032092,0.9967312693032098,56.90821170316423,106.12042587016872,0.2084344333935665,0.2709532583478251,0.5703332044474367,0.6153580383258372,0.3690839074590447,0.0265390819677467,0.0
234,2021,00-0034791,3,0.9628571428571427,200.3,63.3,1,30.329586171162227,35.146406527772484,35.537207665838324,137.53176620670564,0.5902421785568579,0.6428137376374388,0.9554563686644654,1.151805300617344,98.83720766583832,200.83176620670565,0.4131187803362335,0.3360608617695958,0.5868812196637665,0.5183103117390395,0.2022446512484966,0.0112074425520895,0.0
235,2021,00-0034799,3,0.2142857142857142,5.4,0.0,0,0.8197129460363559,0.8408346725590903,7.401024130121746,12.052324902674894,0.1311349815816543,0.122245656752841,0.3311771091917505,0.3311771091917506,7.401024130121746,12.052324902674894,0.2181456692304415,0.1969661045570944,0.7818543307695585,0.7739952637964901,0.7180779795671153,0.5297323534657554,0.0
236,2021,00-0034808,3,0.0685714285714285,1.3,0.0,0,0.1794613871327972,0.0651812200284822,3.4710754511183985,1.7482987693209249,0.0325695115266749,0.0272326887648409,0.136520699977449,0.1365206999774491,3.4710754511183985,1.7482987693209249,0.1276117383446266,0.1030919924618611,0.8723882616553733,0.8877598160288208,0.8723882616553732,0.7338589642339327,0.0
237,2021,00-0034816,3,0.6714285714285714,73.2,0.0,0,21.70069018092637,18.189086959910654,53.51192190313277,97.9126487172091,0.6813574034485509,0.6600718051105892,1.1813972642997337,1.181397264299734,53.51192190313277,97.9126487172091,0.3957228303387557,0.3114223649552891,0.4495660169879174,0.5676151974620134,0.3068496888074009,0.0635978538528492,0.0
238,2021,00-0034838,3,0.4485714285714285,25.6,0.0,0,2.5934835027109564,2.642674011305971,15.69140529287229,35.021895720243634,0.196639756417389,0.1801106673388347,0.4433648471050347,0.4433648471050349,15.69140529287229,35.021895720243634,0.2252008680740962,0.1890972454954838,0.7747991319259038,0.7564910499885681,0.6418729788635102,0.2107676545513825,0.0
239,2021,00-0034844,3,0.8085714285714286,109.6,329.3,3,272.7646515061721,237.91275571686788,295.7436287584117,246.36392697088388,0.782991223123142,0.8941511022390155,1.222165152829773,1.5122509729842142,33.55637124158828,82.93607302911614,0.2945916399963016,0.220413274809462,0.7054083600036982,0.6874668750492292,0.4879628055650292,0.0284146058569917,0.0
240,2021,00-0034845,3,0.8371428571428572,128.3,0.0,0,33.65060227044825,30.915807086060767,72.45146520034181,131.03858552850775,0.6935117399427935,0.7077227218768813,1.2694038456757817,1.2694038456757817,72.45146520034181,131.03858552850775,0.2837903543646589,0.3077861650755278,0.4730274886268804,0.562366966745645,0.2809990906777746,0.0239496769538559,0.0
241,2021,00-0034959,3,0.0371428571428571,1.0,0.0,0,0.1851811843439215,0.0794884298459461,3.495514854590648,1.7054771482490936,0.0379503808165474,0.0408574380269099,0.1684593157578433,0.1684593157578436,3.495514854590648,1.7054771482490936,0.1083141071716925,0.1282293239460243,0.8449656395063408,0.8615122459959648,0.8449656395063406,0.7698345600187045,1.1102230246251563e-16
242,2021,00-0034972,3,0.7742857142857142,97.9,104.9,3,38.52061757766975,42.81640189037161,49.053560884236994,4.69619884076792,0.4795277863000015,0.6478154738782519,0.8333455199392922,1.1670467577110382,55.84643911576301,109.59619884076793,0.4345929122622324,0.3112848848292373,0.5654070877377675,0.560355344645653,0.2825939905802122,0.0348447758300282,0.0
243,2021,00-0035099,3,0.1457142857142857,3.0,1.0,1,1.2028939188023822,0.9516863826862076,5.23956921945999,5.167355784471817,1.6537302323060514,1.56290989840266,27.631021115928547,3.3382630176518573,6.23956921945999,6.167355784471817,0.2227544118420894,0.1678027138223198,0.7772455881579106,0.8127441527390675,0.7772455881579103,0.6318938727583948,0.0
244,2021,00-0035125,3,0.4085714285714286,19.6,19.8,3,11.512016135041227,12.435939684837392,7.779213230238334,11.653264192467,1.0663788032624724,1.0537751973242406,1.6397964867053725,1.5998061521592768,12.020786769761669,31.453264192467,0.1940195238257629,0.2019356589922946,0.708693699726413,0.7448847160325343,0.6337982574467593,0.254537327866324,0.0
245,2021,00-0035184,3,0.0028571428571428,0.4,0.0,0,0.0968450242053391,0.0170523075608857,2.3258409348705205,0.5027719066877117,0.0240901532257047,0.0208138343424472,0.1162530290460284,0.1162530290460288,2.3258409348705205,0.5027719066877117,0.1097500642954361,0.0928408518922751,0.890249935704564,0.9004896493908378,0.8902499357045637,0.8050274221897873,0.0
246,2021,00-0035187,3,0.3742857142857143,17.0,0.0,0,0.8141386667105239,0.8636040206696798,8.259174509578768,18.457008968948028,0.0710934852253096,0.069652419943159,0.2492419204179003,0.2492419204179007,8.259174509578768,18.457008968948028,0.1377434628820746,0.1266057774600309,0.8177618019248558,0.8427784341372423,0.779391399882562,0.2965215334403852,0.0
247,2021,00-0035217,3,0.3457142857142857,16.1,0.0,0,4.953719097944534,5.841585639069876,18.308580179761464,48.56741176083081,0.5183281732525429,0.4496848116738239,0.8160437598333564,0.8160437598333569,18.308580179761464,48.56741176083081,0.4395028766540299,0.331431997763648,0.56049712334597,0.5943948948341897,0.442177559240218,0.3343926621568068,0.0
248,2021,00-0035218,3,0.0371428571428571,1.0,0.0,0,0.1669561721496624,0.0747261789008939,3.341750921347896,1.653599503192266,0.0356767261820346,0.0384096179701557,0.162893688196827,0.1628936881968272,3.341750921347896,1.653599503192266,0.1050193806417775,0.1243288112007329,0.8949806193582225,0.8657248023203427,0.849681514787085,0.7698345600187045,0.0
249,2021,00-0035243,3,0.7457142857142857,93.2,54.3,2,20.517611683090564,21.958784783517345,0.2763618060158705,45.21696259219733,1.3513573769376048,1.0479100239742605,27.631021115928547,2.1571231300314366,54.57636180601587,99.51696259219732,0.4188180983870858,0.2842594191613464,0.5811819016129142,0.6000832067279669,0.3500155922434428,0.0412550217025603,0.0
250,2021,00-0035250,3,0.8942857142857142,162.8,80.6,2,21.34169485967181,30.25290845921117,17.54962641993457,104.88748188797828,0.6647892312180244,0.9795954113291564,1.1800637681841937,1.86105432310534,98.14962641993456,185.48748188797828,0.3568395000457888,0.3632524063474373,0.3359013553355389,0.4812390060434002,0.1439710044786248,0.0169794504429336,0.0
251,2021,00-0035261,3,0.8485714285714285,130.1,166.7,3,48.23157439252039,64.25330566135312,78.47809193296536,14.845102907108869,0.5888995954822052,0.571687510059237,1.0806827307036009,1.0323757075581466,88.22190806703463,151.85489709289112,0.3393637524811064,0.3561598231084824,0.3772516825954833,0.493083995964793,0.1663422565438453,0.0223620804216445,0.0
252,2021,00-0035268,3,0.2771428571428571,9.6,0.0,0,0.7465011558620462,0.4725227590019774,8.555279298460151,11.4878577464221,0.0554138362813211,0.0477191072621332,0.1973275385585173,0.1973275385585176,8.555279298460151,11.4878577464221,0.1499969137005013,0.1159059506934406,0.8500030862994986,0.8630081130987286,0.8209217057608301,0.4336182708904404,0.0
253,2021,00-0035273,3,0.4314285714285714,22.2,0.0,0,0.8393156851952659,1.114580609384081,7.372375668037131,21.850914179692133,0.0808771496080596,0.0831692242425827,0.2782854517640189,0.2782854517640192,7.372375668037131,21.850914179692133,0.1187563765636443,0.1306116279174033,0.8138678749419823,0.8331533918602267,0.7570806806511111,0.2288203204427399,1.1102230246251563e-16
254,2021,00-0035291,3,0.2371428571428571,7.0,1.5,1,1.932358198632242,1.7162210737434656,7.72515520047371,13.497799026099104,1.562371884000337,1.429634330277504,27.631021115928547,2.800874894752246,9.22515520047371,14.997799026099104,0.2233999470404916,0.1951027312628618,0.7130387880514883,0.7737956715384983,0.7130387880514882,0.494660986052273,0.0
255,2021,00-0035304,3,0.1457142857142857,3.0,0.0,0,0.2452984463047913,0.2362589443842147,3.879900977616448,4.931431435210985,0.051191284291578,0.0507756145086181,0.1961547043252751,0.1961547043252754,3.879900977616448,4.931431435210985,0.1315068136695079,0.1341754240837866,0.8684931863304921,0.8502698070484814,0.8218850756663307,0.6318938727583948,0.0
256,2021,00-0035311,3,0.8428571428571429,128.6,1.0,1,52.48563104524349,40.9903774748326,92.41589205460232,150.3288736679062,0.8720555850143255,0.6306625405481445,1.6041602663607455,1.11835329736474,93.41589205460232,151.3288736679062,0.3702756624876671,0.3568617684888959,0.3665731331386015,0.4923323367011787,0.165514813662612,0.0231425911667997,0.0
257,2021,00-0035342,3,0.1171428571428571,2.1,0.0,0,0.3327985621698071,0.1544449925350939,4.5864818155354525,3.371837397770049,0.0543486681914022,0.044223332936478,0.1801396135148121,0.1801396135148125,4.5864818155354525,3.371837397770049,0.1648463954586242,0.1276905594945002,0.8351536045413759,0.8589200571750454,0.8351536045413755,0.6716999191233266,0.0
258,2021,00-0035448,3,0.02,0.7,0.0,0,0.2320619966411468,0.0510835325650871,3.802781388310065,1.1477203466230494,0.0426065327979351,0.0365184189557751,0.1577730153767479,0.1577730153767481,3.802781388310065,1.1477203466230494,0.1459563852627475,0.1221365146908735,0.8540436147372524,0.8686116714409489,0.8540436147372523,0.7879641700608618,0.0
259,2021,00-0035537,3,0.7114285714285714,87.5,81.7,3,26.98979172806588,34.054591217111806,33.40482298485557,21.141050291236283,0.6117438442236428,0.6859223027183805,1.0173030823538654,1.22008129413138,48.29517701514443,102.84105029123629,0.3615687475792888,0.2952061674195596,0.6384312524207112,0.5869576447886727,0.3324849163651839,0.0504400994605238,0.0
260,2021,00-0035567,3,0.4771428571428571,29.2,22.9,3,16.67089048075504,17.124815828734526,13.80892099495963,1.8699743683723824,1.3863897293304412,1.4311653667427633,2.0241653118096785,2.237741315287986,9.091079005040369,21.030025631627616,0.132104062883074,0.106699232337495,0.867895937116926,0.8608272674462971,0.792085297549969,0.1830471152386478,0.0
261,2021,00-0035594,3,0.6314285714285715,57.3,8.9,1,9.250377970644536,12.300094984380324,24.155216112432228,76.7977119710488,0.7465788011223865,0.7570635036257187,1.3711834902170998,1.352166033111525,33.05521611243223,85.6977119710488,0.2297513929292725,0.3202217615186746,0.5546417168511351,0.5595146578692438,0.300835312511904,0.0798991203359002,0.0
262,2021,00-0035628,3,0.7171428571428572,87.6,26.4,1,13.101944046248615,14.481881233831714,7.241976684636796,52.327510098895125,0.8802192510358048,0.9383103629875827,1.4120220575148317,1.6230931392528003,33.641976684636795,78.72751009889512,0.2730048035372803,0.228031311257801,0.7269951964627195,0.6806326028625753,0.483345086289576,0.0487849259656711,1.1102230246251563e-16
263,2021,00-0035657,3,0.9571428571428572,200.1,0.0,0,56.6164061230651,62.73808498707541,96.65283033216475,210.1898000964261,0.9458450792271436,0.947716355967896,1.7861485021329904,1.7861485021329904,96.65283033216475,210.1898000964261,0.3527060425537525,0.3508295748537136,0.3252598616682126,0.4972686342546317,0.1676044563423192,0.0116032403202442,0.0
264,2021,00-0035664,3,0.8542857142857143,134.4,0.0,0,54.03930123497637,42.8543390787585,94.22676833898988,155.00341312114634,0.9302862691489112,0.941714531529218,1.7687887105780282,1.7687887105780289,94.22676833898988,155.00341312114634,0.3538282410754553,0.3540317607434404,0.3637800144014791,0.4958750225133061,0.1705394363816149,0.0216073110493574,0.0
265,2021,00-0035685,3,0.8885714285714286,157.5,191.72,3,45.73333494278023,71.4142340459156,86.50574745111254,14.201553204408782,0.4275808524261623,0.5709935930560307,0.8261999549429873,1.028457201426532,105.21425254888746,177.51844679559122,0.4377094455988917,0.3575581754960983,0.3115625749552552,0.489562856600799,0.1580225063515773,0.0175754670151205,0.0
266,2021,00-0035700,3,0.9171428571428571,177.0,264.1,3,114.5177796605984,106.2412093713248,154.3784294323519,62.46860418714357,0.420288054167975,0.5571731101253891,0.8055891997328745,0.9942214855694482,109.72157056764812,201.63139581285645,0.4468245800619178,0.3700113916518958,0.2798023554357993,0.4708536442122272,0.125627119163633,0.0147878227824144,0.0
267,2021,00-0035715,3,0.5971428571428572,48.6,0.0,0,2.744385766865154,3.199199001624073,17.849265739987977,38.96605777130116,0.1210490556853631,0.1596433351884425,0.3519098394956572,0.4158891561823985,17.849265739987977,38.96605777130116,0.146409477133686,0.1589148755828643,0.7657945727184393,0.7834423439793667,0.6597533960166476,0.0968191213015364,0.0
268,2021,00-0035726,3,0.22,5.8,0.5,1,0.6748708287590715,0.770766138848133,3.9671171338753135,8.856989645041347,1.7405035815691936,1.5687015467590448,27.631021115928547,3.177470647965633,4.467117133875314,9.356989645041349,0.1532266002349707,0.1434543784506443,0.8467733997650293,0.8349758796606553,0.7932849066412295,0.5209784774754574,0.0
269,2021,00-0035760,3,0.06,1.2,0.0,0,0.341814409116389,0.1097948610083281,4.957356362535539,2.184617417289103,0.0582328588628895,0.0489141674653105,0.1870953771402638,0.1870953771402639,4.957356362535539,2.184617417289103,0.1706353698136607,0.1387761575650017,0.8293646301863392,0.8492572795104691,0.8293646301863391,0.7440165566759649,0.0
270,2021,00-0035806,3,0.5114285714285715,33.5,18.8,2,9.293829053257834,10.103074715656229,1.9330605106255163,31.53657591930561,1.3895315666289838,1.199269555128401,27.631021115928547,2.547901254015316,20.73306051062552,50.33657591930561,0.3056035011669579,0.2422076474740684,0.6943964988330422,0.6795466408569024,0.5130970407136359,0.1536210956376589,0.0
271,2021,00-0035831,3,0.8714285714285714,149.4,0.0,0,77.92159269173075,56.910560218907406,116.21339895009382,185.119348293125,1.1547012914867352,1.1306574763593706,2.396243881354228,2.396243881354228,116.21339895009382,185.119348293125,0.4804617912202498,0.3869257682558333,0.251042125825055,0.4483035585747683,0.0910593414310806,0.0194894626528703,0.0
272,2021,00-0035835,3,0.1342857142857142,2.8,0.0,0,0.8252828299717194,0.4549098810541112,7.27945703421404,6.640818347513837,0.1263332959034045,0.1017773795250371,0.2894566586099612,0.2894566586099615,7.27945703421404,6.640818347513837,0.2513297593833693,0.1915036207346532,0.7486702406166308,0.7871714234138416,0.7486702406166306,0.6480693450121761,0.0
273,2021,00-0035860,3,0.38,17.1,11.5,2,6.830167493967123,7.275964855698202,3.132000623595804,20.2075859026817,1.3157114814694597,1.3351533687936088,2.716106783648244,2.923831199351323,14.632000623595804,31.7075859026817,0.2416626396286497,0.2189144917420825,0.6922056413891118,0.727358056348651,0.6159419939076463,0.289251083161041,0.0
274,2021,00-0035908,3,0.18,4.0,0.0,0,3.5369890705626617,1.621374790302033,15.895854550454777,14.68554107669805,0.3658478416862158,0.2869398051395767,0.5580850673439521,0.5580850673439526,15.895854550454777,14.68554107669805,0.4276960612901502,0.3106997325503361,0.5723039387098499,0.6486555344071088,0.5723039387098496,0.5816888214347646,0.0
275,2021,00-0035924,3,0.3228571428571428,13.7,3.7,1,4.834720788229236,4.491717814486407,15.133985456642115,34.75710274041562,1.4242383042261004,1.1228939816663874,27.631021115928547,2.073263046824745,18.833985456642115,38.45710274041562,0.3826803726033857,0.2949074807098099,0.5175285230179262,0.6433032256585083,0.517528523017926,0.3663384801166968,0.0
276,2021,00-0035957,3,0.2085714285714285,5.3,0.0,0,0.520187740805941,0.3837426303667222,6.1650425863193625,8.094701457829654,0.0430507291844309,0.0558348941862137,0.1586619654297206,0.2109974872051571,6.1650425863193625,8.094701457829654,0.146715250032897,0.1337897701060418,0.8532847499671029,0.8468716424429961,0.809776101679932,0.5384679757135865,0.0
277,2021,00-0035973,3,0.3542857142857142,16.2,31.8,3,18.274038323264808,20.254171611934872,17.446495472707518,2.820497297378981,0.849575931170216,0.947290310045183,1.1954811903070697,1.4315677791017796,14.353504527292484,34.62049729737898,0.3025583310125175,0.2389340326654023,0.6974416689874825,0.706304069323698,0.5936071435334141,0.3227758894806389,0.0
278,2021,00-0036020,3,0.4657142857142857,27.6,0.0,0,16.65569578559674,8.225550007387262,45.201656560337,62.0977106440252,0.6474331592454297,0.5462008893238608,0.9799253743201746,0.9799253743201748,45.201656560337,62.0977106440252,0.4988741465016905,0.32415530974428,0.4233099778541489,0.5793096410007222,0.3753391077423755,0.1937813589544256,0.0
279,2021,00-0036069,3,0.1228571428571428,2.2,0.0,0,0.5200788970974752,0.1996999645442692,5.788935122218385,3.916569106144829,0.0682066250263873,0.0553161711206422,0.2041633479501095,0.2041633479501098,5.788935122218385,3.916569106144829,0.1846708220407156,0.1422772351414873,0.8153291779592843,0.8425025449611578,0.8153291779592841,0.6639120783063323,0.0
280,2021,00-0036096,3,0.3857142857142857,17.5,4.4,1,3.9445691277947983,4.052656111619168,10.37993845366441,29.811122305064885,1.2388690207855522,1.175694224686042,2.388537300170111,2.1129918651754163,14.77993845366441,34.21112230506488,0.2543693239915058,0.233702495939533,0.6789868391836227,0.7080988113738986,0.5872230305148558,0.2820874155773791,0.0
281,2021,00-0036187,3,0.1857142857142857,4.6,3.2,2,3.7315837114591375,2.647889493700593,11.630337396581847,12.792525058053076,1.5161039340972893,1.3635641939562295,27.631021115928547,3.230756721397197,14.830337396581848,15.992525058053076,0.4102672465114071,0.2961584734994127,0.5897327534885929,0.6643139503949462,0.5897327534885928,0.573122731862977,0.0
282,2021,00-0036223,3,0.9971428571428572,343.1,231.7,2,49.1904389389607,70.1447978311015,80.670290878288,160.38057017209536,0.1701521177177297,0.9825289653954988,0.3864600884343508,1.7723378123844626,151.029709121712,392.08057017209535,0.0,0.3904091603312519,0.3205421569402126,0.4396555923104832,0.0707411780068982,0.0090981298388293,0.0
283,2021,00-0036251,3,0.6942857142857143,85.2,63.4,3,19.449660366362277,23.90875107932351,5.86838873139591,50.342828467268326,0.4621421489798791,0.6217048680685258,0.8096690926007805,1.124172220518511,57.53161126860409,113.74282846726832,0.4450052974072574,0.3249213192691396,0.5549947025927424,0.5467983376892485,0.2699651165393726,0.0557300778151867,0.0
284,2021,00-0036265,3,0.8828571428571429,156.6,0.0,0,56.58280826260396,55.77100625171829,94.24852149001975,185.6170536586104,1.0445526742344218,1.0602865832870525,2.1222821492168613,2.1222821492168613,94.24852149001975,185.6170536586104,0.322165716360919,0.3740980955708223,0.3273419568298157,0.466158458092718,0.1197580107614724,0.018192017919442,0.0
285,2021,00-0036269,3,0.1628571428571428,3.1,0.0,0,2.131759543888931,0.6735168059800287,13.111182979437308,8.401455247072061,0.1850315657019235,0.1465871125638287,0.3626413824368911,0.3626413824368912,13.111182979437308,8.401455247072061,0.3041640722553566,0.2250906275777834,0.6958359277446434,0.7471886194240693,0.6958359277446433,0.6070741683763663,0.0
286,2021,00-0036275,3,0.8657142857142858,148.9,172.5,3,25.47275950961022,58.4002161562197,48.01625347915714,12.365988515928764,0.3005085981437314,0.5398009997234097,0.6232200883981119,0.95309060642118,124.48374652084286,184.8659885159288,0.5362149949258614,0.3855476043084633,0.2146257991097623,0.4505039927463834,0.0950727918437089,0.0201717782767939,0.0
287,2021,00-0036278,3,0.2028571428571428,5.1,0.0,0,0.6422541745660197,0.3245742186915166,7.145169403290506,7.327527969747708,0.052208164236157,0.0482191926582999,0.1941778401638835,0.1941778401638838,7.145169403290506,7.327527969747708,0.1406172004875551,0.1249518877722562,0.8235114378360909,0.8573417667861208,0.8235114378360907,0.547180037575239,0.0
288,2021,00-0036297,3,0.0942857142857142,1.8,0.3,1,1.228090753535625,0.4511059111225659,8.344745606533643,4.009878294588195,1.6389564622265258,1.5566027503576474,27.631021115928547,3.4621858049372127,8.644745606533643,4.309878294588195,0.2364127637512339,0.1869442730830812,0.7635872362487662,0.79494837396513,0.7635872362487659,0.7018892111733964,0.0
289,2021,00-0036328,3,0.9514285714285714,196.1,85.4,2,26.222934573409542,36.392036872305056,33.17736847540799,139.76645420591953,0.7385601772528639,0.9802209684318236,1.2005352122115291,1.8000042983665203,118.577368475408,225.16645420591956,0.4730237036738968,0.3820996801656302,0.2259432441029944,0.4526021421264632,0.0938825655916139,0.0120128461145841,0.0
290,2021,00-0036336,3,0.0771428571428571,1.4,0.0,0,2.312720009289864,0.4291107135498881,13.342314634965105,4.644825618943098,0.2033484377479768,0.1692385340115131,0.3839932136589078,0.383993213658908,13.342314634965105,4.644825618943098,0.3188639504145748,0.2558204497011547,0.6811360495854252,0.7208116689968274,0.6811360495854251,0.7234481296962394,0.0
291,2021,00-0036360,3,0.7914285714285715,104.6,7.0,1,41.94644878342888,26.841327446146835,76.48415103487321,117.75247477743936,1.1291737042513328,0.6635142658869685,1.8026380995872189,1.186181118692958,83.48415103487321,124.75247477743936,0.6212763853439547,0.3396898898841323,0.3787236146560453,0.5192454968153319,0.2138602266641812,0.031471187395455,0.0
292,2021,00-0036370,3,0.3285714285714285,14.0,0.2,1,6.293271453240404,4.22134153025889,23.2689984005526,39.10093010431255,1.4321245217231326,1.1093329169853006,27.631021115928547,2.043351417752866,23.4689984005526,39.30093010431256,0.4079019912351763,0.298165308065919,0.5087112498303008,0.6383049096049106,0.5087112498303008,0.3582278939771929,0.0
293,2021,00-0036383,3,0.4371428571428571,24.5,0.0,0,7.879689413208027,5.82379900022196,27.79892875340261,51.937738002076856,0.4242767489826691,0.4007556554252439,0.7626508679459,0.7626508679459002,27.79892875340261,51.937738002076856,0.3493001465953719,0.2851366219423774,0.541396494205046,0.634771086274129,0.4664283467877721,0.2226843840783723,0.0
294,2021,00-0036414,3,0.0685714285714285,1.3,81.7,3,55.04369628960775,74.91415757458847,61.69728279316446,77.51928537197664,0.965609370632947,1.0523599746161212,1.1869239067323396,1.4002945463849386,20.002717206835538,4.180714628023362,0.3051585178499533,0.2465243403933675,0.6948414821500466,0.731599548535628,0.6948414821500465,0.7338589642339327,0.0
295,2021,00-0036425,3,0.6085714285714285,51.1,23.5,2,12.03107045273309,11.698217286092117,23.098025432982297,65.88642460678709,0.7801967561211123,1.0153085245984586,1.4145320609200656,2.034911157654586,46.5980254329823,89.38642460678709,0.3505376974382115,0.3559171933344422,0.4064229881245029,0.5133907136852238,0.2327138386320432,0.0908507094426644,0.0
296,2021,00-0036450,3,0.4942857142857143,32.6,0.4,1,6.275690521897346,4.585426165865286,25.361600256220896,46.963186388002015,1.309476502703077,1.0871844118113634,2.858857061570887,1.900106404768397,25.76160025622089,47.36318638800201,0.3302381520863316,0.2245012405164414,0.6128137456447003,0.705032198547779,0.5554794932927558,0.1678198425739979,0.0
297,2021,00-0036457,3,0.5,32.9,0.0,0,4.101101901427118,3.3595427876685164,21.41046899209219,40.4468756659895,0.2304379706482882,0.2047080318306338,0.4836143329598501,0.4836143329598505,21.41046899209219,40.4468756659895,0.2620388161089738,0.1926635799406155,0.7379611838910264,0.746266011726861,0.6165509394414941,0.162973979557801,0.0
298,2021,00-0036493,3,0.2657142857142857,9.1,0.0,0,4.209720967095123,2.2975713480006164,19.76665366452176,24.90984499056504,0.3143391365760854,0.2351900358972045,0.5049200514597421,0.5049200514597423,19.76665366452176,24.90984499056504,0.396446173254381,0.2602671458792677,0.603553826745619,0.6941057160489222,0.6035538267456189,0.4509358194001206,0.0
299,2021,00-0036523,3,0.0828571428571428,1.5,0.0,0,0.3444684440579255,0.1239355377787414,5.111085691224534,2.579842617956625,0.0556141229496293,0.0461401314329399,0.1824269558880812,0.1824269558880815,5.111085691224534,2.579842617956625,0.166754494616531,0.1331535102411877,0.833245505383469,0.8544448379341822,0.8332455053834688,0.716369500000986,0.0
300,2021,00-0036555,3,0.8257142857142857,117.6,204.6,3,54.87013906942726,88.88696474979774,94.61278325989872,55.80391061174117,0.378374891041133,0.5465235045903292,0.7499724089096113,0.9772943883094204,109.98721674010127,148.79608938825882,0.4723795860290685,0.3763279198892106,0.2866918556186655,0.4654737353422293,0.1227436277734411,0.0256470281118051,0.0
301,2021,00-0036567,3,0.86,146.0,0.0,0,48.34550570216207,45.25398787852281,87.65975715687716,165.04295679496013,0.9020588044392086,0.9170136492322464,1.7066769573419571,1.7066769573419571,87.65975715687716,165.04295679496013,0.3201738065763871,0.3490477003843176,0.3788200435535134,0.5027449586794561,0.1814678170838681,0.0208774727808811,2.220446049250313e-16
302,2021,00-0036569,3,0.2257142857142857,6.0,0.0,0,2.6307918141704025,2.4622279343013034,13.276713928185492,21.57985889078901,0.3467832417990067,0.3341636041467325,0.630357138161527,0.6303571381615273,13.276713928185492,21.57985889078901,0.3307808421796506,0.3223069046532849,0.5324016261116188,0.6282725472757364,0.5324016261116187,0.5122116991128537,0.0
303,2021,00-0036650,3,0.34,15.6,0.0,0,8.509046921755608,5.060989280794466,29.12963443596758,44.81996656570579,0.4833205170287931,0.3939324725010503,0.7371947259464473,0.7371947259464475,29.12963443596758,44.81996656570579,0.4548160910251341,0.3120707808317654,0.4784542299044423,0.6192085566013683,0.4784542299044422,0.3422513888458423,0.0
304,2021,00-0036654,3,0.5857142857142857,46.5,0.0,0,10.387754650518524,14.25916777551872,31.058555698153302,82.46772695910295,0.7099257207366939,0.7305635918031268,1.300376262083556,1.3003762620835562,31.058555698153302,82.46772695910295,0.2038574502308419,0.3422760699460739,0.5648709692236942,0.5351677084713486,0.272429268942904,0.1031351467167592,0.0
305,2021,00-0036669,3,0.1742857142857143,3.9,0.0,0,3.522723843224737,1.6825362299654216,16.13346173582128,14.813886042636806,0.3818125716862939,0.300462365236145,0.5743481967620768,0.574348196762077,16.13346173582128,14.813886042636806,0.4369282387797188,0.3193972726985173,0.5630717612202812,0.6396515305468483,0.5630717612202811,0.5902059244458749,0.0
306,2021,00-0036670,3,0.4257142857142857,21.7,3.2,1,8.789860907025076,5.484601832656239,27.106922033655916,45.89538416887349,1.281681249815252,0.987709941831414,2.58096976171209,1.7710426897502562,30.306922033655912,49.09538416887349,0.4718207887316973,0.296220316859325,0.5281792112683026,0.6226341312793099,0.452478654354477,0.2350741984641438,0.0
307,2021,00-0036691,3,0.0371428571428571,1.0,0.0,0,2.5286620805956126,0.4964364020205956,13.662133490562884,4.262120805204072,0.3002241479856896,0.2551707156521618,0.4901132707019821,0.4901132707019822,13.662133490562884,4.262120805204072,0.3874429945073788,0.3204551113386009,0.6125570054926212,0.6539082694760489,0.612557005492621,0.7698345600187045,0.0
308,2021,00-0036698,3,0.0542857142857142,1.1,0.0,0,0.7843835224670022,0.2593574499715112,7.173025470418998,3.2189914976519667,0.1480915104683082,0.1247675879973932,0.3176101453731191,0.3176101453731192,7.173025470418998,3.2189914976519667,0.2721134969716756,0.2222723506495402,0.7278865030283244,0.7589211978194628,0.7278865030283242,0.7506453663473098,0.0
309,2021,00-0036727,3,0.1628571428571428,3.1,5.5,3,3.702701221993326,3.731370062446368,4.619784949417202,2.970564960130691,0.9614237879578148,1.081792044607254,1.1819957385911135,1.483059895430637,10.119784949417202,8.470564960130691,0.3066661020987741,0.2269422054564502,0.6933338979012258,0.7451090128016753,0.6933338979012257,0.6070741683763663,0.0
310,2021,00-0036755,3,0.58,45.9,0.0,0,17.01259225755756,15.134445637573222,43.25332376900782,85.45818361698592,0.7534134643981187,0.7782523971828961,1.3894314486158106,1.3894314486158108,43.25332376900782,85.45818361698592,0.2849300851446417,0.354518563107789,0.4774720249782754,0.5193944568090492,0.2492169570053947,0.1064279952287407,0.0
311,2021,00-0036768,3,0.26,8.9,0.0,0,2.1313182877848256,1.7431344834248603,13.03970588264227,21.559383508852832,0.1941955226492832,0.1788757416517863,0.4234897823431801,0.4234897823431804,13.03970588264227,21.559383508852832,0.2603915796396917,0.2282596674165065,0.6547578657234274,0.7324673954686367,0.6547578657234272,0.4596420819640118,0.0
312,2021,00-0036774,3,0.0114285714285714,0.5,0.0,0,0.3055452398283167,0.069575603783115,4.559708216445523,1.133781126412276,0.0360807519555882,0.0687625726823176,0.1442335619407927,0.2229898300145529,4.559708216445523,1.133781126412276,0.1343144667479796,0.1681838969832708,0.8656855332520204,0.8194120824498403,0.800122986492305,0.7966290335614014,1.1102230246251563e-16
313,2021,00-0036799,3,0.0371428571428571,1.0,0.0,0,0.8245745035241603,0.237783425083041,7.428019295397951,2.949746773078825,0.1438015542576971,0.1222218324475978,0.3121704161984808,0.312170416198481,7.428019295397951,2.949746773078825,0.268143202652703,0.2217819423216452,0.7318567973472969,0.7604753567623452,0.7318567973472968,0.7698345600187045,0.0
314,2021,00-0036842,3,0.3914285714285714,19.0,10.5,2,5.596123287521811,6.756774289492803,7.03067072131606,34.89520045498177,1.1151895637689664,1.201850793782379,2.1884046343752743,2.6163099710996494,17.53067072131606,45.39520045498177,0.271952740732265,0.2892513621309216,0.6159518200162836,0.637676634110266,0.4856813394249392,0.2750325115906077,0.0
315,2021,00-0036857,3,0.5228571428571429,38.8,0.0,0,6.005336165333322,6.868353236057963,23.5594571084244,59.86471722144113,0.4079333019643244,0.3742448753280081,0.7323472958280902,0.7323472958280903,23.5594571084244,59.86471722144113,0.3017283626055385,0.2558094190143301,0.6982716373944615,0.6600417348187941,0.4807791337006126,0.1447121646026682,1.1102230246251563e-16
316,2021,00-0036860,3,0.1057142857142857,2.0,0.0,0,1.7650874441788351,0.7443445711176002,10.89893548842985,7.251207730325349,0.266264552682759,0.2180853971484273,0.4539302358174859,0.4539302358174862,10.89893548842985,7.251207730325349,0.3648729591808353,0.2856168908072119,0.6351270408191647,0.6856028928890023,0.6351270408191645,0.6869926672213819,0.0
317,2021,00-0036875,3,0.78,102.9,156.9,3,82.08137625852581,79.36588335665911,106.65535226225062,52.27647451442338,0.5279332482205528,0.70712759677556,0.8935489548010332,1.2551183879093226,50.24464773774939,104.62352548557662,0.4092009371114794,0.2850421006884734,0.5907990628885206,0.5971336621074457,0.3421325452333451,0.0336832040083411,0.0
318,2021,00-0036893,3,0.98,231.7,168.6,3,37.98311409038384,53.3351331853645,63.10858918541297,75.39128203455192,0.5589058119201391,0.5743197848794789,0.887053006632908,1.031436585345073,105.49141081458704,243.99128203455192,0.4118677375102355,0.3564944578166173,0.5881322624897645,0.4886599479731962,0.1525449762041159,0.0100984198965944,0.0
319,2021,00-0036906,3,0.6657142857142857,72.9,29.0,1,13.321552991350783,14.391896742729983,17.35773551055614,70.00217996955877,0.9232555219140826,0.7528383195192647,1.7253541686391944,1.3451478816682283,46.35773551055614,99.00217996955875,0.3604816573334745,0.3125661838374152,0.4841680171163608,0.5665592391395298,0.3060580574774628,0.0657208764249129,2.220446049250313e-16
320,2021,00-0036919,3,0.74,92.4,51.1,2,19.75695690951379,19.5842852037469,15.447595060520037,64.52057776792051,1.377439515460442,1.0036680028234062,27.631021115928547,2.0107065736474943,66.54759506052004,115.62057776792052,0.5048058494539027,0.3300505780578902,0.4951941505460971,0.5360553867010882,0.2466105535981022,0.042666179981925,1.1102230246251563e-16
321,2021,00-0036924,3,0.8314285714285714,120.9,24.8,1,52.23188995534497,27.98977387295291,83.87803562316795,125.32229194567422,1.000858205015789,0.6168750792684281,1.842871797324776,1.081057642563255,108.67803562316794,150.12229194567422,0.4629436896719763,0.3717777826905143,0.2907788897228122,0.4716534456335436,0.1324169008006612,0.0247841953166738,1.1102230246251563e-16
322,2021,00-0036950,3,0.42,21.5,4.0,1,5.387441464185837,7.432524046263175,18.299730465793004,56.41020514420163,0.9262802672603574,0.8835362962123637,1.752953583158457,1.5818538707046266,22.299730465793004,60.41020514420163,0.3173436676945596,0.3630083913038592,0.5064924790299167,0.5388246348832767,0.3332310341460862,0.2414454869083149,0.0
323,2021,00-0036984,3,0.4542857142857143,25.8,38.8,3,17.98335717837078,21.979831665488437,3.880571355892215,9.778535142655898,0.6362721734602445,0.8213684642423055,0.9613132014954562,1.3323143413835834,34.91942864410778,48.578535142655895,0.3823904004692201,0.2638658783762711,0.5460001496299687,0.6593150968902941,0.4973263561716314,0.2049871335300561,0.0
324,2021,00-0036997,3,0.9,166.9,110.9,2,26.586011097128832,34.754464463098174,4.133475624421294,89.1998653971304,0.7130455299853243,0.9817495305722764,1.1829022998779837,1.8040358211298395,115.0334756244213,200.0998653971304,0.4470582996527506,0.3841001820904571,0.246553483885421,0.451266702061008,0.0941838714596104,0.0164033084190159,0.0
325,2022,00-0034959,3,0.2648809523809524,7.9,23.0,3,18.74052125265825,18.34766484850148,18.60686604771912,11.926005706967784,1.43665312865564,1.3901246855120375,1.8808627354394436,2.0166217469080343,4.393133952280883,11.073994293032216,0.1524585176359685,0.1331043666398082,0.8475414823640315,0.8436247380507511,0.7974609830777685,0.4522037418464355,0.0
326,2022,00-0034972,3,0.6994047619047619,73.4,0.0,0,18.956062003357264,17.8129461198681,48.11200520831187,92.0802188927414,0.6740074405547167,0.6610002199078461,1.1840505618403996,1.1840505618403998,48.11200520831187,92.0802188927414,0.3771356830186013,0.3082608383099746,0.46516567034014,0.5696234814402228,0.3060366044371228,0.0540979973405341,0.0
327,2022,00-0034975,3,0.5446428571428571,38.0,46.2,3,29.059470613237085,27.890971128779995,29.912062537305584,1.9960421833823856,1.019691251502456,0.9972961975347926,1.5972095693509667,1.5923609703954509,16.28793746269442,44.20395781661762,0.2024606829919779,0.203444717314162,0.797539317008022,0.7274465102677985,0.5798605310542618,0.1289206900555903,0.0
328,2022,00-0035099,3,0.1339285714285714,4.0,0.0,0,0.5256217623697399,0.4163709714594379,5.459454611792266,7.59467472031586,0.0808533156530773,0.0651511298146925,0.2244742053777969,0.2244742053777972,5.459454611792266,7.59467472031586,0.2010638153088184,0.1532567137124071,0.7989361846911816,0.8296987517709783,0.7989361846911813,0.6485696182015184,0.0
329,2022,00-0035125,3,0.4732142857142857,27.3,8.1,1,4.928483413178689,5.589475637991157,3.4003872584882213,27.00000053071064,1.1078270671257682,1.2138877405067257,1.712266352200841,2.115464811555686,11.50038725848822,35.10000053071064,0.185774750067591,0.1886577962266769,0.8142252499324091,0.7543461295934839,0.6337688987579312,0.1866840569023197,0.0
330,2022,00-0035184,3,0.0357142857142857,0.7,0.0,0,0.0607887469258492,0.0230557062531182,1.7254546814516185,0.7687044028514661,0.0096403293870418,0.0168904272030926,0.0719551897423275,0.1049666322837421,1.7254546814516185,0.7687044028514661,0.0694274059253328,0.0824997032335733,0.9305725940746672,0.910930598813455,0.9003545648606935,0.771386008386002,0.0
331,2022,00-0035217,3,0.4136904761904761,21.7,0.0,0,2.924998877255648,3.42388171203482,13.735037924691502,39.04132064967512,0.2409979014826397,0.2470698875264061,0.5409586428372125,0.5409586428372128,13.735037924691502,39.04132064967512,0.2119082942796493,0.2290706990782044,0.6723015656360467,0.7098756032897822,0.5821898726220902,0.2486159987708486,0.0
332,2022,00-0035243,3,0.9434523809523808,206.7,20.7,1,38.91495602379,49.08141683626593,69.88252754662703,191.42576270836963,0.4195150715993848,0.63940945250935,0.7407026135092157,1.1441129500071754,90.58252754662703,212.1257627083696,0.3282230795164447,0.3397169236273138,0.6717769204835552,0.513504437455087,0.1949981139051796,0.0126085673133389,0.0
333,2022,00-0035250,3,0.8720238095238095,148.4,91.8,2,24.58593727455109,30.89287784084189,3.0589291233232814,75.00280659132908,0.7253175546665764,0.9823302837331604,1.2867726712781542,1.899956599832824,94.85892912332328,166.80280659132907,0.3747612728331124,0.3511909829121245,0.3490781196669881,0.499233906421298,0.1749328243870576,0.019419702435577,0.0
334,2022,00-0035261,3,0.949404761904762,210.8,162.8,3,42.80810640754025,53.361395902250365,66.14347554237568,55.6225030125147,0.6463725908641835,0.5901809967474556,1.014986817238449,1.06608287016957,96.65652445762431,218.4225030125147,0.3624072073287985,0.3443547612990242,0.6375927926712014,0.5067223454398877,0.1835452651669649,0.0121613139015438,0.0
335,2022,00-0035273,3,0.056547619047619,1.0,0.0,0,0.3138158228774066,0.0954823730234935,4.197586393650823,1.8612663076048752,0.0602843843818469,0.0507296430294599,0.1906945958786562,0.1906945958786565,4.197586393650823,1.8612663076048752,0.1736150690202999,0.1415727708417536,0.8263849309797001,0.8463587347745625,0.8263849309796999,0.7480352323555052,0.0
336,2022,00-0035291,3,0.306547619047619,11.0,9.1,3,5.3734254458000965,6.169797373165903,1.432204838877217,12.686129983638816,1.0160171637576452,1.1028116207526704,1.3634799961847224,1.6001502228742068,10.532204838877217,21.786129983638816,0.2557691507566982,0.2018661907974063,0.6764161215560615,0.7578622929921374,0.6764161215560613,0.3898942219289419,0.0
337,2022,00-0035304,3,0.0803571428571428,2.5,0.0,0,0.0957579066097609,0.1489356101899281,2.1147056225519094,3.653553926969207,0.0203760514057068,0.0331029590337557,0.1064007791782264,0.1521577059189094,2.1147056225519094,3.653553926969207,0.1009357503704879,0.1129409209698211,0.8990642496295123,0.8766292105556556,0.8588528238864314,0.7194798450446822,0.0
338,2022,00-0035311,3,0.1904761904761904,5.4,0.6,1,1.3141868338663745,0.820720904193454,8.852405238385202,8.395758542307933,1.6719933395136286,1.5907460108902938,27.631021115928547,3.305705102923151,9.452405238385202,8.995758542307932,0.1709117649716209,0.1427057333077947,0.8012538648549292,0.8379272090905046,0.801253864854929,0.5659504339827389,0.0
339,2022,00-0035537,3,0.5089285714285714,31.8,79.8,3,49.56574958631602,52.45403466509059,58.75178322686604,32.20350640865436,0.8057485405597675,0.8801660442896128,1.266108615842735,1.4280180181766366,21.04821677313396,47.59649359134564,0.2819265745614566,0.2397836985213664,0.5969079019548291,0.6830686846629143,0.5190083552063753,0.1556287627358842,0.0
340,2022,00-0035567,3,0.4226190476190476,21.8,5.4,1,4.26183924686187,4.130418033419467,6.004697265970266,19.227394190697915,1.4849230383676275,1.3949164728506285,3.182833882558973,2.480399528827492,11.404697265970269,24.627394190697917,0.1767318062544103,0.1468434963523608,0.7709677496096352,0.8132095509661809,0.7294997765239218,0.2385107792729087,1.1102230246251563e-16
341,2022,00-0035594,3,0.5654761904761905,38.6,7.3,1,6.531303209693199,6.631441356985867,17.483455149796367,45.887851313431845,1.1750851377455611,0.9485729048974412,2.487527864564234,1.6635364221519058,24.783455149796367,53.18785131343184,0.3089306165121419,0.2534510061006886,0.551660041820362,0.658012612985575,0.4685448570197321,0.1152166279766093,0.0
342,2022,00-0035628,3,0.1994047619047619,5.9,2.5,2,2.2782057718081665,2.278134720054356,5.86776442090745,12.581313647385256,1.538987652249298,1.4656167752107525,27.631021115928547,3.474034537611036,8.36776442090745,15.081313647385256,0.2461060152354275,0.2213500894769394,0.7538939847645725,0.7476581697791536,0.6885889434913551,0.5524299469453933,0.0
343,2022,00-0035657,3,0.7053571428571429,73.9,0.0,0,15.571497786649822,12.202156636806166,45.87567989998815,75.6571944972732,0.507283843625679,0.4518907955651583,0.8529395822457314,0.8529395822457315,45.87567989998815,75.6571944972732,0.3686080624752919,0.2543362788247787,0.6313919375247081,0.6445239605700549,0.4261603554719926,0.0522569129146725,0.0
344,2022,00-0035664,3,0.6577380952380952,59.5,0.0,0,13.697943406003729,10.32370984709526,41.329677475025576,68.31009052882757,0.4670827186864476,0.4545383722953508,0.855766726160782,0.8557667261607823,41.329677475025576,68.31009052882757,0.3223742602220172,0.2599570255196048,0.534518084820377,0.6401500499948576,0.4249572403073915,0.0687945422288485,0.0
345,2022,00-0035685,3,0.8779761904761905,151.7,144.92,3,38.7292274221369,50.293667803308566,51.6062924743612,22.18307017181283,0.5388303458217862,0.5864908399238709,0.9993986864132935,1.0610083003030852,93.3137075256388,167.10307017181282,0.3681007185995832,0.3461066548878464,0.3564188998103986,0.5062713775694865,0.1861777394146802,0.0187354275809673,0.0
346,2022,00-0035700,3,0.9970238095238096,281.8,207.1,3,46.65406922049636,65.24662314292343,87.61076675472653,87.50541557262827,1.397138016346607,0.5738020779401238,27.631021115928547,1.0296265690984363,119.48923324527348,294.60541557262826,0.0,0.3571403028958203,0.4932593866583438,0.4874077090007178,0.14993544356879,0.0091047259408233,0.0
347,2022,00-0035726,3,0.119047619047619,3.5,1.0,1,0.8842627553083369,0.9517256342175672,2.197554314109336,4.868087782359086,1.7027008170584237,1.6529102813660237,27.631021115928547,3.685999344966744,3.197554314109336,5.868087782359086,0.1275509466350855,0.1335509861449327,0.8272794446366043,0.8523515511527585,0.8272794446366041,0.6691141875288211,0.0
348,2022,00-0035806,3,0.6220238095238095,50.5,0.0,0,4.453274790248207,7.497600429923736,19.68320049493819,57.68504746001587,0.2641960287700044,0.3728881470584913,0.5858497957601326,0.7347938882633567,19.68320049493819,57.68504746001587,0.1518908020394522,0.2395560760544315,0.6701893906470722,0.6712779066929431,0.4796043008636601,0.0842512437164026,0.0
349,2022,00-0035831,3,0.7172619047619048,77.6,0.0,0,22.10089047413125,17.113723258224425,54.39877450788313,89.9184069045356,0.6517788369565345,0.6090569305931901,1.0975314572669672,1.0975314572669674,54.39877450788313,89.9184069045356,0.4217657221665654,0.2940694509303408,0.4521860782691486,0.5881351114906388,0.3336938052366317,0.0487509970717872,0.0
350,2022,00-0035860,3,0.2172619047619047,6.4,0.0,0,0.9585589494811853,0.5914277290249519,8.854296412207328,10.983597419640306,0.0821899870689765,0.073236931868639,0.2464037694310717,0.2464037694310718,8.854296412207328,10.983597419640306,0.1821571593234767,0.1520491057766984,0.7816065723632929,0.8253031702070603,0.7816065723632928,0.5251749831870187,0.0
351,2022,00-0035924,3,0.1696428571428571,5.2,0.0,0,0.57570087591085,0.7790064904771814,5.894655685280568,11.66539478413143,0.0752008001404507,0.1029838121780027,0.2155576793051687,0.2949778301106093,5.894655685280568,11.66539478413143,0.1939082258962351,0.1876772637976911,0.8060917741037648,0.7886500954387864,0.7445480938318229,0.5970866953385221,0.0
352,2022,00-0035973,3,0.2113095238095238,6.3,0.0,0,1.4074694696669656,1.35766181432642,9.247535254832243,16.572389827107358,0.1793580904976471,0.1676118198880949,0.400235842702197,0.4002358427021973,9.247535254832243,16.572389827107358,0.2548312087196461,0.2312461332554677,0.6701619745853771,0.7350101252242861,0.6701619745853769,0.5342847713626674,1.1102230246251563e-16
353,2022,00-0036020,3,0.3363095238095238,13.2,0.0,0,4.182362193985892,3.067595865699122,18.08172072352635,32.24419429762069,0.328029059577071,0.2784706758752314,0.5766001185465487,0.5766001185465489,18.08172072352635,32.24419429762069,0.3605311823340083,0.263397859944769,0.5618051942950396,0.6792084116449151,0.5618051942950395,0.347373546362019,0.0
354,2022,00-0036096,3,0.1279761904761904,3.7,0.0,0,0.5719681081660299,0.2034244948938806,7.210242702020877,5.116894717281498,0.0419440973968863,0.0339159215162018,0.1564401418759923,0.1564401418759925,7.210242702020877,5.116894717281498,0.144817294196664,0.1110261643972526,0.8551827058033359,0.8768815721943377,0.8551827058033358,0.6568588300182648,0.0
355,2022,00-0036139,3,0.056547619047619,1.0,186.3,3,175.67095703136712,181.87873627118336,180.72650505229376,183.9285288025285,1.213040421868194,1.2791807788730942,1.5086612230467211,1.7126879581651122,5.573494947706246,2.371471197471488,0.2212059252060933,0.1803802857364798,0.7787940747939066,0.8042430394100536,0.7787940747939064,0.7480352323555052,0.0
356,2022,00-0036158,3,0.7113095238095238,74.2,104.9,3,55.98752634052703,59.46595464420909,67.90827572078653,36.53327390256655,0.7554459718359907,0.8664661729753684,1.2300060684001808,1.4637181977505356,36.99172427921347,68.36672609743346,0.29229080393791,0.2313743776802777,0.6090869566533246,0.6762756251429698,0.4768424324101632,0.0504751415301551,0.0
357,2022,00-0036187,3,0.3660714285714285,15.4,12.3,3,7.64760108044773,8.040817129822077,1.7039611566155912,13.819176023995382,1.1905661003972272,1.10201480544184,1.9232995474972427,1.6381162853724216,10.59603884338441,26.119176023995383,0.1461240226743585,0.1943457897077421,0.7295665964913223,0.7596658564951334,0.6646794337843089,0.3071554774867611,0.0
358,2022,00-0036223,3,0.8005952380952381,126.4,323.3,3,167.23300884565586,173.18797857359976,206.0003962905826,159.44722325804028,0.2682088228401602,0.5479599911626303,0.5929073500408785,0.9842089693556167,117.2996037094174,163.85277674195973,0.5527180017885567,0.3737347456757623,0.2669845610468732,0.47051840687171,0.1332764688802417,0.0297991635827191,0.0
359,2022,00-0036251,3,0.6339285714285714,56.0,0.0,0,11.583630581385268,11.198154287627853,36.43265361746579,72.42500889871326,0.5082276508629603,0.509850202365909,0.9382716375919272,0.9382716375919274,36.43265361746579,72.42500889871326,0.2982404745335204,0.2784214187548618,0.5295393492634344,0.6167717195733173,0.3913035656098699,0.0787772474278588,0.0
360,2022,00-0036265,3,0.8541666666666666,144.6,9.1,1,51.423258994915145,42.95505326856112,88.3834311696105,163.32906356018492,0.9016875689271948,0.6188036582655553,1.657448445209569,1.089668064639672,97.4834311696105,172.42906356018491,0.3777764763397986,0.3660064858213042,0.3331252416826651,0.4788286064595428,0.1425004920854244,0.0216227783501693,0.0
361,2022,00-0036275,3,0.8601190476190477,145.1,198.6,3,57.65188439448261,75.90830595159159,97.17440654817928,23.60037206656824,0.5125787212245254,0.5523872951372986,0.9446896399883212,0.987664907410894,101.4255934518207,174.99962793343175,0.3888002202193107,0.3724453708287075,0.3161487727490498,0.469407556547446,0.1265828762899576,0.0208625272469591,0.0
362,2022,00-0036297,3,0.3184523809523809,11.2,0.0,0,0.9126661040920858,0.8146533871366994,8.068801410129268,15.628952537094676,0.093704067598727,0.0817309416665208,0.2699091015856149,0.2699091015856151,8.068801410129268,15.628952537094676,0.1881662721846897,0.1453880933360483,0.8118337278153103,0.8245459878212344,0.7634488874762777,0.3726427872997724,0.0
363,2022,00-0036328,3,0.7886904761904762,121.9,23.2,1,50.58680796109194,29.047323492172907,82.45147426843047,135.8566325127455,0.9678111769344004,0.6269060137004383,1.7466629505747544,1.1011833988177402,105.65147426843048,159.0566325127455,0.4693170439112026,0.3702499194623652,0.3180382753098504,0.4761608684206337,0.1436834709795926,0.0319879943112503,0.0
364,2022,00-0036336,3,0.1398809523809523,4.1,0.0,0,0.6306454472419301,0.2498712946767209,7.3142231065186945,5.94274649887614,0.0482128611999881,0.0387145079569074,0.1687293000477065,0.1687293000477068,7.3142231065186945,5.94274649887614,0.1552624571491578,0.1176495477043715,0.8447375428508422,0.8689889862517965,0.844737542850842,0.640189852052067,0.0
365,2022,00-0036360,3,0.7291666666666666,83.3,2.2,1,23.20914173831773,19.021209355284768,54.07514087132965,96.20328702371704,1.046634486429033,0.7389125331121759,2.0145502733404963,1.3215825469055769,56.27514087132965,98.40328702371704,0.4312652821335127,0.3060224045497611,0.4372215340785082,0.5705540416466857,0.303841159488591,0.0454690085471913,1.1102230246251563e-16
366,2022,00-0036370,3,0.6279761904761905,50.8,0.0,0,6.922480414814409,7.422498534516151,26.6704353105264,56.85585277746752,0.36042989231239,0.3697935260890532,0.7304633440154316,0.7304633440154317,26.6704353105264,56.85585277746752,0.210554942029129,0.2378273726981479,0.6288962958123541,0.6731422926206214,0.4816857521656335,0.0814723595707483,0.0
367,2022,00-0036383,3,0.6815476190476191,65.6,0.0,0,15.080412929806126,14.022127847508417,41.05878570582111,79.82664293757927,0.5723559980274069,0.5732600067580106,1.0386852882420894,1.0386852882420896,41.05878570582111,79.82664293757927,0.3179765125736129,0.2890290456896254,0.5172302756271101,0.5978656077946856,0.353919678586329,0.0599944681933423,0.0
368,2022,00-0036414,3,0.8125,132.3,7.18,1,28.998183043017058,34.21103138003427,61.40490147092306,145.06719961588385,0.6869025976356432,0.662912762899724,1.2575867046362046,1.1863329768274122,68.58490147092306,152.24719961588386,0.2087804458729669,0.3368467067766812,0.5011770703234846,0.522176574646818,0.2168376762120319,0.0277558126902324,0.0
369,2022,00-0036425,3,0.5744047619047619,38.7,5.1,1,7.329418199686291,7.119423210294698,21.356858443347438,51.53375808068197,1.132473505992077,0.8885103412563058,2.3861219832533744,1.5700089871328022,26.45685844334744,56.63375808068197,0.3233359738369472,0.2749789733604227,0.5118259472107863,0.6278835446188834,0.4198402319831439,0.1097416276934848,0.0
370,2022,00-0036450,3,0.2529761904761904,7.7,0.0,0,1.1243972788605046,1.05768775711479,8.851078825555096,15.70876809846125,0.1367626861008026,0.1224692279094587,0.3356864495081615,0.3356864495081619,8.851078825555096,15.70876809846125,0.2285837103085806,0.1901686760595184,0.7714162896914194,0.7778634242290765,0.7148472113747328,0.4703768200462762,0.0
371,2022,00-0036457,3,0.0238095238095238,0.5,0.0,0,0.1495604130598469,0.0295390541297887,2.9515588305321847,0.7370901572620511,0.0196664407407174,0.0297343854305832,0.1044304989478273,0.141360954280357,2.9515588305321847,0.7370901572620511,0.0991625956213265,0.1100329875199271,0.9008374043786735,0.8815313969203241,0.8681758833332242,0.7840274794036877,1.1102230246251563e-16
372,2022,00-0036493,3,0.6458333333333334,57.5,0.0,0,13.823786353174263,12.70775687484123,38.44781509972684,76.30136184516321,0.5677063862054745,0.5714501425295908,1.0345174580459815,1.0345174580459815,38.44781509972684,76.30136184516321,0.3062489283962669,0.2930700254918914,0.5004438619960911,0.5954318092674997,0.3553978339202267,0.0736303127100917,0.0
373,2022,00-0036543,3,0.1785714285714285,5.3,0.0,0,1.254320988480174,0.7187588427108178,10.655828461397457,11.263177949645154,0.1025830583834229,0.0956079281295129,0.2833948166040521,0.2833948166040524,10.655828461397457,11.263177949645154,0.1983362809332215,0.1795533233802025,0.7532223444576491,0.7970757385006098,0.7532223444576489,0.5838228785382219,0.0
374,2022,00-0036555,3,0.7232142857142857,77.7,100.4,3,30.653258515570165,40.99984632357679,35.38615810216643,3.771087617140978,0.333598619703318,0.5870077281963639,0.6865483058408427,1.0677223098296529,65.01384189783357,104.17108761714098,0.5033103476317446,0.3437906749653099,0.3456686878388766,0.5180182730312639,0.2194565292506219,0.0470828261479259,0.0
375,2022,00-0036567,3,0.5803571428571429,40.6,0.0,0,12.640953507170192,6.540746177250057,40.37349715396045,52.79657990720108,0.4667098753121265,0.3804737767359327,0.7443467063971326,0.7443467063971329,40.37349715396045,52.79657990720108,0.4257911181832259,0.2478245843087914,0.5742088818167741,0.6639972733823161,0.4750445421497162,0.1062195076030924,1.1102230246251563e-16
376,2022,00-0036569,3,0.4642857142857143,26.0,0.0,0,3.8479097289104582,5.176348568622473,16.34494733864332,47.94452526605758,0.3618175359532204,0.3634237085965011,0.7122708518931656,0.712270851893166,16.34494733864332,47.94452526605758,0.2722430283951604,0.2647545301547142,0.6081353544664824,0.6566193156325306,0.4905290129930059,0.1951562259997989,0.0
377,2022,00-0036650,3,0.1101190476190476,3.3,0.0,0,1.8015513505489944,0.605270589288982,12.677489833015326,8.387309328234494,0.1328498775947001,0.1085374825853029,0.2980427064674887,0.2980427064674889,12.677489833015326,8.387309328234494,0.2577303606433477,0.2009409642978953,0.7422696393566522,0.7784987132653348,0.7422696393566521,0.6811443142079767,1.1102230246251563e-16
378,2022,00-0036654,3,0.0684523809523809,1.4,0.0,0,2.1189217217965286,0.6242941734495346,11.454961325324192,5.615059825212085,0.2895797378040047,0.2421448766859287,0.4788629810407414,0.4788629810407418,11.454961325324192,5.615059825212085,0.3805126396087289,0.3074287429940273,0.6194873603912712,0.6653015196767103,0.619487360391271,0.7340017874462678,0.0
379,2022,00-0036669,3,0.0357142857142857,0.7,0.0,0,0.4221268456356783,0.0895427869734262,4.888712192787137,1.5149052028268066,0.0771253217575277,0.0655983342402677,0.2186210165224689,0.2186210165224692,4.888712192787137,1.5149052028268066,0.1963737784908257,0.1625842511069329,0.8036262215091743,0.824468679027148,0.8036262215091741,0.771386008386002,0.0
380,2022,00-0036727,3,0.1517857142857142,4.8,16.7,3,11.047932457316264,11.979677717707569,8.33364783824663,4.911124638573405,1.0675822195201672,1.1736017592481822,1.311595484932064,1.601086995728313,8.366352161753369,11.788875361426594,0.2693899057910001,0.201677176575224,0.7306100942089998,0.7744367205553847,0.7306100942089997,0.6231756631035962,0.0
381,2022,00-0036755,3,0.2589285714285714,7.8,22.7,3,12.927309271286369,14.833620785307264,2.357470106235475,1.6507472802055112,0.7602402212712498,0.9461419773041106,0.9585168763083844,1.3709566666384223,25.057470106235478,21.049252719794488,0.3834611848102141,0.2538639801456829,0.6165388151897858,0.7026116838550417,0.6165388151897857,0.4612774152560425,0.0
382,2022,00-0036829,3,0.6041666666666666,44.9,0.0,0,9.688641073406297,9.09633431059548,33.82633766909335,62.214298314887664,0.483126174335609,0.4964522109887821,0.916651342106754,0.9166513421067544,33.82633766909335,62.214298314887664,0.2436023161479161,0.2791115166325901,0.5731297598653017,0.6188738081077831,0.3998557819117823,0.093110782578108,0.0
383,2022,00-0036842,3,0.3303571428571428,12.5,10.9,3,5.564405815398668,6.672888950503591,8.307755511667123,26.77839522566689,0.5687094231581554,0.7055441313560061,0.8669666131985364,1.135485435555691,19.207755511667123,37.67839522566689,0.4202243207758133,0.3212661294733712,0.469470224366772,0.6099247775694981,0.4694702243667719,0.3557096324317563,0.0
384,2022,00-0036857,3,0.3005952380952381,10.3,0.0,0,4.442902404448931,3.7906330297330193,18.381600055224453,32.953355767343,0.4406743747411193,0.3878123402226228,0.7201163297790631,0.7201163297790633,18.381600055224453,32.953355767343,0.4074041619767017,0.3226205442152092,0.5925958380232982,0.6141840412659069,0.4866956354709656,0.3986274382431756,0.0
385,2022,00-0036860,3,0.0238095238095238,0.5,0.0,0,0.2704685601825423,0.05825478798767,3.8496183394927006,1.035113881015806,0.0322526570453541,0.0586400062639696,0.135807675033206,0.2047191493112715,3.8496183394927006,1.035113881015806,0.1269894819371946,0.1545220372696183,0.8730105180628053,0.8336316198172656,0.8148761428028202,0.7840274794036877,1.1102230246251563e-16
386,2022,00-0036875,3,0.9315476190476192,189.1,152.8,3,35.68941249897846,47.68839460699857,49.044532320539744,59.29298616044895,0.5105902270233649,0.5595499845766978,0.9280109941286868,0.999072485394957,103.75546767946028,212.09298616044896,0.3953392609914969,0.3682208130152363,0.2796933227155256,0.4730014034893006,0.1284972409519227,0.0135523394420077,0.0
387,2022,00-0036893,3,0.925595238095238,187.46,8.6,1,72.32683010823794,60.81508470110205,109.0284975163135,206.91642528431737,1.1015421153433476,0.6007043196197535,2.099873289113148,1.0463614128888843,117.62849751631347,215.51642528431736,0.495989764215807,0.3758089662698373,0.2335697350113972,0.4623111365878184,0.1110977892126904,0.0140500226196947,1.1102230246251563e-16
388,2022,00-0036906,3,0.7767857142857143,112.8,7.1,1,23.68071687840832,24.42314324686835,49.72486138063692,117.58299645147342,0.9237667692449998,0.7194947777786362,1.4974511619215247,1.288955344848794,56.82486138063692,124.6829964514734,0.4876572855739404,0.3084649793901324,0.5123427144260595,0.564201602607538,0.2886431062218313,0.034331911420955,0.0
389,2022,00-0036919,3,0.6755952380952381,64.9,158.8,3,90.24655398478656,85.54711869139386,112.78283044317342,61.21929941548335,0.5683179507762652,0.5708463605961931,1.0563808096142613,1.0413654485494817,46.01716955682659,97.58070058451666,0.3477119716401994,0.3529723871253169,0.4104670497855219,0.5094977774692676,0.2129566614418696,0.0620902981584948,0.0
390,2022,00-0036924,3,0.7470238095238095,88.0,67.0,3,18.194797387265943,23.63491585610899,0.0835259622970454,45.36573752123995,0.3459784620641243,0.5926682833689316,0.6534593417371732,1.0769321769639892,67.08352596229705,112.36573752123996,0.5202429620906318,0.3406389443150072,0.4797570379093682,0.5206727259944983,0.2207966043656305,0.0409379780921047,0.0
391,2022,00-0036950,3,0.4553571428571428,24.5,0.0,0,5.9332671947530855,6.829504358803057,20.62259410023399,54.38026845630365,0.4975799989832656,0.496087993060799,0.9032495550551238,0.9032495550551242,20.62259410023399,54.38026845630365,0.3297254465044792,0.3118580579409244,0.5349804252297469,0.5971541396351102,0.4052506335323701,0.2039164828395862,0.0
392,2022,00-0036973,3,0.9136904761904762,178.1,218.9,3,85.51091638957254,81.76095784425539,125.25463354757844,22.35546266773696,0.589335682804943,0.5717193339573423,1.06973025096162,1.028647788732339,93.64536645242156,196.54453733226305,0.3431010561169878,0.3574900359402347,0.3431838072706657,0.4888613081132186,0.1555496063523954,0.015100040035367,0.0
393,2022,00-0036984,3,0.0744047619047619,1.9,0.5,1,1.7063302995724623,0.6821407733210174,9.58170601844375,5.059908089893125,1.5967283835098052,1.501623243783016,27.631021115928547,3.3670377118263235,10.08170601844375,5.559908089893125,0.2800813974332718,0.2252080906799299,0.7199186025667283,0.7544102629624353,0.7199186025667281,0.7268010319809706,1.1102230246251563e-16
394,2022,00-0036997,3,0.4791666666666667,28.0,214.8,3,134.32932279034335,164.4401763970418,165.7031956711773,159.63605440949522,0.4447612569300493,0.7260142701413588,0.7108265525168395,1.2264604788394833,49.09680432882273,55.16394559050478,0.4912379956088719,0.2933289865581701,0.4702687235034214,0.6170620707008163,0.4273118981493118,0.1811951033981275,0.0
395,2022,00-0037085,3,0.2708333333333333,8.4,20.9,3,12.927681212626885,14.322018454419776,7.208185148202437,1.9935204095214552,1.002673567476231,1.0702385773244296,1.3522582077879093,1.5335507618214228,13.69181485179756,18.906479590478543,0.2586555027712524,0.2157681641523747,0.6692405591558764,0.7457701420564639,0.6692405591558763,0.4431617290223976,0.0
396,2022,00-0037087,3,0.3779761904761904,16.2,0.0,0,3.369028593430084,4.252192483038613,15.668511831198291,39.76562416521874,0.3558614566904063,0.3645307802969492,0.7031510714773823,0.7031510714773826,15.668511831198291,39.76562416521874,0.2704833527869947,0.2885311231150425,0.622388990345949,0.6410241063708975,0.4950229907772502,0.2918139300727954,0.0
397,2022,00-0037157,3,0.6101190476190477,48.0,74.4,3,24.99473657316966,35.916444446181664,20.65280830797129,0.0630543781220893,0.5308047935845746,0.6431929519480202,0.966660284550245,1.149624998243068,53.74719169202872,74.4630543781221,0.38035118402705,0.3167555309903944,0.4492298252270691,0.5667454056257655,0.3165218984858816,0.0900684225662889,2.220446049250313e-16
398,2022,00-0037197,3,0.8184523809523809,132.5,70.3,2,22.39743813033654,25.877542943105908,19.17094112696114,94.99844375541436,0.697158251101632,0.9829007504007164,1.2484240452580395,1.8690829259161093,89.47094112696114,165.29844375541435,0.3394722687431046,0.3678488242715926,0.3735710598300903,0.4778861062665775,0.1437252636478033,0.0267858293781288,0.0
399,2022,00-0037228,3,0.6934523809523809,70.8,177.1,3,103.06430085099592,105.7260802821951,131.66150807225551,89.76760511522944,0.5549884577366893,0.6762509401361978,1.0031289463622526,1.2048186231645657,45.43849192774448,87.33239488477055,0.3667301650815086,0.2997463616295883,0.4904029497680331,0.5819787657672123,0.3267468624783121,0.0560001130816379,0.0
400,2022,00-0037248,3,0.7410714285714286,87.7,277.2,3,179.22842070069427,175.27423759146836,213.9257080551681,171.05045428856783,0.3880587654671849,0.6310225408281881,0.7099126296338474,1.14002163110361,63.27429194483192,106.14954571143215,0.4916871544710716,0.3198121038527284,0.5083128455289283,0.5503748642859785,0.2697423470651051,0.042398120411148,0.0
401,2022,00-0037256,3,0.7648809523809523,100.1,109.0,3,44.88199244601457,46.540049880414784,57.74386487933317,0.1023500127870988,0.4877541999351511,0.6762352210275258,0.842154047110285,1.209503616875085,51.256135120666826,108.8976499872129,0.4307815994557855,0.2983453362707105,0.5692184005442145,0.5791426778546432,0.3141034256219992,0.0368410422733533,0.0
402,2022,00-0037258,3,0.8363095238095238,141.4,3.6,1,61.27122620822702,45.97212414770499,100.16739494677866,168.93869020585274,0.9750959517503968,0.6203421910326102,1.8227362646814464,1.0913852604466487,103.76739494677864,172.53869020585273,0.4170239079886369,0.3673735630132799,0.3035121854095155,0.4776802425514734,0.141929173813156,0.0240696482578839,0.0
403,2022,00-0037263,3,0.8660714285714286,146.9,112.5,3,27.772827050775497,35.099711340187284,4.904184561660131,65.12296818985345,0.4461761696451907,0.5493039086813437,0.8402824376531398,0.9791845319367504,107.59581543833988,177.62296818985345,0.4315886093393817,0.3756172778889423,0.2809356668284268,0.4646424947200825,0.1183325180624524,0.0201284564400135,0.0
404,2022,00-0037265,3,0.3184523809523809,11.2,0.0,0,7.817632923455978,4.001847094352179,27.599954232371594,34.63966504682814,0.5497530009309042,0.401489439056215,0.7429398302693503,0.7429398302693506,27.599954232371594,34.63966504682814,0.5242866586758166,0.3222349573974648,0.4757133413241836,0.611127604452733,0.4757133413241834,0.3726427872997724,0.0
405,2022,00-0037267,3,0.0892857142857142,2.7,18.6,3,8.163732680240944,10.74461110529167,0.5097289025107656,5.059903510415591,0.5178140533767099,0.6363872191092921,0.7109630939218025,0.9414198035971336,18.09027109748924,13.54009648958441,0.4911709258617832,0.3900736140885168,0.5088290741382168,0.5727878561615264,0.5088290741382168,0.7082766272972998,0.0
406,2022,00-0037276,3,0.1041666666666666,3.0,6.3,3,4.403942869931132,4.516265597106439,2.544557909139262,1.008387362221188,1.1414948600681964,1.2256375309363916,1.4084511355491591,1.6519551696058103,8.844557909139262,7.308387362221188,0.2445217210044366,0.1916747853109653,0.7554782789955633,0.7891145442928249,0.7554782789955632,0.6890335773585512,0.0
407,2022,00-0037286,3,0.3184523809523809,11.2,0.0,0,8.022049468083054,3.95200408847132,28.0510349487326,34.42327062200846,0.542905827260227,0.3964888880605757,0.7360785509599791,0.7360785509599792,28.0510349487326,34.42327062200846,0.5210114333007612,0.3202219515508853,0.4789885666992388,0.6135568952166287,0.4789885666992387,0.3726427872997724,0.0
408,2022,00-0037299,3,0.3541666666666667,15.1,0.0,0,8.44618533970334,5.121268343368556,28.848299056746143,43.55802168973422,0.5303551308293205,0.4332112451466369,0.7948241224910224,0.7948241224910226,28.848299056746143,43.55802168973422,0.4733443285765252,0.3224367465639737,0.4516606648900591,0.603687356967673,0.451660664890059,0.3229357857833436,0.0
409,2022,00-0037304,3,0.494047619047619,29.8,30.4,3,12.2497597601615,14.397738161284266,6.735440779641522,30.16738041942508,0.6398043479749296,0.667509151581748,1.1178654118363789,1.1587453416087363,23.66455922035848,60.56738041942508,0.3269770114813601,0.3138797457931255,0.5173219292340845,0.5876403309056473,0.3786413709440716,0.1680242281802155,0.0
410,2022,00-0037331,3,0.3422619047619047,14.6,0.0,0,5.130530875013218,4.289167799562996,21.104735910964152,39.80407208430516,0.4152235487871863,0.3596285846321405,0.6902139529571757,0.6902139529571759,21.104735910964152,39.80407208430516,0.3949080952043658,0.2974673831073809,0.5014687668620516,0.6366057082101317,0.5014687668620514,0.3391299887367546,0.0
411,2022,00-0037429,3,0.5327380952380952,36.0,0.0,0,5.82904275719363,7.06106984535581,22.786239554277,57.24843615604007,0.4600723322943293,0.4236110098511617,0.8045562373573294,0.8045562373573296,22.786239554277,57.24843615604007,0.3066371677094226,0.270136520883932,0.6933628322905773,0.6396631036986067,0.4472863715071231,0.1373594734164944,0.0
412,2022,00-0037456,3,0.2470238095238095,7.4,0.0,0,3.327580084900584,3.2391878343946345,15.422455262861597,27.073591036801133,0.4110946130680044,0.3824713891674421,0.6994450707390315,0.6994450707390318,15.422455262861597,27.073591036801133,0.3768118053869497,0.3379984863843576,0.496860949982045,0.6062994829304662,0.4968609499820449,0.4794959588575965,0.0
413,2022,00-0037525,3,0.5267857142857143,35.8,119.4,3,80.27370544357782,77.6796480016429,93.58331713423809,57.35876774643094,0.6452169117759814,0.7225089634068949,1.0986910261847356,1.23747529144846,25.816682865761912,62.04123225356906,0.333307088527697,0.2901157518151027,0.5303834343160693,0.61387396783004,0.4092470994030333,0.1417503985949757,0.0
414,2022,00-0037557,3,0.1607142857142857,5.0,6.6,3,5.290148220772476,4.7180732576764015,8.68416045461102,5.265164919296637,1.0800655708536664,1.1879577894262634,1.327532103594996,1.6263319001295102,15.28416045461102,11.865164919296635,0.2651307698462037,0.1966495830974879,0.7348692301537962,0.7793146065423673,0.7348692301537961,0.6102100196557688,0.0
415,2022,00-0037563,3,0.5029761904761905,30.4,43.1,3,23.01648430761809,25.89892829145309,17.875461256478808,0.1358578845422116,0.792827147371105,0.939182142598988,1.1707587386807938,1.500065660934682,25.224538743521197,42.96414211545779,0.3101315431760181,0.2231155096945452,0.6249920705839948,0.70580496708156,0.554768784494635,0.1604950410068619,0.0
416,2022,00-0037594,3,0.1785714285714285,5.3,17.5,3,8.100033613080484,9.825383496370218,2.0730691304890776,5.406345646360382,0.4962452066799077,0.6613522974602863,0.6893923695442061,1.007407890778501,19.57306913048908,22.906345646360386,0.5018809345749214,0.3651642996041999,0.4981190654250788,0.5873053506995424,0.4981190654250786,0.5838228785382219,0.0
417,2022,00-0037617,3,0.4642857142857143,26.0,14.0,2,7.151523750331528,8.017841848813767,14.738315634836226,44.64440057845438,1.011753048685361,1.1050483765406347,1.8862651871224847,2.341603404284711,28.738315634836223,58.64440057845438,0.3751603007214205,0.3238403266106684,0.4732026105549183,0.5799863635482493,0.3768293568590071,0.1951562259997989,0.0
418,2022,00-0037746,3,0.7708333333333334,104.7,54.5,2,19.48088312228047,22.37120254077307,4.232028772831711,51.555752209572674,1.3559345481275653,1.0492142824458457,27.631021115928547,2.159438507135337,50.26797122716829,106.05575220957267,0.4273416588273597,0.2802533251171961,0.5726583411726403,0.6043567814292393,0.3546843711966101,0.0355651715129937,0.0
419,2022,00-0037827,3,0.2886904761904761,9.9,0.0,0,7.834721816330671,3.0657559948075,29.802349276550828,29.398399893610545,0.4226596437336973,0.3127426822879554,0.6156422768136479,0.6156422768136482,29.802349276550828,29.398399893610545,0.4597062343136633,0.2932753893560429,0.5402937656863368,0.6513730836440125,0.5402937656863366,0.4162836056903186,0.0
420,2022,00-0037840,3,0.4375,23.5,231.3,3,171.49057821502277,179.98438238982368,195.8938902647513,178.11782736698083,0.5429082514793107,0.7078875377167969,0.8862237050126278,1.1885887921753238,35.40610973524875,53.18217263301919,0.4122094417606544,0.3046508865670052,0.4970021744017744,0.6097097043729729,0.4296949058097253,0.222304813357854,0.0
421,2022,00-0038040,3,0.2351190476190476,7.0,5.6,3,4.922155828758079,4.289938784914913,14.217617120458272,21.22228339288037,0.5807846895277069,0.6794300727458897,0.8613969553271664,1.0557894577880502,19.817617120458277,26.82228339288037,0.422571356497457,0.3479176525585238,0.4895238484450098,0.5969990318519514,0.4895238484450097,0.4977692027594524,0.0
422,2022,00-0038045,3,0.1904761904761904,5.4,0.0,0,5.677959001731445,2.8848893438050887,21.437067474314446,22.63586276590209,0.5002025535678174,0.3899359319126806,0.6933497341305324,0.6933497341305326,21.437067474314446,22.63586276590209,0.5001012665289988,0.3590878278769268,0.4998987334710012,0.5921791991347891,0.4998987334710011,0.5659504339827389,0.0
423,2022,00-0038098,3,0.4434523809523809,23.7,0.0,0,4.923286982140539,5.919363421747597,19.81833114455946,50.912015329143074,0.4276436008585778,0.4291933674676584,0.8041811041824052,0.8041811041824054,19.81833114455946,50.912015329143074,0.3012200777672311,0.2933141967794913,0.5763488010944802,0.6231827379916118,0.4474541949398674,0.2160467359677372,0.0
424,2022,00-0038120,3,0.7589285714285714,99.1,179.66,3,74.20680496640371,90.50649113802469,108.66241879582752,63.18725157145453,0.3182233001170144,0.6315391814974878,0.6135062318300928,1.141223730335105,70.99758120417246,116.47274842854549,0.5414490909482599,0.319427888946953,0.4585509090517402,0.5497638491909407,0.2668247276796113,0.0381608727650285,0.0
425,2022,00-0038134,3,0.9077380952380952,176.5,164.4,3,32.60019202039124,51.74472258806685,50.60421477677811,42.52490324946263,0.4220275523319935,0.5487337544975691,0.7966092068136972,0.9728835847729228,113.7957852232219,206.92490324946263,0.4508551317042301,0.3779914945625713,0.2528088512862027,0.4597377114243715,0.1077460048230544,0.0156536575735703,0.0