index,source_season,player_id,horizon,source_points,source_percentile,target_points,observed_region,d1_crps,m1_crps,d1_mae,m1_mae,d1_expected,m1_expected,d1_brier4,m1_brier4,d1_logloss4,m1_logloss4,d1_survivor_p,m1_survivor_p,d1_downside_p,m1_downside_p,d1_pit,m1_pit,p_out,m1_pi_survivor,prob_norm_error,block
0,2014,00-0027966,2,165.9,0.910493827160494,201.2,3,54.057354571203945,63.76673787000985,91.93588057181928,15.38170534050451,109.2641194281807,216.5817053405045,0.4940225234438896,0.4622763421334555,0.8804730260121116,0.8431400052763398,0.4145867549722471,0.4303570761355234,0.2401447953101785,0.4001119807789287,1.0,0.7284940825242576,0.0796447322370568,0.0283163896491279,0.0,early
1,2014,00-0027994,2,114.8,0.8240740740740741,32.2,1,21.23464465985904,25.266329340481548,39.98627442023452,106.56112041144064,72.18627442023453,138.76112041144063,0.9085311292660438,0.7370856198017024,1.4028572178298138,1.3058784835493398,0.5436605634585921,0.3750213677317955,0.4563394365414078,0.481380467269229,0.2842955611513296,0.4008428657813556,0.2104460482288892,0.0429708716528822,0.0,early
2,2014,00-0028000,2,42.9,0.5030864197530864,0.0,0,11.807930028429285,12.45879835832487,33.08111161474822,69.47860189972454,33.08111161474822,69.47860189972454,0.616353573766235,0.5456641554260141,0.973137747911176,0.9731377479111762,0.4449037664302283,0.339283188405316,0.5550962335697718,0.5613954247691202,0.1889477176329818,0.1889477176329817,0.3778954352659635,0.1827677838678479,0.0,early
3,2014,00-0028009,2,310.1,0.9969135802469136,244.8,3,68.26518829348299,72.3031834899381,99.48654008335085,138.50493885512373,145.31345991664918,383.3049388551237,1.5357952148661975,0.4700925336179873,27.631021115928547,0.8541535874621108,0.0,0.4256433084898047,0.3095507240605071,0.4034764979802536,1.0,0.6112288100834042,0.0800619534691534,0.0185626333587372,0.0,early
4,2014,00-0028011,2,48.0,0.5401234567901234,0.7,1,21.40462837640121,15.657248746645289,49.91398347834284,78.46604053464674,50.613983478342846,79.16604053464674,1.1467491987005638,0.87083238410954,2.392222108647857,1.5674216450900278,0.44889217584005,0.3652529677389162,0.405187530760083,0.5223435207424003,0.3137612319399863,0.3141437495303097,0.3137612319399863,0.1567027334434104,0.0,early
5,2014,00-0028043,2,92.3,0.7685185185185185,0.0,0,31.367650587019547,31.035110963488407,64.28322755656345,117.08335448212496,64.28322755656345,117.08335448212496,0.9556531233352896,0.8345109762792393,1.5048459985161242,1.5048459985161249,0.5436469608520562,0.3746001267427863,0.4563530391479438,0.4855191791774111,0.1110257437287562,0.1110257437287562,0.2220514874575125,0.0559659764569807,0.0,early
6,2014,00-0028064,2,37.3,0.4845679012345679,143.0,3,87.65647879521906,83.1697008620962,105.88301205541148,72.01051692352787,37.11698794458852,70.98948307647213,0.367378015525696,0.5175818422352145,0.7007545571672132,0.9475789407716648,0.496210743122791,0.3876784807402069,0.3595869472993094,0.5018946336015779,0.9429404052462844,0.888111614600122,0.2983867022910637,0.1970118857698143,0.0,early
7,2014,00-0028074,2,32.9,0.4660493827160494,16.1,2,6.7344034946159255,10.15090381297292,7.435396685022248,47.7307975725783,23.53539668502225,63.8307975725783,1.3398307892771009,1.0830872634881477,27.631021115928547,2.241233325038219,0.397483630020786,0.384257707071218,0.602516369979214,0.5094150055552694,0.602516369979214,0.5464441694387978,0.3139972017518057,0.2120780241036187,0.0,early
8,2014,00-0028083,2,59.0,0.595679012345679,79.8,3,17.570301412516297,29.7700639454295,19.88417630164298,23.733759189755236,59.915823698357016,103.53375918975524,0.4067640898638905,0.4540215403212546,0.7995191755498479,0.8647141025696395,0.4495450644183215,0.4211719473937237,0.3295277675390626,0.4406675162627719,0.5504549355816785,0.7352905188126415,0.1829348136947078,0.1233737882584492,0.0,early
9,2014,00-0028121,2,55.9,0.5771604938271605,17.9,1,11.102186781185395,17.494636278335065,26.042816402185444,86.8307537004014,43.94281640218544,104.7307537004014,0.7252713015005703,0.7810575898106975,1.3155491859996813,1.3381435562447517,0.3040565202866183,0.4379965661736823,0.4271466585037005,0.4211519589510678,0.2605109884014674,0.3705646660191183,0.158819737124837,0.1337465449060277,0.0,early
10,2014,00-0028149,2,32.8,0.4598765432098765,0.0,0,3.889394222563851,10.24410293740194,15.244773489270305,58.18355131037851,15.244773489270305,58.18355131037851,0.3880595040080362,0.5434107972832425,0.709416545826446,0.9636031783325912,0.274753309116665,0.3480591777213663,0.7252466908833349,0.5565902879046921,0.2459655665093059,0.1907578685854884,0.3815157371709768,0.2172834648885452,0.0,early
11,2014,00-0028198,2,156.2,0.904320987654321,103.5,2,26.345282252244047,34.096401145306544,9.248906089574447,95.39018140969392,94.25109391042557,198.89018140969392,0.688825893640804,0.980975015900564,1.2182114074260415,1.805082374387221,0.3368303076226766,0.4181853615226219,0.3674110064574619,0.4173537298247887,0.6631696923773234,0.5654434947687299,0.1065045148372144,0.0291784439523354,0.0,early
12,2014,00-0028202,2,4.4,0.1172839506172839,85.4,3,75.49927059848233,75.07890441752643,79.47051164200933,78.57807212384846,5.929488357990682,6.821927876151553,1.0807594781503789,1.180972157808296,1.3284227286549886,1.604562938461743,0.2648947428597797,0.2009773751981579,0.7351052571402203,0.7745655689105484,0.9920271897095484,0.983148482748238,0.7351052571402201,0.6063764932007566,0.0,early
13,2014,00-0028345,2,18.6,0.3364197530864197,0.0,0,4.129066892163415,6.390779409629047,13.142615706037354,39.656890217194345,13.142615706037354,39.656890217194345,0.4945195870243654,0.4595391478538265,0.8206563240736978,0.8206563240736979,0.3902900298677018,0.3496185951645351,0.6097099701322983,0.5749740862031935,0.2200713417240162,0.2200713417240162,0.4401426834480325,0.3398354402374984,0.0,early
14,2014,00-0028409,2,8.5,0.1697530864197531,32.3,3,20.47006247591889,18.85147187461132,23.29498211510023,11.262905876933548,9.005017884899768,21.03709412306645,0.8522615291750837,0.740117854248669,1.2948756754413695,1.0926285251867422,0.2739319186793904,0.3353339006520275,0.5383897378962328,0.6173465946650077,0.9623607150545856,0.8426238193720663,0.5383897378962328,0.5423114674544254,0.0,early
15,2014,00-0028492,2,1.3,0.0462962962962962,0.0,0,0.119111185271052,0.1888774668960151,2.1695300280114056,2.1282216698938865,2.1695300280114056,2.1282216698938865,0.0330688791592952,0.1061747198815766,0.1376384571246964,0.2915562328389965,0.128586311789582,0.2021740527627015,0.8714136882104179,0.7777261428889212,0.4357068441052089,0.3735500004338353,0.7471000008676707,0.6872280348467114,0.0,early
16,2014,00-0028581,2,17.7,0.3179012345679012,11.7,2,4.099051383574548,7.606328655171701,1.455770829537988,31.07904819911374,13.155770829537987,42.77904819911374,1.3691719725562868,1.1692287665852032,27.631021115928547,2.5262439266847454,0.4285220289737359,0.386639951581831,0.5714779710262641,0.5334012603894751,0.5714779710262641,0.6047595047741439,0.391207719165271,0.360914627147122,0.0,early
17,2014,00-0028795,2,13.0,0.2716049382716049,10.9,3,4.816035142669698,6.495820064214833,1.838875437907273,18.022367233827268,12.738875437907272,28.922367233827263,0.618949149148488,0.7003089498439636,0.9236430607165264,1.091334306454488,0.3970698533633685,0.3357681770315061,0.6029301466366317,0.602115899919464,0.6029301466366317,0.68576529883285,0.4933791251274302,0.4158534347284127,0.0,early
18,2014,00-0028841,2,7.6,0.1512345679012345,0.0,0,2.0262681892045578,3.8180243607508366,8.620157806870136,22.26714992082069,8.620157806870136,22.26714992082069,0.4303140036619344,0.4426525609970131,0.7531833197950691,0.7531833197950694,0.3364653160355079,0.3904850213921029,0.663534683964492,0.5571982227960951,0.235432624887331,0.2354326248873309,0.4708652497746619,0.5651973307083793,0.0,early
19,2014,00-0029004,2,33.6,0.4783950617283951,24.8,3,7.772874355061667,11.629252409600362,6.171224205629958,39.84716590285,30.97122420562996,64.64716590284999,0.4647364910145681,0.5171882536683194,0.8586646768923977,0.9460629356150936,0.4237275178600831,0.3882666490365384,0.3918276488206226,0.5021818383621485,0.5762724821399168,0.6224198055200632,0.3004656479585802,0.2019423072834657,0.0,early
20,2014,00-0029048,2,17.0,0.3117283950617284,0.7,1,2.055550786502048,4.845577915745292,8.779360415903053,33.02413748809331,9.479360415903052,33.72413748809331,1.022963138031475,1.1455507928007898,1.846047040132441,2.172385297010409,0.1521140289025637,0.3148007623529102,0.6649788485187658,0.6210244938305554,0.5071188998912256,0.5102993197536693,0.5071188998912255,0.3680667183785686,0.0,early
21,2014,00-0029068,2,9.4,0.2006172839506173,0.0,0,4.082416519364809,3.5844564190744066,14.652821886994651,23.39138212409386,14.652821886994651,23.39138212409386,0.4825171669142518,0.3729140430452402,0.6756625421593362,0.6756625421593362,0.4911808052612865,0.3472933014265273,0.5088191947387134,0.5993507853211799,0.2544095973693567,0.2544095973693567,0.5088191947387134,0.5038165663352715,0.0,early
22,2014,00-0029104,2,72.9,0.7191358024691358,0.0,0,23.78979851924221,20.21543600631924,55.3653290892748,88.27582302889283,55.3653290892748,88.27582302889283,0.7050320440982311,0.6673945792451756,1.1873510615701677,1.1873510615701677,0.433181227817056,0.3397460985905699,0.4277654723893669,0.5369029507391793,0.1525140978742944,0.1525140978742944,0.3050281957485889,0.0705414197935181,0.0,early
23,2014,00-0029141,2,174.9,0.9166666666666666,38.4,1,65.00632226235231,51.61112518995032,92.02986339764004,191.99489820590355,130.42986339764005,230.3948982059036,1.231356786388778,0.6795062286632343,2.399177781636035,1.1236103529725068,0.5720909264804256,0.4358287974991754,0.1578943122084785,0.3922056715899931,0.1578943122084785,0.2391192150933216,0.0671017382789037,0.0274790831744382,0.0,early
24,2014,00-0029205,2,41.8,0.4969135802469135,59.0,3,27.323120886730518,27.158852163112982,31.426529832494445,10.768142287797474,27.573470167505555,69.76814228779747,0.5488431529782929,0.6067905909462084,0.9574764167657271,1.060125171509777,0.3838603682903075,0.3464124466472128,0.4516726385591245,0.5530815138463036,0.8314356160661027,0.7767241816888824,0.3675431101674157,0.1874249364808219,0.0,early
25,2014,00-0029239,2,23.7,0.3981481481481481,10.9,2,6.767847673306903,8.81941174621128,15.816618681445982,44.57286597484128,26.716618681445983,55.47286597484128,0.8798698923632008,1.1004891509818988,1.5735179890771018,2.27554477741558,0.3934057946348127,0.4188065906971144,0.3992796377863157,0.4784524870503176,0.3992796377863157,0.5028818111644484,0.2919422125861045,0.2743232075140144,0.0,early
26,2014,00-0029260,2,0.9,0.015432098765432,0.0,0,0.5839275580251959,0.1973517830253,4.539423751017183,1.824695580857331,4.539423751017183,1.824695580857331,0.1820361723249766,0.1531733294595112,0.3590950680968061,0.3590950680968063,0.3016920386130338,0.2460701684355878,0.6983079613869662,0.7314956651189348,0.3491539806934831,0.349153980693483,0.698307961386966,0.7194180599277746,0.0,early
27,2014,00-0029264,2,50.9,0.558641975308642,0.0,0,32.10266846458794,23.87073148623973,60.19202059174477,97.44421467341914,60.19202059174477,97.44421467341914,1.1550427625644404,0.9590755973850168,1.7595856742754894,1.7595856742754896,0.6769379642512272,0.4357013118070352,0.2502136042495261,0.4271342712949106,0.086058080602526,0.086058080602526,0.1721161612050521,0.1448473007758774,1.1102230246251563e-16,early
28,2014,00-0029273,2,64.1,0.654320987654321,85.3,3,27.36145764325558,32.208801000223986,34.513419995702904,13.421815565968558,50.78658000429709,98.72181556596856,0.4485405821264852,0.4874134563226099,0.8621290756408482,0.9164285534161444,0.4222620966449089,0.3999448751819852,0.3488342441203004,0.4615156039854552,0.8872800392345263,0.7521360719660257,0.2019847389936171,0.0949883470482595,0.0,early
29,2014,00-0029298,2,12.6,0.2561728395061728,0.0,0,3.6945568360706815,5.27827046524482,14.466252827346896,31.70847490893289,14.466252827346896,31.70847490893289,0.510814422759917,0.4646029595448901,0.8091729949774131,0.8091729949774134,0.4341564100783537,0.3729525198073377,0.5658435899216461,0.5606909618989486,0.2226130591237526,0.2226130591237525,0.4452261182475051,0.4347181616150679,0.0,early
30,2014,00-0029317,2,0.2,0.0030864197530864,0.0,0,0.7431518929740921,0.0563290677955735,5.359585068261827,0.4608774908416016,5.359585068261827,0.4608774908416016,0.2287003371181515,0.1934606267280267,0.4127269379008178,0.412726937900818,0.3381570176102749,0.2779059773763984,0.661842982389725,0.697609069091124,0.3309214911948625,0.3309214911948624,0.6618429823897249,0.7317129591184156,0.0,early
31,2014,00-0029384,2,88.6,0.7438271604938271,24.6,1,20.929339557559445,19.57849322770511,39.22420090089698,87.5467325736436,63.82420090089698,112.1467325736436,0.9625581481636512,0.7708261819792775,1.5310279676110603,1.3749546635694587,0.5355629652190667,0.3646563193531462,0.4644370347809333,0.5009749036576203,0.3237689237641748,0.4237902927738156,0.2481238447482544,0.06286073189055,0.0,early
32,2014,00-0029429,2,31.2,0.4537037037037037,0.0,0,14.804190977626654,10.713521734143349,38.663724809390885,58.47492422462348,38.663724809390885,58.47492422462348,0.664101903890581,0.5904881141754423,1.0337474937969764,1.0337474937969766,0.4859686976840912,0.3643220826145592,0.4239354144138347,0.5368854985689416,0.1778357914607335,0.1778357914607335,0.355671582921467,0.2225805798306619,0.0,early
33,2014,00-0029438,2,53.3,0.5709876543209876,0.0,0,20.70661248083772,23.45168640448287,43.27160079088329,97.2576054982339,43.27160079088329,97.2576054982339,0.8735891927152052,0.9149426841279018,1.6564182486468662,1.6564182486468666,0.2880649465138364,0.4228079381223009,0.4567490231242356,0.4421643780874285,0.0954106158746417,0.0954106158746417,0.1908212317492834,0.1373645336788209,1.1102230246251563e-16,early
34,2014,00-0029441,2,4.2,0.0987654320987654,0.0,0,2.384325489901723,1.116692717431845,11.792059613392023,9.146684251806224,11.792059613392023,9.146684251806224,0.2616614722410652,0.2119943408674275,0.4489552162052773,0.4489552162052775,0.3617053166882298,0.2784133862474036,0.6382946833117702,0.6894490202873569,0.3191473416558851,0.319147341655885,0.6382946833117701,0.6282548155892725,0.0,early
35,2014,00-0029492,2,23.8,0.404320987654321,49.4,3,26.49764033404669,23.69305256187856,29.89667950780188,1.390963353415806,19.50332049219812,50.790963353415805,0.6573773810808392,0.5363396543539936,1.1661245920730292,0.9536764681492388,0.3115720734510459,0.385321792876351,0.464847710496414,0.5190226654710965,0.8826770270795434,0.7943669921056884,0.3451504294030343,0.2682195384476599,0.0,early
36,2014,00-0029510,2,29.4,0.4444444444444444,28.4,3,8.62721187500938,12.796320285340592,0.2760986869422588,30.04178963578002,28.12390131305774,58.44178963578002,0.5438240127657126,0.5376778942531664,0.9748883256893608,0.9648389552122818,0.3772344786113185,0.381044560038609,0.4327640859607402,0.5172332366094928,0.6227655213886814,0.6790134209012433,0.3309337684623562,0.2306977908234587,0.0,early
37,2014,00-0029588,2,65.4,0.6635802469135802,0.0,0,17.930358168460153,20.95755878309346,43.95035089242232,90.65884462451804,43.95035089242232,90.65884462451804,0.730840394583804,0.7379086872584222,1.3078669723710437,1.307866972371044,0.3547509110544281,0.3642230699845949,0.423086898643612,0.5086608707131461,0.1351981021355175,0.1351981021355175,0.270396204271035,0.0910808053677764,0.0,early
38,2014,00-0029613,2,67.8,0.6820987654320988,75.5,3,20.34727848693009,29.07713282979931,22.059747416393563,16.09919613736251,53.44025258360644,91.59919613736253,0.418787440400208,0.5516081471531945,0.7515718794420837,1.012920254787007,0.4716246327248053,0.3631569188516225,0.5283753672751944,0.5082878993460076,0.855355613119072,0.7412386994981166,0.2670727560294847,0.0836972931657843,0.0,early
39,2014,00-0029615,2,195.4,0.9475308641975309,168.1,3,26.33286689899994,48.34954239249899,28.039566070058527,89.06188141546451,140.06043392994147,257.1618814154645,0.31787437465851,0.4545884326164559,0.6175877322818506,0.8145023389667411,0.5392436700138304,0.4428596665289281,0.159234992378247,0.3810939891815759,0.4607563299861694,0.6218544528381229,0.0481137614544523,0.0236409152603372,0.0,early
40,2014,00-0029619,2,6.1,0.132716049382716,0.0,0,0.2149002690787003,1.2991011114400113,2.756508412819336,11.73224031786962,2.756508412819336,11.73224031786962,0.0483082578934883,0.1808975768671268,0.1689110648875973,0.4106762108649887,0.1554159867798167,0.2523818332537298,0.8445840132201833,0.7155285099958535,0.4222920066100916,0.3316008171615814,0.6632016343231628,0.5878086195119157,0.0,early
41,2014,00-0029675,2,95.8,0.7870370370370371,0.0,0,44.60906252425769,36.057360634832776,80.59253198054671,126.38876057864904,80.59253198054671,126.38876057864904,1.1070716745530231,0.9433168233819756,1.7566742920088887,1.756674292008889,0.6139785273430491,0.3964462230364683,0.3860214726569508,0.4541668675307765,0.0863089936469526,0.0863089936469526,0.1726179872939053,0.051268500446468,0.0,early
42,2014,00-0029683,2,82.3,0.7314814814814815,22.4,1,26.32547980159589,19.540781977098817,49.78421395815932,88.34137940087163,72.18421395815932,110.74137940087162,1.0218443616160184,0.7545988244117204,1.5963746245154242,1.3345308899730053,0.583273157503271,0.3826384032688876,0.416726842496729,0.4773786999676401,0.2941976332726931,0.3930227931195617,0.214097045412442,0.066598324396128,0.0,early
43,2014,00-0029729,2,12.7,0.2623456790123457,0.0,0,3.9883961257182903,3.929260075784793,16.417162710277314,27.34353326709066,16.417162710277314,27.34353326709066,0.3807501653127524,0.3480920675732386,0.6554550622292238,0.655455062229224,0.3707916892370834,0.3213856268583464,0.5192057378993925,0.6205279584985918,0.2596028689496962,0.2596028689496962,0.5192057378993924,0.427146362585989,0.0,early
44,2014,00-0029731,2,33.5,0.4722222222222222,54.1,3,24.473583590186045,26.036891646762044,26.201475283717112,3.4736536034333483,27.89852471628289,57.57365360343335,0.5425217055716839,0.6185837886488788,0.9328939689185288,1.0683254049576103,0.3934135348091679,0.343583398994048,0.4600624163551766,0.5604042856346088,0.7961154096425189,0.7952073591182609,0.3837786560596586,0.2069643150215567,0.0,early
45,2014,00-0029795,2,88.8,0.75,26.2,1,24.76888237610824,21.9216568136512,47.493318801017935,97.28474489649106,73.69331880101794,123.48474489649108,0.8852085498279877,0.7302590834566253,1.320225112614957,1.270851063144255,0.5657616196602842,0.403169172680711,0.4342383803397158,0.4477559251429719,0.2681181248031957,0.3753333529682424,0.1671632071321133,0.0610661551026418,0.0,early
46,2014,00-0029854,2,178.3,0.9290123456790124,86.5,2,24.035688584447144,38.220784987343535,29.1285455419343,145.1144548076098,115.6285455419343,231.6144548076098,0.7145108916151133,0.9841613608601744,1.18973736403682,1.7643066168404993,0.4359900492171176,0.4328076634970146,0.2597087767783179,0.3958868108220446,0.2597087767783179,0.4535181878852106,0.0719648913301228,0.0258760556888963,0.0,early
47,2014,00-0029892,2,28.2,0.4290123456790123,41.3,3,14.118509973230118,17.43315259670552,13.149906814648432,22.248287291485887,28.150093185351565,63.548287291485885,0.5433784004644355,0.457947423293056,0.9959451242503948,0.862578576160949,0.3693741750282246,0.4220723322656369,0.385543911897645,0.4682560308778292,0.8542470405632897,0.7219913584182761,0.2679459914476509,0.2446813852821252,0.0,early
48,2014,00-0030107,2,63.7,0.6450617283950617,108.8,3,46.36035095537499,42.99899168694982,58.97266585640962,2.9199458525105086,49.82733414359038,105.88005414748947,0.5710908123353567,0.4489333472788679,1.05230946679522,0.8520970815338321,0.3491305120016317,0.4265195471632425,0.4009436607548031,0.4268819065074848,0.9107588286915754,0.7873227856482481,0.1524151281653954,0.0990452618726751,0.0,early
49,2014,00-0030112,2,4.3,0.1080246913580246,0.0,0,3.309140667445927,1.2897547834550576,15.266299062494522,9.912297844793144,15.266299062494522,9.912297844793144,0.3014724621440731,0.2431905217698886,0.4914277212110464,0.4914277212110466,0.38824764142495,0.2967164683221476,0.6117523585750501,0.6681163011191604,0.305876179287525,0.305876179287525,0.61175235857505,0.6173751122038762,0.0,early
50,2014,00-0030117,2,25.7,0.4166666666666667,32.8,3,15.448568847074228,18.40973126403932,11.751323181513968,3.412036612667002,21.04867681848603,36.212036612667,0.7203823590671744,0.8758242423019775,1.012869449587336,1.3505610558338652,0.3631753695800892,0.2590948531799512,0.6368246304199109,0.6750761666568154,0.7347440655548463,0.8125250885200078,0.5551230502886483,0.2562733806117321,0.0,early
51,2014,00-0030128,2,4.2,0.0987654320987654,0.0,0,1.7859016436726218,1.0026624065981196,10.420797050141555,8.667108060612703,10.420797050141555,8.667108060612703,0.2349420904925586,0.1903466841694581,0.4196763500051302,0.4196763500051303,0.3427404925687646,0.263815699514372,0.6572595074312355,0.705731735632275,0.3286297537156177,0.3286297537156177,0.6572595074312354,0.6282548155892725,1.1102230246251563e-16,early
52,2014,00-0030247,2,10.3,0.2129629629629629,0.0,0,4.036100503460999,3.635051842191494,15.491641943222858,24.47937564961666,15.491641943222858,24.47937564961666,0.4614519633712038,0.3546947799192804,0.6545794579287992,0.6545794579287997,0.4803394442325156,0.3358938403413538,0.5196605557674845,0.6107494650576425,0.2598302778837422,0.2598302778837421,0.5196605557674843,0.4883802285029887,0.0,early
53,2014,00-0030280,2,111.0,0.8148148148148148,5.3,1,55.84141148168819,41.24744034040576,93.4931137907436,143.215842966642,98.7931137907436,148.51584296664203,1.108991732142107,0.7074974655098805,1.6230808286023213,1.215937515963027,0.6682600519518158,0.4119659057393937,0.3317399480481843,0.4308819769956734,0.1344500027225748,0.1461982680250585,0.1344500027225748,0.0449164025655285,0.0,early
54,2014,00-0030282,2,57.7,0.5895061728395061,2.2,1,25.91567459508856,23.90615564633568,53.19304634915698,100.40927508417516,55.39304634915698,102.60927508417517,0.9175405333723528,0.7829908889853546,1.6929396824772558,1.3582150725031077,0.4106079059847321,0.4231183022836859,0.3658371880366004,0.4389786032828076,0.1818592963514492,0.1879635202016318,0.1818592963514492,0.1267522399549085,0.0,early
55,2014,00-0030287,2,136.5,0.8796296296296297,18.1,1,74.91968145682794,47.19495827934401,107.4226865316382,164.96960517016245,125.5226865316382,183.06960517016245,1.18920197658043,0.685257732991191,2.28431624736904,1.1399756349582228,0.5512164371363254,0.4335737068043412,0.1791523289335643,0.3971354690636064,0.1215777970102044,0.1617031004657364,0.077308654748543,0.0328880647271223,0.0,early
56,2014,00-0030288,2,16.6,0.3024691358024691,72.4,3,48.16154405364757,41.54857436634931,56.013079541255976,31.670500167251625,16.38692045874403,40.72949983274838,0.5370123662806019,0.5650722631696203,0.8784943084500846,0.9552026102013284,0.4154079172214501,0.3847341855848048,0.58459208277855,0.5385277819959926,0.909787006093312,0.8629589548365098,0.4027281730574571,0.3789036936272586,0.0,early
57,2014,00-0030348,2,60.5,0.6141975308641975,2.2,1,22.977364033106408,20.75691793970418,51.31568614615765,92.45697233904797,53.515686146157655,94.65697233904795,1.009557158602811,0.8020448746286661,1.9291252646205264,1.424896083000067,0.4333834877077837,0.3852786380825335,0.3907109347738835,0.485969171903579,0.2454357144786423,0.2505467626707044,0.2454357144786423,0.1136999045681912,1.1102230246251563e-16,early
58,2014,00-0030388,2,62.6,0.6327160493827161,0.0,0,34.92654186403899,30.369443058180337,64.21660365786724,110.85540990137876,64.21660365786724,110.85540990137876,1.0822531576455874,1.0844169940437798,2.1497297948783927,2.1497297948783927,0.4594756773583497,0.4470980093358914,0.3098256441035735,0.4008874310671392,0.0582578183210988,0.0582578183210988,0.1165156366421977,0.1046939702582132,0.0,early
59,2014,00-0030391,2,3.2,0.0709876543209876,4.1,3,4.754957768719999,2.484015271643683,12.438528542811516,5.264936302898612,16.538528542811516,9.364936302898611,0.5679220901724211,0.6898423345873645,0.7611689959509212,1.0022791770907875,0.46712004627101,0.367041933553587,0.5328799537289901,0.5938176636520605,0.5328799537289901,0.6870629447761308,0.53287995372899,0.6600874057726822,0.0,early
60,2014,00-0030404,2,9.9,0.2067901234567901,105.5,3,89.47112416308579,83.78796769706776,96.02711267649636,87.82533448515291,9.472887323503627,17.674665514847092,0.8280239659858237,0.9814051349961564,1.0312461019772383,1.3834017395737286,0.3565623705494744,0.2507242023031678,0.6434376294505256,0.7101057509973243,0.9906699148589926,0.9571707183485264,0.6434376294505255,0.4960974674649878,1.1102230246251563e-16,early
61,2014,00-0030432,2,18.7,0.345679012345679,119.0,3,89.04759135123662,74.78157180217062,99.60609801433318,73.03495522201672,19.393901985666822,45.96504477798327,0.3822352637326607,0.500447488792732,0.6790185965820701,0.8960165079743068,0.5071144320680648,0.4081924567917145,0.492885567931935,0.5019481181322689,0.9798031915173084,0.9040291750757552,0.3408646805770854,0.3295230211856995,0.0,early
62,2014,00-0030456,2,148.9,0.8919753086419753,90.3,2,51.50960013035264,32.41207805715092,64.2736282984089,114.97388638776648,154.5736282984089,205.27388638776648,1.1515525412909289,0.9931740459228842,1.6510552789648414,1.7368331532383694,0.7018071124243869,0.4492890760925921,0.1063455382865275,0.3746337960084027,0.2981928875756131,0.5048121854511924,0.041905013517816,0.0309795488683657,1.1102230246251563e-16,early
63,2014,00-0030485,2,237.6,0.9660493827160492,38.8,1,92.12828705674492,79.84764678329779,116.06125162720964,271.05892684781674,154.86125162720964,309.85892684781675,1.0672464233190553,0.6725083156758007,1.395846846041891,1.0953672083281425,0.7064460474807089,0.4428921239308703,0.293553952519291,0.380347487507599,0.1034759564102105,0.1657756173385418,0.0459307037365295,0.0215945634086767,0.0,early
64,2014,00-0030496,2,290.5,0.9907407407407408,249.4,3,54.34132663102099,70.68024569765086,76.55121938307715,127.8023449233912,172.84878061692285,377.2023449233912,1.6714489312281229,0.4548485709309443,27.631021115928547,0.8075447513080194,0.0,0.4459516453631652,0.197300526794347,0.375213706872849,1.0,0.6191059379487109,0.0367683677942326,0.0191335948004537,1.1102230246251563e-16,early
65,2014,00-0030513,2,72.7,0.7129629629629629,177.2,3,87.36271652347781,93.55898516202822,118.72972802779066,82.42378274150857,58.47027197220933,94.7762172584914,0.397418547417788,0.550464329727206,0.7751757792333497,1.0126379726039163,0.4606228059586142,0.3632594460496003,0.3883731315870123,0.5053725634058608,0.8418236044386619,0.880469599959304,0.2584972119524183,0.0725929217534438,0.0,early
66,2014,00-0030522,2,29.4,0.4444444444444444,0.0,0,17.41585507184787,9.40706023269766,45.2928122257996,53.79272954950709,45.2928122257996,53.79272954950709,0.6326615266109894,0.540446111730887,0.9567009175563238,0.956700917556324,0.4959909338476336,0.3507323627871691,0.4338065042184121,0.5556374625006839,0.1920790835794534,0.1920790835794534,0.3841581671589068,0.2306977908234587,1.1102230246251563e-16,early
67,2014,00-0030536,2,50.5,0.5524691358024691,0.0,0,41.35446640208615,23.91507773493447,74.79400357974608,97.93729129694546,74.79400357974608,97.93729129694546,1.0623877106226955,0.9601482703963348,1.760503411841181,1.7605034118411813,0.5885490840364366,0.4373968163544697,0.2628408844835557,0.4259214888894738,0.085979138098917,0.085979138098917,0.1719582761978341,0.1487140251707983,0.0,early
68,2014,00-0030547,2,97.6,0.7932098765432098,21.6,1,22.38297759366681,22.96664077406949,45.59057993320956,99.00660768348337,67.19057993320956,120.60660768348338,0.799021625558403,0.7462670789905299,1.246704022840744,1.3242416320786776,0.493080732862939,0.3734151811667161,0.5069192671370609,0.485473211062131,0.3239719660322384,0.361526477154794,0.2194685990817614,0.049787282134115,0.0,early
69,2014,00-0030578,2,62.1,0.6265432098765432,73.1,3,15.86432074174506,24.669676736761133,10.21871757608436,38.65298468761354,62.88128242391564,111.75298468761352,0.3740050160824495,0.4187653810341051,0.7434141390690263,0.7971333499587941,0.4754877598021497,0.4506188809975184,0.2929092207036066,0.3970282513402813,0.5245122401978503,0.6876628130240668,0.1121467283154977,0.1076236964420128,0.0,early
70,2014,00-0030653,2,1.7,0.0586419753086419,0.0,0,2.7746127669974747,0.8612125268651809,11.431108769945098,5.178250452079138,11.431108769945098,5.178250452079138,0.4572764908266918,0.3774316917745438,0.6503967759371894,0.6503967759371896,0.4781613173536165,0.3790204509271882,0.5218386826463836,0.5819563534661282,0.2609193413231918,0.2609193413231917,0.5218386826463834,0.6738033249539778,0.0,early
71,2014,00-0030656,2,121.4,0.8302469135802469,173.1,3,38.88006525607618,57.51325711220227,62.51692436993977,2.2230618372888387,110.58307563006022,175.32306183728883,0.1807689376501876,0.4409920238075908,0.3897318354462541,0.7978297411542047,0.6772384614992855,0.4503051832171697,0.3227615385007145,0.3768518835236414,0.5983796896798801,0.7539688982732983,0.0506865472982488,0.041718841663926,1.1102230246251563e-16,early
72,2014,00-0030668,2,1.0,0.0246913580246913,67.1,3,55.3051999507255,62.68456885184053,59.52183690865431,64.64025680855669,7.5781630913456866,2.4597431914433114,0.7937761717692692,0.8893866676429245,0.9942267176756152,1.2038643727697698,0.3700094557180762,0.300032531230524,0.6299905442819238,0.671897801304213,0.9634448545509456,0.9976621691608338,0.6299905442819237,0.7099747294059411,0.0,early
73,2014,00-0030705,2,47.7,0.5339506172839507,9.1,1,21.84373764755039,18.596673407049167,46.414766559631055,88.59165672963643,55.514766559631056,97.69165672963642,1.3035759892628702,0.8019001243599104,2.6608483245897623,1.368646964830729,0.6262674602602226,0.4494146057602755,0.2288085087511027,0.4133706085489057,0.1589196006407991,0.2710878096342797,0.1589196006407991,0.1608264205767493,0.0,early
74,2014,00-0030789,2,2.1,0.0648148148148148,5.5,3,5.071809154001912,2.920847130818493,12.23505471436303,0.6859118123907146,17.73505471436303,6.185911812390715,0.5698036514195074,0.6894194360890837,0.7630589513222916,0.9997609043272808,0.4662380439655204,0.3679674100699812,0.5337619560344795,0.5934768973273572,0.5337619560344795,0.7648800851899145,0.5337619560344795,0.6669807212697845,0.0,early
75,2014,00-0030855,2,16.6,0.3024691358024691,0.0,0,2.4511495084118757,4.890810955046177,12.485467629423702,33.787369879110955,12.485467629423702,33.787369879110955,0.3278871346178398,0.3640956442442876,0.684127920329889,0.6841279203298892,0.1815972062670849,0.3191582584336183,0.6524931224848157,0.6171833049101552,0.2522650140788839,0.2522650140788838,0.5045300281577677,0.3789036936272586,0.0,early
76,2014,00-0030860,2,20.6,0.3734567901234568,28.8,3,8.748412272458928,12.694780989969487,2.8412774460133967,22.213906945351507,31.6412774460134,51.01390694535151,0.2405202504255285,0.4556031463616409,0.4831352050980674,0.8496439744522528,0.6168464169548911,0.4275671296755209,0.29234942700727,0.4725918964949123,0.6280124113762953,0.6988367246326455,0.29234942700727,0.2995818825528978,0.0,early
77,2014,00-0030874,2,43.9,0.5092592592592593,77.4,3,23.759323383878986,33.00025814743043,27.03249039332554,7.980203840072846,50.36750960667447,85.38020384007285,0.3019430282882991,0.4707200891911678,0.6183855085846611,0.8885442757055843,0.5388136457468451,0.4112539896366065,0.2950905227519367,0.4672965044299324,0.6667181732787639,0.7776379719625275,0.2427375441196234,0.1782009744638957,0.0,early
78,2014,00-0030968,2,9.0,0.1820987654320987,7.5,3,6.295038733404127,5.418290057529806,14.66264285936779,20.89090739028409,22.16264285936779,28.39090739028409,0.3174655351534848,0.4961827146282195,0.5081838006354344,0.8384853832570829,0.601587189492177,0.4323648948518179,0.3984128105078229,0.5044976854179577,0.3984128105078229,0.5894988326038192,0.3984128105078228,0.5269482582158709,0.0,early
79,2014,00-0030985,2,9.3,0.191358024691358,0.0,0,5.209889494739244,5.120178349034728,16.41872181248135,27.952685980353213,16.41872181248135,27.952685980353213,0.6799031123624278,0.5276483955101792,0.8747977171931067,0.8747977171931071,0.5830536477728391,0.4156511384340756,0.4169463522271609,0.522085545008272,0.2084731761135804,0.2084731761135804,0.4169463522271608,0.515390655238963,0.0,early
80,2014,00-0030999,2,13.0,0.2716049382716049,0.0,0,6.55578562073436,4.89942547423113,22.118407297816663,30.67857290270228,22.118407297816663,30.67857290270228,0.577562238794526,0.4332729265659052,0.7708570495564884,0.7708570495564885,0.5373835868327791,0.356156479661205,0.4626164131672209,0.57795583354359,0.2313082065836104,0.2313082065836104,0.4626164131672209,0.4158534347284127,1.1102230246251563e-16,early
81,2014,00-0031008,2,28.7,0.4351851851851852,0.0,0,16.220953903190637,12.652485489794891,39.173403495380086,62.32754973488762,39.173403495380086,62.32754973488762,0.9343165189451011,0.73110895488051,1.2572993696558754,1.2572993696558754,0.6460920566221358,0.4105333162507922,0.3539079433778642,0.4816193705812258,0.1422105532522593,0.1422105532522593,0.2844211065045187,0.2390200120726504,0.0,early
82,2014,00-0031045,2,64.1,0.654320987654321,176.1,3,88.8620363964935,93.11303247253734,118.93303779896311,79.88837107914557,57.16696220103687,96.21162892085442,0.4103754862381333,0.5039844829626972,0.8054347690966164,0.9421842713503364,0.4468935887945066,0.3897755293417762,0.3750853408972499,0.4752075760356941,0.8551180143373693,0.880130586484057,0.2222757682792054,0.0949883470482595,0.0,early
83,2014,00-0031055,2,128.1,0.8672839506172839,8.7,1,83.1824607910298,52.943326182956326,119.63659341403677,168.87942479280207,128.33659341403677,177.57942479280206,1.0612057928755063,0.6842148986592059,1.87525647636583,1.1195374784681142,0.5152629473792071,0.4443785838871955,0.2096750636755321,0.3827901646705048,0.0563594237117587,0.0832092549510957,0.0563594237117587,0.0349099202137181,1.1102230246251563e-16,early
84,2014,00-0031057,2,23.5,0.3919753086419753,18.1,3,8.09290789883822,9.79220721649066,18.20026154443058,39.93645613981899,36.30026154443058,58.036456139819,0.201104533060181,0.4336506508509309,0.4337557899640947,0.8256995251892726,0.64807050148237,0.4379285432458696,0.2634946731987888,0.4559272286023643,0.35192949851763,0.5809649716411578,0.2634946731987887,0.2805125300991233,0.0,early
85,2014,00-0031062,2,8.1,0.1574074074074074,103.7,3,76.58416566969007,76.0987978674401,86.58287028946194,81.7432850700815,17.11712971053807,21.95671492991851,0.5105307889652552,0.6699274413031446,0.703678355787524,1.012733503663777,0.4947620417242707,0.3632247451472482,0.5052379582757294,0.5872591668599939,0.9819925966549156,0.9472642065091794,0.5052379582757293,0.5575946261407453,0.0,early
86,2014,00-0031066,2,68.1,0.6882716049382716,1.0,1,39.342680168163405,25.68031707499537,75.09786395399186,99.69619478345432,76.09786395399186,100.69619478345432,1.15497596945836,0.753611054972654,2.187082319492658,1.3195733692179208,0.5578491497719094,0.4004158387671021,0.302195462660254,0.4572009943208915,0.1899516998976259,0.1904538140877009,0.1899516998976259,0.0813595079053212,0.0,early
87,2014,00-0031075,2,93.6,0.7746913580246914,58.0,2,19.164128383465965,21.479335205382057,14.344701144103029,62.937075739569934,72.34470114410303,120.93707573956992,1.3957098850553171,0.9944353874769776,27.631021115928547,1.9395465487525063,0.5339983994572681,0.3838194619018781,0.4660016005427319,0.4724114108088273,0.4660016005427319,0.5842934844204072,0.2015615844875783,0.0543568173024361,0.0,early
88,2014,00-0031085,2,4.4,0.1172839506172839,4.0,3,9.21894995592509,2.924667298571832,24.538925652878405,10.560315131508924,28.538925652878405,14.560315131508924,0.3777968995706187,0.52480997863126,0.5702651541696627,0.8464053639764176,0.5653755071497818,0.4289540977732373,0.4346244928502181,0.5188462238614955,0.4346244928502181,0.5993845633554125,0.4346244928502181,0.6063764932007566,0.0,early
89,2014,00-0031123,2,10.9,0.2253086419753086,0.0,0,10.08253173731564,4.638630169989813,30.79879348890576,28.23020468261667,30.79879348890576,28.23020468261667,0.5751565198167694,0.4397347947332373,0.768438209971246,0.7684382099712461,0.5362632375134293,0.3708377260811661,0.4637367624865706,0.5682797246090742,0.2318683812432853,0.2318683812432853,0.4637367624865706,0.4729660209893107,0.0,early
90,2014,00-0031158,2,1.0,0.0246913580246913,12.4,3,4.837359995126469,8.384661523354298,1.8017814160436707,9.035578402513403,14.201781416043673,3.3644215974865976,0.487881026200719,0.596348833721863,0.6810276079456979,0.8906652630398525,0.5060966561154303,0.4103826495107552,0.4939033438845697,0.5512238320996342,0.6501168491051613,0.929072174187357,0.4939033438845696,0.7099747294059411,0.0,early
91,2014,00-0031209,2,13.9,0.2808641975308642,0.0,0,13.55539685911031,8.75058006748531,32.488763547919255,42.0926026243925,32.488763547919255,42.0926026243925,0.9893911724278028,0.7395774533490032,1.21518877969442,1.2151887796944203,0.7033459932450752,0.4621808514327581,0.2966540067549248,0.450330496221108,0.1483270033774624,0.1483270033774624,0.2966540067549248,0.4046481731996217,0.0,early
92,2014,00-0031243,2,20.2,0.3672839506172839,0.0,0,12.607052107131151,7.489917612440152,35.9231886206167,43.39619925054186,35.9231886206167,43.39619925054186,0.6581360115874355,0.5320534232921623,0.929505103674768,0.929505103674768,0.5356951050683176,0.3676835644740158,0.3947490218784579,0.5475498947891647,0.1973745109392289,0.1973745109392289,0.3947490218784578,0.3061007075711588,0.0,early
93,2014,00-0031277,2,110.3,0.8055555555555556,0.0,0,37.59925390353799,37.32742564960441,74.45395037596006,135.7606179967194,74.45395037596006,135.7606179967194,0.9693830587465704,0.8557868198905143,1.5525618460111084,1.5525618460111086,0.5306564509052714,0.3760013584180742,0.4693435490947286,0.4811274291326925,0.105852461552399,0.105852461552399,0.211704923104798,0.0469456976230759,1.1102230246251563e-16,early
94,2014,00-0031285,2,61.8,0.6203703703703703,234.1,3,131.54881538496977,134.38621543707103,164.70081575869517,129.02816925719196,69.39918424130482,105.07183074280805,0.3262511539720388,0.4534593256968433,0.6815714163329157,0.8622601819992801,0.5058215113288939,0.422206739028061,0.3153153308927339,0.435865998950027,0.9999999999999998,0.9036863072863366,0.1705972780435871,0.1106252771116183,0.0,early
95,2014,00-0031301,2,192.9,0.941358024691358,155.3,3,26.76348159626553,45.50249159802704,11.492801022134389,98.58229595042414,143.80719897786562,253.88229595042412,0.2286832284744195,0.4552189818293441,0.5074336920889134,0.8176831037698742,0.6020386144721939,0.4414532719797849,0.1627429434311203,0.3833057302291714,0.3979613855278061,0.6024995649212143,0.0518789660361163,0.0243642000757873,0.0,early
96,2014,00-0031332,2,3.9,0.0833333333333333,11.6,3,7.439471265578371,8.163760242686877,0.2196981224996097,5.354613068799852,11.81969812249961,6.245386931200148,1.095024486209208,1.1852393249114106,1.3468456063723613,1.5969623100627568,0.2600592975754043,0.2025107494657903,0.7399407024245956,0.7751204192599226,0.8166045287121232,0.8806256322924684,0.7399407024245955,0.646097674418259,1.1102230246251563e-16,early
97,2014,00-0031375,2,104.7,0.7993827160493827,138.0,3,49.55769084393759,53.14709414693408,65.24817066968834,9.22593204718524,72.75182933031166,128.77406795281476,0.3361315313657471,0.5309645873556929,0.6403312784319141,0.9842731518944864,0.5271177723664154,0.3737107592006857,0.4728822276335845,0.484672328508018,0.7805196098243958,0.7776561264338882,0.2176644055297253,0.0483466775048378,0.0,early
98,2014,00-0031376,2,68.3,0.6944444444444444,107.4,3,29.845565966220747,43.83330023603119,29.77181485551273,9.699172730935786,77.62818514448728,97.70082726906422,0.2605962305081249,0.5033256129955543,0.5741296593777316,0.941085539271895,0.5631948268969127,0.390204023576329,0.312499401689875,0.4704347490249634,0.7588938639770304,0.7958640075865657,0.2087740210385784,0.0790813848265243,1.1102230246251563e-16,early
99,2014,00-0031390,2,44.5,0.5154320987654321,50.9,3,17.105208774795187,20.97457204916312,2.071824941490476,28.986678914742207,48.82817505850952,79.8866789147422,0.2825793185186634,0.5231183995669817,0.5520560570646861,0.959321605934683,0.5757647873018819,0.3831527263637331,0.4242352126981182,0.5027206947776678,0.6101216627842675,0.7167745746484926,0.2915406665366931,0.1737240185049196,0.0,early
100,2014,00-0031391,2,124.3,0.8425925925925926,0.0,0,82.79255854381854,59.5774023472884,121.7058828256849,176.71640224833664,121.7058828256849,176.71640224833664,1.4844154795309907,1.2311521017655709,2.9184620050954075,2.918462005095408,0.7395332749753378,0.4475821253022826,0.2604667250246621,0.3798204064353359,0.0270083504287301,0.0270083504287301,0.0540167008574602,0.0393187043523299,0.0,early
101,2014,00-0031392,2,6.3,0.1388888888888889,0.0,0,4.282081796492269,4.104991038097602,13.194428165257332,21.138244608637155,13.194428165257332,21.138244608637155,0.7045652575412253,0.5601795079434395,0.9002550349805829,0.900255034980583,0.5935340165235795,0.4425261738650736,0.4064659834764205,0.5002151828931303,0.2032329917382102,0.2032329917382102,0.4064659834764205,0.5803076988550667,0.0,early
102,2014,00-0031413,2,83.2,0.7376543209876543,0.0,0,47.75197097369757,32.8450079771839,85.38257709330564,117.89656233144116,85.38257709330564,117.89656233144116,1.08433342744909,0.9619445106321284,1.8000784528774374,1.8000784528774376,0.5993315830668543,0.405607318410555,0.264470051642717,0.4454644230972634,0.0826429602784251,0.0826429602784251,0.1652859205568503,0.0647044123476615,1.1102230246251563e-16,early
103,2014,00-0031450,2,3.6,0.0771604938271604,0.0,0,2.091128052701446,0.8327601526594313,11.876692100016538,7.367261608206306,11.876692100016538,7.367261608206306,0.2170803866473111,0.1776554747880809,0.3996635507127105,0.3996635507127107,0.3294543873188753,0.2577154066882116,0.6705456126811246,0.714314784920168,0.3352728063405623,0.3352728063405622,0.6705456126811244,0.6531256096185426,0.0,early
104,2015,00-0028198,2,28.4,0.4590643274853801,0.0,0,3.6020518123606653,8.323637314420743,15.581350106420023,48.85149124372776,15.581350106420023,48.85149124372776,0.3638827333173028,0.5091633507852554,0.7355812311126408,0.9128731862204972,0.1349538354244837,0.3370948642094379,0.6764510566422146,0.5706812118354738,0.2396134182316684,0.2006846784242195,0.4013693568484391,0.2179752183522164,0.0,early
105,2015,00-0028841,2,12.8,0.2719298245614035,0.0,0,2.178540759824425,3.245825897243215,10.34060092763186,24.771432006401614,10.34060092763186,24.771432006401614,0.3126833224749326,0.2917457031036272,0.5815962047371174,0.5815962047371176,0.3228909760007138,0.2921860532745129,0.6771090239992862,0.6537166800106525,0.2795026835175151,0.279502683517515,0.5590053670350301,0.4154587191534011,0.0,early
106,2015,00-0029004,2,28.2,0.4532163742690058,11.2,1,7.007799556043267,7.166675070391314,9.279606747933542,26.18106964952777,20.47960674793354,37.381069649527774,1.263005203086198,1.1284176897771931,2.686697599054036,2.056044570683379,0.3004553789001105,0.2574856789192475,0.612895648331933,0.672749271739485,0.612895648331933,0.6719200769939706,0.5447901683242402,0.223002673768068,1.1102230246251563e-16,early
107,2015,00-0029048,2,3.5,0.1081871345029239,0.0,0,0.914742322955746,0.5918342483152879,7.257892068372784,6.057507532990093,7.257892068372784,6.057507532990093,0.1700212358199861,0.1371415493121388,0.344698101707542,0.3446981017075422,0.2915658037390411,0.2227996340799243,0.7084341962609587,0.7507816207117339,0.3542170981304793,0.3542170981304793,0.7084341962609586,0.6171831501627497,0.0,early
108,2015,00-0029068,2,8.2,0.1871345029239766,17.8,3,8.481631151429955,9.136234148130736,8.01084984212909,4.751611681135529,9.78915015787091,22.55161168113553,0.7016224387388018,0.6195243392382975,1.0938147828964733,0.9708351569954976,0.3349363440759419,0.3787665764182413,0.4706584711055425,0.5651496980602496,0.8479877353270636,0.7558918728008064,0.4706584711055425,0.5206653333904379,0.0,early
109,2015,00-0029104,2,26.2,0.4269005847953216,0.0,0,7.872855831692796,6.731814724250135,26.01579770893048,43.86576728344702,26.01579770893048,43.86576728344702,0.4412881681166253,0.4190443288054413,0.7792538931398852,0.7792538931398855,0.3635196830939781,0.3125971739313152,0.5335840471378861,0.6064843357181569,0.2293740793992,0.2293740793991999,0.4587481587983999,0.2466388543786815,0.0,early
110,2015,00-0029141,2,87.6,0.7280701754385965,65.2,3,17.479202766726473,23.730092059335576,2.9844949068189663,48.07618859209555,68.18449490681897,113.27618859209556,0.3012373665247848,0.544322299909535,0.5928024609620736,1.0041152050362847,0.5527759789111335,0.3663686525768932,0.4472240210888665,0.499876150672278,0.4472240210888665,0.6484942560365123,0.248344367553445,0.0676669261933062,0.0,early
111,2015,00-0029205,2,32.2,0.5087719298245614,22.5,2,10.793395708853083,11.327622206317557,2.374145617978389,19.839396341060223,20.12585438202161,42.33939634106022,1.4261420798552276,1.18161914789182,27.631021115928547,2.5011257639864417,0.3192984861226309,0.277834961460346,0.6807015138773691,0.6401723962555584,0.6807015138773691,0.7218975508157253,0.4885780744865808,0.1785582383957542,0.0,early
112,2015,00-0029239,2,56.2,0.6169590643274854,13.9,1,11.815562701847377,13.786296231070937,26.35370346131661,68.84051057590621,40.25370346131661,82.74051057590621,0.8976340934615901,0.8254947448199709,1.7091856702952677,1.4790878782789183,0.3053846732552336,0.3639121721046217,0.4673202342975491,0.5141525136937555,0.3738771613198898,0.4250624346414859,0.2863070973076215,0.1123153078716253,1.1102230246251563e-16,early
113,2015,00-0029260,2,2.0,0.0847953216374269,0.0,0,0.2695223638502528,0.191558676672972,3.580006912055369,2.626997866399741,3.580006912055369,2.626997866399741,0.0694937128311082,0.0745205219190435,0.2404854010452115,0.2404854010452118,0.1287588188126753,0.1662720686499266,0.786246123735944,0.8152851621607581,0.393123061867972,0.3931230618679719,0.7862461237359438,0.6444237415159054,0.0,early
114,2015,00-0029264,2,2.3,0.0906432748538011,0.0,0,2.4874433722022964,0.7760502403452509,11.571341984143894,5.65889541418091,11.571341984143894,5.65889541418091,0.3260886609651326,0.2651976083077673,0.517158101363393,0.5171581013633932,0.4037874818299427,0.3127242511707496,0.5962125181700573,0.6520048490168598,0.2981062590850286,0.2981062590850286,0.5962125181700572,0.6376929528365416,0.0,early
115,2015,00-0029273,2,32.2,0.5087719298245614,17.9,2,8.292800026637487,9.243971014792685,7.716528510005716,32.05466588601655,25.616528510005715,49.95466588601655,1.354938422877521,1.112612645399397,27.631021115928547,2.335727860313313,0.3900285048103015,0.3278070513666261,0.6099714951896984,0.5754529049771185,0.6099714951896984,0.6313740744616916,0.3965924499724137,0.1785582383957542,0.0,early
116,2015,00-0029384,2,17.9,0.3538011695906433,8.0,2,3.360620923095089,6.620089942566736,2.7575915246907208,32.89828103188848,10.75759152469072,40.89828103188848,0.7395978328498746,1.1478139921988084,1.313824185130778,2.4537355241021883,0.1937967839891405,0.3837149397949624,0.5374130310092664,0.5303132241504832,0.5374130310092664,0.5464134615443272,0.3758663560841454,0.3206098067723773,0.0,early
117,2015,00-0029429,2,13.2,0.283625730994152,0.0,0,3.407820054822981,2.376225332626632,16.639251818880695,21.328609192675675,16.639251818880695,21.328609192675675,0.240161279358002,0.2128546734354133,0.4740521375893621,0.4740521375893623,0.3035958748933545,0.2474465291682365,0.6224747973862522,0.7053940024919545,0.3112373986931261,0.311237398693126,0.6224747973862521,0.4013248446385213,0.0,early
118,2015,00-0029438,2,57.3,0.6286549707602339,0.0,0,16.247647723395154,19.92403137821607,40.37265356616989,86.3398035700794,40.37265356616989,86.3398035700794,0.6409135911119288,0.7739748233718152,1.1151700424485642,1.3714709255033937,0.3614440941995687,0.3783786094962484,0.4116786377466619,0.4934445373252389,0.1639297620615582,0.1268667309531767,0.2537334619063534,0.1066133959317198,0.0,early
119,2015,00-0029492,2,34.4,0.5233918128654971,17.6,2,7.858806218987418,9.31926393732966,2.979727733919429,34.68244965490157,20.57972773391943,52.28244965490157,1.3804047457102997,1.105302131673635,27.631021115928547,2.3141865902731484,0.3605779633302528,0.3282833937875067,0.6394220366697473,0.5728700521531485,0.6394220366697473,0.6152381080483507,0.3897901507180221,0.1680828300225613,0.0,early
120,2015,00-0029510,2,61.5,0.6461988304093568,0.0,0,17.39213190793398,20.239231344012808,42.03053296703207,88.22266986165975,42.03053296703207,88.22266986165975,0.7324321015451278,0.7455967095997202,1.3203218522741151,1.3203218522741154,0.3423755495678287,0.3686466878282525,0.433011547629241,0.5045229430944214,0.133524668848028,0.133524668848028,0.2670493376960561,0.0985388593475759,0.0,early
121,2015,00-0029588,2,14.6,0.3187134502923976,0.0,0,4.799739111292093,4.034325994359065,18.23847802404217,28.37414790387065,18.23847802404217,28.37414790387065,0.4161352788708939,0.354691573315547,0.67416793381697,0.6741679338169703,0.4115949414297298,0.3112310344297953,0.5884050585702701,0.6242842267137303,0.2547901243745443,0.2547901243745443,0.5095802487490886,0.3599780597012693,0.0,early
122,2015,00-0029613,2,212.3,0.9853801169590644,69.0,1,43.93691658842336,49.03322445107082,59.46157266910819,189.1481515362233,128.4615726691082,258.14815153622334,0.752799657965848,0.6796038205223576,1.0717427438472045,1.1524346618974384,0.5570105334984603,0.4166402217165876,0.4429894665015397,0.4164450080681976,0.2003622850697684,0.3597517570211542,0.1005782044833528,0.0196433737270127,0.0,early
123,2015,00-0029615,2,188.9,0.9678362573099416,159.5,3,23.751682548769026,46.089471355291806,14.028726886942138,83.61165460900108,145.47127311305786,243.11165460900108,0.1813408568082361,0.4594588734334066,0.4301500264404891,0.8268026524844169,0.6504115084797708,0.4374457186739364,0.1224140484182877,0.387903789090065,0.3495884915202292,0.6210216889763043,0.0574709714062449,0.0214065228108358,0.0,early
124,2015,00-0029619,2,4.3,0.1198830409356725,0.0,0,0.4749621716764522,0.5106214547051033,4.3266072195301,6.208270397671056,4.3266072195301,6.208270397671056,0.0939754646695543,0.0984230801087538,0.2845954109067723,0.2845954109067725,0.1551163470274584,0.1875299376875272,0.752318572642418,0.7894799461373957,0.376159286321209,0.3761592863212089,0.7523185726424179,0.6032691451123751,0.0,early
125,2015,00-0029626,2,0.3,0.0087719298245614,0.0,0,0.0868336884039482,0.0296507237902892,1.9842098294591928,0.4089910116136414,1.9842098294591928,0.4089910116136414,0.0161298043138918,0.0684108841010756,0.0940961973094905,0.2248092222442712,0.0898048003001283,0.1648894888680264,0.9101951996998716,0.820352877141378,0.4550975998499358,0.399334286211944,0.798668572423888,0.7260934029015623,0.0,early
126,2015,00-0029683,2,143.4,0.8918128654970761,0.0,0,76.1148428267903,66.0183456050311,113.32567460210254,193.0436048290921,113.32567460210254,193.0436048290921,1.2033170892075589,1.2025867597918194,2.7402734956500785,2.7402734956500785,0.4162325134305351,0.4386801699896488,0.2236267335754393,0.3894084829208459,0.0322763447994379,0.0322763447994379,0.0645526895988758,0.0310039508546436,0.0,early
127,2015,00-0029729,2,15.4,0.3362573099415205,0.0,0,3.5467881348103507,3.5113210894299485,15.336356709294698,26.751465286733318,15.336356709294698,26.751465286733318,0.3515980060239437,0.3048376128230119,0.6087562136943117,0.6087562136943121,0.3689316162668548,0.2847869227564464,0.6310683837331454,0.6538111888992448,0.2720135509510129,0.2720135509510127,0.5440271019020255,0.3400177580079431,0.0,early
128,2015,00-0029731,2,25.2,0.4181286549707602,14.5,2,5.386954176928251,8.435669924557672,2.9089207786271523,33.25264839842896,17.408920778627152,47.75264839842896,0.890627556940459,1.1379696249982916,1.6044037988957345,2.419536101958978,0.2795712418472081,0.3492039349762189,0.5194193969573158,0.5618331874307432,0.7204287581527917,0.6186607925580769,0.3996796627700314,0.2548820330037008,0.0,early
129,2015,00-0029795,2,42.0,0.5584795321637427,50.4,3,18.61035049002877,20.42677922709628,14.87543048780134,19.291776376536752,35.52456951219866,69.69177637653675,0.6405027472620175,0.5302771080856912,1.1730528749968556,0.9740403693280488,0.3094208746370047,0.3775544926469569,0.4707223738346017,0.5036093898366331,0.6905791253629954,0.735135879284748,0.2826710752496501,0.1449479779525554,0.0,early
130,2015,00-0029854,2,125.3,0.8508771929824561,149.1,3,30.271883813807555,46.031626908415234,34.05491324604215,26.50238752253364,115.04508675395785,175.60238752253363,0.4321338979989155,0.4473750272075658,0.7833116336154994,0.8119977049281688,0.4568904494265566,0.4439702581562442,0.2096609712004663,0.3843153600153639,0.5431095505734433,0.7121970148810646,0.0601141710908178,0.0377829331904508,0.0,early
131,2015,00-0029892,2,58.4,0.6403508771929824,42.6,3,13.557406299609324,16.069763008554347,4.966489420825575,53.97221295696324,37.63351057917443,96.57221295696324,0.6914473931534264,0.4550453614733013,1.2574531139792002,0.8633916961007875,0.2843773817352635,0.4217292763279306,0.4290099075322062,0.4339080440170099,0.7156226182647365,0.5890948141785953,0.1637109332149376,0.1011679626858672,0.0,early
132,2015,00-0029931,2,30.5,0.4766081871345029,14.6,2,5.766778704803574,8.673899607808657,7.249228911234715,37.04210354063348,21.849228911234714,51.64210354063348,0.9329681205747402,1.1143638521949455,1.7096090475591126,2.344655219850233,0.3136734065728013,0.3407584920793174,0.5053900770630699,0.5633612538799847,0.5053900770630699,0.5930290970233087,0.3868638861846269,0.2033866210410022,1.1102230246251563e-16,early
133,2015,00-0030039,2,12.7,0.2660818713450292,0.0,0,2.831331878725001,2.7405885737750744,13.150882854256896,22.77301444650128,13.150882854256896,22.77301444650128,0.2579360368446125,0.2449090593964065,0.516820209753146,0.516820209753146,0.2842961984430186,0.2688478283652765,0.5964140074167171,0.6821006319622551,0.2982070037083585,0.2982070037083585,0.5964140074167171,0.422579727379907,0.0,early
134,2015,00-0030107,2,107.0,0.7923976608187134,105.0,3,30.331145599437875,34.890990564976704,34.13157649879331,35.01569465280875,70.86842350120669,140.01569465280875,0.30106799798683,0.4976644162821041,0.5879956523063548,0.9285252245543052,0.5554394635733948,0.3951360177764548,0.4445605364266053,0.4555997172599894,0.8131811022998912,0.6938710583408254,0.1742339771755776,0.0499798373956597,0.0,early
135,2015,00-0030112,2,8.3,0.1988304093567251,24.8,3,12.695550077200604,13.531801342402424,14.173568518714994,3.6611583417766944,10.626431481285008,21.138841658223303,0.4979746414277216,0.6766570867707928,0.6911218192140522,1.0361743563244077,0.5010137068877936,0.3548094634306786,0.4989862931122065,0.5909444109148205,0.8494707460525659,0.8109817762000429,0.4989862931122063,0.5060508654356305,1.1102230246251563e-16,early
136,2015,00-0030117,2,23.3,0.3888888888888889,59.9,3,33.59261251180442,31.915418981054884,39.86278090215679,12.895090271522292,20.03721909784321,47.004909728477706,0.4740768635297379,0.6082066408122556,0.7789174909698795,1.0324545797044968,0.4589025086348603,0.3561317331265631,0.5410974913651396,0.5580745666883086,0.8882675607948067,0.8334984667208591,0.4026417447159531,0.2836389420680604,0.0,early
137,2015,00-0030247,2,4.6,0.131578947368421,0.0,0,2.988610986625435,1.298123803237603,13.497833149930042,10.189202463034656,13.497833149930042,10.189202463034656,0.2997965926284759,0.2391779926923035,0.489662832800007,0.4896628328000072,0.3871670134634896,0.2903944378681587,0.6128329865365103,0.6728016130363659,0.3064164932682551,0.3064164932682551,0.6128329865365102,0.5891860398831203,0.0,early
138,2015,00-0030248,2,0.7,0.023391812865497,0.0,0,0.3647340792238931,0.1029782805268493,3.826197275089106,1.1601642914834238,3.826197275089106,1.1601642914834238,0.1239310820948523,0.1039200422564685,0.2862548076132583,0.2862548076132584,0.248928787100701,0.202018444167002,0.7510712128992989,0.7791501970952506,0.3755356064496494,0.3755356064496494,0.7510712128992988,0.711311406309168,0.0,early
139,2015,00-0030280,2,15.6,0.3421052631578947,0.0,0,11.364613231861613,7.955525239727951,29.7037188225102,40.302136665370696,29.7037188225102,40.302136665370696,0.8506960741180688,0.6910597642084663,1.162110025613767,1.1621100256137675,0.6104043719347846,0.4269276464896478,0.3895956280652155,0.4798230149524183,0.156412707186833,0.1564127071868329,0.3128254143736659,0.3334845047782281,0.0,early
140,2015,00-0030282,2,15.7,0.347953216374269,0.0,0,10.371861699956472,6.496906760607001,28.173182013113387,36.33056638833273,28.173182013113387,36.33056638833273,0.6851355087903599,0.5683350442321771,0.9774912543269304,0.9774912543269304,0.5372023968256389,0.3854885516537648,0.3762538410023912,0.5292279263482975,0.1881269205011956,0.1881269205011955,0.3762538410023911,0.3270145841292241,0.0,early
141,2015,00-0030287,2,61.7,0.652046783625731,49.4,3,16.86444193130283,18.66264119464674,7.367632352156313,38.9958278188193,56.76763235215631,88.3958278188193,0.3595806178641528,0.5377386878873189,0.7110628538393664,0.9916601635644808,0.4911219291347047,0.37096032471421,0.3538539536286782,0.5007824905173672,0.5088780708652951,0.6602244763586599,0.260547966052247,0.0959707847296525,0.0,early
142,2015,00-0030288,2,24.3,0.4122807017543859,102.8,3,73.60649922427044,59.37549150499607,83.70748536181108,49.72061827353222,19.092514638188916,53.07938172646778,0.673156387365581,0.5054386602227248,1.2137018512001705,0.9186517095097808,0.2970954381576354,0.3990567229119733,0.4650346038037036,0.50037714124407,0.9846816181182594,0.8793823572886048,0.3172842058267515,0.2604771913000896,0.0,early
143,2015,00-0030348,2,54.5,0.6052631578947368,0.0,0,18.873427959079933,17.550857711084817,45.31865280143295,81.39776585878477,45.31865280143295,81.39776585878477,0.7063626951171444,0.6986177741668949,1.2320142037615105,1.2320142037615105,0.3903563270266029,0.3632882766329626,0.4210147936061926,0.5163702173430333,0.1458522166957478,0.1458522166957478,0.2917044333914956,0.1182817956794515,0.0,early
144,2015,00-0030388,2,66.1,0.6637426900584795,0.0,0,24.81590718676305,22.162983207293166,54.71698355126494,93.70913192822474,54.71698355126494,93.70913192822474,0.8174759643532671,0.7722001003181825,1.3718710869796678,1.3718710869796682,0.4706641453696925,0.3725666232248972,0.370512071798223,0.4973885687663472,0.1268159739310081,0.1268159739310081,0.2536319478620162,0.0910135604506999,0.0,early
145,2015,00-0030404,2,57.6,0.6345029239766082,119.4,3,62.325973834011485,57.12803658692938,77.70378790628405,33.83571543175553,41.69621209371596,85.56428456824447,0.6495076694433353,0.5290097489649725,1.1922938426475782,0.9783243201353728,0.3035242281079259,0.3759405273157367,0.446102929879107,0.4960337254884311,0.9283777213866018,0.8426736230615764,0.2565081277263799,0.1038591310601732,0.0,early
146,2015,00-0030414,2,79.8,0.6929824561403509,0.0,0,23.48030210707672,24.83318248674287,53.0100831047297,105.35477249681068,53.0100831047297,105.35477249681068,0.7459535602430672,0.7345603716384789,1.3041725280732452,1.3041725280732457,0.4017942220902478,0.3595166476113491,0.4236060663736395,0.5122139824671033,0.1356985077842568,0.1356985077842568,0.2713970155685137,0.0796156127766627,0.0,early
147,2015,00-0030432,2,27.9,0.4473684210526316,0.0,0,6.97019142357242,6.835762390149711,23.714390547698866,44.5122305146704,23.714390547698866,44.5122305146704,0.4291004584679566,0.4162042033787825,0.7778370989027287,0.7778370989027289,0.341886107543726,0.3071777829969156,0.5482549545416099,0.6104091474612937,0.229699285593778,0.229699285593778,0.459398571187556,0.2281122607305237,0.0,early
148,2015,00-0030433,2,47.6,0.5701754385964912,69.8,3,26.350346797029104,33.749924801808234,30.688581877854425,4.744853626517795,39.11141812214557,65.0551463734822,0.6562511174752186,0.6688685750479741,1.1329963263707885,1.1510358152106048,0.322066792001882,0.3163089620003372,0.5184496177380139,0.582768084878346,0.6779332079981181,0.8110161607672355,0.3949223850080078,0.1378466627047803,1.1102230246251563e-16,early
149,2015,00-0030456,2,138.2,0.8801169590643275,109.7,3,27.805831345509645,32.92829822094082,16.006297044734254,80.3889070363464,125.70629704473426,190.0889070363464,0.3831523276861439,0.4489496378689194,0.705702562519156,0.8101194892847303,0.4937615540074597,0.4448049136264477,0.1761799583841127,0.3814929181927681,0.5062384459925403,0.5944381940394559,0.0533288703581499,0.0328106197070299,0.0,early
150,2015,00-0030465,2,14.6,0.3187134502923976,23.3,3,14.086319224875965,15.376712332817966,9.598773307228068,4.731229153862046,13.701226692771934,18.568770846137955,1.0212240959460914,1.1026631003211926,1.3682635437034516,1.591217029275339,0.2545485885064316,0.2036775792567493,0.7454514114935685,0.7541219520999058,0.796631339032985,0.8614172515048987,0.6790567240908795,0.3599780597012693,0.0,early
151,2015,00-0030485,2,127.6,0.8625730994152047,22.6,1,75.91921981854796,41.83529109270749,107.50253383132144,153.2810644026807,130.10253383132144,175.8810644026807,1.2143187901566093,0.6858739847883953,2.3639631124502443,1.1302194294942565,0.5546837168748945,0.4403865823490535,0.1596852408098434,0.3886008562344284,0.0988054602873754,0.195060682421077,0.065638475059916,0.0357125807204701,1.1102230246251563e-16,early
152,2015,00-0030496,2,90.2,0.7339181286549707,261.4,3,127.79235064514684,144.34962859563828,167.31904451361967,139.99456746341798,94.0809554863803,121.405432536582,0.1503132021959335,0.5140848744100165,0.3707857863355812,0.9577823488766046,0.6901917742334445,0.3837429510393238,0.3098082257665555,0.475666060578057,1.0,0.8985690823450483,0.2112135129289271,0.0658446542259264,0.0,early
153,2015,00-0030513,2,169.3,0.9444444444444444,142.5,3,29.16567528874387,42.08703506005836,21.405331521589147,72.53713373426996,121.09466847841084,215.03713373427,0.366120942771976,0.4670870491640647,0.6992957246014135,0.8516223069733551,0.496935159787194,0.4267220958724642,0.1983209477984233,0.403764794853704,0.5030648402128061,0.629104511910729,0.0831562528632055,0.023999900108552,0.0,early
154,2015,00-0030536,2,22.4,0.3771929824561403,0.0,0,7.517769606019495,7.39784569376765,23.70787387873396,44.94922009639226,23.70787387873396,44.94922009639226,0.5683195188023458,0.4844885326021589,0.8636313202078792,0.8636313202078797,0.4715984187694338,0.3483181261045142,0.5284015812305664,0.5697214591510917,0.210814115966738,0.2108141159667379,0.4216282319334758,0.2956751277809286,0.0,early
155,2015,00-0030547,2,55.5,0.6111111111111112,0.0,0,24.719921242982053,21.646107340109324,52.37569772265575,90.54607239032984,52.37569772265575,90.54607239032984,0.8694535743073211,0.8517623021392592,1.5245943378137603,1.5245943378137607,0.4439114891670087,0.4000522201420481,0.3471039267594912,0.4666592001658557,0.1088546777037057,0.1088546777037057,0.2177093554074115,0.1152649800516229,0.0,early
156,2015,00-0030578,2,14.5,0.3070175438596491,60.5,3,31.543133158940897,31.128372941594822,38.16542971921863,19.07838089280054,22.33457028078137,41.42161910719946,0.2682673745747338,0.4246215681705831,0.5259542651174294,0.7972603103192712,0.5909911329735568,0.4505616738935433,0.4090088670264433,0.4585977661668764,0.8498515688870203,0.8348702587198295,0.2976038282893201,0.3735643991459746,0.0,early
157,2015,00-0030656,2,119.8,0.8333333333333334,123.5,3,28.471506802196465,36.28282410523892,0.5693254631509035,50.23487580363207,124.0693254631509,173.73487580363206,0.0794848872699609,0.4392221461885724,0.2453918793779194,0.7912180331783764,0.7823978725662288,0.4532923337903848,0.2176021274337711,0.372511739112395,0.5074794281705877,0.6648226293558367,0.0437670015863136,0.0411059835178557,0.0,early
158,2015,00-0030668,2,117.8,0.8216374269005848,48.2,2,16.68058238964135,23.49845499674292,8.287767982312573,85.9208672940867,56.487767982312576,134.1208672940867,0.7706590067292821,1.004136646378623,1.3888410033469352,2.003508866380012,0.1480247241378349,0.3525475007752401,0.6026111264333243,0.5125912572534244,0.6026111264333242,0.5177943676198321,0.258158009636578,0.0434749090485511,0.0,early
159,2015,00-0030705,2,10.4,0.2426900584795321,0.0,0,7.606137139641504,5.637275090016772,21.548165670822296,30.053176558224678,21.548165670822296,30.053176558224678,0.7678226869936607,0.5827449844587091,0.9665471872687916,0.966547187268792,0.6196057968554123,0.4217286293063064,0.3803942031445878,0.5057989678551413,0.1901971015722939,0.1901971015722938,0.3803942031445877,0.4513581701091715,0.0,early
160,2015,00-0030741,2,11.6,0.260233918128655,20.6,3,6.437322881753419,9.677024607207358,0.4896035217520662,13.078128801296224,21.089603521752068,33.678128801296225,0.2513787739562375,0.4723532481652658,0.43777188286016,0.8386227327820626,0.6454730095209692,0.4323055138169639,0.3545269904790307,0.4899780289223514,0.7196584438376078,0.7089470187209748,0.3545269904790307,0.429733060263693,0.0,early
161,2015,00-0030785,2,7.5,0.1725146198830409,0.0,0,3.7317927588283295,3.951027973420551,12.69801747487479,22.271646414453603,12.69801747487479,22.271646414453603,0.6195885536132684,0.4849818971880506,0.8132641744467638,0.8132641744467641,0.5565916607411884,0.4033709700312338,0.4434083392588115,0.5392695402656803,0.2217041696294057,0.2217041696294057,0.4434083392588114,0.5388808968443849,0.0,early
162,2015,00-0030789,2,94.04,0.7514619883040936,0.0,0,26.724515144749667,32.028361976639985,57.44913407719432,122.06142497806078,57.44913407719432,122.06142497806078,0.9103169390163826,0.8370279619395724,1.5089654666252916,1.508965466625292,0.4032038464611704,0.3768761924994542,0.5967961535388295,0.4836585811802165,0.1105693174803196,0.1105693174803196,0.2211386349606393,0.0606481939065297,0.0,early
163,2015,00-0030855,2,9.7,0.2339181286549707,0.0,0,2.104534005247784,2.7860923205016626,10.698460057351436,20.52450243182873,10.698460057351436,20.52450243182873,0.3201327479400218,0.3026527711142032,0.5900642474280223,0.5900642474280225,0.3280893226093205,0.305810701448078,0.6719106773906794,0.6428281041247726,0.2771458358881065,0.2771458358881064,0.5542916717762129,0.4622453073544932,0.0,early
164,2015,00-0030860,2,31.4,0.4941520467836257,118.7,3,73.51197004378339,68.14064931751189,87.64966558710954,58.61308564896802,31.050334412890468,60.08691435103198,0.4676276660300527,0.5009781898706572,0.8714132003484264,0.9276043834338742,0.4183599049267148,0.3955000428486915,0.377549518471247,0.490216417562614,0.9603494759794275,0.8863796730984528,0.279322213441981,0.1895377623214258,1.1102230246251563e-16,early
165,2015,00-0030874,2,31.1,0.4883040935672514,40.6,3,12.588524544599776,16.316872068777293,6.189580635653741,22.824688962828183,34.41041936434626,63.424688962828185,0.3967531727410631,0.4605054233844468,0.7701607616425475,0.8728061837557461,0.4629386395526504,0.4177775422258219,0.3335891548295268,0.4625481975647215,0.7680516741594563,0.7140971869327664,0.2418827498741615,0.1940720964946031,0.0,early
166,2015,00-0031045,2,70.3,0.6754385964912281,181.8,3,90.00416279335633,99.24654971859547,122.56605640118472,87.71371615582085,59.23394359881531,94.08628384417916,0.3748929058059139,0.5643719967634246,0.7280164690555432,1.0304344972978363,0.482865820121734,0.3568518757038886,0.3852829882587363,0.5174523903134354,1.0,0.885704767351291,0.2816890054793955,0.0862879537606715,0.0,early
167,2015,00-0031055,2,35.4,0.5292397660818714,3.0,1,21.71776898210563,14.216085373666452,45.904018897827626,65.93745059437957,48.904018897827626,68.93745059437957,1.3154725650560712,0.8196590332986269,2.925132187784351,1.432751625229461,0.5972455750862816,0.4243322531987,0.2619109836161838,0.4469047239533728,0.2082533850513381,0.237886039538882,0.2082533850513381,0.1640321253398405,0.0,early
168,2015,00-0031057,2,36.8,0.5409356725146199,0.0,0,18.94388193071913,13.279845138725925,44.37669318156678,63.246100290016784,44.37669318156678,63.246100290016784,0.8073396276832474,0.7195727479770693,1.2599099949452994,1.2599099949452996,0.5184823488310906,0.3810706411793945,0.3286043902252804,0.501537536173127,0.1418397789724519,0.1418397789724519,0.2836795579449038,0.1561665998801044,0.0,early
169,2015,00-0031062,2,82.6,0.6988304093567251,79.0,3,20.60837142344039,27.5466402169248,22.77162362069873,39.42193969675043,56.22837637930128,118.42193969675044,0.4657049109933801,0.4987651405772232,0.8917354853795484,0.9337192520905574,0.4099436837687953,0.3930889911778607,0.3689539769780159,0.4660912234958025,0.5900563162312047,0.6850916450295373,0.2016334986507711,0.0774983095724162,0.0,early
170,2015,00-0031066,2,14.6,0.3187134502923976,0.0,0,7.950549652427018,4.595857612131834,26.56507755798286,30.28451454929342,26.56507755798286,30.28451454929342,0.4819745193431525,0.4040605467829032,0.7411586958930644,0.7411586958930646,0.4501238836006862,0.3321855099336747,0.4765614057438167,0.5989881408585,0.2382807028719083,0.2382807028719083,0.4765614057438166,0.3599780597012693,0.0,early
171,2015,00-0031075,2,105.2,0.7719298245614035,45.1,2,23.030305511237152,23.01465330158726,34.70341430442844,94.81648863611872,79.80341430442844,139.91648863611871,1.4476798407141604,0.9920224883130032,27.631021115928547,1.9146160041173133,0.6089139906713982,0.394051567911548,0.3910860093286019,0.4585500099808532,0.3910860093286019,0.476051929680824,0.1808893475694449,0.0550712422795164,0.0,early
172,2015,00-0031085,2,10.8,0.2543859649122807,3.6,1,6.066926847382824,5.3424854904019625,15.068730750877828,27.64947890082829,18.668730750877828,31.249478900828294,1.536723290777578,1.07551885253388,27.631021115928547,2.026575581313361,0.6355051489382926,0.4279282984408036,0.3644948510617075,0.4962808909652065,0.3644948510617075,0.4747109478443164,0.3644948510617074,0.4369158581277545,0.0,early
173,2015,00-0031102,2,1.0,0.0350877192982456,27.7,3,17.32652730374329,24.006567342610744,17.754412165251278,25.39658506094692,9.94558783474872,2.3034149390530785,0.8427233006501736,0.9384429043550764,1.0473216982729194,1.263704146703647,0.3508762442144896,0.2826052739383417,0.6491237557855103,0.6901729359445109,0.8808875221922065,0.9858891457224962,0.6491237557855102,0.6991509306415515,0.0,early
174,2015,00-0031277,2,24.0,0.4064327485380117,10.9,2,7.952902955626634,8.341436951893932,18.55751219720128,41.63157783428469,29.457512197201275,52.53157783428468,0.9540370044436964,1.1072586038251482,1.7212582773635223,2.3145454857920766,0.4077532447972758,0.3964363379954928,0.4134057804768509,0.504752577165223,0.4134057804768509,0.5261030078733404,0.3250666966701175,0.2661513020782805,0.0,early
175,2015,00-0031285,2,253.4,0.9970760233918128,168.2,2,22.72416782435933,53.5934933435268,17.20643681277437,153.03698301349942,150.99356318722562,321.2369830134994,1.528135907999293,0.9839961188469748,27.631021115928547,1.741421624989086,0.6715245808266305,0.4365678876424989,0.3284754191733695,0.3881610586472244,0.3284754191733695,0.5465556368344598,0.0564355879833711,0.0185478360096473,0.0,early
176,2015,00-0031301,2,161.3,0.9210526315789472,13.2,1,119.46788320978771,65.58336180220451,145.0678779702346,204.5280295486539,158.2678779702346,217.7280295486539,1.471421859076404,0.6764723318848812,2.9690335340496894,1.095478871834423,0.7348105085577957,0.447726063721541,0.0923885524040998,0.3754150789070272,0.0471634635873743,0.0802107380040098,0.0410356352017924,0.0268988262138463,0.0,early
177,2015,00-0031332,2,8.2,0.1871345029239766,6.4,3,3.8169452671771538,4.318449820476161,0.8626364680579615,7.84327043718247,7.262636468057962,14.24327043718247,1.0782116903506584,1.026721216273716,1.5490469003003184,1.4303571466902594,0.2124503637404174,0.239223469114785,0.6656755775915454,0.7253548643089065,0.7875496362595824,0.7683640516696374,0.6656755775915453,0.5206653333904379,0.0,early
178,2015,00-0031375,2,26.2,0.4269005847953216,29.1,3,11.292773923389142,13.536803641799176,5.5593652799428455,20.831539512359285,34.65936527994285,49.93153951235929,0.4640244442036774,0.5991091719528066,0.7978764323763916,1.0333212714672482,0.450284158408649,0.3558232104033718,0.4479940196007014,0.552068864705901,0.549715841591351,0.7217844597470495,0.3839036823301358,0.2466388543786815,1.1102230246251563e-16,early
179,2015,00-0031376,2,63.9,0.6578947368421053,132.6,3,61.56419723044817,56.24671372531442,78.24258610498032,25.291834526225543,54.35741389501968,107.30816547377444,0.471176217417456,0.4357557789219815,0.8892156794224209,0.8253560729172054,0.4109779648518027,0.4380789766309158,0.33617076320291,0.4097267133826454,0.9037037736129576,0.8206278953759667,0.1245531935863267,0.0934626990615261,0.0,early
180,2015,00-0031390,2,135.0,0.8742690058479532,41.4,1,41.24469384547181,35.29177751266489,67.55948404655231,142.07269467237455,108.95948404655232,183.47269467237456,0.9620238778932988,0.6847707560956737,1.715727347042736,1.1321331810028228,0.4116048373916772,0.4377677394134881,0.2490776414199406,0.3915896716641782,0.2490776414199406,0.3184054230395808,0.0692447691949899,0.0337516958417822,0.0,early
181,2015,00-0031391,2,37.5,0.5467836257309941,0.0,0,36.945769108185104,15.625618891597796,71.31200661873886,68.72710864364359,71.31200661873886,68.72710864364359,1.069271542484946,0.8379878304329378,1.4841430249874517,1.484143024987452,0.6827770867628832,0.4098985541457715,0.2496973803634147,0.462902125662173,0.1133482653594173,0.1133482653594173,0.2266965307188346,0.1523504790467661,0.0,early
182,2015,00-0031413,2,46.2,0.564327485380117,0.0,0,34.4474070456443,23.28603508625062,62.43777898648085,91.01450080546118,62.43777898648085,91.01450080546118,1.2837768758137305,1.0388077426142803,1.979725926179903,1.9797259261799036,0.7287226915257943,0.4520861052453414,0.1821804097753449,0.4046371296001897,0.0690535418301551,0.0690535418301551,0.1381070836603103,0.1413600733889598,0.0,early
183,2015,00-0031493,2,9.4,0.2251461988304093,0.0,0,0.6537345557265883,1.9340445089372764,5.568312956333369,16.929645231341933,5.568312956333369,16.929645231341933,0.1042896226601351,0.2125233410632326,0.2592272892700164,0.466482818406831,0.2283523841129484,0.2578343254161823,0.7716476158870514,0.6998537835739703,0.3858238079435257,0.3136021925543289,0.6272043851086578,0.4731685698015486,0.0,early
184,2015,00-0031526,2,4.5,0.1257309941520467,0.0,0,7.326630974482981,1.9915563505619307,25.50618929021634,12.51300849975994,25.50618929021634,12.51300849975994,0.4636335318972776,0.3709042253398988,0.6567642132387134,0.6567642132387136,0.4814735360833851,0.3628411536469516,0.5185264639166148,0.5919305139170802,0.2592632319583074,0.2592632319583073,0.5185264639166147,0.5962474160130025,0.0,early
185,2015,00-0031531,2,1.2,0.0555555555555555,0.0,0,1.4797489528041474,0.2494386828795289,9.913070626533038,2.343541436104609,9.913070626533038,2.343541436104609,0.1864493149590203,0.1541102696929764,0.3643142376218721,0.3643142376218723,0.3053271319085649,0.2425416527554487,0.6946728680914351,0.7327045343838993,0.3473364340457175,0.3473364340457175,0.694672868091435,0.6771874432769831,0.0,early
186,2015,00-0031569,2,126.6,0.8567251461988304,0.0,0,64.24770076093274,57.276894008270745,103.11300055218103,173.04235644098404,103.11300055218103,173.04235644098404,1.1433018056736426,1.168229230305088,2.5465454469868427,2.546545446986843,0.372597530966019,0.4348684128546897,0.3064588044683243,0.3965954894218805,0.0391759348517503,0.0391759348517503,0.0783518697035007,0.036733729847615,0.0,early
187,2015,00-0031577,2,106.7,0.7865497076023392,127.6,3,46.69755872616122,47.26270215174458,59.47994171939642,5.3691669829303805,68.12005828060357,132.96916698293035,0.3614680371672916,0.5299220306977608,0.6732885707960735,0.9826647892720072,0.5100285518577172,0.3743123052398102,0.4899714481422826,0.4846735079957075,0.8052355063337401,0.7554488967188074,0.2189088456601513,0.0513871980407426,0.0,early
188,2015,00-0031590,2,35.7,0.5350877192982456,116.1,3,51.17532230105605,68.3539145351828,65.25737152052636,59.18467973108503,50.842628479473625,56.91532026891497,0.3566469061533105,0.5910336250923669,0.6499431785289077,1.0485859710367753,0.5220754410128043,0.3504329212350796,0.3873266999409612,0.5424160408333724,0.8707340039434437,0.8919971340750006,0.3436901205197161,0.1600602584602257,0.0,early
189,2015,00-0031595,2,13.6,0.2953216374269006,2.2,1,7.338043563594891,5.985648662801026,20.600235941726385,33.11157311948141,22.800235941726385,35.311573119481416,1.395272011831097,1.051929296961386,27.631021115928547,1.9685307891724952,0.4828358318310705,0.4034578097842832,0.3777713934040614,0.517433291730395,0.3777713934040614,0.4263531443986253,0.3777713934040614,0.3873531735844008,0.0,early
190,2015,00-0031599,2,30.1,0.4707602339181286,22.7,3,11.55046890948232,11.96185168720688,2.400909549409729,17.29078780489971,25.100909549409728,39.99078780489971,0.7495637526313799,0.839946302790052,1.1380521210873955,1.3279384127641685,0.3204425976727142,0.2650230666652621,0.598970709867048,0.6610889738955604,0.6795574023272858,0.745117088168509,0.5251934838661929,0.2081671666859617,0.0,early
191,2015,00-0031611,2,7.2,0.1637426900584795,0.0,0,3.357721603979982,2.9594893965804587,12.724498790069726,18.968647745849307,12.724498790069726,18.968647745849307,0.4727618089158982,0.3715526925462066,0.6659021086732465,0.6659021086732467,0.4861901937081301,0.3550144666247677,0.5138098062918699,0.595722204857017,0.2569049031459349,0.2569049031459349,0.5138098062918698,0.5497637171743022,1.1102230246251563e-16,early
192,2015,00-0031612,2,8.3,0.1988304093567251,6.2,3,5.857697237286844,4.719347394586393,14.586437155655895,19.24749361147789,20.786437155655896,25.44749361147789,0.3150060714367034,0.5022035736267915,0.5056167490177637,0.8506692861281188,0.6031334787131173,0.4271289647714297,0.3968665212868826,0.5075681223083948,0.3968665212868826,0.5811472315756098,0.3968665212868826,0.5060508654356305,0.0,early
193,2015,00-0031665,2,7.6,0.1783625730994152,14.6,3,7.117855172499807,8.346737546783885,3.611211771947037,2.4817609146433046,10.988788228052965,17.081760914643304,0.6595759118944566,0.8175778067812092,0.8539538693393955,1.180998239256536,0.425728325661775,0.306972153949437,0.5742716743382249,0.6486621096543065,0.73283236230353,0.7884876795604178,0.5742716743382248,0.5316043848237726,0.0,early
194,2015,00-0031682,2,22.8,0.3830409356725146,15.3,2,5.372598146124524,8.819785187923742,6.028927258582424,34.97231386556261,21.328927258582425,50.272313865562616,1.3832175779626563,1.1278961386630229,27.631021115928547,2.3870501271943585,0.4787917037631158,0.3859626353437322,0.521208296236884,0.522136985804525,0.521208296236884,0.6068166801839834,0.3558591698684558,0.2896200021293503,0.0,early
195,2015,00-0031687,2,1.0,0.0350877192982456,11.0,3,4.90633420659788,7.2985097225420255,1.9188447771813983,7.743076823482083,9.081155222818602,3.256923176517917,0.5077842004534615,0.6192335206253599,0.7009315373329307,0.9173139857636584,0.4961229314339352,0.3995909077824949,0.5038770685660648,0.5619187283513702,0.7192819002602481,0.920506424276028,0.5038770685660647,0.6991509306415515,0.0,early
196,2015,00-0031731,2,1.5,0.0701754385964912,43.4,3,31.442607837870508,37.61747087990955,34.23972349201605,39.8152672683547,9.160276507983951,3.5847327316452966,0.7662567723839707,0.8772077647643025,0.9648867605531756,1.2054132626406155,0.381026344508924,0.2995681735942316,0.6189736554910761,0.6685604586514537,0.9508485669018096,0.986604963839674,0.618973655491076,0.6609983826745383,1.1102230246251563e-16,early
197,2015,00-0031743,2,13.5,0.2894736842105263,9.4,2,7.817883357991132,6.126508558407615,18.096989849664624,23.699448685981796,27.496989849664622,33.09944868598179,1.5128452105062515,1.1950281908719538,27.631021115928547,2.6157101473554105,0.5801411582966323,0.3782026275183995,0.4198588417033677,0.5486815252520316,0.4198588417033677,0.6210631578244339,0.4198588417033676,0.3943174145221985,0.0,early
198,2015,00-0031768,2,0.7,0.023391812865497,0.0,0,1.463814843879538,0.2017546826737886,8.720723849369826,1.6238970316897434,8.720723849369826,1.6238970316897434,0.2428053373346633,0.203599778920694,0.428368690216998,0.4283686902169982,0.3484288573975061,0.2827678409321754,0.6515711426024938,0.6908736615848414,0.3257855713012469,0.3257855713012468,0.6515711426024937,0.711311406309168,0.0,early
199,2015,00-0031806,2,1.5,0.0701754385964912,41.9,3,29.49710941621794,37.4369214549363,31.002556704716696,39.16635548913874,10.897443295283304,2.7336445108612635,1.0066018101552812,1.1006192122796905,1.2359349754240712,1.4764614775115108,0.2905629660937902,0.2284446162876824,0.7094370339062097,0.7472509247644856,0.9290235991407788,0.9891102116860052,0.7094370339062096,0.6609983826745383,0.0,early
200,2015,00-0031826,2,4.1,0.1140350877192982,0.0,0,2.36276422219807,0.8372714295737982,13.431353459934009,7.780579796767112,13.431353459934009,7.780579796767112,0.2081263099768767,0.1674172684509494,0.3894759379880609,0.3894759379880611,0.3225882127239592,0.2453788229507349,0.6774117872760408,0.7250359548536138,0.3387058936380204,0.3387058936380203,0.6774117872760407,0.6102485822378518,0.0,early
201,2015,00-0031830,2,1.9,0.0789473684210526,0.0,0,2.870182925543796,0.6099425393524669,13.931727203709697,4.577855064856013,13.931727203709697,4.577855064856013,0.30241836326082,0.2472898830823036,0.4924230742063558,0.4924230742063559,0.3888562480279955,0.3037853831621703,0.6111437519720044,0.6630764287988105,0.3055718759860022,0.3055718759860021,0.6111437519720043,0.6510979027525395,0.0,early
202,2015,00-0031897,2,122.6,0.8391812865497076,28.1,1,51.06803030879699,37.09840063382046,85.14864820578597,144.53396127522862,113.24864820578595,172.6339612752286,1.112777158533945,0.6893443035057281,1.4996320925262132,1.1350227999426834,0.7106347581402545,0.4421454817440698,0.2893652418597456,0.3875677683669157,0.1740623753329368,0.2453087348023795,0.066152975354925,0.0399683346376078,1.1102230246251563e-16,early
203,2015,00-0031900,2,1.1,0.0467836257309941,78.4,3,65.23470899876693,73.29022448377012,70.33331431989161,75.55462531532572,8.066685680108389,2.8453746846742844,0.7203713657329216,0.8265752059598277,0.9166775961329208,1.1408730474188693,0.3998452842254251,0.3195399264942546,0.6001547157745749,0.6486481445392119,0.9902250392411364,0.997891402368776,0.6001547157745748,0.6867038317163084,0.0,early
204,2015,00-0031939,2,106.4,0.7807017543859649,1.4,1,45.26515534017361,37.53973026935421,83.3098111570026,136.8586687533663,84.7098111570026,138.2586687533663,1.0176438158289516,0.7344218888252765,1.5579028322524362,1.2917070018275982,0.5982566377007941,0.3881955835394089,0.401743362299206,0.4659674342645085,0.1911661380830681,0.1915370095503009,0.1911661380830681,0.0528319841060987,0.0,early
205,2015,00-0031959,2,9.0,0.219298245614035,4.8,2,4.451161485606075,5.013534805970156,12.01958961425006,23.6678260030793,16.81958961425006,28.4678260030793,1.5433538690500372,1.202331799541844,27.631021115928547,2.6212852608727526,0.6472308884881791,0.4500187330930827,0.352769111511821,0.4772719146448902,0.352769111511821,0.5130748118006875,0.3527691115118209,0.4804656933917939,0.0,early
206,2015,00-0032058,2,52.6,0.5935672514619883,141.7,3,59.23800649018507,70.97516389442318,78.56930406806771,51.0730784040498,63.13069593193227,90.6269215959502,0.3733146339244972,0.4673793717952685,0.7493991339164225,0.886007873172619,0.4726504670702767,0.4122984192846846,0.3362621152338411,0.4527489354873475,0.8446616646572157,0.860248448996066,0.2010445637416926,0.1245207779360088,0.0,early
207,2015,00-0032063,2,10.6,0.2485380116959064,39.1,3,18.34570298927532,24.087021164912723,15.325091518313616,16.965895038923787,23.774908481686385,22.13410496107621,0.598157158811037,0.7911426819289687,0.7915999929166678,1.1816873219310216,0.4531192274311352,0.3067606976204144,0.5468807725688649,0.6397191643055237,0.8330365357462752,0.8658775454910299,0.5468807725688647,0.4441252123857628,0.0,early
208,2015,00-0032068,2,2.5,0.0964912280701754,0.0,0,3.378807682600863,0.9991721737960626,14.14950799698171,6.680630044517655,14.14950799698171,6.680630044517655,0.3913224521148858,0.317381490919041,0.5839988292305504,0.5839988292305505,0.4423361007847347,0.3410678205676416,0.5576638992152654,0.6198170311584563,0.2788319496076327,0.2788319496076326,0.5576638992152653,0.6309077284991857,0.0,early
209,2015,00-0032104,2,104.0,0.7631578947368421,102.4,3,24.895227616851045,34.04746621652197,18.67619018939573,39.56245386487467,83.72380981060428,141.96245386487467,0.2530153001202191,0.4885549362510998,0.5252845031969926,0.9137905876821198,0.5913870889130419,0.4010013088635087,0.4086129110869581,0.4496730999424864,0.7457655127353221,0.6890117489364544,0.1684697881497213,0.0573996586643984,0.0,early
210,2015,00-0032122,2,5.1,0.1432748538011695,0.0,0,2.1439914821041945,0.6162390532043114,15.06498620191803,7.354677456745271,15.06498620191803,7.354677456745271,0.1320636973963122,0.1047847010286643,0.2970143221396482,0.2970143221396485,0.2569666295419624,0.1908961374302608,0.7430333704580376,0.7840955113298771,0.3715166852290188,0.3715166852290187,0.7430333704580374,0.5749552426820358,0.0,early
211,2015,00-0032130,2,26.7,0.435672514619883,6.4,1,5.675226788852566,8.513459606164268,15.704342433148382,46.99878979795452,22.104342433148386,53.398789797954514,1.0138753288323272,0.9380984262065452,2.022180102729324,1.7042528278090434,0.3195736066568561,0.3783451406260911,0.4726365872639594,0.522178261907396,0.4726365872639594,0.4466692332437159,0.340270009708658,0.2385769098121533,2.220446049250313e-16,early
212,2015,00-0032133,2,23.4,0.3947368421052631,0.0,0,11.674284698243737,8.055303005716425,33.36016547454953,47.04033136835599,33.36016547454953,47.04033136835599,0.6458916038640443,0.5247676989502916,0.9246956680898364,0.9246956680898368,0.525111403351236,0.3579081746369407,0.3966521146040187,0.5548715534867414,0.1983260573020093,0.1983260573020093,0.3966521146040186,0.2777331084685961,0.0,early
213,2015,00-0032144,2,86.3,0.7222222222222222,230.1,3,117.12157314885636,120.6653343331154,153.53933835798074,110.08572039079412,76.56066164201926,120.01427960920589,0.271063712714249,0.5015706008598366,0.5929151842993933,0.9377525237115968,0.5527136716698066,0.3915067494554153,0.3044176140418294,0.4660741485482815,1.0,0.8845869134891318,0.1983181434468117,0.0695358761107095,1.1102230246251563e-16,early
214,2015,00-0032152,2,117.3,0.8157894736842105,0.0,0,49.95369343844052,42.394170692587096,89.58846585344314,147.92388997732886,89.58846585344314,147.92388997732886,1.088021352868184,0.918167214114829,1.6963245127000122,1.6963245127000124,0.6176789276639918,0.3886027567869211,0.3823210723360082,0.4630976129799071,0.0916781052466269,0.0916781052466269,0.1833562104932538,0.0447077201380674,0.0,early
215,2015,00-0032187,2,183.8,0.9619883040935672,10.0,1,83.24214252104309,73.66996959802398,119.52831868947736,224.38743522175773,129.52831868947737,234.38743522175773,1.129260858454105,0.6755138631101387,2.071213412025735,1.1206241094687726,0.5381762678809487,0.4322333544170594,0.1953619318394012,0.3954053964665007,0.069329172620922,0.0864418575033386,0.069329172620922,0.0220279555802023,0.0,early
216,2015,00-0032209,2,122.9,0.8450292397660819,60.7,2,37.42695407244988,27.557230531371005,56.31163293341864,110.70262793331716,117.01163293341864,171.40262793331715,1.580281193215849,0.9903628004026116,27.631021115928547,1.7732586943681587,0.7322913292114153,0.4398828319598638,0.2677086707885845,0.3903383389571188,0.2677086707885846,0.4528388987577824,0.0698362279170629,0.0388608953102202,0.0,early
217,2015,00-0032241,2,189.4,0.9736842105263158,325.3,3,138.85389762773522,122.86055171379203,170.69905059741404,81.71867337182297,154.60094940258597,243.58132662817704,0.1434796546400928,0.4590887800770827,0.3816346903972896,0.8247711642942714,0.682744420747534,0.4383352877538588,0.1341114598246782,0.386453473094449,1.0,0.8108278810637964,0.0549346374668906,0.0208022484362004,0.0,early
218,2015,00-0032257,2,107.3,0.7982456140350878,154.1,3,47.027912865322286,57.79017514126375,65.76710469324276,12.291197773729664,88.33289530675724,141.80880222627033,0.2253356338398391,0.4894913953720373,0.4873867267252861,0.9133853422388304,0.6142294480643562,0.4011638457481203,0.3857705519356438,0.4468929988597311,0.7177159058999274,0.7803511145129113,0.1604256415833878,0.0486090455925483,0.0,early
219,2016,00-0029795,2,26.2,0.4676470588235294,7.9,1,4.912699080116681,6.644892349137095,9.891442665312558,34.64542797584431,17.79144266531256,42.54542797584431,1.122290990112349,0.9896932404072692,2.352948566179701,1.8053343258801016,0.3042463800406482,0.3223975020309162,0.5188323231865393,0.5881634267933215,0.5188323231865393,0.5482535778158997,0.4237439490926732,0.210745676951421,0.0,early
220,2016,00-0029854,2,86.5,0.7470588235294118,63.4,3,19.01599432612698,24.17070471165431,0.3130514233439996,36.76413432719296,63.086948576656,100.16413432719295,0.3549822949228587,0.6075396335187091,0.6536465490962104,1.0944745842650354,0.5201455778954446,0.334715425506941,0.4798544221045554,0.5417234026620221,0.4798544221045554,0.6755792005849279,0.3091799918733876,0.0619151646957445,0.0,early
221,2016,00-0029892,2,41.3,0.5794117647058824,43.4,3,16.428222034029673,17.799058173051975,12.879924639331882,19.222006307430483,30.52007536066812,62.62200630743048,0.4452902299503983,0.5739400058323804,0.7816886797835836,1.0338905114193746,0.4576325635778291,0.3556207192546101,0.5423674364221709,0.5297332237089896,0.7643807542521408,0.7273199840996827,0.3161646909310139,0.1324472328833223,0.0,early
222,2016,00-0029931,2,3.5,0.1411764705882353,19.5,3,11.286601802884675,13.525657654230525,9.998510896912936,12.500933505627811,9.501489103087064,6.999066494372186,0.8318221320528632,0.9616113117627768,1.035388712123297,1.33086947842786,0.3550883269575348,0.2642474039689405,0.6449116730424652,0.7013395530622838,0.8506567587062706,0.9047068229995638,0.6449116730424651,0.5775182993771109,0.0,early
223,2016,00-0030107,2,108.8,0.8205882352941176,55.5,2,19.077949270858333,22.697053139573285,11.58982247093148,68.1635120731875,67.08982247093148,123.6635120731875,0.6000532157521968,1.004880796976465,1.1072405887524073,2.00649323579174,0.2168893542512256,0.3516456780414496,0.4526410401260765,0.5138949557813939,0.4526410401260765,0.57115790556289,0.2602271504356457,0.043693675575857,0.0,early
224,2016,00-0030117,2,32.8,0.5323529411764706,0.0,0,6.20330162319226,6.636453266210978,22.006820537593757,42.686118689695256,22.006820537593757,42.686118689695256,0.4086567075201757,0.3983080909081375,0.7606560638628783,0.7606560638628788,0.3151435478632527,0.2848958547408597,0.5446187567570666,0.6283001739723482,0.2336798542958516,0.2336798542958515,0.467359708591703,0.1619079158973995,2.220446049250313e-16,early
225,2016,00-0030280,2,5.3,0.1970588235294117,0.0,0,1.7693241256502317,1.712128989540206,7.877518089296311,12.163690008365831,7.877518089296311,12.163690008365831,0.4049519074964709,0.3134652015573967,0.597788422206968,0.5977884222069683,0.449973281149265,0.3191654090481625,0.5500267188507351,0.6322731573054886,0.2750133594253675,0.2750133594253675,0.550026718850735,0.5082658092210632,0.0,early
226,2016,00-0030282,2,2.2,0.1,0.0,0,0.5629707964026354,0.3918525501186423,5.378326005650217,3.919679233051396,5.378326005650217,3.919679233051396,0.1357619005366321,0.1423308162608691,0.3516321844712003,0.3516321844712003,0.1925480538839392,0.2279778702774246,0.8074519461160606,0.7456134831887498,0.3517694234524531,0.3517694234524531,0.7035388469049063,0.6268114075346491,0.0,early
227,2016,00-0030287,2,18.1,0.4058823529411764,0.0,0,1.850778559987896,4.734942090214009,9.0344604863326,31.327182399480183,9.0344604863326,31.327182399480183,0.241674901505565,0.4084085577923909,0.5125732565615955,0.7614648537272249,0.1861006150597404,0.3132238963052547,0.8138993849402596,0.608787161080709,0.2994761680276105,0.2334909328073861,0.4669818656147722,0.266689373260596,0.0,early
228,2016,00-0030288,2,72.4,0.6735294117647059,40.2,2,14.462505438938308,17.25068181474232,1.011039034986922,57.16424821328694,39.18896096501308,97.36424821328694,1.3403858899561694,1.0265036250058448,27.631021115928547,2.0728731544271577,0.3219548386781462,0.3577346492947021,0.6780451613218538,0.5164415999032161,0.6780451613218538,0.5891668495949931,0.2804634165108602,0.0870438699576007,0.0,early
229,2016,00-0030348,2,2.2,0.1,0.0,0,0.3945687738907732,0.1023471896972605,5.593872071412472,2.0032130940025783,5.593872071412472,2.0032130940025783,0.0459112193469997,0.0371751033576543,0.1642982617186617,0.164298261718662,0.1515110876256251,0.1165116397871759,0.8484889123743748,0.8699918102693069,0.4242444561871874,0.4242444561871872,0.8484889123743745,0.6268114075346491,0.0,early
230,2016,00-0030391,2,4.1,0.1735294117647058,0.0,0,1.118127437681471,0.4536017786662043,8.484418395366868,5.5766309901268665,8.484418395366868,5.5766309901268665,0.1304591173324037,0.1020690936490672,0.2949091657215738,0.2949091657215739,0.2554007804729692,0.1849308089257037,0.7445992195270306,0.788697682271185,0.3722996097635153,0.3722996097635152,0.7445992195270305,0.5376193077835495,1.1102230246251563e-16,early
231,2016,00-0030404,2,105.5,0.8029411764705883,55.6,2,17.162845435862337,22.45520163234481,4.234305593269646,71.35892787626739,59.83430559326965,126.95892787626738,1.370393883770967,0.9979871133463591,27.631021115928547,1.971752186668872,0.4879440929057702,0.3667900976212893,0.5120559070942297,0.4939971866556823,0.5120559070942297,0.5614379533193423,0.2314940996480122,0.0475342793157115,0.0,early
232,2016,00-0030414,2,170.8,0.9088235294117648,61.0,1,35.8770580245552,40.32857498589124,54.556013174946216,161.70211951568024,115.55601317494622,222.70211951568024,1.060607433533102,0.6826261095018857,1.987896794582348,1.140691930025539,0.4355418475638229,0.4293942682224364,0.218915198011593,0.4015297774345098,0.218915198011593,0.3696197778799872,0.0819319714603715,0.0285471808494459,0.0,early
233,2016,00-0030432,2,119.0,0.8323529411764706,0.9,1,39.01089259484896,50.74721501179782,73.32020604839752,161.07534754937183,74.22020604839753,161.97534754937183,0.5987829864931274,0.6966846377666216,1.0673462592377392,1.1770335329276151,0.2267800113709629,0.4251225357050542,0.447296504611162,0.411568146861922,0.1033765226475741,0.1034450963645137,0.1033765226475741,0.0412997163782991,0.0,early
234,2016,00-0030433,2,122.7,0.8470588235294118,8.2,1,46.32898684812284,48.00651427667859,80.83421204492204,159.38784351884692,89.03421204492204,167.5878435188469,0.7818947198420686,0.6913090498640895,1.3664457315643397,1.156435057845964,0.2902097839001266,0.4314537492021784,0.3423050337232998,0.4018990382486925,0.1198806871409924,0.1123618206745465,0.0872933028773395,0.0384834759878996,0.0,early
235,2016,00-0030456,2,90.3,0.7617647058823529,63.9,3,18.283928400639887,22.94486125432674,8.758160116117516,49.60348984455252,72.65816011611751,113.50348984455252,0.271521301848895,0.5395986877191105,0.5526942754205587,0.9976372126600076,0.5753974408820438,0.3687496897589923,0.4246025591179562,0.4940347937991249,0.4246025591179562,0.6339520072097664,0.2356497488302046,0.0577778721251946,0.0,early
236,2016,00-0030465,2,29.1,0.4970588235294118,8.4,1,4.013482639487373,6.312475731983376,1.9241745679147737,30.228772888511124,10.324174567914774,38.62877288851112,1.063326524797959,1.0557189204249733,1.639169293132419,1.9130637347534447,0.1917256383110115,0.2755662560475441,0.8082743616889885,0.6444656163708897,0.6141331118959727,0.6035859994451529,0.4968382145352403,0.1873143152402838,1.1102230246251563e-16,early
237,2016,00-0030485,2,38.8,0.5617647058823529,0.0,0,8.324936068736399,5.4248259927429885,30.89910894999643,40.3926796500868,30.89910894999643,40.3926796500868,0.2733026514958025,0.2871589978591158,0.5522163277250673,0.6034684532415516,0.288209749170666,0.2380138640177988,0.6222842402676205,0.6867795192095054,0.2878362582467729,0.2734557029652784,0.5469114059305569,0.1429232016366869,0.0,early
238,2016,00-0030496,2,249.4,0.9794117647058824,0.0,0,96.36602981573157,106.85980523757536,133.45421474648649,308.7755938288955,133.45421474648649,308.7755938288955,1.2700760093094232,1.143429734430061,2.439076839165051,2.4390768391650512,0.5573334851581527,0.4230863584124419,0.4426665148418472,0.4076084272255477,0.043620676049096,0.043620676049096,0.087241352098192,0.0202266110112233,0.0,early
239,2016,00-0030513,2,177.2,0.9264705882352942,109.9,2,30.40097167708226,37.555431179467575,16.07121326441026,115.17282421549416,125.97121326441028,225.07282421549417,0.8256926275806005,0.9809796004002346,1.268562067056475,1.7888113933020884,0.5415823004600241,0.4225950503630867,0.1771819702509358,0.4102462120076949,0.458417699539976,0.540664785281473,0.0941783488763322,0.0261984717146752,0.0,early
240,2016,00-0030547,2,21.6,0.4323529411764706,0.0,0,3.691989779422208,5.968972089471698,15.062597751642851,37.26406625607517,15.062597751642851,37.26406625607517,0.3308226101741667,0.4556871957110748,0.6260848487561111,0.8318632533372701,0.2876141950010957,0.3247442981114964,0.7123858049989042,0.5903706019258744,0.2673405328419679,0.2176187862413394,0.4352375724826788,0.2416063771059158,0.0,early
241,2016,00-0030578,2,73.1,0.6794117647058824,82.5,3,39.952813493445525,30.334859682337964,51.25052729503902,22.63532990010674,31.249472704960983,105.13532990010674,0.9141494440880592,0.5113424449569938,1.4247393442053895,0.9536122502297968,0.2405711613038861,0.3853465382347443,0.7594288386961139,0.4785148511111672,0.9578228250578528,0.7282212583662355,0.2231079020458271,0.0847338632808133,0.0,early
242,2016,00-0030656,2,173.1,0.9147058823529411,122.7,3,28.02708722626503,38.4341174729376,5.873060130644674,108.49614654627491,128.57306013064468,231.1961465462749,0.3664572913624187,0.4537141304257658,0.6828576867094145,0.8178349602195762,0.5051713063624157,0.4413862395429754,0.1702508612776376,0.3845443741368065,0.4948286936375844,0.5625637693807746,0.0554740548446837,0.027742410035538,0.0,early
243,2016,00-0030668,2,67.1,0.6676470588235294,11.6,1,19.13332888704012,19.53391733320072,40.85077637675494,89.21439485602649,52.45077637675495,100.81439485602648,0.8293449823612212,0.7652119907200466,1.3187476576941672,1.3453300340821792,0.4768199466026713,0.3967722241951484,0.5231800533973285,0.4643068403870341,0.3274914833093849,0.304671507000002,0.2038531053226566,0.0894106998884202,1.1102230246251563e-16,early
244,2016,00-0030705,2,9.1,0.2617647058823529,0.0,0,2.1611006342140904,2.7428027090972087,10.212538346960203,19.346417294157703,10.212538346960203,19.346417294157703,0.3538202571956828,0.3386518203949948,0.6427868837474421,0.6427868837474423,0.3280746432439622,0.317130860049144,0.6719253567560378,0.6256360188109558,0.2629124835610162,0.2629124835610162,0.5258249671220324,0.4278576061095545,0.0,early
245,2016,00-0030741,2,7.0,0.2264705882352941,16.7,3,7.810445227955149,8.351159099548628,5.700508503206811,2.481454604386492,10.999491496793189,19.18145460438649,0.5980259233720356,0.5712053579781291,0.954560461304804,0.9343385242659624,0.3849813215580873,0.3928456374620359,0.6150186784419127,0.5424596130839556,0.8145940113974283,0.767515408287095,0.4313115224072402,0.4715174646785664,0.0,early
246,2016,00-0030789,2,5.5,0.2029411764705882,0.0,0,4.137077355597775,3.4039391514322386,13.761266757730128,17.41291029434157,13.761266757730128,17.41291029434157,0.6344068191661774,0.608347506598841,0.9879977054911564,0.9879977054911566,0.4612100044815282,0.4428865524338259,0.3723214423470172,0.4886401740895094,0.1861607211735086,0.1861607211735086,0.3723214423470172,0.5009105680212699,0.0,early
247,2016,00-0030860,2,28.8,0.4911764705882352,0.0,0,6.55137074288422,7.953356062960779,21.634246841517104,46.18430670411926,21.634246841517104,46.18430670411926,0.5128984078024453,0.5084789233345084,0.9161837045697264,0.9161837045697268,0.3427560476440618,0.3299438970611348,0.4940611572919118,0.5751352026410533,0.2000214066064109,0.2000214066064109,0.4000428132128218,0.1918347215781097,0.0,early
248,2016,00-0030874,2,77.4,0.7088235294117647,81.6,3,28.424558290023175,27.807046229210883,38.879630021741,32.08566780168351,42.720369978258994,113.68566780168352,0.7191056945781653,0.4777865530873856,1.097145199331011,0.898037711825824,0.333822722013045,0.4073682498515997,0.666177277986955,0.4457106633045186,0.9353892103686224,0.6984009600813581,0.1696606028139374,0.0739992953496669,0.0,early
249,2016,00-0030968,2,7.5,0.2441176470588235,6.8,3,3.550866237075648,4.0736660954008,3.367080003267451,9.678610618841912,10.16708000326745,16.478610618841913,0.7918102697267912,0.7513605232548517,1.1921178780261243,1.1357924288168684,0.3035776423331961,0.3211675180738703,0.5275211330181973,0.6234360868508961,0.6964223576668039,0.7067451993195071,0.527521133018197,0.4495904607610385,0.0,early
250,2016,00-0031045,2,176.1,0.9205882352941176,93.4,2,25.931490972567275,36.785755418487724,21.475520447515574,130.27948568964584,114.87552044751558,223.67948568964584,0.6983905600815381,0.9808772956409928,1.1420572169951082,1.7936060155329976,0.457839208719814,0.4211954418216302,0.2229990302950437,0.4124453652595701,0.542160791280186,0.4950120772643351,0.0979196112591419,0.0269596968236186,0.0,early
251,2016,00-0031055,2,8.7,0.25,0.0,0,1.1472136179975545,0.8201994360634721,9.573198811606812,10.431938399195008,9.573198811606812,10.431938399195008,0.1113161855508863,0.1030758309749314,0.3024316004089545,0.3024316004089549,0.1981277115110726,0.1764463413963284,0.8018722884889274,0.7926530586911448,0.3695095175650048,0.3695095175650046,0.7390190351300093,0.4423205449336793,1.1102230246251563e-16,early
252,2016,00-0031057,2,18.1,0.4058823529411764,0.0,0,5.488361657481267,7.314662946294611,17.258227615316567,38.93688095141672,17.258227615316567,38.93688095141672,0.598765345498395,0.630920270557903,1.086171354240577,1.086171354240577,0.3032983647216055,0.3893092396901603,0.4760749280729198,0.5137574920903528,0.1687531074635005,0.1687531074635005,0.3375062149270011,0.266689373260596,0.0,early
253,2016,00-0031062,2,103.7,0.7911764705882353,190.6,3,88.09598223617832,82.6192277913804,121.15291899478748,55.00825482354887,69.44708100521251,135.59174517645113,0.2959910066522941,0.4986942469676649,0.5820056960636851,0.9304054807938122,0.5587765060472173,0.3943937588507444,0.4412234939527827,0.4567060433784772,1.0,0.832336595782252,0.1760373752565216,0.0502706782163053,0.0,early
254,2016,00-0031066,2,1.0,0.0470588235294117,0.0,0,0.2021974007614457,0.097368057175085,3.280061946070476,1.3398932479918468,3.280061946070476,1.3398932479918468,0.0284204104875188,0.0712377186298746,0.1269321475512508,0.2321711978769305,0.1192065654389866,0.1655465214369584,0.8807934345610133,0.817959594495571,0.4403967172805066,0.3964051921166527,0.7928103842333054,0.686407600166074,0.0,early
255,2016,00-0031075,2,58.0,0.638235294117647,79.3,3,20.61763085069471,30.848112135394786,26.45052616407837,10.401364563551835,52.84947383592163,89.70136456355183,0.4259079429617665,0.4981016620784891,0.825931601914296,0.9331014400040007,0.437826922016176,0.3933319213425717,0.3537151014285258,0.4722756197925155,0.8857563408348408,0.7600689171160461,0.2207748529602718,0.1021343131214285,0.0,early
256,2016,00-0031085,2,4.0,0.1647058823529411,0.0,0,3.541527087570413,1.4869844522715177,13.685509039365302,10.017064025438996,13.685509039365302,10.017064025438996,0.4286112986199309,0.3367039871519833,0.6216297841582662,0.6216297841582662,0.4629315816726759,0.3377530183385575,0.537068418327324,0.6152525723249743,0.268534209163662,0.268534209163662,0.537068418327324,0.5485708746827607,0.0,early
257,2016,00-0031102,2,30.4,0.5147058823529411,46.8,3,24.919382987786044,23.09501625033564,28.186522903458705,1.205287149211955,18.61347709654129,45.59471285078804,0.7349175917117748,0.6700896381826256,1.2695956410605922,1.1401856335009009,0.280945201517058,0.3197596582017377,0.5286388573133146,0.5850914499154616,0.897189032488318,0.8089958656801368,0.409043367775505,0.1742460730226221,0.0,early
258,2016,00-0031158,2,12.4,0.3205882352941177,0.0,0,5.429525166883687,4.578613467340251,17.517309443322265,27.81044505021872,17.517309443322265,27.81044505021872,0.5213740760379804,0.4760389916345559,0.8400985601081266,0.840098560108127,0.4199455058697616,0.3600582917399253,0.4316679760899807,0.5650174680942592,0.2158339880449903,0.2158339880449903,0.4316679760899806,0.3578203176448886,0.0,early
259,2016,00-0031285,2,234.1,0.9676470588235294,9.1,1,110.55657608402738,99.92398016074652,139.54647536208645,293.3087854320033,148.64647536208645,302.4087854320033,1.004702416319751,0.6731284890949238,1.325190207314363,1.1037545662937935,0.6801917790262203,0.4390402065105307,0.3198082209737797,0.3856794551606436,0.054055814743937,0.062328308635109,0.054055814743937,0.0214263569364677,0.0,early
260,2016,00-0031301,2,155.3,0.8794117647058823,3.1,1,88.68810142031155,70.12748080422185,123.83820180637228,209.68448112402768,126.93820180637228,212.78448112402768,1.1529359304502895,0.6827283189864026,2.192210765682763,1.1188138571906778,0.5031137238637112,0.4428783980285034,0.1692119017264468,0.3842093401952407,0.0575423015220115,0.0590319081919559,0.0575423015220115,0.0329227442971749,0.0,early
261,2016,00-0031332,2,11.6,0.3088235294117647,0.0,0,1.7974939532680745,3.2555099810583705,9.390662909034836,22.9182889392705,9.390662909034836,22.9182889392705,0.1969846624120269,0.3520162719821562,0.4483715376852998,0.6689057339090522,0.2045696455738003,0.3123432162714336,0.6386673509563047,0.6244150604925637,0.3193336754781523,0.256134414804021,0.5122688296080421,0.3714528183007845,0.0,early
262,2016,00-0031375,2,138.0,0.861764705882353,0.0,0,54.381156569252,60.00509406123565,90.98883386212876,184.24978634211007,90.98883386212876,184.24978634211007,1.10034328817865,1.1247783808515892,2.3475589295065533,2.3475589295065533,0.3143614993989302,0.4263274914674086,0.3216513391725323,0.4081641541619814,0.0478011247194232,0.0478011247194232,0.0956022494388465,0.035852094250894,1.1102230246251563e-16,early
263,2016,00-0031376,2,107.4,0.8147058823529412,0.0,0,35.65178422011424,37.18046173193119,69.52930710661806,132.6739976562782,69.52930710661806,132.6739976562782,0.9937019951646364,0.8790569856455361,1.604694964153221,1.604694964153221,0.5336563452952333,0.3803236719582633,0.4663436547047668,0.4746012923241064,0.1004754213863727,0.1004754213863727,0.2009508427727454,0.0449397834859702,0.0,early
264,2016,00-0031390,2,50.9,0.6205882352941177,0.0,0,22.74655306280646,15.436652236292147,52.53952476282805,72.35489111788934,52.53952476282805,72.35489111788934,0.7214422894350089,0.6692848045292018,1.1832959995861685,1.1832959995861685,0.4595541572775032,0.3531064285689289,0.3953574146591265,0.5281703790236557,0.153133807626152,0.153133807626152,0.3062676152523041,0.1105181023766721,0.0,early
265,2016,00-0031569,2,60.2,0.65,3.0,1,30.126896807030175,22.550328091326136,60.03733587095756,92.44046182598268,63.03733587095756,95.44046182598268,1.108822825583904,0.7624073567756344,2.1077670709257776,1.3293223781098058,0.5233777987858277,0.4094251282734175,0.3061133958740945,0.4492609488063641,0.1846044111909068,0.1960901202838181,0.1846044111909068,0.0968627338218871,0.0,early
266,2016,00-0031577,2,4.9,0.188235294117647,65.1,3,37.52437163485942,50.8582309947965,43.94831790383076,54.21464547601096,21.151682096169232,10.885354523989037,0.6533369882075248,0.8158678296271172,0.8475793790936299,1.1832608272017928,0.4284507946783913,0.3062783876040331,0.5715492053216087,0.6482336698664068,0.8381429622078014,0.95937906034036,0.5715492053216085,0.5192909717968982,0.0,early
267,2016,00-0031590,2,195.8,0.9382352941176472,42.4,1,54.69482487406939,58.4996494725473,83.33304863825006,213.89771796524147,125.73304863825008,256.2977179652415,1.0868795248854732,0.6763167777169732,1.9832221213474648,1.1122352781614275,0.4938624459048162,0.438324153523452,0.1966052613910996,0.3878033117933459,0.1966052613910996,0.2300414448065944,0.0589801839643775,0.0247382713656846,0.0,early
268,2016,00-0031595,2,1.0,0.0470588235294117,1.1,3,1.0371371152011726,0.7593847253604442,4.08208022283416,0.6755461494653265,5.182080222834159,1.7755461494653266,1.0525401731865247,1.1372380161554811,1.2926027664802395,1.516984907040786,0.2745552491104078,0.2193723187539783,0.7254447508895921,0.7587709755796438,0.7254447508895921,0.8030336914466533,0.725444750889592,0.686407600166074,0.0,early
269,2016,00-0031599,2,28.5,0.4852941176470588,14.9,2,9.353576168281506,8.683613488619503,6.071252881302838,15.84000193507274,20.97125288130284,30.74000193507274,1.4551567221832664,1.3023144566766225,27.631021115928547,2.769075102932643,0.2821047181948573,0.2199499596219153,0.7178952818051427,0.7173300529216229,0.7178952818051427,0.7466031761990468,0.6017302930180219,0.1964378491068943,0.0,early
270,2016,00-0031612,2,41.1,0.5735294117647058,0.0,0,11.023883451629455,12.562609779785596,29.99934014023625,62.301370580048896,29.99934014023625,62.301370580048896,0.6968672251627329,0.6377269527251525,1.1259483759185267,1.125948375918527,0.4156162652596932,0.3525296732619694,0.5843837347403068,0.53456267330292,0.1621723603646144,0.1621723603646144,0.3243447207292288,0.1358649085744865,0.0,early
271,2016,00-0031665,2,80.0,0.7205882352941176,53.6,2,18.10699206855842,20.34710737812017,4.807095482759387,48.3568962292392,48.792904517240615,101.9568962292392,1.3405741276548118,1.0160755373463577,27.631021115928547,2.0390578122215794,0.3844567023183882,0.3581486310539003,0.6155432976816116,0.5117000888729089,0.6155432976816116,0.6314822538151796,0.2670261212524604,0.0700665596740603,0.0,early
272,2016,00-0031682,2,17.2,0.3911764705882353,0.0,0,4.510192577384698,4.261724245860901,18.566947984474616,29.44928061198996,18.566947984474616,29.44928061198996,0.3679269406309998,0.3748082888798691,0.7126737458930801,0.7126737458930802,0.2884838437644815,0.3032578232439683,0.5854220261754188,0.6233547618490656,0.2451657108018763,0.2451657108018763,0.4903314216037526,0.281319700012761,1.1102230246251563e-16,early
273,2016,00-0031687,2,0.6,0.0147058823529411,40.6,3,36.73699975538318,38.93352847646041,37.92217980154522,39.69815247478654,2.6778201984547807,0.9018475252134625,1.20597291948582,1.272400798717706,1.498442428417822,1.7017801825803396,0.2234779721457284,0.1823586033204222,0.7765220278542715,0.8010493415571903,0.9844013094814992,0.9985967799812115,0.7765220278542713,0.7201507340487869,0.0,early
274,2016,00-0031706,2,1.1,0.0588235294117647,0.0,0,0.3585072719223601,0.2049499934242702,4.204048802775598,2.0318900274765355,4.204048802775598,2.0318900274765355,0.0571602018454756,0.1388538611421389,0.1851934794112209,0.3425413321447739,0.1690565021604843,0.2298716235869819,0.8309434978395158,0.7464490441961024,0.4154717489197579,0.3549818872268004,0.7099637744536009,0.6736036895739185,0.0,early
275,2016,00-0031731,2,37.4,0.5441176470588235,10.7,1,5.44636537822954,8.487171148486595,10.238597705376382,42.74331182869243,20.93859770537638,53.44331182869242,0.7810568138162788,0.9392072371827334,1.273291714036382,1.6994434584910867,0.3196745743648399,0.3183385514072099,0.6803254256351603,0.5832019247713962,0.4971785997312452,0.5314039714045113,0.4004167014572265,0.1540806088331045,1.1102230246251563e-16,early
276,2016,00-0031743,2,21.8,0.4411764705882353,0.0,0,7.162131792058604,8.09229100703142,20.994513474210148,43.13195191953874,20.994513474210148,43.13195191953874,0.5996418457753077,0.6229760109050568,1.0816595939823863,1.0816595939823868,0.3134251988304622,0.3774021718883826,0.4673312700648895,0.5224130183710146,0.1695162011806942,0.1695162011806941,0.3390324023613883,0.2336116971156323,0.0,early
277,2016,00-0031746,2,3.5,0.1411764705882353,0.0,0,2.457461197087252,0.7910219311527724,12.936558223210524,6.909323611182002,12.936558223210524,6.909323611182002,0.2457500508236531,0.1951796012252535,0.4316068572445918,0.4316068572445922,0.3505353411737917,0.2608591915656489,0.6494646588262083,0.7051690136945854,0.3247323294131041,0.324732329413104,0.6494646588262081,0.5775182993771109,0.0,early
278,2016,00-0031768,2,1.2,0.0676470588235294,0.0,0,0.4307644773797436,0.1373690170069559,4.356811264790538,1.7327925648182054,4.356811264790538,1.7327925648182054,0.1052786236334828,0.0865379269350458,0.2606281350572152,0.2606281350572153,0.2294325866496331,0.1807098371744946,0.7705674133503668,0.8002021507941913,0.3852837066751834,0.3852837066751833,0.7705674133503667,0.6638265528471595,0.0,early
279,2016,00-0031793,2,9.3,0.2676470588235294,0.0,0,2.0236674774547616,1.096921244021818,13.256266798495108,12.314532787703149,13.256266798495108,12.314532787703149,0.1788160731644025,0.1343512152288,0.3552641775782117,0.3552641775782119,0.2990117666283406,0.1988984730760619,0.7009882333716594,0.7646691284145357,0.3504941166858297,0.3504941166858296,0.7009882333716593,0.420670525250594,0.0,early
280,2016,00-0031806,2,12.5,0.3264705882352941,36.4,3,17.57533575934237,19.438803191427343,20.09413778821142,7.821790467274901,16.30586221178858,28.578209532725097,0.5035907284794894,0.5929835776515064,0.8174917214032361,0.9944803107415324,0.4415377664368532,0.3699156357823276,0.4129671048419704,0.5520666069711191,0.9206708337981706,0.8277905895356532,0.4129671048419703,0.3510877830023736,0.0,early
281,2016,00-0031861,2,2.0,0.0911764705882352,0.0,0,1.377613245465506,0.4335411317167925,8.914753201701995,3.943413823581068,8.914753201701995,3.943413823581068,0.2097428265642998,0.1705347572677431,0.3913234156579824,0.3913234156579826,0.3238385605238356,0.2507050944272084,0.6761614394761645,0.7209758292275774,0.3380807197380822,0.3380807197380822,0.6761614394761644,0.6370765217021174,0.0,early
282,2016,00-0031897,2,64.0,0.6558823529411765,0.0,0,37.10316575715808,26.020113907531737,69.86628968170282,100.85438146077055,69.86628968170282,100.85438146077055,1.0116760675088623,0.9296315407155162,1.70763351791816,1.70763351791816,0.5525011893570447,0.4100384478389846,0.2955937958675655,0.4477429810891861,0.0906471575599975,0.0906471575599975,0.181294315119995,0.094319070694887,0.0,early
283,2016,00-0031900,2,1.4,0.0764705882352941,33.2,3,26.04301079906967,28.57259762938346,27.88560020291968,30.230680029031177,5.314399797080328,2.9693199709688245,0.868256944815698,0.974340591434229,1.0755334554339646,1.3206125410983174,0.3411157367125474,0.2669717207198176,0.6588842632874524,0.7041108175051015,0.97407268362306,0.9831479280136926,0.6588842632874523,0.6539070196631368,0.0,early
284,2016,00-0031939,2,77.3,0.7029411764705882,0.0,0,38.60370073981242,28.17665770797308,73.7248080737231,109.22754877761427,73.7248080737231,109.22754877761427,0.9817887991666464,0.8670381156634986,1.569252818624915,1.569252818624915,0.5754619571724303,0.3892744191504735,0.3044266090277793,0.4708807497597629,0.1041003439653266,0.1041003439653266,0.2082006879306533,0.0760409703769004,0.0,early
285,2016,00-0031959,2,0.3,0.0029411764705882,33.6,3,29.52187695962215,32.51955070735094,30.563059514119413,33.0238017633315,3.0369404858805886,0.5761982366685036,1.4551173410407643,1.107532113811013,1.917122018709415,1.4626911800357631,0.147029501963648,0.2316121253295262,0.8529704980363519,0.7479898185407434,0.9798378542608728,0.999518293389892,0.7181981361990472,0.7318555571769167,0.0,early
286,2016,00-0032048,2,15.0,0.3558823529411765,0.0,0,2.7016115172049098,1.9907270795101224,15.095831174012396,19.50364950890357,15.095831174012396,19.50364950890357,0.2133932431814037,0.1855964578446893,0.4414146327422591,0.4414146327422593,0.2841598852665667,0.2189979951114476,0.7158401147334332,0.7317157072444681,0.3215629950945871,0.3215629950945871,0.6431259901891742,0.3183465050355117,0.0,early
287,2016,00-0032058,2,160.1,0.8911764705882353,165.6,3,30.387356642521496,48.67826717952124,44.59938484167432,52.04581239547102,121.00061515832569,217.645812395471,0.4178930327578075,0.4511609570090904,0.7621968258899152,0.8146000253570294,0.4666401729586733,0.442816407279655,0.2043566094685959,0.3836835431779143,0.5333598270413267,0.6755739763740516,0.0558296339534983,0.0310997285714369,0.0,early
288,2016,00-0032063,2,14.5,0.35,103.8,3,71.95828664093254,72.13238426181626,83.3059458991383,73.68521387075694,20.494054100861703,30.114786129243058,0.4999903389229123,0.6430176890453032,0.7873894743044738,1.0585475493663077,0.4550311165696068,0.3469593859121253,0.4375658050816561,0.5759390950962355,0.9770621292823468,0.9282429773607934,0.4375658050816561,0.3247654120591025,0.0,early
289,2016,00-0032068,2,4.6,0.1794117647058823,0.0,0,2.8267056619167583,1.239765080620849,12.89571419862461,9.735822612616452,12.89571419862461,9.735822612616452,0.3226545721852789,0.2517610419367073,0.513588906477919,0.5135889064779192,0.4016556810162647,0.2893501614912359,0.5983443189837352,0.6687093099428306,0.2991721594918676,0.2991721594918675,0.5983443189837351,0.5302973791754673,0.0,early
290,2016,00-0032104,2,21.8,0.4411764705882353,3.9,1,10.342506906972664,5.121715765315248,30.03536115483813,30.542924696976517,33.935361154838134,34.44292469697651,1.345355563657159,1.048753656598873,2.938383452044393,1.9211518859905856,0.4748629536576105,0.3013736686685511,0.5251370463423897,0.6186239733553112,0.4721857885060069,0.5312633786107221,0.4721857885060068,0.2336116971156323,0.0,early
291,2016,00-0032130,2,3.7,0.1529411764705882,0.0,0,2.533397163366896,1.179334292838579,12.32046267831248,8.628091537750961,12.32046267831248,8.628091537750961,0.3567928506061186,0.2818196739073015,0.5488217709153832,0.5488217709153834,0.4223700099475095,0.3112494900454378,0.5776299900524905,0.6468489208584021,0.2888149950262452,0.2888149950262452,0.5776299900524904,0.5630983154050998,1.1102230246251563e-16,early
292,2016,00-0032144,2,213.6,0.95,225.5,3,52.93268492282933,66.34508359563011,87.88499615766082,52.092388122836894,137.61500384233918,277.5923881228369,0.2649713211976213,0.4582714304091079,0.5509467954574043,0.8258437319332477,0.5764038154344223,0.4378653955498257,0.1530934655503734,0.3879777718452419,1.0,0.6866616946690838,0.058559681496891,0.0233575047602776,0.0,early
293,2016,00-0032187,2,339.8,0.9970588235294118,204.6,2,18.80587710988893,70.54645906905029,48.96955846417311,226.02306232463312,155.6304415358269,430.6230623246331,0.1495722928505859,0.9839264602486774,0.3529620805001597,1.741765822974763,0.0,0.4364189765329356,0.2973961647418661,0.388370287319235,1.0,0.5156590683990165,0.0567590410287777,0.0185494022398155,0.0,early
294,2016,00-0032209,2,90.7,0.7676470588235295,122.1,3,29.732710425228184,43.24831636616463,25.663704188718924,5.43366159202273,96.43629581128108,127.53366159202272,0.1272689605865273,0.4706183805484027,0.3441419256044904,0.879758884766009,0.708828320022453,0.414882934218381,0.2911716799775469,0.4302632034817333,0.658352569667154,0.7558865502278892,0.1386022966507978,0.0561967308720206,0.0,early
295,2016,00-0032241,2,160.2,0.8970588235294118,316.1,3,133.4509495807116,127.40764724765654,161.47175761945388,95.34580125771777,154.62824238054614,220.75419874228223,0.1403088459954437,0.4463273247498202,0.3610508734206681,0.7973128116655742,0.696943541662999,0.4505380194200226,0.0933602120791212,0.3726369699019811,1.0,0.8311038607540684,0.0384627840517519,0.0302252380119275,0.0,early
296,2016,00-0032257,2,95.2,0.7794117647058824,87.0,3,18.146307600624223,27.61018544158192,9.238063028912862,46.6566502508897,96.23806302891286,133.6566502508897,0.1279231661748773,0.4664600591565881,0.3442873636904444,0.870077895024233,0.7087252368846078,0.4189189162775473,0.2912747631153922,0.4238003513261745,0.6649311093461008,0.6557150021302192,0.1274483088355152,0.0531558116878786,0.0,early
297,2016,00-0032298,2,1.1,0.0588235294117647,0.0,0,0.5781199098670493,0.1413496165351533,5.541017353956223,1.687421435791928,5.541017353956223,1.687421435791928,0.1160329171847974,0.0957645311372936,0.2755770473855845,0.2755770473855846,0.2408660594446604,0.1909012298282201,0.7591339405553396,0.7894338216619012,0.3795669702776698,0.3795669702776697,0.7591339405553394,0.6736036895739185,0.0,early
298,2016,00-0032371,2,120.6,0.8382352941176471,0.8,1,54.19377660875176,53.877659453962906,92.41594076927323,166.3113723997608,93.21594076927325,167.11137239976082,0.7133470258492725,0.691694343142494,1.2458158633523904,1.1521956658119712,0.3321131290167906,0.4347807416100215,0.3695916799405864,0.3978278999751516,0.0818855964389839,0.0819300465847334,0.0818855964389839,0.0401502984877978,0.0,early
299,2016,00-0032375,2,0.5,0.0088235294117647,0.0,0,0.4849647203664018,0.1197318158555541,4.608160491428476,1.061011370972062,4.608160491428476,1.061011370972062,0.196434926704702,0.1657605437174783,0.3759985261083652,0.3759985261083653,0.3133966549795179,0.2566622791532994,0.6866033450204819,0.7203631262228017,0.3433016725102409,0.3433016725102409,0.6866033450204818,0.7260420675203677,0.0,early
300,2016,00-0032377,2,20.1,0.4205882352941176,0.0,0,7.409147957681862,8.8533817456156,20.467951547891104,44.38786156235182,20.467951547891104,44.38786156235182,0.8145626218770075,0.7091306815096938,1.2160136040117786,1.2160136040117788,0.5415359891492353,0.4084504240958226,0.4584640108507647,0.4870223419924608,0.1482047101003235,0.1482047101003235,0.2964094202006471,0.2525525351235033,0.0,early
301,2016,00-0032393,2,44.0,0.6029411764705882,1.9,1,28.28574039309049,15.182335461436914,60.26235738515621,68.45145651396902,62.16235738515621,70.35145651396903,1.2427953815388273,0.8056730781213755,2.134674687823675,1.4307142922016485,0.6366367182342938,0.3876646200568386,0.3633632817657061,0.4842182655081443,0.245080218726563,0.2526377751542017,0.245080218726563,0.1194984901679028,2.220446049250313e-16,early
302,2016,00-0032404,2,5.6,0.2088235294117647,3.5,2,3.933401647162757,3.192327993219074,11.5614116655867,14.377023550439471,15.0614116655867,17.87702355043947,1.5392345157404514,1.2096762895614082,27.631021115928547,2.6511159260306822,0.6400616216892611,0.4492530232173432,0.3599383783107389,0.480174561275683,0.3599383783107389,0.5354930503280553,0.3599383783107388,0.493554932708323,0.0,early
303,2016,00-0032411,2,74.4,0.6911764705882353,52.4,3,18.15044082094437,19.322541246798124,15.5571924408979,55.72649083940713,67.9571924408979,108.12649083940713,0.3252621633062882,0.4957967698842974,0.677760717777449,0.9290902278944992,0.5077527219251603,0.3949128276640971,0.3355394635934432,0.4643690057260219,0.4922472780748398,0.6066540350934044,0.2002048639868024,0.0802800920733926,0.0,early
304,2016,00-0032417,2,65.3,0.6617647058823529,0.0,0,33.88108489684105,27.097709568913015,66.01406838247001,103.23163583059014,66.01406838247001,103.23163583059014,0.9831619823452686,0.9539973882070044,1.7692066725445217,1.769206672544522,0.48514735823683,0.4144230439170748,0.3290472052550595,0.4411503095709279,0.0852340861386501,0.0852340861386501,0.1704681722773002,0.0918354130834748,0.0,early
305,2016,00-0032426,2,29.9,0.5088235294117647,100.6,3,50.913070334058126,56.87278791624323,64.20234341229258,46.69818501177424,36.39765658770741,53.90181498822575,0.4331516338208646,0.5283307426540347,0.8035886288448214,0.9650960257438802,0.4477193790648375,0.3809466173006324,0.3674355873914468,0.5066230109834985,0.9417591216679996,0.8811592389800031,0.2987517184607896,0.1785203839314653,2.220446049250313e-16,early
306,2016,00-0032450,2,38.7,0.5558823529411765,18.4,2,13.699190200058077,9.895053879244593,28.641554679123253,40.6974659110078,47.04155467912325,59.0974659110078,1.189575278707768,1.073044553568029,2.294434606828748,2.2199772951504424,0.5110165562314359,0.3461412877992141,0.3881650645883759,0.5452471373943568,0.488983443768564,0.5776753631828995,0.3433703617739193,0.1465655311600807,2.220446049250313e-16,early
307,2016,00-0032577,2,2.6,0.1205882352941176,0.0,0,3.007138422716652,0.7160544089830925,14.77372671696218,5.715103564092119,14.77372671696218,5.715103564092119,0.2850230566810717,0.2285683916410139,0.4740228814128158,0.474022881412816,0.3775069911147816,0.2856657289761077,0.6224930088852183,0.6792429029353547,0.3112465044426091,0.3112465044426091,0.6224930088852182,0.6024245978849083,0.0,early
308,2016,00-0032593,2,6.7,0.2147058823529411,1.5,1,2.430963738759461,2.1945608116513355,9.298282453250822,12.95900824002049,10.798282453250822,14.45900824002049,1.5077772906279563,1.2522913880519957,27.631021115928547,2.485062385231545,0.4376409965283431,0.3055554372734453,0.5623590034716568,0.6456793598618725,0.5623590034716568,0.6066629156418117,0.5623590034716567,0.4862020865030518,0.0,early
309,2016,00-0032602,2,1.8,0.0852941176470588,2.3,3,2.151326438206551,1.5413698668605758,6.142979141275,0.8774936455671369,8.442979141275,3.1774936455671368,1.0153713503218604,1.1127253390513556,1.2466042437120048,1.4981744020294776,0.2874793510634725,0.2235378781673158,0.7125206489365276,0.7516321581525326,0.7125206489365276,0.8101255578688844,0.7125206489365274,0.6438518234790823,0.0,early
310,2016,00-0032636,2,3.2,0.1323529411764706,0.0,0,3.128860534442836,0.8174314125802029,15.483142058367612,6.741584112254634,15.483142058367612,6.741584112254634,0.2718807237232543,0.2168279228667021,0.4599755368556507,0.459975536855651,0.3687009111212327,0.2763698901424395,0.6312990888787673,0.6885266089106825,0.3156495444393836,0.3156495444393835,0.6312990888787671,0.5882486186045537,0.0,early
311,2016,00-0032740,2,2.5,0.1147058823529411,0.0,0,2.601144423958172,0.827255386909866,12.543390064202558,6.037586668817159,12.543390064202558,6.037586668817159,0.3377709338649372,0.2716180911862711,0.5292557026935064,0.5292557026935066,0.4109567701504242,0.3124317177960571,0.5890432298495758,0.6498264547488853,0.2945216149247879,0.2945216149247878,0.5890432298495757,0.609450229940747,0.0,early
312,2016,00-0032741,2,33.6,0.538235294117647,134.3,3,71.0476219818292,84.45988952165965,89.80191480254891,80.87317680257067,44.4980851974511,53.426823197429336,0.3800559775890033,0.588928338678352,0.6917442881846095,1.0465294474152795,0.5007019384445897,0.3511543363647206,0.3890892532078681,0.5410399032705484,0.8922321969122697,0.9120256450475333,0.3410304934950772,0.1579548769195937,0.0,early
313,2016,00-0032764,2,92.7,0.7735294117647059,190.86,3,74.02275241032245,87.69743559349249,111.02991762677593,67.3713120628893,79.83008237322409,123.48868793711073,0.2586875909142474,0.4969616871364218,0.534314480298969,0.9281471173971696,0.5860709156268389,0.3952854497816932,0.4139290843731611,0.4567361320507352,1.0,0.8501985211641879,0.177967468375227,0.0546563489497647,1.1102230246251563e-16,early
314,2016,00-0032780,2,215.1,0.9558823529411764,162.0,3,24.728353433379297,48.559756140893455,17.75789448527044,116.88642035343054,144.24210551472956,278.88642035343054,0.2097372396753529,0.4583682117214064,0.4801675030524986,0.8252226952099416,0.6186797523793803,0.4381374104972201,0.1539105924500835,0.3873734165962326,0.3813202476206195,0.5848624521142703,0.0572992293377896,0.0226956176228391,0.0,early
315,2016,00-0032782,2,51.2,0.6264705882352941,94.9,3,29.50408326590803,40.67358301363153,34.65657463898153,11.819924724135989,60.24342536101848,83.08007527586402,0.3874326524989234,0.4771447133549623,0.772298510616792,0.9007103645062028,0.4619500500054392,0.4062809496418645,0.3484864667691126,0.4563658965616856,0.8418929137638065,0.8096220966991006,0.1995333586966162,0.1076585891064201,0.0,early
316,2016,00-0032794,2,3.7,0.1529411764705882,2.2,2,5.555367549274919,1.8531961337506055,18.068213261733053,7.583534692187963,20.26821326173305,9.783534692187963,1.500887696743297,1.3094639011636184,27.631021115928547,3.046754025484328,0.4789322907830869,0.3529309083546311,0.5210677092169133,0.5995561916272792,0.5210677092169133,0.632199422043462,0.521067709216913,0.5630983154050998,0.0,early
317,2016,00-0032804,2,10.3,0.2764705882352941,0.0,0,3.464262748295756,3.141286391534674,14.44232680100376,21.78419917488062,14.44232680100376,21.78419917488062,0.3777748248781392,0.3546237289101425,0.6667527785169445,0.6667527785169445,0.3495348642908532,0.3210712513527665,0.5133729096380115,0.6188079193762834,0.2566864548190057,0.2566864548190057,0.5133729096380115,0.4099535529766572,0.0,early
318,2016,00-0032897,2,13.2,0.3323529411764706,5.8,2,5.236523011062998,5.085971056233603,14.811885705797057,25.443674039658003,20.611885705797057,31.243674039658003,1.1248400617793115,1.1600875029948507,1.9965168108989315,2.494952170565261,0.4800392113230513,0.3860027197063242,0.3841532851178743,0.5314968830489295,0.3841532851178743,0.5445076002513606,0.3841532851178743,0.344413985162373,0.0,early
319,2016,00-0032902,2,27.2,0.4735294117647058,0.0,0,9.016161600493716,8.06104532094863,28.08796103539015,46.20791557950941,28.08796103539015,46.20791557950941,0.5474965161873894,0.5288531302747976,0.9439787747623476,0.9439787747623478,0.3852929378521835,0.3402998513662069,0.4883999594989635,0.5644093079248581,0.1945383515175411,0.1945383515175411,0.3890767030350822,0.2058931802414013,0.0,early
320,2016,00-0032940,2,74.2,0.6852941176470588,12.4,1,18.53010512244927,21.002369298458945,42.16300438750348,94.97529004214812,54.56300438750348,107.37529004214814,0.929605154591308,0.7637458999771805,1.730466388114202,1.3470054842754935,0.4082206955079768,0.3904823756073762,0.3881494437291087,0.4709654209863287,0.2988176892887495,0.3070133251227985,0.2109476978226074,0.0824796221195924,0.0,early
321,2016,00-0032956,2,15.7,0.3676470588235294,24.2,3,8.722692219518514,11.355382221755292,0.7363227128385077,10.80774777308262,24.936322712838507,35.00774777308262,0.3914223937067692,0.552968492418956,0.6723496114098753,0.9627990536636748,0.5105076728560912,0.3818226467670668,0.3712734061081569,0.5300844713785607,0.6494961371855685,0.7448621083997407,0.3712734061081569,0.305715056946275,0.0,early
322,2016,00-0032964,2,7.4,0.238235294117647,5.4,3,4.549010968289011,3.5689619228443554,10.513871841842356,6.693090597938557,15.913871841842356,12.093090597938556,0.8521785647015383,1.0142498585410429,1.057725120548919,1.438367897012577,0.347244852681521,0.2373147649159778,0.652755147318479,0.7223744785778778,0.652755147318479,0.7659095247651168,0.6527551473184787,0.4568819732533202,0.0,early
323,2016,00-0032972,2,122.7,0.8470588235294118,54.8,2,27.443723275514188,27.78674432310919,41.4423592123426,113.6330268149948,96.2423592123426,168.4330268149948,0.6730856299414936,0.987926797301846,1.1733288158705737,1.7868456496515632,0.3509668473941532,0.4336296677785461,0.3396976480562459,0.3988826801903268,0.3396976480562459,0.4307260598992917,0.0826903171327102,0.0384834759878996,0.0,early
324,2016,00-0032975,2,16.9,0.3852941176470588,0.1,1,8.03874912634043,6.949151460460378,23.12477327554642,37.497190457831934,23.224773275546426,37.597190457831935,1.2229301198602602,0.9718615346579538,2.257334489362215,1.7768918020547713,0.5486713557769846,0.3906898589918412,0.4513286442230154,0.5158627645628868,0.3466996411091589,0.3467152373868211,0.3466996411091588,0.2873066983988178,0.0,early
325,2016,00-0033025,2,89.5,0.7558823529411764,98.6,3,25.870139896639188,33.69359472517691,22.44724710250441,24.297433884019924,76.15275289749559,122.89743388401992,0.2879435839708685,0.4890408926964319,0.5707153227780151,0.9150711916033591,0.5651210501231116,0.4004881136849693,0.4348789498768883,0.4509519529806978,0.7647331620197058,0.7169053951246083,0.1712657139814311,0.0594007002020823,0.0,early
326,2016,00-0033045,2,302.4,0.9911764705882352,258.1,3,65.56977356712542,73.76320537636136,94.20030126007087,129.42984287406705,163.89969873992914,387.5298428740671,1.5878321043414532,0.4585772428666318,27.631021115928547,0.8204926070136852,0.0,0.4402147482131074,0.2663623043226371,0.3832371810088816,1.0,0.6222021257695688,0.0491174940187252,0.0190927328704727,1.1102230246251563e-16,early
327,2016,00-0033118,2,44.5,0.6088235294117647,156.2,3,85.35956034835993,84.78431032373607,106.77880978215394,76.45476249957758,49.421190217846046,79.7452375004224,0.2021717359483154,0.4317997071562413,0.4533660503758356,0.8254367444620927,0.6354854713503295,0.4380436375485366,0.3645145286496705,0.4163375185127826,0.9093103734922134,0.8893383350345795,0.1444057547560067,0.1164370373538316,0.0,early
328,2016,00-0033164,2,4.9,0.188235294117647,0.0,0,5.262757573478929,1.437011042473788,21.6339055714222,10.76736638652734,21.6339055714222,10.76736638652734,0.3592243166940088,0.2791743219028956,0.5513121649430385,0.5513121649430387,0.4238067464623521,0.3029585860836938,0.5761932535376478,0.6520465226331892,0.2880966267688239,0.2880966267688238,0.5761932535376477,0.5192909717968982,0.0,early
329,2014,00-0027966,3,165.9,0.910493827160494,228.0,3,96.14643656779776,83.64873154077247,135.46607005783366,81.85722860651248,92.53392994216634,309.8572286065125,0.6325541572657364,0.4896645118266969,1.134934148375624,0.9275022894715602,0.3214432882001202,0.3955404230764149,0.3411312726132308,0.4186245279690789,1.0,0.8079121655841537,0.1766379731470413,0.1299082029183792,0.0,early
330,2014,00-0027994,3,114.8,0.8240740740740741,40.7,1,15.41679181151951,21.200341954759807,10.537861156413284,165.75453645693318,51.23786115641329,206.4545364569332,0.8348642669917372,0.8965045500096515,1.3673070701388226,1.6555149918803165,0.4031179346979383,0.3228515476153344,0.5968820653020617,0.5330835615112794,0.5968820653020617,0.5058919642248343,0.3420898913268494,0.1748367386602879,0.0,early
331,2014,00-0028000,3,42.9,0.5030864197530864,0.0,0,4.0971096068912125,6.622885817104162,19.89294277703469,100.08534798920876,19.89294277703469,100.08534798920876,0.2456240533832033,0.2579393710440785,0.558515184875461,0.5585151848754613,0.1525807799008927,0.2358293197857582,0.7352013891791193,0.6872940948067991,0.2860289168416483,0.2860289168416482,0.5720578336832964,0.4374364629957967,0.0,early
332,2014,00-0028009,3,310.1,0.9969135802469136,135.5,2,30.34484093956368,53.49522537966226,24.340857088097025,345.72822821012886,111.15914291190298,481.22822821012886,0.4216966879168912,0.9004849665061404,0.7406541832041943,1.6729409635279318,0.0,0.3840160512545216,0.523198102319444,0.4282896975589912,0.5231981023194441,0.4558593498640211,0.1871265511651267,0.0951932233970597,0.0,early
333,2014,00-0028011,3,48.0,0.5401234567901234,16.8,1,11.490636178518235,11.55824435708955,21.3618785118617,113.35978655488248,38.1618785118617,130.1597865548825,1.1008000989923017,1.0408572696172065,2.186454758103193,1.9277318982077636,0.2701264059587561,0.290037288177031,0.5778676330205452,0.6110311912959765,0.5778676330205451,0.5904162136180935,0.4655534082989091,0.4009302369264334,0.0,early
334,2014,00-0028043,3,92.3,0.7685185185185185,0.0,0,20.77206089623097,22.727389577519236,52.32094406021791,181.9477533738278,52.32094406021791,181.9477533738278,0.6244661546184884,0.5588532906013118,1.0134660804601214,1.013466080460122,0.4072162499486973,0.317716008799155,0.5927837500513027,0.5461157692163897,0.1814793762844932,0.1814793762844931,0.3629587525689863,0.2097054763711241,0.0,early
335,2014,00-0028064,3,37.3,0.4845679012345679,126.2,3,87.17962494958319,82.66710719687156,100.8488230629842,14.365610241775045,25.351176937015804,111.83438975822496,0.7063637171907413,0.7457536752726672,1.1423962849495652,1.220662000171332,0.3190535618041782,0.2950347891801134,0.5598306695229941,0.6110014493466841,0.9387115677604472,0.90361006866627,0.4687293263096252,0.455973413719094,1.1102230246251563e-16,early
336,2014,00-0028074,3,32.9,0.4660493827160494,15.7,2,6.772124270675972,9.656681007841255,3.822471308187836,80.2619854313013,19.52247130818784,95.9619854313013,1.0555043847228451,1.179778245048818,1.920984649166272,2.441972104044424,0.2612258754395209,0.279663761371818,0.5923114478062653,0.6333471080525025,0.7387741245604793,0.6593264386585704,0.5002672607511784,0.4746331448413079,0.0,early
337,2014,00-0028083,3,59.0,0.595679012345679,41.3,3,15.27394309160455,18.068032380790758,10.178382618241995,147.82666070321864,51.478382618242,189.12666070321865,0.5414764231731004,0.5322416858004544,0.9957364773806217,0.9793447382883104,0.3694512518342568,0.375557106435322,0.436188361081432,0.4878370536709371,0.6305487481657432,0.6244428935646781,0.2921839778163815,0.3482778766366981,0.0,early
338,2014,00-0028121,3,55.9,0.5771604938271605,6.0,1,11.388337761045229,18.930685050587527,31.30923130770406,180.89994918075337,37.30923130770406,186.89994918075337,0.6909076394933648,0.8938097560776463,1.2652876748195017,1.6328695874609227,0.2183186753989536,0.3796994038051129,0.5718315256607923,0.4850415539822421,0.2896734109813515,0.3192693431163053,0.2896734109813514,0.3654912771991941,0.0,early
339,2014,00-0028149,3,32.8,0.4598765432098765,0.0,0,1.92590581349058,4.976392648129874,10.876525539929617,79.41009286884503,10.876525539929617,79.41009286884503,0.2550608096612184,0.2382320536274717,0.5280716494334255,0.5280716494334257,0.1691276163677195,0.2301800358829222,0.8308723836322804,0.698788985032013,0.2948705507416328,0.2948705507416327,0.5897411014832655,0.4808714377484731,0.0,early
340,2014,00-0028198,3,156.2,0.904320987654321,0.0,0,27.170680168509985,48.532804284934855,60.39143590365141,268.9166025870847,60.39143590365141,268.9166025870847,0.7202006324580663,0.7680796692534799,1.3094868326001676,1.3830873752506194,0.1959860023922547,0.3604029284916952,0.4812099390571937,0.4708213489072945,0.1349792773874172,0.1254015167187554,0.2508030334375108,0.1327605893109107,1.1102230246251563e-16,early
341,2014,00-0028202,3,4.4,0.1172839506172839,0.0,0,0.3375461753209636,0.1543913881276992,4.650859378622213,6.242857749459157,4.650859378622213,6.242857749459157,0.0488635428132352,0.0359944667382083,0.169966189543344,0.1699661895433442,0.1563066582286807,0.0987202158942079,0.8436933417713193,0.881400460375168,0.4218466708856596,0.4218466708856595,0.843693341771319,0.7876996624185439,1.1102230246251563e-16,early
342,2014,00-0028345,3,18.6,0.3364197530864197,0.0,0,1.3059090698669902,2.732779727876057,8.654364565446585,49.00495046217126,8.654364565446585,49.00495046217126,0.1818187643340197,0.193519338185156,0.4572735492294365,0.4572735492294367,0.1331931559416477,0.2163179961397167,0.7177864885431485,0.7269276624855929,0.3165035788783322,0.3165035788783321,0.6330071577566643,0.6043224736386048,0.0,early
343,2014,00-0028409,3,8.5,0.1697530864197531,0.0,0,1.0878433844123272,1.0127877677488968,9.072807783725452,21.86413678467457,9.072807783725452,21.86413678467457,0.1430240857706919,0.1284772888464441,0.3511261765741189,0.3511261765741191,0.2239036042377565,0.1844481891652821,0.7760963957622434,0.7762205629088168,0.3519474666004924,0.3519474666004923,0.7038949332009847,0.7499957111087455,0.0,early
344,2014,00-0028492,3,1.3,0.0462962962962962,0.0,0,0.2091635773932831,0.0471474850537207,3.387595579440076,1.9077930318031435,3.387595579440076,1.9077930318031435,0.0473864220163497,0.0351334698597013,0.1671484432773885,0.1671484432773889,0.1539259919837286,0.0987778434990036,0.8460740080162714,0.8826629961396997,0.4230370040081357,0.4230370040081355,0.8460740080162711,0.8318295390752749,0.0,early
345,2014,00-0028581,3,17.7,0.3179012345679012,4.1,1,2.956259837898365,4.325775166097934,5.929817522478762,49.90637535179228,10.029817522478762,54.00637535179228,1.2187680777978425,1.2076047347550134,2.381985755532264,2.249433510398064,0.1515827825692263,0.2459467540650104,0.6779818976447256,0.6910738696442154,0.6779818976447256,0.644183945106821,0.5856149206025334,0.622110851892741,0.0,early
346,2014,00-0028795,3,13.0,0.2716049382716049,0.0,0,1.257071013316379,1.6798741548474148,9.717225722808998,33.35291970133018,9.717225722808998,33.35291970133018,0.1782367986079814,0.1563707220674824,0.3983681986260121,0.3983681986260124,0.2545268021367811,0.1982680955395464,0.745473197863219,0.7539075764111107,0.33570738407469,0.3357073840746898,0.6714147681493797,0.6650854058487522,0.0,early
347,2014,00-0028841,3,7.6,0.1512345679012345,0.0,0,1.4144733029647778,1.4520645204955829,9.257764671047129,24.907735877852478,9.257764671047129,24.907735877852478,0.2254498659038896,0.2022681123427522,0.4638908353631015,0.4638908353631015,0.2825415182463036,0.232383035915462,0.7174584817536963,0.7190823507042106,0.3144160984794075,0.3144160984794075,0.628832196958815,0.7637948303809712,0.0,early
348,2014,00-0029004,3,33.6,0.4783950617283951,11.2,1,6.303317355459953,8.79984437601864,11.551563944526578,91.89533493843292,22.751563944526577,103.09533493843291,1.1328389687861815,1.0456353833455263,2.319574240412046,1.940092732464224,0.288501357375272,0.2992976138282931,0.5607500029577169,0.6061251918978704,0.5607500029577169,0.579610309481763,0.4624345675236907,0.4621822107055657,0.0,early
349,2014,00-0029048,3,17.0,0.3117283950617284,0.0,0,0.5736482160548002,1.7973582157635732,5.962961781598256,38.58491140386002,5.962961781598256,38.58491140386002,0.0838853359618335,0.1347130967295679,0.2697862715082468,0.3648943962534783,0.1152934506869871,0.1818693196559408,0.8847065493130127,0.7719333170243701,0.3817713338607963,0.3471349822580818,0.6942699645161636,0.6279705849468614,0.0,early
350,2014,00-0029068,3,9.4,0.2006172839506173,17.8,3,9.106156146152763,11.883364252529631,4.964098525462592,10.276841484944349,12.835901474537408,28.07684148494435,0.834552287517617,1.0378474216095248,1.0383712249546069,1.5206727995370448,0.3540308492204844,0.2185647871858033,0.6459691507795156,0.7331284403552542,0.8489474808099451,0.8660337868150908,0.6459691507795154,0.7258313803328301,1.1102230246251563e-16,early
351,2014,00-0029104,3,72.9,0.7191358024691358,0.0,0,14.85345606635132,13.391000231870066,44.81017360361557,135.51171420440065,44.81017360361557,135.51171420440065,0.4289026791211385,0.3993075369509287,0.7714300316754555,0.771430031675456,0.3493701550065652,0.2724787444791532,0.5616284011533894,0.6154223306058182,0.2311757090802428,0.2311757090802427,0.4623514181604855,0.2447747529016442,0.0,early
352,2014,00-0029141,3,174.9,0.9166666666666666,65.2,1,32.469296323213854,35.46257663787563,42.19786119548573,268.21733580154495,107.39786119548572,333.41733580154494,1.062707340015285,0.7878987218913872,2.054240332971831,1.3847971677605142,0.4593050512895514,0.4083913623448735,0.2769371018158139,0.3991215000426128,0.2769371018158139,0.3775674675414723,0.1487469213643848,0.1271081184059784,0.0,early
353,2014,00-0029205,3,41.8,0.4969135802469135,22.5,2,11.195687992139703,12.904848218725633,4.977076131836192,80.60477868071347,17.522923868163808,103.10477868071348,1.150696740774274,1.2275999243069886,2.1783966645071184,2.526639147391368,0.1283891425169981,0.2470870698957595,0.7583879379695553,0.6729857372003168,0.7583879379695552,0.7140772809392841,0.5527785969806225,0.4435986648462175,0.0,early
354,2014,00-0029239,3,23.7,0.3981481481481481,13.9,2,6.096106792613332,8.532136388983858,7.824885487401707,71.73561171192912,21.724885487401707,85.63561171192913,0.9869660881710036,1.1497357179339782,1.7960276785114555,2.4035424160750964,0.2826061664628473,0.317563428928318,0.5514370191077809,0.5920394099930989,0.5514370191077809,0.6526677721574334,0.4480995039096166,0.5432611585517281,0.0,early
355,2014,00-0029260,3,0.9,0.015432098765432,0.0,0,0.4054396490580325,0.056473186863615,4.811997939941272,1.7478837108569234,4.811997939941272,1.7478837108569234,0.0800470456545386,0.0594979940222267,0.2232170520466178,0.2232170520466181,0.2000587984250363,0.1291534506436788,0.7999412015749636,0.8472275817698915,0.3999706007874818,0.3999706007874817,0.7999412015749634,0.8486002359497303,0.0,early
356,2014,00-0029264,3,50.9,0.558641975308642,0.0,0,22.078708797341225,21.453032174649135,51.48708037042718,183.40319323113377,51.48708037042718,183.40319323113377,0.7716632406113972,0.7606312056677148,1.3357529159150168,1.3357529159150172,0.3481685880814986,0.3969541049269418,0.3316904762050162,0.4646390721009955,0.1314800570243552,0.1314800570243551,0.2629601140487103,0.3830553964295057,0.0,early
357,2014,00-0029273,3,64.1,0.654320987654321,17.9,1,13.17419657972512,15.3574856973988,27.867887695192717,154.88997889838492,45.76788769519271,172.78997889838493,1.0016570882591769,0.9035520698379534,1.9596595049237395,1.663745311218502,0.3548265445241295,0.3501946240861788,0.4657404928187406,0.5142622844891913,0.4657404928187407,0.4442328127877843,0.3248341021326512,0.2964738292205223,0.0,early
358,2014,00-0029298,3,12.6,0.2561728395061728,0.0,0,3.283778713910678,2.5604397920056883,15.822245387638954,40.85107287597378,15.822245387638954,40.85107287597378,0.2763338645153741,0.2412811725511849,0.5238839656400838,0.5238839656400842,0.3198706794184582,0.247347814188247,0.5922159290171016,0.6941421961296186,0.2961079645085508,0.2961079645085507,0.5922159290171014,0.6788621041138004,0.0,early
359,2014,00-0029317,3,0.2,0.0030864197530864,0.0,0,0.7887581491456928,0.0185125392202091,6.879781321894392,0.4728078578009962,6.879781321894392,0.4728078578009962,0.1170272844860881,0.0870677249680981,0.2769346107734223,0.2769346107734226,0.2418959326715603,0.156513556676225,0.7581040673284396,0.8151569097626197,0.3790520336642198,0.3790520336642197,0.7581040673284394,0.8549135311826381,0.0,early
360,2014,00-0029384,3,88.6,0.7438271604938271,8.0,1,15.199508130231074,18.077437013085785,37.76644505402527,164.7339557826629,45.76644505402527,172.7339557826629,0.9392972434321258,0.95677875898557,1.5667057100786448,1.7687117170344446,0.3873005874899362,0.2995997813911193,0.6126994125100638,0.5745203061984419,0.4490446112166052,0.4188646798825015,0.4039677388758067,0.2267613420359867,0.0,early
361,2014,00-0029429,3,31.2,0.4537037037037037,0.0,0,11.425118430269125,8.108421981028911,35.07020986296944,99.46254087002404,35.07020986296944,99.46254087002404,0.5156673527215111,0.4044443936490822,0.7643328077018303,0.7643328077018307,0.4761797287752196,0.3005726090737928,0.5238202712247805,0.6074104535922312,0.2328222508914207,0.2328222508914206,0.4656445017828413,0.4871157003946162,0.0,early
362,2014,00-0029438,3,53.3,0.5709876543209876,0.0,0,9.377085511468984,17.62081178661677,29.913513476880723,167.33495530835714,29.913513476880723,167.33495530835714,0.5821212254847221,0.6065357480967275,1.0746005971474255,1.0746005971474255,0.1913281949968394,0.3529117101081984,0.6114546153185865,0.5222592553271527,0.1707170489120109,0.1707170489120109,0.3414340978240219,0.371308920504811,0.0,early
363,2014,00-0029441,3,4.2,0.0987654320987654,0.0,0,1.2154450263769174,0.36347741319838,9.29293506681817,9.405306507937988,9.29293506681817,9.405306507937988,0.1183855957388669,0.0873625602049013,0.2787827233559701,0.2787827233559702,0.2432957004746148,0.1543470710224468,0.7567042995253852,0.8151574314680661,0.3783521497626926,0.3783521497626925,0.7567042995253851,0.7999727281778279,0.0,early
364,2014,00-0029492,3,23.8,0.404320987654321,17.6,3,9.091138222280817,10.043988633050674,3.821905941469197,54.46161199501,13.778094058530804,72.06161199501,0.9326054966226756,0.8405576757665161,1.533272119332106,1.3164844921652676,0.2158282947078242,0.2680760708841991,0.6262204747105424,0.6549895670432088,0.7841717052921757,0.739802199801192,0.5329460858038758,0.5370508082779613,0.0,early
365,2014,00-0029510,3,29.4,0.4444444444444444,0.0,0,4.936930312501225,6.813710740014898,19.69331102173956,89.29652849673583,19.69331102173956,89.29652849673583,0.3491903013964593,0.355865459634695,0.6950768595440436,0.6950768595440439,0.2606107198564031,0.2828692248096666,0.5925416526179398,0.6315672286951497,0.2495180454123479,0.2495180454123478,0.4990360908246957,0.4964890303548335,0.0,early
366,2014,00-0029588,3,65.4,0.6635802469135802,0.0,0,11.020684336989348,14.529067520026912,34.899706882680675,146.7434623000435,34.899706882680675,146.7434623000435,0.4546293821519037,0.4562494372358999,0.8522257760753907,0.8522257760753909,0.2935157660851154,0.2964577189246156,0.5536368063007617,0.5877352520808123,0.213232329978786,0.213232329978786,0.4264646599575721,0.2887114108257112,0.0,early
367,2014,00-0029613,3,67.8,0.6820987654320988,69.0,3,25.83907591036364,30.730365974177204,25.81702217954013,80.19274039090118,43.18297782045987,149.19274039090118,0.6209728869875544,0.7019457568668082,1.0470823671486356,1.2011722421832929,0.3509602298702918,0.3008413462140707,0.5130761463449917,0.5795116941728039,0.6490397701297081,0.7785036433125938,0.4140350426842047,0.2735550886082637,0.0,early
368,2014,00-0029615,3,195.4,0.9475308641975309,159.5,3,34.983239296704355,41.43217050331259,47.87869698249915,209.58649055791125,111.62130301750084,369.0864905579113,0.5172921702595316,0.4495009144123691,0.91548889554757,0.8479572352793813,0.4003208631533087,0.4282889324775747,0.242678515751409,0.3667762705137143,0.5996791368466912,0.6288717398975714,0.1015752928854979,0.1138717725143201,0.0,early
369,2014,00-0029619,3,6.1,0.132716049382716,0.0,0,0.1114542018789124,0.2928838883127387,2.678009998308993,10.07923305305014,2.678009998308993,10.07923305305014,0.0327964071491288,0.0499465858544383,0.1555694072151783,0.2036675789453039,0.0432164545167347,0.115928452824358,0.8559276673114428,0.8603425704738321,0.4279638336557214,0.4078667465548043,0.8157334931096087,0.7770587054717258,0.0,early
370,2014,00-0029675,3,95.8,0.7870370370370371,0.0,0,30.56061552092232,30.722964972834063,64.62446811813555,208.3552665618521,64.62446811813555,208.3552665618521,0.8340656566278232,0.7384204357369726,1.3192011164737965,1.319201116473797,0.4865316312636606,0.3633525015520003,0.5134683687363393,0.4787081184797824,0.1336743986127132,0.1336743986127132,0.2673487972254265,0.1975447991031805,0.0,early
371,2014,00-0029683,3,82.3,0.7314814814814815,0.0,0,29.573503210815247,24.101400673853878,64.39808388524804,189.0417694054772,64.39808388524804,189.0417694054772,0.7093961396472985,0.6439163728595705,1.1489377660366438,1.148937766036644,0.4639865440119568,0.3447233670625561,0.3840796752851483,0.5119330153056125,0.1584866452049633,0.1584866452049633,0.3169732904099266,0.2356490114104882,0.0,early
372,2014,00-0029729,3,12.7,0.2623456790123457,0.0,0,2.3826062878679224,1.821179729794796,15.334369017301253,34.4848193777752,15.334369017301253,34.4848193777752,0.1917261976249737,0.1715533774694656,0.4215581158333993,0.4215581158333994,0.2563883719589378,0.2082112667057746,0.7436116280410622,0.742152011644851,0.328011930956113,0.3280119309561129,0.6560238619122258,0.6733870415340654,0.0,early
373,2014,00-0029731,3,33.5,0.4722222222222222,14.5,2,7.622750859739233,9.146546047135146,3.111923629790549,69.35101769619548,17.61192362979055,83.85101769619548,1.4169720453840366,1.2467279852141908,27.631021115928547,2.578498188119368,0.249850175439247,0.2420522012526624,0.750149824560753,0.6820599109303949,0.750149824560753,0.6919722526297478,0.566365993584171,0.468402759749948,0.0,early
374,2014,00-0029795,3,88.8,0.75,50.4,2,17.352036696984996,19.737016108987746,9.933575919019669,164.27950100713016,60.33357591901967,214.67950100713017,1.3657978376430857,0.9579044342694406,27.631021115928547,1.840330646097408,0.4800477794028827,0.3759544109236903,0.5199522205971173,0.4652806666509846,0.5199522205971173,0.5624503006353292,0.2505736829122263,0.2224072729204763,0.0,early
375,2014,00-0029854,3,178.3,0.9290123456790124,149.1,3,43.79059901396992,40.8776842576041,59.64117966171942,183.7957771442972,89.45882033828057,332.8957771442972,0.7098859331317751,0.4710929129961522,1.239727358975532,0.8934678419922569,0.289463126705089,0.4092341298950042,0.3180673245448114,0.3966794498416646,0.710536873294911,0.6532376697010378,0.1447590930597663,0.1216625477038344,0.0,early
376,2014,00-0029892,3,28.2,0.4290123456790123,42.6,3,20.55812275150301,21.498520393879677,20.05286928031278,64.4096658853831,22.54713071968722,107.00966588538311,0.6863750508433931,0.615884358911896,1.195792166465341,1.0601272474438546,0.3024642572131987,0.3464117275185563,0.532762799526206,0.5508929110568895,0.8610558641241699,0.7877783288588849,0.3903788095505636,0.5121134771681924,0.0,early
377,2014,00-0030107,3,63.7,0.6450617283950617,105.0,3,53.438531341060816,46.264993564896486,64.78253456479979,89.15209357038148,40.21746543520022,194.15209357038148,0.7195445994834793,0.5024454953896509,1.3237303080273175,0.9431832427087335,0.2661406613159324,0.3893863491740451,0.519324269501483,0.4613090645711086,0.906365365171173,0.812972954222225,0.2518863340247269,0.304355648391914,0.0,early
378,2014,00-0030112,3,4.3,0.1080246913580246,24.8,3,14.795732142751184,19.56836598483516,12.0085767694417,13.082380728167818,12.7914232305583,11.717619271832184,0.9853388830239864,1.1574492204135045,1.210340213578128,1.6676151202235765,0.2980958459219712,0.188696548026246,0.7019041540780289,0.7736681595467683,0.8400545989978053,0.9363909259830444,0.7019041540780286,0.7939038286321762,0.0,early
379,2014,00-0030117,3,25.7,0.4166666666666667,59.9,3,38.56905675727423,42.27753049861094,42.88210928377872,3.1274835027902697,17.017890716221284,56.77251649720973,1.0004621827032287,1.079514057334552,1.4054711180521615,1.6166736317620802,0.2452514868288312,0.1985580790929438,0.7079013812291945,0.7435242628511037,0.8603174480241828,0.9086752280784745,0.6523296677769044,0.5245974762537214,0.0,early
380,2014,00-0030128,3,4.2,0.0987654320987654,0.0,0,0.8986779743627622,0.3585184967788937,8.18775937936122,9.340927953324888,8.18775937936122,9.340927953324888,0.1167704629871651,0.086170674220979,0.276584362179504,0.2765843621795043,0.2416303612826471,0.1532905779317853,0.758369638717353,0.8164226637476324,0.3791848193586765,0.3791848193586764,0.7583696387173527,0.7999727281778279,0.0,early
381,2014,00-0030247,3,10.3,0.2129629629629629,0.0,0,2.888397335319107,1.7643149328414118,16.381256634657955,31.254999787397303,16.381256634657955,31.254999787397303,0.2652321408070122,0.1933970902516245,0.4528160173769341,0.4528160173769343,0.3641648945237666,0.2239789193163628,0.6358351054762333,0.7257826860947408,0.3179175527381166,0.3179175527381166,0.6358351054762332,0.7157686357416841,0.0,early
382,2014,00-0030280,3,111.0,0.8148148148148148,0.0,0,40.98709837633242,42.2646584090063,74.8989526124386,249.8964842284216,74.8989526124386,249.8964842284216,1.0216095082011645,0.89431654007991,1.6444173571290177,1.644417357129018,0.5535020228805377,0.3969676810864524,0.4464979771194622,0.4270099557065998,0.0965625264775482,0.0965625264775482,0.1931250529550965,0.1803136190581672,0.0,early
383,2014,00-0030282,3,57.7,0.5895061728395061,0.0,0,21.004575604932224,23.242397673094672,49.37288999121638,194.9439271117584,49.37288999121638,194.9439271117584,0.7477104456940658,0.7570981723744338,1.3334623881641556,1.333462388164156,0.3691830656730356,0.3917071104958923,0.4185775064937407,0.4667916579629089,0.1317815609133462,0.1317815609133462,0.2635631218266924,0.3539743806072208,0.0,early
384,2014,00-0030287,3,136.5,0.8796296296296297,49.4,1,36.535383712481405,28.81249935308404,52.69237229633159,229.29435681569768,102.0923722963316,278.6943568156977,1.0320505060860286,0.7938116555354184,1.9680575805451077,1.399180976168496,0.4516667942235449,0.407906359976513,0.2965932838499934,0.4036642961320564,0.2965932838499934,0.3739740609966272,0.1568652806689943,0.1447042083667606,0.0,early
385,2014,00-0030288,3,16.6,0.3024691358024691,102.8,3,81.61916100706487,76.55514030185509,88.72222510214101,48.37090042129209,14.07777489785899,54.42909957870791,0.7837431716897261,0.8811147464192028,1.120071148327914,1.3453391147915552,0.3262565811870283,0.2604513699704419,0.6737434188129718,0.6741822861395593,0.9596267038874065,0.9283366097097188,0.5636401817511207,0.6366896498920478,0.0,early
386,2014,00-0030348,3,60.5,0.6141975308641975,0.0,0,15.489631486355918,17.828391034467074,43.010186902140624,168.7334993617199,43.010186902140624,168.7334993617199,0.576051863114352,0.5713305165069144,1.022951878116695,1.0229518781166953,0.3492897218012869,0.3373463127956319,0.4781302432397142,0.5374316999290673,0.1797660386763596,0.1797660386763596,0.3595320773527192,0.3314516829971491,0.0,early
387,2014,00-0030388,3,62.6,0.6327160493827161,0.0,0,25.1566874410513,28.75096386210518,54.29620866008212,211.9861788510772,54.29620866008212,211.9861788510772,0.8833365248458296,0.910559410342174,1.6565737437899766,1.6565737437899768,0.3346967740458071,0.4231737575657676,0.3838001392126223,0.4166242831599417,0.0953957811406664,0.0953957811406664,0.1907915622813329,0.3150454382651158,0.0,early
388,2014,00-0030391,3,3.2,0.0709876543209876,0.0,0,3.601856953586399,0.7231309788370517,16.744839173784,11.658705393195408,16.744839173784,11.658705393195408,0.301454304664195,0.2230270915491129,0.4914086088874062,0.4914086088874065,0.3882359493041538,0.2478497984076649,0.6117640506958463,0.7044990977141343,0.3058820253479231,0.305882025347923,0.611764050695846,0.8173711647805827,0.0,early
389,2014,00-0030404,3,9.9,0.2067901234567901,119.4,3,105.2362798627338,104.68805548292282,111.22530123706238,98.0568936575649,8.174698762937622,21.343106342435103,1.2239880715829554,1.2653852346028995,1.6955730905369175,1.842420919795824,0.183494040191219,0.1584334068835632,0.7428909170678774,0.8062919120905234,0.9848498380843054,0.9706732681642704,0.7428909170678772,0.7208277865941168,0.0,early
390,2014,00-0030432,3,18.7,0.345679012345679,0.0,0,3.3692973055807407,5.452703786267158,15.39784426409398,68.98231793510607,15.39784426409398,68.98231793510607,0.3676241379791353,0.3889666745949047,0.735211020599103,0.7352110205991033,0.2356903189480144,0.3057796110010207,0.6065473525845771,0.6130099055499698,0.2397021420605163,0.2397021420605162,0.4794042841210325,0.5953203504093322,0.0,early
391,2014,00-0030456,3,148.9,0.8919753086419753,109.7,3,34.7616776108363,30.063286432627194,25.390580249848213,214.7766057352041,135.09058024984822,324.4766057352041,0.2241148457939697,0.4294140343819949,0.5124805826545353,0.8081313848226312,0.5990078458804626,0.445690111901746,0.1898051250245858,0.3469889550671871,0.4009921541195373,0.5737755251002227,0.076098518694649,0.1386245050892423,0.0,early
392,2014,00-0030485,3,237.6,0.9660493827160492,22.6,1,71.00475165019145,87.69048477840244,102.86546071664924,415.51291098476673,125.46546071664925,438.1129109847668,0.6785740712020352,0.772600344371652,0.9735340844103316,1.3124996153359128,0.532230562283648,0.4322579695196992,0.467769437716352,0.359170198787905,0.1330540986005846,0.1094724674013024,0.0900237465277667,0.1065193846384982,0.0,early
393,2014,00-0030496,3,290.5,0.9907407407407408,261.4,3,85.33944390327392,65.1036045673278,118.61588004373864,261.2070062357599,142.78411995626135,522.6070062357599,1.4779891239866834,0.4401845580953836,27.631021115928547,0.8199599293222634,0.0,0.4404493032544883,0.3936604945255409,0.3448048143525105,1.0,0.6560006144374111,0.0686560774534342,0.0973686739180622,0.0,early
394,2014,00-0030513,3,72.7,0.7129629629629629,142.5,3,71.77278962604109,78.096836683304,92.66343137057562,13.20580569677054,49.83656862942438,155.70580569677054,0.5306939444247889,0.6733521059772771,0.9110463868124842,1.1702597468858529,0.4021032482840495,0.3102863348881006,0.4985270072386059,0.5627548948803467,0.8454146509117992,0.8828869845444358,0.3890391884176087,0.2494262501425501,1.1102230246251563e-16,early
395,2014,00-0030522,3,29.4,0.4444444444444444,0.0,0,11.53876046638553,7.583243387077729,37.07537737338656,94.204191520647,37.07537737338656,94.204191520647,0.4694219138559621,0.3960564949749664,0.7518286890308709,0.751828689030871,0.4297244343296004,0.2984154824142001,0.5378062367808549,0.6113184696563698,0.2357517652737895,0.2357517652737895,0.4715035305475791,0.4964890303548335,0.0,early
396,2014,00-0030536,3,50.5,0.5524691358024691,0.0,0,28.605837295309875,23.014063043128488,63.56126672636754,190.7279155035021,63.56126672636754,190.7279155035021,0.8260677266009131,0.8156115674052488,1.4395848111218843,1.4395848111218843,0.4326476013973418,0.4119607329851389,0.3690458997535144,0.4454395448671336,0.1185130744381436,0.1185130744381436,0.2370261488762872,0.3889812227287683,0.0,early
397,2014,00-0030547,3,97.6,0.7932098765432098,0.0,0,21.36274395344676,26.783408639931167,50.13291835804542,194.1422772404248,50.13291835804542,194.1422772404248,0.7039086253760329,0.6347711070785149,1.1375660710515507,1.1375660710515507,0.4156244428926186,0.3363295690292961,0.5843755571073814,0.5168099238399115,0.1602991933331776,0.1602991933331776,0.3205983866663552,0.1936112536891542,0.0,early
398,2014,00-0030578,3,62.1,0.6265432098765432,60.5,3,20.52107121297854,22.41532840260527,7.91817121322174,154.47623228218112,52.58182878677826,214.97623228218112,0.5951606825473332,0.4386958083634593,1.0988105158850914,0.8488851579442439,0.3332672641429116,0.4278916978000522,0.4358015859738497,0.4111679043389346,0.6667327358570883,0.6674651789710926,0.1837142873977372,0.3204656640366913,0.0,early
399,2014,00-0030653,3,1.7,0.0586419753086419,0.0,0,2.435043156373471,0.3748886351687117,13.941377996523167,6.135553715718768,13.941377996523167,6.135553715718768,0.2910853903376004,0.2155899901191936,0.4804590304724346,0.4804590304724348,0.3815005834449014,0.2441941034516717,0.6184994165550985,0.7094012527519455,0.3092497082775493,0.3092497082775492,0.6184994165550984,0.8247177138160625,0.0,early
400,2014,00-0030656,3,121.4,0.8302469135802469,123.5,3,30.24792805172628,35.68203322246279,0.7969843619861763,172.37978695937176,122.70301563801382,295.87978695937176,0.2966610515682609,0.428060458136478,0.6267177675907567,0.814625029699799,0.5343427630372879,0.4428053350848504,0.2469196167639322,0.3587871934609511,0.4656572369627121,0.687543332121883,0.0961322200245545,0.1712588591940419,0.0,early
401,2014,00-0030668,3,1.0,0.0246913580246913,48.2,3,37.18109753433212,45.0721612721193,38.811139108799445,45.50873342748892,9.388860891200556,2.691266572511079,1.0405956733204942,1.1988049208106173,1.2776794040585795,1.7170289703625792,0.2786832619020635,0.1795989498372322,0.7213167380979365,0.7872959041005038,0.9548530591511892,0.9899197769749858,0.7213167380979364,0.8437184851782689,1.1102230246251563e-16,early
402,2014,00-0030705,3,47.7,0.5339506172839507,0.0,0,17.782853517788464,21.153837787568705,45.85064761308762,181.89233151806215,45.85064761308762,181.89233151806215,0.7845814206643117,0.7737941496162388,1.3565169079228712,1.3565169079228716,0.2641477998873438,0.4039418797880715,0.3398583969803574,0.4592936313477596,0.1287781543883972,0.1287781543883971,0.2575563087767943,0.4069501852130926,0.0,early
403,2014,00-0030789,3,2.1,0.0648148148148148,0.0,0,4.343806436627398,0.465631513161532,20.22296291778191,7.58946069527074,20.22296291778191,7.58946069527074,0.2942143108581755,0.2177898252856969,0.4837707731071682,0.4837707731071684,0.3835455063341085,0.2451818267790708,0.6164544936658913,0.7079554705669883,0.3082272468329456,0.3082272468329456,0.6164544936658912,0.8210739261177934,0.0,early
404,2014,00-0030855,3,16.6,0.3024691358024691,0.0,0,0.9742802520248012,2.0400864853721004,9.478016722068006,40.8423969345336,9.478016722068006,40.8423969345336,0.0923902327152991,0.1546954320465526,0.282560859683145,0.3966562087445735,0.1505160227884086,0.1954369687687634,0.8494839772115913,0.7555135671765543,0.376925380722359,0.3362826039641721,0.6725652079283443,0.6366896498920478,0.0,early
405,2014,00-0030860,3,20.6,0.3734567901234568,118.7,3,76.78900721392597,80.93064355172439,89.49074100085932,36.98414856800687,29.20925899914069,81.71585143199313,0.4194958810940354,0.6424085054727826,0.673808409643463,1.0822241944336517,0.5097634881043709,0.3388410385411548,0.4902365118956292,0.5678030841391364,0.9217380816334924,0.9099604003877966,0.416871166695559,0.5679495908077228,0.0,early
406,2014,00-0030874,3,43.9,0.5092592592592593,40.6,3,14.000306645817318,18.69381801037672,2.693888556497484,113.22394450349924,43.293888556497485,153.82394450349923,0.4325597771269076,0.5797034951736701,0.7756101679220438,1.0287371916455004,0.4604227600739317,0.3574580767182406,0.4210799401759807,0.525118666210575,0.7023170498903963,0.7021476895991405,0.349680925998369,0.4312935088047767,1.1102230246251563e-16,early
407,2014,00-0030968,3,9.0,0.1820987654320987,16.6,3,7.617876837399891,9.691646240755144,8.091693902106229,21.525077773565947,24.69169390210623,38.12507777356595,0.5136509255445733,0.7572304402647236,0.7067989455723416,1.1836534152318998,0.4932204988633749,0.3061581699747245,0.5067795011366252,0.6276267318697745,0.5788040224200807,0.8079470353611475,0.5067795011366251,0.7405027829489065,0.0,early
408,2014,00-0030985,3,9.3,0.191358024691358,0.0,0,3.9584232817536193,2.6990496677673903,18.478188765274595,37.04550750840145,18.478188765274595,37.04550750840145,0.4378511366155497,0.3200413431754698,0.6309141139122704,0.6309141139122708,0.4678948261177665,0.2896557205647648,0.5321051738822337,0.6470195811614702,0.2660525869411168,0.2660525869411167,0.5321051738822334,0.7332312411230796,0.0,early
409,2014,00-0030999,3,13.0,0.2716049382716049,0.0,0,4.929471238597785,2.858073007411285,22.389102517842225,43.504295766048976,22.389102517842225,43.504295766048976,0.3673860368782615,0.2660431072177025,0.5596557003165135,0.5596557003165137,0.4285942351912012,0.2586134571295023,0.5714057648087987,0.6790062855826121,0.2857028824043993,0.2857028824043993,0.5714057648087986,0.6650854058487522,0.0,early
410,2014,00-0031008,3,28.7,0.4351851851851852,0.0,0,11.148594101714068,9.522603855223592,34.33938546343889,105.20379868412024,34.33938546343889,105.20379868412024,0.5324692950600207,0.5026847331097682,0.904054469175892,0.9040544691758922,0.3960198969296657,0.33729160595617,0.4752015242971968,0.5619064494560531,0.2024622864090153,0.2024622864090152,0.4049245728180305,0.5058648288577675,0.0,early
411,2014,00-0031045,3,64.1,0.654320987654321,181.8,3,98.52989896421138,107.41968231549932,130.07857780249415,10.715503536416009,51.72142219750586,171.084496463584,0.4873983979562849,0.5898313598663372,0.8847387734277595,1.0591855066061795,0.4128219992707443,0.3467381112493324,0.4639894339447902,0.5190566432072463,1.0,0.9005060566121161,0.3314981667197909,0.2964738292205223,0.0,early
412,2014,00-0031055,3,128.1,0.8672839506172839,3.0,1,76.36790901159279,55.30357127310202,114.99249735668648,281.3308150143052,117.99249735668648,284.3308150143052,1.0584458252392237,0.7849757809287364,1.9650505534618168,1.3439407098872878,0.4868801633711482,0.4331095150596686,0.2475908135299117,0.3682578533235976,0.1074420121002669,0.1092716788711097,0.1074420121002669,0.1510038079282211,0.0,early
413,2014,00-0031057,3,23.5,0.3919753086419753,0.0,0,12.01635363265109,9.370998512600709,34.862637022400975,97.99073424391646,34.862637022400975,97.99073424391646,0.7099139683207998,0.5676793535753845,0.9962040273076802,0.9962040273076808,0.5532679071083956,0.3638153055145687,0.3692785553036811,0.5334626571133072,0.1846392776518405,0.1846392776518405,0.369278555303681,0.5494580890804995,0.0,early
414,2014,00-0031062,3,8.1,0.1574074074074074,79.0,3,52.4961070872349,62.37112595589,59.32494211645346,50.90112453828655,19.675057883546547,28.09887546171345,0.732106551629458,0.94519366355669,0.9289286753009628,1.3988641306142422,0.3949766320093669,0.2468772250234272,0.605023367990633,0.7012062635122511,0.948939759497408,0.9441239364387468,0.6050233679906329,0.7592542704012866,0.0,early
415,2014,00-0031066,3,68.1,0.6882716049382716,0.0,0,32.172346688839625,23.410677665931047,68.5874062156366,182.5290046285088,68.5874062156366,182.5290046285088,0.8003142161499599,0.7248473479047335,1.285873392481281,1.2858733924812813,0.5004203823570269,0.3706785254525497,0.3614682467011547,0.481037528019763,0.1382045322890514,0.1382045322890514,0.2764090645781029,0.2686146539174173,0.0,early
416,2014,00-0031075,3,93.6,0.7746913580246914,45.1,2,18.91015542142145,19.22962767115305,16.744646353909516,155.88738649706562,61.84464635390952,200.9873864970656,1.3730671249761843,0.9726277919377332,27.631021115928547,1.8915935950230425,0.4890763866007167,0.3502519516251157,0.5109236133992833,0.4989167950962189,0.5109236133992833,0.546626094303733,0.2963882265362255,0.2055918240091445,0.0,early
417,2014,00-0031085,3,4.4,0.1172839506172839,3.6,3,8.789048234351284,2.395130351500132,26.37988410848208,15.795666365745156,29.97988410848208,19.39566636574516,0.5291685547637253,0.762774703740744,0.7223238357372234,1.181853924199678,0.4856224369377465,0.3067095948492933,0.5143775630622537,0.6315281888501304,0.5143775630622537,0.7116360817792631,0.5143775630622536,0.7876996624185439,0.0,early
418,2014,00-0031123,3,10.9,0.2253086419753086,0.0,0,12.272240059940586,3.35086416249942,38.87024801184181,44.08184164760443,38.87024801184181,44.08184164760443,0.4833857157320572,0.3519667703612339,0.6765313479551776,0.6765313479551778,0.4916226783479671,0.3012097744516086,0.5083773216520331,0.6302112714632713,0.2541886608260165,0.2541886608260165,0.508377321652033,0.7054864203258658,0.0,early
419,2014,00-0031158,3,1.0,0.0246913580246913,0.0,0,4.305124458553298,0.2776996041652451,18.91552688400199,4.078498426514013,18.91552688400199,4.078498426514013,0.3567294217490889,0.2649583362933879,0.5487567745193631,0.5487567745193633,0.4223324648597884,0.2721744630563554,0.5776675351402115,0.6776561157857544,0.2888337675701057,0.2888337675701057,0.5776675351402114,0.8437184851782689,0.0,early
420,2014,00-0031209,3,13.9,0.2808641975308642,12.8,3,9.570761851289944,7.431323285026373,22.70372879393056,52.04876643937047,35.50372879393056,64.84876643937046,0.3132491965872204,0.5928481041565163,0.5037809250137517,1.0121636839843096,0.6042417426084324,0.3634317767348372,0.3957582573915675,0.5478624765961282,0.4771511321109763,0.6820021195114461,0.3957582573915674,0.6566803436730907,0.0,early
421,2014,00-0031243,3,20.2,0.3672839506172839,0.0,0,10.646325953230424,5.5423087567141,35.48871332003141,71.19438249843047,35.48871332003141,71.19438249843047,0.4903791019867352,0.3771655262733188,0.720155764236581,0.7201557642365813,0.4747529188853787,0.2990015803462496,0.486676443271024,0.6192888808374103,0.243338221635512,0.2433382216355119,0.4866764432710239,0.5740741740332528,0.0,early
422,2014,00-0031277,3,110.3,0.8055555555555556,10.9,1,22.37276372324872,26.95431941731985,48.04891438790104,206.0034201138752,58.94891438790104,216.90342011387523,0.926648619717364,0.8746239450627732,1.5161525333390526,1.6103427237942447,0.4708668139116444,0.3405650515973046,0.5291331860883556,0.5093973111402983,0.3748434649392183,0.3284749979989018,0.3095781915686536,0.1859234094921291,0.0,early
423,2014,00-0031285,3,61.8,0.6203703703703703,168.2,3,69.59053982953057,90.72903368414734,101.2160158283341,31.656327431591507,66.9839841716659,199.8563274315915,0.3670045151372003,0.4924405557068099,0.7280904662452511,0.9278366650509632,0.4828300907299926,0.3954081861279067,0.3513005992946852,0.4568414382728866,0.7787943562003284,0.875809377487197,0.2474873254723334,0.3259347683441314,0.0,early
424,2014,00-0031301,3,192.9,0.941358024691358,13.2,1,73.87968782725542,74.42124859265778,109.34850236886098,356.1281640160241,122.54850236886098,369.32816401602406,1.1380047539022782,0.7761290168990288,2.247649103856384,1.3268907668368932,0.4775071777586808,0.4292730342991688,0.2062628263129808,0.3659163901286802,0.1006155276365671,0.110244797091608,0.1006155276365671,0.116419160789903,0.0,early
425,2014,00-0031332,3,3.9,0.0833333333333333,6.4,3,5.187421751817659,4.941616095831866,6.184876386577786,1.166096194484486,12.584876386577786,7.566096194484486,1.2530287592641869,1.381837714606013,1.5679438878286784,2.019468155880942,0.2084733866558286,0.1327260358737527,0.7915266133441714,0.8414496776701995,0.7915266133441714,0.9082356005765888,0.7915266133441712,0.8097877191837766,0.0,early
426,2014,00-0031375,3,104.7,0.7993827160493827,29.1,1,18.06580898288737,20.735876434190544,28.5816554282016,176.3164674534323,57.6816554282016,205.4164674534323,0.9350250523266797,0.8829076170580133,1.537758907675974,1.6274722136759432,0.4645506936585931,0.3357302017997136,0.535449306341407,0.5170126870258183,0.4235785100162426,0.4403174312661553,0.3205872183072207,0.1897375139448175,0.0,early
427,2014,00-0031376,3,68.3,0.6944444444444444,132.6,3,48.52309521748263,65.69514509851538,62.886134969582514,43.79144997261986,69.71386503041748,176.39144997261985,0.3515889244796622,0.5550542241201981,0.6818509744603631,1.0180087392207229,0.5056801245781926,0.3613136941104181,0.3706153149424558,0.4933141953918648,0.7709015505375248,0.8593403433052687,0.2931411196346342,0.2637310515419346,0.0,early
428,2014,00-0031390,3,44.5,0.5154320987654321,41.4,3,19.46808281496391,19.793937911164235,4.359289761683208,97.13346067075376,37.04071023831679,138.53346067075375,0.743613659914866,0.670399441703134,1.2847659338591877,1.1377415155077812,0.276715345745451,0.3205421443905801,0.5858687755562262,0.573355000729777,0.7232846542545491,0.7343971596100323,0.4153450368868312,0.4251716228978824,0.0,early
429,2014,00-0031391,3,124.3,0.8425925925925926,0.0,0,85.55145738697135,57.92401702976901,124.29768177304086,293.9739327496831,124.29768177304086,293.9739327496831,1.1621362516874485,1.1142734711120887,2.315122995927228,2.315122995927228,0.5236672879815661,0.4400748545425586,0.2407368084035542,0.361150845857257,0.049377018455394,0.049377018455394,0.0987540369107881,0.1642777615046326,0.0,early
430,2014,00-0031392,3,6.3,0.1388888888888889,0.0,0,3.596644699967801,2.099120223523851,16.71429210467086,27.371420747394165,16.71429210467086,27.371420747394165,0.4742694093047966,0.3486066686749517,0.6674107965916147,0.667410796591615,0.4869647878978503,0.3058783012099749,0.5130352121021498,0.6310945511082104,0.2565176060510749,0.2565176060510748,0.5130352121021496,0.7726972378410759,0.0,early
431,2014,00-0031413,3,83.2,0.7376543209876543,0.0,0,40.32318570277036,30.444066548991344,77.86756933548443,211.31012117539825,77.86756933548443,211.31012117539825,0.9213282108633108,0.8090544093987883,1.4514524972376293,1.4514524972376293,0.5592234749154046,0.3856965935796372,0.3167356339936906,0.4530816989559989,0.1171149113603382,0.1171149113603382,0.2342298227206765,0.2311753093825764,0.0,early
432,2014,00-0031450,3,3.6,0.0771604938271604,0.0,0,1.468358889129025,0.331661403819794,11.523933252576988,8.36251319701684,11.523933252576988,8.36251319701684,0.1235666096640777,0.0913684670272003,0.285767209263333,0.2857672092633333,0.2485624767177034,0.1584673482275389,0.7514375232822965,0.8108846648139444,0.3757187616411482,0.3757187616411481,0.7514375232822963,0.813609171977568,0.0,early
433,2015,00-0028198,3,28.4,0.4590643274853801,0.0,0,2.192080590697735,4.3586968813073454,12.97316766993058,69.20990362049149,12.97316766993058,69.20990362049149,0.1877811627884042,0.2407060982010971,0.4333073964469754,0.5316477464705112,0.2097778459233215,0.2314390237993013,0.7902221540766785,0.6972162344354906,0.3241805786265413,0.2938179482648654,0.5876358965297308,0.4816927520473654,0.0,early
434,2015,00-0028841,3,12.8,0.2719298245614035,0.0,0,0.9135297118966914,1.0185517378252236,7.930641193310984,25.76605601873861,7.930641193310984,25.76605601873861,0.1102824976693882,0.0963321007640587,0.298281677769399,0.2982816777693992,0.2014380280761316,0.1556039564240109,0.7985619719238684,0.806847232586825,0.3710461397036899,0.3710461397036898,0.7420922794073797,0.6647922191149002,0.0,early
435,2015,00-0029004,3,28.2,0.4532163742690058,0.0,0,2.831193077350413,2.620561857016625,16.608972828929836,53.782568527574014,16.608972828929836,53.782568527574014,0.1599247479148394,0.144515940142233,0.3847928330308577,0.3847928330308577,0.2322940983759418,0.1797020090340084,0.7155453922501412,0.7653189101051822,0.3402958088516958,0.3402958088516958,0.6805916177033917,0.4876088653696876,0.0,early
436,2015,00-0029048,3,3.5,0.1081871345029239,0.0,0,0.4782465879004816,0.1450519863442609,5.87768646988795,5.410341075355107,5.87768646988795,5.410341075355107,0.0572030387275174,0.0421749403203884,0.1852697030532255,0.1852697030532257,0.1691198372863418,0.107049736761043,0.8308801627136582,0.8715957637460383,0.4154400813568291,0.4154400813568289,0.8308801627136579,0.7937961498014906,0.0,early
437,2015,00-0029068,3,8.2,0.1871345029239766,8.5,3,4.717914610933836,5.528535281513118,1.2339382930660552,16.39228913541576,9.733938293066055,24.89228913541576,0.9555418036728168,1.0339495632376785,1.3082886217136,1.5135784460355926,0.2702822159225194,0.2201208762455316,0.644867585720199,0.7319929209386224,0.7297177840774804,0.8152142126440391,0.6448675857201989,0.7365641074171182,0.0,early
438,2015,00-0029104,3,26.2,0.4269005847953216,0.0,0,4.726557678539674,4.218040359416548,21.644160604679424,67.40233589470382,21.644160604679424,67.40233589470382,0.2649852606795281,0.2410025443855195,0.5307413458898862,0.5307413458898865,0.2974247726078483,0.2342216376526432,0.631690150425837,0.6965340462518574,0.2940843857550774,0.2940843857550773,0.5881687715101546,0.5142504021103486,0.0,early
439,2015,00-0029141,3,87.6,0.7280701754385965,64.1,3,24.11940085106088,26.588815931877605,15.555417811990983,110.0916919673738,48.54458218800901,174.1916919673738,0.5989244342392315,0.7088052317521895,0.9692019554946784,1.2157565813470594,0.3793856839853972,0.2964856139310133,0.6206143160146029,0.5805886997930455,0.6206143160146028,0.7135560779771432,0.4132178969411501,0.2381468742080656,0.0,early
440,2015,00-0029205,3,32.2,0.5087719298245614,2.2,1,2.8201497963855235,3.702191067208041,11.17404233732796,55.22720572577946,13.37404233732796,57.427205725779466,1.2477168413642477,1.3141470064230212,2.049475669974227,2.41688729090212,0.2018906291197749,0.1818074242234339,0.798109370880225,0.7585057858312511,0.7255374443144124,0.6771637168902864,0.6693069500179843,0.4317777365366899,0.0,early
441,2015,00-0029239,3,56.2,0.6169590643274854,33.4,2,15.55314019048145,16.282759231300517,4.490229107081554,92.75737297167576,28.909770892918445,126.15737297167576,1.0312071492234085,1.13417394345927,1.9069142376811663,2.2869397034276933,0.239640898247555,0.2728341479028141,0.6118210685486782,0.625589010151873,0.760359101752445,0.6963261523263876,0.4814516950457951,0.3289777498661551,0.0,early
442,2015,00-0029260,3,2.0,0.0847953216374269,0.0,0,0.1428236686592274,0.041730656504368,3.0243247543865373,2.20689150884893,3.0243247543865373,2.20689150884893,0.028177472316092,0.0208206729037749,0.1263526297851504,0.1263526297851507,0.118695982063615,0.0755436957071044,0.881304017936385,0.9097367957025446,0.4406520089681925,0.4406520089681924,0.8813040179363848,0.8088739069847743,0.0,early
443,2015,00-0029264,3,2.3,0.0906432748538011,0.0,0,1.8198393409415363,0.280195140910366,11.7640162139977,6.123547951823896,11.7640162139977,6.123547951823896,0.1653961756361334,0.1221471008618215,0.3390774804284756,0.3390774804284759,0.287572752217707,0.1827809946950317,0.712427247782293,0.7813981800835725,0.3562136238911465,0.3562136238911464,0.7124272477822928,0.8051851461150403,1.1102230246251563e-16,early
444,2015,00-0029273,3,32.2,0.5087719298245614,1.3,1,4.270746392961794,5.18911718585656,17.82029593432207,73.59342510117999,19.12029593432207,74.89342510117999,1.2658578640168912,1.1666045976600012,2.64880061595045,2.1513393449793417,0.2635790697754298,0.2371033125646893,0.639464188114044,0.6850564360108429,0.5687281862786004,0.5737918422773207,0.5687281862786003,0.4317777365366899,0.0,early
445,2015,00-0029384,3,17.9,0.3538011695906433,0.0,0,0.84294745885156,3.377777446162284,7.056522536299333,52.82461463852761,7.056522536299333,52.82461463852761,0.1776986063292903,0.2545633536897663,0.4207800636104767,0.5470873039983437,0.1524226249110947,0.2467263918462619,0.8475773750889054,0.687040570081433,0.328267240677407,0.289316369763517,0.578632739527034,0.5873703822219556,0.0,early
446,2015,00-0029429,3,13.2,0.283625730994152,0.0,0,2.8257904970353493,1.2130949865814742,16.875139708659464,28.38044327762094,16.875139708659464,28.38044327762094,0.1561401942511934,0.1129047081822736,0.3276853281731094,0.3276853281731099,0.2794102666789407,0.1678939693530295,0.7205897333210595,0.7909814705206706,0.3602948666605297,0.3602948666605295,0.7205897333210591,0.6541541456078183,0.0,early
447,2015,00-0029438,3,57.3,0.6286549707602339,0.0,0,11.161289387061668,12.97626374926982,35.611824031321405,137.0978332466576,35.611824031321405,137.0978332466576,0.4413432169225565,0.4468172780925546,0.836451578813591,0.8364515788135912,0.2809545856128667,0.2968469759026069,0.5628080836652178,0.591252714202571,0.2166225676556201,0.2166225676556201,0.4332451353112402,0.3186058234170457,0.0,early
448,2015,00-0029492,3,34.4,0.5233918128654971,10.3,1,5.925712435606041,7.258492358407736,5.388670475638001,63.49380835956725,15.688670475638002,73.79380835956725,1.074197293628829,1.195329590647066,1.7152328259738754,2.199778472690374,0.2292007965006112,0.2235659360184688,0.7707992034993888,0.7017050851443627,0.663687126855873,0.6696493034938217,0.5908773781374616,0.4173116133238453,0.0,early
449,2015,00-0029510,3,61.5,0.6461988304093568,0.0,0,9.452061428503626,12.410097491560649,32.27627909146843,135.1960743798657,32.27627909146843,135.1960743798657,0.4005884590157719,0.4064005760695828,0.778523244425743,0.7785232444257433,0.2629137749275338,0.281421005712065,0.5873298259583176,0.6105467881262778,0.2295417325156791,0.2295417325156791,0.4590834650313582,0.3033813695561568,0.0,early
450,2015,00-0029588,3,14.6,0.3187134502923976,0.0,0,2.3516759519482484,1.737942295011841,14.346363145664837,35.01363763113044,14.346363145664837,35.01363763113044,0.1818774346857889,0.1530870402748479,0.3946050882881561,0.3946050882881562,0.2688823789182682,0.1934622329919934,0.6739461359252912,0.7569454254460848,0.3369730679626456,0.3369730679626455,0.6739461359252911,0.6213371300682492,0.0,early
451,2015,00-0029613,3,212.3,0.9853801169590644,110.9,2,32.338566894060754,36.88477164402866,20.3700041202558,197.6645942558898,90.5299958797442,308.5645942558898,1.342522910215452,0.9245393566394836,27.631021115928547,1.7631096665320796,0.3678934099481903,0.3525427781406582,0.6321065900518097,0.4759465292137674,0.6321065900518097,0.5550254374911134,0.2552339784452262,0.099293752145558,0.0,early
452,2015,00-0029615,3,188.9,0.9678362573099416,149.6,3,30.47957271973552,39.25508753744012,29.18832746461095,184.0138052832714,120.41167253538904,333.6138052832714,0.3426370212094702,0.4647226295196662,0.6877169385093758,0.8786720020149653,0.5027225062693028,0.415334108465624,0.2389458958503303,0.3841035056739255,0.4972774937306972,0.6297419808065567,0.1253606640827534,0.1058325091115209,0.0,early
453,2015,00-0029619,3,4.3,0.1198830409356725,0.0,0,0.1170726380107138,0.0927042551084591,2.6102286566415005,4.778733154247972,2.6102286566415005,4.778733154247972,0.0178080209420741,0.0221667761069736,0.0991145781780577,0.1308811122941096,0.0943610643805858,0.0774311815704069,0.905638935619414,0.906934002764107,0.452819467809707,0.4386610354997383,0.8773220709994766,0.7859338148321189,1.1102230246251563e-16,early
454,2015,00-0029626,3,0.3,0.0087719298245614,0.0,0,0.0786305414106944,0.0066219691607909,2.515903834422313,0.3459806416472848,2.515903834422313,0.3459806416472848,0.0127725143828463,0.0208388483215267,0.083288201657359,0.1259795595674259,0.0799140612872551,0.0765085590654917,0.9200859387127448,0.9095778718035464,0.4600429693563724,0.4408164337782118,0.8816328675564236,0.8520336766763281,0.0,early
455,2015,00-0029683,3,143.4,0.8918128654970761,0.0,0,57.37932752717949,58.23905569581936,97.1955989044128,288.8645786506198,97.1955989044128,288.8645786506198,0.989603187452186,0.9978859788342384,1.9224598557731631,1.9224598557731636,0.3622206024629429,0.4118660113435541,0.3260483591145946,0.3965641785311064,0.0731233866680161,0.0731233866680161,0.1462467733360323,0.1387030909321991,0.0,early
456,2015,00-0029729,3,15.4,0.3362573099415205,0.0,0,1.506594217276653,1.3631970840093608,11.072910536270662,31.496834097076714,11.072910536270662,31.496834097076714,0.1368746974810434,0.1165666851011198,0.3352281572157926,0.3352281572157927,0.2295523456827668,0.1678958506537505,0.770447654317233,0.7880635132691217,0.3575874477118646,0.3575874477118645,0.7151748954237291,0.6044797954135414,0.0,early
457,2015,00-0029731,3,25.2,0.4181286549707602,0.0,0,1.7457183692069125,3.917020307878097,11.238148448167156,64.19489076021459,11.238148448167156,64.19489076021459,0.1595061403420536,0.2297525918890576,0.3913758143562647,0.5139831127162283,0.1948353128093505,0.2293879101210082,0.8051646871906495,0.7035729323117458,0.3380630052125667,0.2990542472026744,0.5981084944053487,0.5231204074770832,0.0,early
458,2015,00-0029795,3,42.0,0.5584795321637427,7.9,1,8.4055040301117,9.77918608690578,22.637300796845068,108.56176322690403,30.537300796845063,116.46176322690404,1.1721467076456114,1.0058594969363182,2.459079001535432,1.8633835229405835,0.3681523551731771,0.3054014581501581,0.5185007194272953,0.5881338452912062,0.4329870467555927,0.4901019122547055,0.4329870467555926,0.3832109033394033,0.0,early
459,2015,00-0029854,3,125.3,0.8508771929824561,63.4,2,32.97436156737172,25.195040869128466,44.59300575177709,218.4561772307974,107.99300575177708,281.8561772307974,0.802284984745405,0.9128616535304406,1.363074297807232,1.6444721775219502,0.4535056970140047,0.4253119400297724,0.2906213660483038,0.3815735939162275,0.2906213660483037,0.4594896888766206,0.1271160088360977,0.1597224942237905,0.0,early
460,2015,00-0029892,3,58.4,0.6403508771929824,43.4,3,17.155218810457782,17.79220681174445,11.387110742064811,119.25361722095934,32.012889257935186,162.65361722095935,0.823406992497379,0.5773168848763122,1.521747815231006,1.0417941387772514,0.2183299528573412,0.3528211037414548,0.5900276515010081,0.5125474814180836,0.7816700471426589,0.6620399272937509,0.3233493804671855,0.3084106053525284,0.0,early
461,2015,00-0029931,3,30.5,0.4766081871345029,19.5,2,10.319449246305924,11.155867164735788,3.4075441794661216,54.3067421671006,16.09245582053388,73.8067421671006,1.1606936180304797,1.2586366932994306,2.1208800416262563,2.600534900222274,0.210291025575152,0.2354546190860125,0.669782932275937,0.6903115210295308,0.7897089744248479,0.7520145420282066,0.577416251594294,0.4639817718194839,0.0,early
462,2015,00-0030039,3,12.7,0.2660818713450292,0.0,0,1.5014890345464875,1.059992097654515,11.283912753481598,26.259957823204974,11.283912753481598,26.259957823204974,0.1143013431070651,0.1003103814089191,0.3052850589491608,0.305285058949161,0.2039291673538843,0.1590465290143004,0.7369132807230846,0.8028578249025822,0.3684566403615423,0.3684566403615422,0.7369132807230845,0.6700499564199093,0.0,early
463,2015,00-0030107,3,107.0,0.7923976608187134,55.5,2,17.87367822703583,22.03798598676113,0.2276668853566263,160.9935128474037,55.272333114643374,216.4935128474037,1.3472042766494154,0.9766640521697394,27.631021115928547,1.9034265052524728,0.4257363136294376,0.3415629861066264,0.5742636863705624,0.5093800152941578,0.5742636863705624,0.5761578227473614,0.3101913007317929,0.1941254052773939,0.0,early
464,2015,00-0030112,3,8.3,0.1988304093567251,4.1,2,2.8714864180952717,2.987476000998864,3.7659461879202993,18.843886437264807,7.865946187920299,22.94388643726481,1.520552830604401,1.4129947747625276,27.631021115928547,3.1109652041877456,0.2478963695228556,0.2020298831881607,0.7521036304771442,0.7534121897315678,0.7521036304771442,0.7693824642324294,0.6729274500533361,0.7272693295087417,0.0,early
465,2015,00-0030117,3,23.3,0.3888888888888889,0.0,0,3.160841102796791,4.555804115656329,14.753882255650682,68.19900229903713,14.753882255650682,68.19900229903713,0.2680140579936309,0.2771288400014241,0.5808906835642458,0.580890683564246,0.220567040585694,0.2544619393650618,0.6467392057520782,0.6739841119956833,0.2796999481576187,0.2796999481576186,0.5593998963152373,0.552550931609794,0.0,early
466,2015,00-0030247,3,4.6,0.131578947368421,0.0,0,1.4065961574854668,0.4230848716712039,10.277217298221874,10.523346683989573,10.277217298221874,10.523346683989573,0.1299334489904273,0.095577095344122,0.2942176612166357,0.2942176612166359,0.2548857086915891,0.1604041258489405,0.7451142913084108,0.8068033094603657,0.3725571456542054,0.3725571456542053,0.7451142913084107,0.7778555916862423,0.0,early
467,2015,00-0030248,3,0.7,0.023391812865497,0.0,0,0.2672241392602448,0.0279994885616993,4.400714811464999,1.0837890967162582,4.400714811464999,1.0837890967162582,0.0513318637356628,0.0381303522291867,0.1745985417132697,0.17459854171327,0.1602059045972757,0.1032710801290812,0.8397940954027243,0.8777144767924908,0.4198970477013621,0.419897047701362,0.8397940954027241,0.8444113007712777,0.0,early
468,2015,00-0030280,3,15.6,0.3421052631578947,0.0,0,10.57111336398858,5.430782525356818,32.19144407024907,63.02977021763384,32.19144407024907,63.02977021763384,0.6436853692335592,0.4621118315390328,0.8377379153733163,0.8377379153733167,0.5673118054621987,0.3336730713205016,0.4326881945378013,0.5781248584073441,0.2163440972689006,0.2163440972689005,0.4326881945378011,0.5988028165947744,0.0,early
469,2015,00-0030282,3,15.7,0.347953216374269,0.0,0,6.688193444479804,3.908426248588441,24.75023967708589,53.430866977214535,24.75023967708589,53.430866977214535,0.464351426450224,0.3331238019081384,0.6574830750118091,0.6574830750118094,0.4818461509912806,0.2827734983726945,0.5181538490087194,0.641900470553654,0.2590769245043597,0.2590769245043596,0.5181538490087193,0.59309920448297,0.0,early
470,2015,00-0030287,3,61.7,0.652046783625731,0.0,0,13.192968375872034,13.877324259666196,41.19910590297979,141.8860711139043,41.19910590297979,141.8860711139043,0.4681482064927725,0.4560054789221048,0.8512431749736018,0.851243174973602,0.3303589918661775,0.2975170497268289,0.5249860036270162,0.5875921264065551,0.2134419552733167,0.2134419552733167,0.4268839105466334,0.2983987599072041,2.220446049250313e-16,early
471,2015,00-0030288,3,24.3,0.4122807017543859,40.2,3,24.94011972346194,22.84149080408893,25.99753570942153,37.64076041957833,14.202464290578469,77.84076041957833,0.8910015607663352,0.7828073416544775,1.493161800944746,1.2504540813993497,0.2246611974014435,0.2863747298938413,0.603202298563446,0.6305728717602193,0.9109247764390148,0.833172403680051,0.4994569293765055,0.5290259984284817,0.0,early
472,2015,00-0030348,3,54.5,0.6052631578947368,0.0,0,9.316726807176671,11.217320054540425,32.71180868566254,128.70031328878278,32.71180868566254,128.70031328878278,0.3893745387900884,0.3946520508887203,0.7594795160033762,0.7594795160033766,0.264348476922292,0.281248292350627,0.5854748400475825,0.6153622882991888,0.2339549516290875,0.2339549516290874,0.4679099032581748,0.3395190844225765,0.0,early
473,2015,00-0030388,3,66.1,0.6637426900584795,0.0,0,17.300837208744078,16.553065999686766,46.49768421629237,157.4263114060863,46.49768421629237,157.4263114060863,0.5273032772936572,0.5143952907723026,0.9390226347563096,0.9390226347563098,0.3484232652689,0.3147652553570428,0.497970642920546,0.5622564249918476,0.1955049040305169,0.1955049040305169,0.3910098080610338,0.2885763100209082,0.0,early
474,2015,00-0030404,3,57.6,0.6345029239766082,55.6,3,25.850044475914856,25.744383470512744,25.36360401462411,78.37852781101998,30.236395985375893,133.97852781101997,0.8001056739015452,0.7337220667792878,1.374691440647487,1.2323915035277726,0.2529176238642423,0.2915943941371572,0.5890552737869811,0.5978099034808608,0.7470823761357577,0.7721561813325285,0.4420199660228678,0.3134856943321866,0.0,early
475,2015,00-0030414,3,79.8,0.6929824561403509,61.0,3,24.79658856447859,26.76734595627684,19.17971967407044,101.96967327089638,41.82028032592956,162.96967327089638,0.69355555508886,0.7454291408289366,1.152908799361199,1.2555033202920014,0.3157170747985254,0.2849323998685452,0.5683542053111765,0.6005823955056588,0.6842829252014746,0.7335941920100535,0.4428587240295212,0.2648825293776488,0.0,early
476,2015,00-0030432,3,27.9,0.4473684210526316,0.9,1,4.272787798369073,4.245730440381308,18.51106991906844,66.0526371419987,19.41106991906844,66.95263714199871,1.3564701400748924,1.2180215692853815,3.1024647612872536,2.2505839690774074,0.2750326807669188,0.224356664795244,0.647121258764231,0.7075206478171268,0.6021829551750716,0.6061338329690893,0.6021829551750715,0.4935284524196708,1.1102230246251563e-16,early
477,2015,00-0030433,3,47.6,0.5701754385964912,8.2,1,6.891756752089265,7.921923892570659,16.01623190196248,86.6978953017777,24.21623190196248,94.89789530177772,1.1368874408749263,1.1795542243884063,2.026016124022498,2.166208012405171,0.182360686828118,0.2238079032148465,0.7143511135707875,0.6971027233245977,0.6343346623222597,0.6191256261869287,0.5824913243785653,0.3720772274100875,0.0,early
478,2015,00-0030456,3,138.2,0.8801169590643275,63.9,2,31.531438096538977,27.797941479132845,44.371075342986266,232.51268091775685,108.27107534298626,296.41268091775686,0.7419946073693063,0.907084225544399,1.259766077956996,1.618564806234803,0.4324797774444681,0.4289007007940389,0.2837998353650648,0.3729163732317374,0.2837998353650648,0.4212948777572186,0.113367545999687,0.144460077513442,0.0,early
479,2015,00-0030465,3,14.6,0.3187134502923976,8.4,2,6.454334907787281,6.266393918003217,3.4298828422960685,13.399082119072384,11.829882842296067,21.799082119072384,1.667145774861748,1.5915931345060512,27.631021115928547,3.477788629087996,0.1767600798256993,0.1204473282199619,0.8232399201743006,0.8486770587524946,0.8232399201743006,0.8682737497292224,0.7970026698429629,0.6213371300682492,0.0,early
480,2015,00-0030485,3,127.6,0.8625730994152047,0.0,0,68.64335438011507,53.99028541762104,108.68053129553668,277.03288453703925,108.68053129553668,277.03288453703925,1.0588541404198948,1.0236514743688006,1.9965585492711264,1.9965585492711264,0.488762494401024,0.4198371693852761,0.2871127663255554,0.3881602272416047,0.0679009176466183,0.0679009176466183,0.1358018352932367,0.1534663784070663,0.0,early
481,2015,00-0030496,3,90.2,0.7339181286549707,0.0,0,38.00096568161421,28.54014738176056,78.41181084810705,214.43942302833747,78.41181084810705,214.43942302833747,0.7963465810257021,0.6972591276696998,1.24067657412972,1.2406765741297203,0.5211533933520477,0.358456681264035,0.3565619028767245,0.4921798721574325,0.1445942471409456,0.1445942471409456,0.2891884942818913,0.233875952708848,0.0,early
482,2015,00-0030513,3,169.3,0.9444444444444444,109.9,2,30.391720983648547,32.414959803235206,17.768698754392076,176.50571823303332,92.13130124560792,286.4057182330333,0.6695802672403679,0.9100225380428916,1.1860353845089346,1.7023624922939296,0.3586578147130559,0.3814357982905726,0.3359124068195223,0.4363117566635783,0.6413421852869441,0.5931689258621868,0.2003481315568031,0.1151393385618941,0.0,early
483,2015,00-0030536,3,22.4,0.3771929824561403,0.0,0,5.189646511945817,4.748573440850947,21.55000516433885,68.88694122367949,21.55000516433885,68.88694122367949,0.3127281700142292,0.2955109314090935,0.6063285579610824,0.6063285579610826,0.3069058604736651,0.2637972295672864,0.5978260017226689,0.6631624623880148,0.2726747084141365,0.2726747084141364,0.5453494168282729,0.5642323636379137,0.0,early
484,2015,00-0030547,3,55.5,0.6111111111111112,0.0,0,15.384983821023454,16.45978909355121,43.01734045752863,155.9898247766494,43.01734045752863,155.9898247766494,0.5701982755717224,0.5728091333271903,1.025010084721483,1.0250100847214831,0.3323404856438234,0.338144789436454,0.4919875942231849,0.5367552947621053,0.1793964235308869,0.1793964235308869,0.3587928470617739,0.3342277220106951,0.0,early
485,2015,00-0030578,3,14.5,0.3070175438596491,82.5,3,46.55655422376203,55.75840098653799,56.59920648476098,22.03069583921096,25.900793515239023,60.46930416078904,0.3902330313023841,0.6675501389316004,0.5828945636664871,1.1005920177966302,0.5582800483890363,0.3326740764142097,0.4417199516109636,0.5833387986424917,0.9573844160586378,0.9035712329623596,0.4417199516109635,0.6324174175776665,0.0,early
486,2015,00-0030656,3,119.8,0.8333333333333334,122.7,3,29.62954163937044,34.85016156201419,2.1568713038218164,173.2290607768344,124.85687130382182,295.9290607768344,0.2948897775056157,0.4198972026480327,0.6102944456443692,0.7952142978036817,0.5431909053292063,0.4514844724241302,0.202789512618878,0.3458072490032834,0.4568090946707936,0.6839001491349449,0.0776514703981062,0.1694918156167776,0.0,early
487,2015,00-0030668,3,117.8,0.8216374269005848,11.6,1,12.004052619488116,21.387399068366506,25.6013044129528,176.49853115276363,37.2013044129528,188.09853115276363,0.8006993936821842,0.9643310127610542,1.3633743374597165,1.7802146939507095,0.0666266268595428,0.2853041286760977,0.674789283700937,0.5875950528389505,0.4718068642075754,0.4344966738552557,0.41899310727415,0.1762651879581881,0.0,early
488,2015,00-0030705,3,10.4,0.2426900584795321,0.0,0,6.701753244556993,3.657888716361249,23.3905481710388,44.64272576088791,23.3905481710388,44.64272576088791,0.5654976263798397,0.4109201488243471,0.7587343641653264,0.7587343641653266,0.5317413028813164,0.3239766303502567,0.4682586971186836,0.6006664522711557,0.2341293485593418,0.2341293485593417,0.4682586971186835,0.6906498638877929,0.0,early
489,2015,00-0030741,3,11.6,0.260233918128655,16.7,3,6.996402999193382,9.280701924012575,6.29759845145141,32.48107299689062,22.99759845145141,49.18107299689061,0.4310252080432819,0.6956945940468535,0.6240565687299728,1.1253625880293714,0.5357666491713021,0.3245347735984433,0.464233350828698,0.5983033333055815,0.6097580613617382,0.7752437739411483,0.4642333508286979,0.675265509468539,0.0,early
490,2015,00-0030785,3,7.5,0.1725146198830409,0.0,0,2.6425179355739825,1.9007733883326523,13.804847293929743,28.108910768398403,13.804847293929743,28.108910768398403,0.3741448940086959,0.2740408445747804,0.5665475248056172,0.5665475248056172,0.4325187244551939,0.2692131849115746,0.5674812755448061,0.6731996745145253,0.283740637772403,0.283740637772403,0.5674812755448061,0.7478925366954503,0.0,early
491,2015,00-0030789,3,94.04,0.7514619883040936,0.0,0,17.80215033229308,24.665270141391545,45.39058964246912,197.3008431598721,45.39058964246912,197.3008431598721,0.6417923463889752,0.5869412093468803,1.0570523657847375,1.057052365784738,0.3657320254900449,0.327188143095267,0.6342679745099551,0.5344761691086394,0.1737392709547284,0.1737392709547283,0.3474785419094567,0.2213848334019326,0.0,early
492,2015,00-0030855,3,9.7,0.2339181286549707,0.0,0,1.143655338026388,1.1881235635123917,9.464178685055394,24.669141279190967,9.464178685055394,24.669141279190967,0.1589758301243829,0.1416372598347554,0.3740003842981094,0.3740003842981099,0.2364416809761108,0.1906486733524831,0.7635583190238893,0.7654845736145895,0.3439883237204018,0.3439883237204016,0.6879766474408033,0.6981892018104648,0.0,early
493,2015,00-0030860,3,31.4,0.4941520467836257,0.0,0,8.408671049775915,10.110619963113692,26.641825220870768,106.85320982099884,26.641825220870768,106.85320982099884,0.5371910388486885,0.5311828265616396,0.9514193727418512,0.9514193727418516,0.357008457704871,0.339514592765532,0.5132778824059867,0.551039992565139,0.1930962415856543,0.1930962415856543,0.3861924831713086,0.4463611845996025,0.0,early
494,2015,00-0030874,3,31.1,0.4883040935672514,81.6,3,41.78254319912034,44.77640857787056,50.89451049002395,34.58644402142289,30.705489509976047,116.18644402142289,0.5101559005212761,0.5545117457792499,0.9221634501058924,0.9953487843178628,0.3976577969881177,0.3695945132905625,0.4662160436611662,0.5121381046395297,0.9414608860730472,0.8558851600622865,0.3334343395367481,0.4522219696993776,0.0,early
495,2015,00-0031045,3,70.3,0.6754385964912281,93.4,3,40.590890805944106,44.63377504429096,48.1175288981929,66.36506184933464,45.282471101807104,159.76506184933464,0.5877611258280628,0.6863457965362108,0.9964671052075004,1.181262069726859,0.3691814190546636,0.3068911760243761,0.4941355439662309,0.5718314970101162,0.8661660981219406,0.8230953108568486,0.403691242859836,0.2789486363084589,0.0,early
496,2015,00-0031055,3,35.4,0.5292397660818714,0.0,0,17.88779310124839,15.356382554432798,43.850522611047055,134.27564759084348,43.850522611047055,134.27564759084348,0.8139415704255614,0.7519689757656566,1.3157086918293317,1.315708691829332,0.5019183086063148,0.39888100108651,0.3933809366292404,0.4668362357562847,0.1341420625419357,0.1341420625419356,0.2682841250838713,0.4115633347659924,0.0,early
497,2015,00-0031057,3,36.8,0.5409356725146199,0.0,0,13.489848686184406,11.344293104464713,37.30251407184847,115.99083469567498,37.30251407184847,115.99083469567498,0.6088644416272596,0.5430883640214345,0.9734472312919276,0.9734472312919278,0.4544055323060754,0.3375586357698202,0.4378185069851465,0.5471881967485837,0.1888892505023127,0.1888892505023127,0.3777785010046254,0.400140317431835,0.0,early
498,2015,00-0031062,3,82.6,0.6988304093567251,190.6,3,117.46146043210445,104.41018359909016,144.9350845466256,12.581767910574769,45.66491545337438,203.1817679105748,0.6063293954643216,0.5857009302434601,1.0099900914969575,1.0584795176654247,0.3642225884542698,0.3469829909522225,0.6357774115457302,0.5128450049437514,1.0,0.8870353678190789,0.3201269993906093,0.2602959499302613,0.0,early
499,2015,00-0031066,3,14.6,0.3187134502923976,0.0,0,6.374311724937698,3.246970137318229,25.188252244822717,47.85845824292666,25.188252244822717,47.85845824292666,0.3972387809335323,0.2860100991900627,0.5899903284778238,0.5899903284778242,0.4456673540509403,0.2644342269367268,0.5543326459490597,0.6677803851862935,0.2771663229745298,0.2771663229745297,0.5543326459490595,0.6213371300682492,0.0,early
500,2015,00-0031075,3,105.2,0.7719298245614035,79.3,3,19.31713435387578,27.571346889018628,15.17971875535524,154.66423292920012,64.12028124464476,233.9642329292001,0.3874775292248679,0.5520434757625547,0.7085001181278943,1.0193608604145792,0.4923821589694612,0.3608254843407491,0.5076178410305388,0.4841201179351719,0.8115342340392326,0.6602598329525828,0.2757602351240802,0.2074247080931166,0.0,early
501,2015,00-0031085,3,10.8,0.2543859649122807,0.0,0,5.081024016877727,3.5996997868482623,18.76682557755795,44.88277748360798,18.76682557755795,44.88277748360798,0.5441973739712356,0.3948951295220958,0.7373724506261746,0.737372450626175,0.5216307956645369,0.3165922533029585,0.4783692043354631,0.6086858293305356,0.2391846021677315,0.2391846021677315,0.478369204335463,0.6804379385820564,1.1102230246251563e-16,early
502,2015,00-0031102,3,1.0,0.0350877192982456,46.8,3,32.81268374241239,43.622041480589175,34.26895986021304,44.03723595641622,12.531040139786958,2.762764043583778,1.0143870390045366,1.1770737649411935,1.2454033270639238,1.6867639337493037,0.2878247971866274,0.1851176085959422,0.7121752028133724,0.7804484650195856,0.934779589203802,0.9893192820112632,0.7121752028133723,0.8380852157070213,0.0,early
503,2015,00-0031277,3,24.0,0.4064327485380117,0.0,0,7.293463410356395,8.091650084229954,25.49417238663472,90.94292196955963,25.49417238663472,90.94292196955963,0.4984801903033047,0.4900162378255831,0.8831216992384419,0.8831216992384421,0.3584224531395679,0.3363537458610806,0.5295004519051729,0.5668479096574499,0.2067450515558495,0.2067450515558495,0.413490103111699,0.534923474674134,0.0,early
504,2015,00-0031285,3,253.4,0.9970760233918128,9.1,1,73.30331214322166,97.89406492237124,110.44191443066956,417.17149323693206,119.54191443066956,426.2714932369321,0.5935835931677229,0.774239271868924,0.9021583875950824,1.3412987246301722,0.4757346850102357,0.4163908624377527,0.5242653149897644,0.3800780677013777,0.1185722438100393,0.1209189876873368,0.1185722438100393,0.0951365662456109,0.0,early
505,2015,00-0031301,3,161.3,0.9210526315789472,3.1,1,100.13147208468152,73.73769116012582,134.59064792292276,329.3601226989446,137.69064792292275,332.46012269894464,1.2423463121506697,0.7755277049018166,2.3363313497011093,1.2970993276597311,0.6098215834895345,0.44516831692159,0.1678992816193799,0.3445410680449662,0.0712176019400544,0.0724088811841586,0.0712176019400544,0.1251500530437192,1.1102230246251563e-16,early
506,2015,00-0031332,3,8.2,0.1871345029239766,0.0,0,0.5546512280313385,0.5829121964405299,6.279764590508671,16.191229465846035,6.279764590508671,16.191229465846035,0.08602810213515,0.0780410507327618,0.2626596924601742,0.2626596924601744,0.1702205355980044,0.1431779776510688,0.8297794644019956,0.825674364782304,0.3845017752468728,0.3845017752468727,0.7690035504937454,0.7365641074171182,0.0,early
507,2015,00-0031375,3,26.2,0.4269005847953216,0.0,0,9.605298045075472,7.419349145045928,32.46710272760859,89.39278889802983,32.46710272760859,89.39278889802983,0.4826305401022402,0.423912971256524,0.7900851783255535,0.7900851783255536,0.4199161780473146,0.3106379791160734,0.5172477566025298,0.5975262936951334,0.2269030695944932,0.2269030695944932,0.4538061391889865,0.5142504021103486,0.0,early
508,2015,00-0031376,3,63.9,0.6578947368421053,0.0,0,19.58774545199012,27.190915596076024,45.88588879461805,200.2500084533636,45.88588879461805,200.2500084533636,0.8396767808799505,0.8684161160204986,1.5658387904258313,1.5658387904258315,0.3213347628123682,0.4097733257121015,0.4553631545843313,0.4310550754769712,0.1044563528415388,0.1044563528415388,0.2089127056830776,0.2934635091921909,0.0,early
509,2015,00-0031390,3,135.0,0.8742690058479532,0.0,0,51.48195925767083,55.30810561591852,90.17102565389382,282.1882685295542,90.17102565389382,282.1882685295542,0.9856424323355848,0.9975432833097936,1.9194522334932032,1.919452233493204,0.3459389936667647,0.4133615627447307,0.3328759222589314,0.396280559792737,0.0733436452562292,0.0733436452562292,0.1466872905124584,0.1474123175338618,0.0,early
510,2015,00-0031391,3,37.5,0.5467836257309941,0.0,0,32.96064937728652,16.354170616480786,68.09251838389028,139.55639552128497,68.09251838389028,139.55639552128497,0.982707127470805,0.774494212936258,1.3597559345970724,1.359755934597073,0.6526344804164401,0.4022627563252008,0.291863525457376,0.4594298037209513,0.1283617133072475,0.1283617133072475,0.2567234266144951,0.3944684417463719,0.0,early
511,2015,00-0031413,3,46.2,0.564327485380117,0.0,0,18.681890667970865,21.765345434981413,45.5297148483966,174.68941824556046,45.5297148483966,174.68941824556046,0.8173589127969665,0.8567159052309576,1.525240093929724,1.5252400939297242,0.2878107822131963,0.4204248773938199,0.4643164520170669,0.432008343896638,0.1087844068211953,0.1087844068211953,0.2175688136423907,0.3776279299048926,0.0,early
512,2015,00-0031493,3,9.4,0.2251461988304093,0.0,0,0.4206029075634152,0.6786150874618997,5.592255249614906,18.423578844408727,5.592255249614906,18.423578844408727,0.0484160952175807,0.0826392301966702,0.1978822483299111,0.2720916523084919,0.0839505620405557,0.1459585530940801,0.8204664587457527,0.8208164206603951,0.4102332293728764,0.3808922192939099,0.7617844385878199,0.7056231125425403,0.0,early
513,2015,00-0031526,3,4.5,0.1257309941520467,0.0,0,6.5780797744681045,1.10744689174291,26.65858017117456,16.86829927265514,26.65858017117456,16.86829927265514,0.3456072821324252,0.2543727130713114,0.5373348648410584,0.5373348648410586,0.4156965733154564,0.261993753734823,0.5843034266845436,0.6847775653129645,0.2921517133422718,0.2921517133422717,0.5843034266845435,0.7819216747558001,0.0,early
514,2015,00-0031531,3,1.2,0.0555555555555555,0.0,0,1.5450011616038868,0.1165896117426297,12.100565476595945,2.8766841924621134,12.100565476595945,2.8766841924621134,0.1279156764021934,0.0947649902118182,0.2915547208349937,0.2915547208349938,0.2528988695132833,0.1619822537108767,0.7471011304867166,0.8073240240405095,0.3735505652433583,0.3735505652433582,0.7471011304867164,0.8265175808450299,0.0,early
515,2015,00-0031569,3,126.6,0.8567251461988304,3.0,1,52.06869618603344,48.79611119118846,91.28055558881842,267.6961311090749,94.28055558881842,270.6961311090749,0.9326789227155778,0.7971021873589452,1.7465092334178738,1.405729724799798,0.3764925914032797,0.4088547549396017,0.3340232899521896,0.4048297535767641,0.1596416822371045,0.1614556411031218,0.1596416822371045,0.156568991165214,0.0,early
516,2015,00-0031577,3,106.7,0.7865497076023392,65.1,2,20.997311633297905,24.691131832845,10.505702887852635,141.959503157516,54.59429711214736,207.059503157516,1.3552352591959078,0.999128632554674,27.631021115928547,1.9608495851897303,0.430477166743073,0.3238985956519559,0.5695228332569271,0.5353626038342041,0.5695228332569271,0.640291174884273,0.