index,source_season,player_id,horizon,source_percentile,target_points,source_points,block,d1_p0,d1_p1,d1_p2,d1_p3,m1_p0,m1_p1,m1_p2,m1_p3,observed_region
0,2014,00-0027966,2,0.910493827160494,201.2,165.9,early,0.0796447322370568,0.1605000630731217,0.3452684497175743,0.4145867549722471,0.0796447322370568,0.3204672485418719,0.1695309430855478,0.4303570761355234,3
1,2014,00-0027966,3,0.910493827160494,228.0,165.9,early,0.1766379731470413,0.1644932994661894,0.3374254391866489,0.3214432882001202,0.1766379731470413,0.2419865548220376,0.1858350489545061,0.3955404230764149,3
2,2014,00-0027994,2,0.8240740740740741,32.2,114.8,early,0.2104460482288892,0.2458933883125185,0.0,0.5436605634585921,0.2104460482288892,0.2709344190403397,0.1435981649989754,0.3750213677317955,1
3,2014,00-0027994,3,0.8240740740740741,40.7,114.8,early,0.3420898913268494,0.2547921739752122,0.0,0.4031179346979383,0.3420898913268494,0.1909936701844301,0.144064890873386,0.3228515476153344,1
4,2014,00-0028000,2,0.5030864197530864,0.0,42.9,early,0.3778954352659636,0.1772007983038081,0.0,0.4449037664302283,0.3778954352659635,0.1834999895031566,0.0993213868255637,0.339283188405316,0
5,2014,00-0028000,3,0.5030864197530864,0.0,42.9,early,0.5720578336832965,0.1631435554958227,0.112217830919988,0.1525807799008927,0.5720578336832964,0.1152362611235027,0.0768765854074426,0.2358293197857582,0
6,2014,00-0028009,2,0.9969135802469136,244.8,310.1,early,0.0800619534691534,0.2294887705913537,0.6904492759394928,0.0,0.0800619534691534,0.3234145445111002,0.1708801935299417,0.4256433084898047,3
7,2014,00-0028009,3,0.9969135802469136,135.5,310.1,early,0.1871265511651267,0.3360715511543172,0.476801897680556,0.0,0.1871265511651267,0.2411631463938645,0.1876942511864871,0.3840160512545216,2
8,2014,00-0028011,2,0.5401234567901234,0.7,48.0,early,0.3137612319399863,0.0914262988200967,0.1459202933998668,0.44889217584005,0.3137612319399863,0.2085822888024139,0.1124035115186835,0.3652529677389162,1
9,2014,00-0028011,3,0.5401234567901234,16.8,48.0,early,0.4655534082989092,0.112314224721636,0.1520059610206986,0.2701264059587561,0.4655534082989091,0.1454777829970674,0.0989315205269923,0.290037288177031,1
10,2014,00-0028043,2,0.7685185185185185,0.0,92.3,early,0.2220514874575125,0.2343015516904311,0.0,0.5436469608520562,0.2220514874575125,0.2634676917198987,0.1398806940798025,0.3746001267427863,0
11,2014,00-0028043,3,0.7685185185185185,0.0,92.3,early,0.3629587525689864,0.2298249974823162,0.0,0.4072162499486973,0.3629587525689863,0.1831570166474034,0.1361682219844552,0.317716008799155,0
12,2014,00-0028064,2,0.4845679012345679,143.0,37.3,early,0.2983867022910637,0.0612002450082457,0.1442023095778995,0.496210743122791,0.2983867022910637,0.2035079313105142,0.1104268856582151,0.3876784807402069,3
13,2014,00-0028064,3,0.4845679012345679,126.2,37.3,early,0.4687293263096254,0.0911013432133687,0.1211157686728277,0.3190535618041782,0.4687293263096252,0.1422721230370588,0.0939637614732024,0.2950347891801134,3
14,2014,00-0028074,2,0.4660493827160494,16.1,32.9,early,0.3139972017518057,0.2885191682274083,0.0,0.397483630020786,0.3139972017518057,0.1954178038034637,0.1063272873735126,0.384257707071218,2
15,2014,00-0028074,3,0.4660493827160494,15.7,32.9,early,0.5002672607511787,0.0920441870550866,0.1464626767542139,0.2612258754395209,0.5002672607511784,0.133079847301324,0.0869891305756795,0.279663761371818,2
16,2014,00-0028083,2,0.595679012345679,79.8,59.0,early,0.1829348136947078,0.1465929538443548,0.2209271680426157,0.4495450644183215,0.1829348136947078,0.2577327025680641,0.1381605363435044,0.4211719473937237,3
17,2014,00-0028083,3,0.595679012345679,41.3,59.0,early,0.2921839778163816,0.1440043832650503,0.1943603870843112,0.3694512518342568,0.2921839778163815,0.1956530758545556,0.1366058398937409,0.375557106435322,3
18,2014,00-0028121,2,0.5771604938271605,17.9,55.9,early,0.158819737124837,0.2683269213788635,0.2687968212096813,0.3040565202866183,0.158819737124837,0.2623322218262308,0.1408514748752498,0.4379965661736823,1
19,2014,00-0028121,3,0.5771604938271605,6.0,55.9,early,0.2896734109813515,0.2821581146794408,0.209849798940254,0.2183186753989536,0.2896734109813514,0.1953681430008907,0.1352590422126449,0.3796994038051129,1
20,2014,00-0028149,2,0.4598765432098765,0.0,32.8,early,0.4919311330186118,0.2333155578647231,0.0,0.274753309116665,0.3815157371709768,0.1750745507337152,0.0953505343739416,0.3480591777213663,0
21,2014,00-0028149,3,0.4598765432098765,0.0,32.8,early,0.5897411014832656,0.2411312821490147,0.0,0.1691276163677195,0.5897411014832655,0.1090478835487474,0.0710309790850646,0.2301800358829222,0
22,2014,00-0028198,2,0.904320987654321,103.5,156.2,early,0.1065045148372144,0.2609064916202475,0.2957586859198614,0.3368303076226766,0.1065045148372144,0.3108492149875743,0.1644609086525894,0.4181853615226219,2
23,2014,00-0028198,3,0.904320987654321,0.0,156.2,early,0.2699585547748344,0.2112513842823593,0.3228040585505516,0.1959860023922547,0.2508030334375108,0.2200183154697836,0.1687757226010102,0.3604029284916952,0
24,2014,00-0028202,2,0.1172839506172839,85.4,4.4,early,0.7351052571402203,0.0,0.0,0.2648947428597797,0.7351052571402201,0.0394603117703283,0.0244570558912936,0.2009773751981579,3
25,2014,00-0028202,3,0.1172839506172839,0.0,4.4,early,0.8436933417713193,0.0,0.0,0.1563066582286807,0.843693341771319,0.0377071186038489,0.0198793237306241,0.0987202158942079,0
26,2014,00-0028345,2,0.3364197530864197,0.0,18.6,early,0.4401426834480325,0.1695672866842657,0.0,0.3902900298677018,0.4401426834480325,0.134831402755161,0.0754073186322714,0.3496185951645351,0
27,2014,00-0028345,3,0.3364197530864197,0.0,18.6,early,0.6330071577566644,0.0847793307864841,0.1490203555152037,0.1331931559416477,0.6330071577566643,0.0939205047289286,0.0567543413746903,0.2163179961397167,0
28,2014,00-0028409,2,0.1697530864197531,32.3,8.5,early,0.5383897378962328,0.0,0.1876783434243767,0.2739319186793904,0.5383897378962328,0.0789568567687749,0.0473195046829647,0.3353339006520275,3
29,2014,00-0028409,3,0.1697530864197531,0.0,8.5,early,0.7038949332009848,0.0722014625612586,0.0,0.2239036042377565,0.7038949332009847,0.072325629707832,0.0393312479259011,0.1844481891652821,0
30,2014,00-0028492,2,0.0462962962962962,0.0,1.3,early,0.8714136882104179,0.0,0.0,0.128586311789582,0.7471000008676707,0.0306261420212505,0.0200998043483772,0.2021740527627015,0
31,2014,00-0028492,3,0.0462962962962962,0.0,1.3,early,0.8460740080162714,0.0,0.0,0.1539259919837286,0.8460740080162711,0.0365889881234286,0.0185591603612967,0.0987778434990036,0
32,2014,00-0028581,2,0.3179012345679012,11.7,17.7,early,0.3912077191652711,0.180270251860993,0.0,0.4285220289737359,0.391207719165271,0.142193541224204,0.0799587880286939,0.386639951581831,2
33,2014,00-0028581,3,0.3179012345679012,4.1,17.7,early,0.5856149206025336,0.092366977042192,0.1704353197860481,0.1515827825692263,0.5856149206025334,0.1054589490416819,0.0629793762907742,0.2459467540650104,1
34,2014,00-0028795,2,0.2716049382716049,10.9,13.0,early,0.4933791251274304,0.1095510215092013,0.0,0.3970698533633685,0.4933791251274302,0.1087367747920338,0.0621159230490298,0.3357681770315061,3
35,2014,00-0028795,3,0.2716049382716049,0.0,13.0,early,0.67141476814938,0.074058429713839,0.0,0.2545268021367811,0.6714147681493797,0.082492808261731,0.0478243280493428,0.1982680955395464,0
36,2014,00-0028841,2,0.1512345679012345,0.0,7.6,early,0.470865249774662,0.19266943418983,0.0,0.3364653160355079,0.4708652497746619,0.0863329730214332,0.0523167558118019,0.3904850213921029,0
37,2014,00-0028841,3,0.1512345679012345,0.0,7.6,early,0.628832196958815,0.0886262847948813,0.0,0.2825415182463036,0.628832196958815,0.0902501537453956,0.0485346133803273,0.232383035915462,0
38,2014,00-0029004,2,0.4783950617283951,24.8,33.6,early,0.3004656479585803,0.0913620008620423,0.1844448333192941,0.4237275178600831,0.3004656479585802,0.2017161904035682,0.1095515126013131,0.3882666490365384,3
39,2014,00-0029004,3,0.4783950617283951,11.2,33.6,early,0.4624345675236908,0.0983154354340261,0.150748639667011,0.288501357375272,0.4624345675236907,0.1436906243741796,0.0945771942738365,0.2992976138282931,1
40,2014,00-0029048,2,0.3117283950617284,0.7,17.0,early,0.5071188998912256,0.1578599486275401,0.1829071225786706,0.1521140289025637,0.5071188998912255,0.1139055939393298,0.0641747438165343,0.3148007623529102,1
41,2014,00-0029048,3,0.3117283950617284,0.0,17.0,early,0.7635426677215926,0.1211638815914201,0.0,0.1152934506869871,0.6942699645161636,0.0776633525082064,0.046197363319689,0.1818693196559408,0
42,2014,00-0029068,2,0.2006172839506173,0.0,9.4,early,0.5088191947387134,0.0,0.0,0.4911808052612865,0.5088191947387134,0.0905315905824665,0.0533559132522927,0.3472933014265273,0
43,2014,00-0029068,3,0.2006172839506173,17.8,9.4,early,0.6459691507795156,0.0,0.0,0.3540308492204844,0.6459691507795154,0.0871592895757387,0.0483067724589424,0.2185647871858033,3
44,2014,00-0029104,2,0.7191358024691358,0.0,72.9,early,0.3050281957485889,0.1227372766407779,0.139053299793577,0.433181227817056,0.3050281957485889,0.2318747549905903,0.1233509506702507,0.3397460985905699,0
45,2014,00-0029104,3,0.7191358024691358,0.0,72.9,early,0.4623514181604856,0.0992769829929038,0.0890014438400453,0.3493701550065652,0.4623514181604855,0.1530709124453327,0.1120989249150285,0.2724787444791532,0
46,2014,00-0029141,2,0.9166666666666666,38.4,174.9,early,0.0671017382789037,0.0907925739295748,0.2700147613110958,0.5720909264804256,0.0671017382789037,0.3251039333110894,0.1719655309108315,0.4358287974991754,1
47,2014,00-0029141,3,0.9166666666666666,65.2,174.9,early,0.1487469213643848,0.128190180451429,0.2637578468946346,0.4593050512895514,0.1487469213643848,0.250374578678228,0.1924871376125136,0.4083913623448735,1
48,2014,00-0029205,2,0.4969135802469135,59.0,41.8,early,0.3675431101674158,0.0841295283917087,0.1644669931505679,0.3838603682903075,0.3675431101674157,0.1855384036788878,0.1005060395064836,0.3464124466472128,3
49,2014,00-0029205,3,0.4969135802469135,22.5,41.8,early,0.5527785969806226,0.2056093409889326,0.1132229195134466,0.1283891425169981,0.5527785969806225,0.1202071402196943,0.0799271929039236,0.2470870698957595,2
50,2014,00-0029239,2,0.3981481481481481,10.9,23.7,early,0.2919422125861045,0.1073374252002112,0.2073145675788716,0.3934057946348127,0.2919422125861045,0.1865102744642131,0.102740922252568,0.4188065906971144,2
51,2014,00-0029239,3,0.3981481481481481,13.9,23.7,early,0.4480995039096166,0.1033375151981642,0.1659568144293717,0.2826061664628473,0.4480995039096166,0.1439399060834822,0.0903971610785831,0.317563428928318,2
52,2014,00-0029260,2,0.015432098765432,0.0,0.9,early,0.6983079613869662,0.0,0.0,0.3016920386130338,0.698307961386966,0.0331877037319687,0.0224341664454773,0.2460701684355878,0
53,2014,00-0029260,3,0.015432098765432,0.0,0.9,early,0.7999412015749636,0.0,0.0,0.2000587984250363,0.7999412015749634,0.0472863801949281,0.0236189675864296,0.1291534506436788,0
54,2014,00-0029264,2,0.558641975308642,0.0,50.9,early,0.1721161612050521,0.078097443044474,0.0728484314992466,0.6769379642512272,0.1721161612050521,0.2550181100898586,0.137164416898054,0.4357013118070352,0
55,2014,00-0029264,3,0.558641975308642,0.0,50.9,early,0.2629601140487104,0.0687303621563058,0.3201409357134852,0.3481685880814986,0.2629601140487103,0.2016789580522852,0.1384068229720625,0.3969541049269418,0
56,2014,00-0029273,2,0.654320987654321,85.3,64.1,early,0.2019847389936171,0.1468495051266833,0.2289036592347906,0.4222620966449089,0.2019847389936171,0.2595308649918381,0.1385395208325596,0.3999448751819852,3
57,2014,00-0029273,3,0.654320987654321,17.9,64.1,early,0.3248341021326512,0.1409063906860894,0.1794329626571298,0.3548265445241295,0.3248341021326512,0.1894281823565402,0.1355430914246298,0.3501946240861788,1
58,2014,00-0029298,2,0.2561728395061728,0.0,12.6,early,0.4452261182475052,0.1206174716741409,0.0,0.4341564100783537,0.4452261182475051,0.1154648436514435,0.0663565182937137,0.3729525198073377,0
59,2014,00-0029298,3,0.2561728395061728,0.0,12.6,early,0.5922159290171016,0.0,0.0879133915644401,0.3198706794184582,0.5922159290171014,0.1019262671125171,0.0585099896821344,0.247347814188247,0
60,2014,00-0029317,2,0.0030864197530864,0.0,0.2,early,0.661842982389725,0.0,0.0,0.3381570176102749,0.6618429823897249,0.0357660867013989,0.0244849535324776,0.2779059773763984,0
61,2014,00-0029317,3,0.0030864197530864,0.0,0.2,early,0.7581040673284396,0.0,0.0,0.2418959326715603,0.7581040673284394,0.0570528424341802,0.0283295335611553,0.156513556676225,0
62,2014,00-0029384,2,0.7438271604938271,24.6,88.6,early,0.2481238447482544,0.2163131900326788,0.0,0.5355629652190667,0.2481238447482544,0.2528510589093659,0.1343687769892334,0.3646563193531462,1
63,2014,00-0029384,3,0.7438271604938271,8.0,88.6,early,0.4039677388758068,0.2087316736342569,0.0,0.3873005874899362,0.4039677388758067,0.1705525673226351,0.1258799124104388,0.2995997813911193,1
64,2014,00-0029429,2,0.4537037037037037,0.0,31.2,early,0.355671582921467,0.0682638314923677,0.090095887902074,0.4859686976840912,0.355671582921467,0.1812139156474746,0.0987924188164992,0.3643220826145592,0
65,2014,00-0029429,3,0.4537037037037037,0.0,31.2,early,0.4656445017828414,0.058175769441939,0.0,0.4761797287752196,0.4656445017828413,0.1417659518093899,0.0920169373339759,0.3005726090737928,0
66,2014,00-0029438,2,0.5709876543209876,0.0,53.3,early,0.1908212317492834,0.2659277913749522,0.255186030361928,0.2880649465138364,0.1908212317492834,0.2513431463381451,0.1350276837902705,0.4228079381223009,0
67,2014,00-0029438,3,0.5709876543209876,0.0,53.3,early,0.3414340978240219,0.2700205174945644,0.1972171896845742,0.1913281949968394,0.3414340978240219,0.1808251575031307,0.1248290345646488,0.3529117101081984,0
68,2014,00-0029441,2,0.0987654320987654,0.0,4.2,early,0.6382946833117702,0.0,0.0,0.3617053166882298,0.6382946833117701,0.0511543369755867,0.0321375934652394,0.2784133862474036,0
69,2014,00-0029441,3,0.0987654320987654,0.0,4.2,early,0.7567042995253852,0.0,0.0,0.2432957004746148,0.7567042995253851,0.0584531319426809,0.030495497509487,0.1543470710224468,0
70,2014,00-0029492,2,0.404320987654321,49.4,23.8,early,0.3451504294030343,0.1196972810933796,0.2235802160525401,0.3115720734510459,0.3451504294030343,0.1738722360680621,0.0956555416525524,0.385321792876351,3
71,2014,00-0029492,3,0.404320987654321,17.6,23.8,early,0.5329460858038759,0.0932743889066665,0.1579512305816333,0.2158282947078242,0.5329460858038758,0.1220434812393329,0.076934362072592,0.2680760708841991,3
72,2014,00-0029510,2,0.4444444444444444,28.4,29.4,early,0.3309337684623562,0.101830317498384,0.1900014354279411,0.3772344786113185,0.3309337684623562,0.1862994681471365,0.101722203351898,0.381044560038609,3
73,2014,00-0029510,3,0.4444444444444444,0.0,29.4,early,0.4990360908246958,0.093505561793244,0.146847627525657,0.2606107198564031,0.4990360908246957,0.1325311378704539,0.0855635464951836,0.2828692248096666,0
74,2014,00-0029588,2,0.6635802469135802,0.0,65.4,early,0.2703962042710351,0.1526906943725768,0.22216219030196,0.3547509110544281,0.270396204271035,0.238264666442111,0.1271160593022589,0.3642230699845949,0
75,2014,00-0029588,3,0.6635802469135802,0.0,65.4,early,0.4264646599575721,0.1271721463431895,0.1528474276141228,0.2935157660851154,0.4264646599575721,0.1612705921232402,0.115807028994572,0.2964577189246156,0
76,2014,00-0029613,2,0.6820987654320988,75.5,67.8,early,0.2670727560294847,0.2613026112457096,0.0,0.4716246327248053,0.2670727560294847,0.2412151433165228,0.1285551818023698,0.3631569188516225,3
77,2014,00-0029613,3,0.6820987654320988,69.0,67.8,early,0.4140350426842049,0.0990411036607867,0.1359636237847165,0.3509602298702918,0.4140350426842047,0.1654766514885992,0.1196469596131252,0.3008413462140707,3
78,2014,00-0029615,2,0.9475308641975309,168.1,195.4,early,0.0481137614544523,0.1111212309237947,0.3015213376079224,0.5392436700138304,0.0481137614544523,0.3329802277271236,0.1760463442894958,0.4428596665289281,3
79,2014,00-0029615,3,0.9475308641975309,159.5,195.4,early,0.1015752928854979,0.1411032228659111,0.3570006210952821,0.4003208631533087,0.1015752928854979,0.2652009776282165,0.2049347970087108,0.4282889324775747,3
80,2014,00-0029619,2,0.132716049382716,0.0,6.1,early,0.8445840132201833,0.0,0.0,0.1554159867798167,0.6632016343231628,0.0523268756726906,0.0320896567504167,0.2523818332537298,0
81,2014,00-0029619,3,0.132716049382716,0.0,6.1,early,0.8559276673114428,0.0,0.1008558781718224,0.0432164545167347,0.8157334931096087,0.0446090773642233,0.0237289767018098,0.115928452824358,0
82,2014,00-0029675,2,0.7870370370370371,0.0,95.8,early,0.1726179872939053,0.2134034853630455,0.0,0.6139785273430491,0.1726179872939053,0.2815488802368712,0.1493869094327551,0.3964462230364683,0
83,2014,00-0029675,3,0.7870370370370371,0.0,95.8,early,0.2673487972254265,0.2461195715109127,0.0,0.4865316312636606,0.2673487972254265,0.2113593212543559,0.1579393799682172,0.3633525015520003,0
84,2014,00-0029683,2,0.7314814814814815,22.4,82.3,early,0.214097045412442,0.2026297970842869,0.0,0.583273157503271,0.214097045412442,0.2632816545551981,0.1399828967634723,0.3826384032688876,1
85,2014,00-0029683,3,0.7314814814814815,0.0,82.3,early,0.3169732904099266,0.0671063848752217,0.1519337807028948,0.4639865440119568,0.3169732904099266,0.1949597248956859,0.1433436176318313,0.3447233670625561,0
86,2014,00-0029729,2,0.2623456790123457,0.0,12.7,early,0.5192057378993925,0.0,0.1100025728635241,0.3707916892370834,0.5192057378993924,0.1013222205991993,0.0580864146430617,0.3213856268583464,0
87,2014,00-0029729,3,0.2623456790123457,0.0,12.7,early,0.656023861912226,0.0875877661288362,0.0,0.2563883719589378,0.6560238619122258,0.0861281497326251,0.0496367216493743,0.2082112667057746,0
88,2014,00-0029731,2,0.4722222222222222,54.1,33.5,early,0.3837786560596587,0.0762837602955179,0.1465240488356554,0.3934135348091679,0.3837786560596586,0.1766256295749502,0.0960123153713432,0.343583398994048,3
89,2014,00-0029731,3,0.4722222222222222,14.5,33.5,early,0.5663659935841711,0.1837838309765818,0.0,0.249850175439247,0.566365993584171,0.1156939173462238,0.0758878878169427,0.2420522012526624,2
90,2014,00-0029795,2,0.75,26.2,88.8,early,0.1671632071321133,0.2670751732076025,0.0,0.5657616196602842,0.1671632071321133,0.2805927180108586,0.149074902176317,0.403169172680711,1
91,2014,00-0029795,3,0.75,50.4,88.8,early,0.2505736829122263,0.2693785376848909,0.0,0.4800477794028827,0.2505736829122263,0.2147069837387583,0.1587649224253251,0.3759544109236903,2
92,2014,00-0029854,2,0.9290123456790124,86.5,178.3,early,0.0719648913301228,0.1877438854481951,0.3043011740045644,0.4359900492171176,0.0719648913301228,0.3239219194919218,0.1713055256809408,0.4328076634970146,2
93,2014,00-0029854,3,0.9290123456790124,149.1,178.3,early,0.1447590930597663,0.1733082314850451,0.3924695487500995,0.289463126705089,0.1447590930597663,0.2519203567818983,0.1940864202633311,0.4092341298950042,3
94,2014,00-0029892,2,0.4290123456790123,41.3,28.2,early,0.267945991447651,0.117597920449994,0.2450819130741302,0.3693741750282246,0.2679459914476509,0.2003100394301783,0.1096716368565338,0.4220723322656369,3
95,2014,00-0029892,3,0.4290123456790123,42.6,28.2,early,0.3903788095505637,0.1423839899756422,0.1647729432605955,0.3024642572131987,0.3903788095505636,0.1605141015063259,0.1026953614245541,0.3464117275185563,3
96,2014,00-0030107,2,0.6450617283950617,108.8,63.7,early,0.1524151281653954,0.2485285325894077,0.2499258272435652,0.3491305120016317,0.1524151281653954,0.2744667783420894,0.1465985463292727,0.4265195471632425,3
97,2014,00-0030107,3,0.6450617283950617,105.0,63.7,early,0.251886334024727,0.267437935476756,0.2145350691825845,0.2661406613159324,0.2518863340247269,0.2094227305463818,0.1493045862548463,0.3893863491740451,3
98,2014,00-0030112,2,0.1080246913580246,0.0,4.3,early,0.6117523585750501,0.0,0.0,0.38824764142495,0.61175235857505,0.0563639425441104,0.0351672305586919,0.2967164683221476,0
99,2014,00-0030112,3,0.1080246913580246,24.8,4.3,early,0.7019041540780289,0.0,0.0,0.2980958459219712,0.7019041540780286,0.0717640054687395,0.0376352924269857,0.188696548026246,3
100,2014,00-0030117,2,0.4166666666666667,32.8,25.7,early,0.5551230502886485,0.0817015801312624,0.0,0.3631753695800892,0.5551230502886483,0.1199531163681671,0.0658289801632334,0.2590948531799512,3
101,2014,00-0030117,3,0.4166666666666667,59.9,25.7,early,0.6523296677769045,0.05557171345229,0.0468471319419743,0.2452514868288312,0.6523296677769044,0.0911945950741993,0.0579176580559524,0.1985580790929438,3
102,2014,00-0030128,2,0.0987654320987654,0.0,4.2,early,0.6572595074312355,0.0,0.0,0.3427404925687646,0.6572595074312354,0.0484722282010396,0.0304525648533529,0.263815699514372,0
103,2014,00-0030128,3,0.0987654320987654,0.0,4.2,early,0.758369638717353,0.0,0.0,0.2416303612826471,0.7583696387173527,0.0580530250302796,0.0302867583205822,0.1532905779317853,0
104,2014,00-0030247,2,0.2129629629629629,0.0,10.3,early,0.5196605557674845,0.0,0.0,0.4803394442325156,0.5196605557674843,0.0910889092901582,0.0533566946010037,0.3358938403413538,0
105,2014,00-0030247,3,0.2129629629629629,0.0,10.3,early,0.6358351054762333,0.0,0.0,0.3641648945237666,0.6358351054762332,0.0899475806185076,0.0502383945888963,0.2239789193163628,0
106,2014,00-0030280,2,0.8148148148148148,5.3,111.0,early,0.1344500027225748,0.1972899453256094,0.0,0.6682600519518158,0.1344500027225748,0.2964319742730986,0.1571521172649329,0.4119659057393937,1
107,2014,00-0030280,3,0.8148148148148148,0.0,111.0,early,0.1931250529550965,0.2533729241643657,0.0,0.5535020228805377,0.1931250529550965,0.2338849027515033,0.1760223632069477,0.3969676810864524,0
108,2014,00-0030282,2,0.5895061728395061,2.2,57.7,early,0.1818592963514492,0.1839778916851511,0.2235549059786674,0.4106079059847321,0.1818592963514492,0.2571193069313583,0.1379030944335066,0.4231183022836859,1
109,2014,00-0030282,3,0.5895061728395061,0.0,57.7,early,0.2635631218266924,0.1550143846670482,0.2122394278332237,0.3691830656730356,0.2635631218266924,0.2032285361362165,0.1415012315411987,0.3917071104958923,0
110,2014,00-0030287,2,0.8796296296296297,18.1,136.5,early,0.077308654748543,0.1018436741850213,0.2696312339301102,0.5512164371363254,0.077308654748543,0.3198268143150634,0.1692908241320523,0.4335737068043412,1
111,2014,00-0030287,3,0.8796296296296297,49.4,136.5,early,0.1568652806689943,0.1397280031809991,0.2517399219264616,0.4516667942235449,0.1568652806689943,0.2467990154630621,0.1884293438914306,0.407906359976513,1
112,2014,00-0030288,2,0.3024691358024691,72.4,16.6,early,0.4027281730574572,0.1818639097210927,0.0,0.4154079172214501,0.4027281730574571,0.1357996089385354,0.0767380324192025,0.3847341855848048,3
113,2014,00-0030288,3,0.3024691358024691,102.8,16.6,early,0.563640181751121,0.1101032370618508,0.0,0.3262565811870283,0.5636401817511207,0.1105421043884385,0.0653663438899988,0.2604513699704419,3
114,2014,00-0030348,2,0.6141975308641975,2.2,60.5,early,0.2454357144786423,0.1452752202952411,0.1759055775183327,0.4333834877077837,0.2454357144786423,0.2405334574249367,0.1287521900138873,0.3852786380825335,1
115,2014,00-0030348,3,0.6141975308641975,0.0,60.5,early,0.3595320773527192,0.118598165886995,0.1725800349589988,0.3492897218012869,0.3595320773527192,0.177899622576348,0.1252219872753009,0.3373463127956319,0
116,2014,00-0030388,2,0.6327160493827161,0.0,62.6,early,0.1165156366421977,0.1933100074613758,0.2306986785380767,0.4594756773583497,0.1165156366421977,0.2843717944249415,0.1520145595969693,0.4470980093358914,0
117,2014,00-0030388,3,0.6327160493827161,0.0,62.6,early,0.1907915622813329,0.1930085769312893,0.2815030867415706,0.3346967740458071,0.1907915622813329,0.2258327208786088,0.1602019592742906,0.4231737575657676,0
118,2014,00-0030391,2,0.0709876543209876,4.1,3.2,early,0.5328799537289901,0.0,0.0,0.46712004627101,0.53287995372899,0.0609377099230704,0.0391404027943525,0.367041933553587,3
119,2014,00-0030391,3,0.0709876543209876,0.0,3.2,early,0.6117640506958463,0.0,0.0,0.3882359493041538,0.611764050695846,0.0927350470182883,0.0476511038782007,0.2478497984076649,0
120,2014,00-0030404,2,0.2067901234567901,105.5,9.9,early,0.6434376294505256,0.0,0.0,0.3565623705494744,0.6434376294505255,0.0666681215467988,0.0391700466995077,0.2507242023031678,3
121,2014,00-0030404,3,0.2067901234567901,119.4,9.9,early,0.7428909170678774,0.0,0.0736150427409036,0.183494040191219,0.7428909170678772,0.0634009950226462,0.0352746810259133,0.1584334068835632,3
122,2014,00-0030432,2,0.345679012345679,119.0,18.7,early,0.3408646805770854,0.1520208873548496,0.0,0.5071144320680648,0.3408646805770854,0.1610834375551835,0.0898594250760165,0.4081924567917145,3
123,2014,00-0030432,3,0.345679012345679,0.0,18.7,early,0.4794042841210326,0.1271430684635445,0.1577623284674083,0.2356903189480144,0.4794042841210325,0.1336056214289373,0.0812104834490095,0.3057796110010207,0
124,2014,00-0030456,2,0.8919753086419753,90.3,148.9,early,0.041905013517816,0.0644405247687115,0.1918473492890855,0.7018071124243869,0.041905013517816,0.3327287824905867,0.176077127899005,0.4492890760925921,2
125,2014,00-0030456,3,0.8919753086419753,109.7,148.9,early,0.076098518694649,0.1137066063299368,0.2111870290949515,0.5990078458804626,0.076098518694649,0.270890436372538,0.2073209330310668,0.445690111901746,3
126,2014,00-0030485,2,0.9660493827160492,38.8,237.6,early,0.0459307037365295,0.2476232487827615,0.0,0.7064460474807089,0.0459307037365295,0.3344167837710695,0.1767603885615306,0.4428921239308703,1
127,2014,00-0030485,3,0.9660493827160492,22.6,237.6,early,0.0900237465277667,0.3777456911885853,0.0,0.532230562283648,0.0900237465277667,0.2691464522601383,0.2085718316923958,0.4322579695196992,1
128,2014,00-0030496,2,0.9907407407407408,249.4,290.5,early,0.0367683677942326,0.1605321590001144,0.802699473205653,0.0,0.0367683677942326,0.3384453390786164,0.1788346477639856,0.4459516453631652,3
129,2014,00-0030496,3,0.9907407407407408,261.4,290.5,early,0.0686560774534342,0.3250044170721067,0.606339505474459,0.0,0.0686560774534342,0.2761487368990762,0.2147458823930013,0.4404493032544883,3
130,2014,00-0030513,2,0.7129629629629629,177.2,72.7,early,0.2584972119524183,0.1298759196345939,0.1510040624543733,0.4606228059586142,0.2584972119524183,0.2468753514534424,0.1313679905445389,0.3632594460496003,3
131,2014,00-0030513,3,0.7129629629629629,142.5,72.7,early,0.3890391884176088,0.1094878188209971,0.0993697444773445,0.4021032482840495,0.3890391884176087,0.173715706462738,0.1269587702315525,0.3102863348881006,3
132,2014,00-0030522,2,0.4444444444444444,0.0,29.4,early,0.3841581671589069,0.0496483370595052,0.0702025619339543,0.4959909338476336,0.3841581671589068,0.1714792953417771,0.0936301747121469,0.3507323627871691,0
133,2014,00-0030522,3,0.4444444444444444,0.0,29.4,early,0.4715035305475791,0.0663027062332758,0.0324693288895446,0.4297244343296004,0.4715035305475791,0.1398149391087907,0.09026604792943,0.2984154824142001,0
134,2014,00-0030536,2,0.5524691358024691,0.0,50.5,early,0.1719582761978341,0.0908826082857216,0.1486100314800076,0.5885490840364366,0.1719582761978341,0.2539632126916397,0.1366816947560564,0.4373968163544697,0
135,2014,00-0030536,3,0.5524691358024691,0.0,50.5,early,0.2370261488762872,0.1320197508772271,0.1983064988491438,0.4326476013973418,0.2370261488762872,0.2084133959908464,0.1425997221477273,0.4119607329851389,0
136,2014,00-0030547,2,0.7932098765432098,21.6,97.6,early,0.2194685990817614,0.2874506680552994,0.0,0.493080732862939,0.2194685990817614,0.2660046119803697,0.1411116077711528,0.3734151811667161,1
137,2014,00-0030547,3,0.7932098765432098,0.0,97.6,early,0.3205983866663552,0.2637771704410261,0.0,0.4156244428926186,0.3205983866663552,0.1962115371735563,0.1468605071307923,0.3363295690292961,0
138,2014,00-0030578,2,0.6265432098765432,73.1,62.1,early,0.1121467283154977,0.1807624923881089,0.2316030194942435,0.4754877598021497,0.1121467283154977,0.2848815230247836,0.1523528676622003,0.4506188809975184,3
139,2014,00-0030578,3,0.6265432098765432,60.5,62.1,early,0.1837142873977372,0.2520872985761125,0.2309311498832384,0.3332672641429116,0.1837142873977372,0.2274536169411973,0.1609403978610132,0.4278916978000522,3
140,2014,00-0030653,2,0.0586419753086419,0.0,1.7,early,0.5218386826463836,0.0,0.0,0.4781613173536165,0.5218386826463834,0.0601176708197447,0.0390231956066836,0.3790204509271882,0
141,2014,00-0030653,3,0.0586419753086419,0.0,1.7,early,0.6184994165550985,0.0,0.0,0.3815005834449014,0.6184994165550984,0.0909018361968471,0.0464046437963826,0.2441941034516717,0
142,2014,00-0030656,2,0.8302469135802469,173.1,121.4,early,0.0506865472982488,0.2720749912024657,0.0,0.6772384614992855,0.0506865472982488,0.3261653362253926,0.1728429332591887,0.4503051832171697,3
143,2014,00-0030656,3,0.8302469135802469,123.5,121.4,early,0.0961322200245545,0.1507873967393777,0.2187376201987798,0.5343427630372879,0.0961322200245545,0.2626549734363966,0.1984074714541985,0.4428053350848504,3
144,2014,00-0030668,2,0.0246913580246913,67.1,1.0,early,0.6299905442819238,0.0,0.0,0.3700094557180762,0.6299905442819237,0.0419072570222892,0.0280696674652631,0.300032531230524,3
145,2014,00-0030668,3,0.0246913580246913,48.2,1.0,early,0.7213167380979365,0.0,0.0,0.2786832619020635,0.7213167380979364,0.0659791660025674,0.0331051460622639,0.1795989498372322,3
146,2014,00-0030705,2,0.5339506172839507,9.1,47.7,early,0.1589196006407991,0.0698889081103036,0.1449240309886745,0.6262674602602226,0.1589196006407991,0.2544510079081066,0.1372147856908188,0.4494146057602755,1
147,2014,00-0030705,3,0.5339506172839507,0.0,47.7,early,0.2575563087767944,0.082302088203563,0.3959938031322988,0.2641477998873438,0.2575563087767943,0.2017373225709653,0.1367644888641688,0.4039418797880715,0
148,2014,00-0030789,2,0.0648148148148148,5.5,2.1,early,0.5337619560344795,0.0,0.0,0.4662380439655204,0.5337619560344795,0.0597149412928777,0.0385556926026615,0.3679674100699812,3
149,2014,00-0030789,3,0.0648148148148148,0.0,2.1,early,0.6164544936658913,0.0,0.0,0.3835455063341085,0.6164544936658912,0.091500976901097,0.0468627026539408,0.2451818267790708,0
150,2014,00-0030855,2,0.3024691358024691,0.0,16.6,early,0.5045300281577678,0.1479630943270479,0.1659096712480993,0.1815972062670849,0.5045300281577677,0.1126532767523874,0.0636584366562266,0.3191582584336183,0
151,2014,00-0030855,3,0.3024691358024691,0.0,16.6,early,0.7538507614447181,0.0956332157668732,0.0,0.1505160227884086,0.6725652079283443,0.0829483592482099,0.0490494640546823,0.1954369687687634,0
152,2014,00-0030860,2,0.3734567901234568,28.8,20.6,early,0.29234942700727,0.0,0.0908041560378388,0.6168464169548911,0.29234942700727,0.1802424694876423,0.0998409738295667,0.4275671296755209,3
153,2014,00-0030860,3,0.3734567901234568,118.7,20.6,early,0.4168711666955591,0.0733653452000701,0.0,0.5097634881043709,0.416871166695559,0.1509319174435773,0.0933558773197088,0.3388410385411548,3
154,2014,00-0030874,2,0.5092592592592593,77.4,43.9,early,0.2427375441196234,0.0523529786323133,0.1660958315012181,0.5388136457468451,0.2427375441196234,0.224558960310309,0.1214495059334611,0.4112539896366065,3
155,2014,00-0030874,3,0.5092592592592593,40.6,43.9,early,0.349680925998369,0.0713990141776118,0.1184972997500874,0.4604227600739317,0.349680925998369,0.175437740212206,0.1174232570711843,0.3574580767182406,3
156,2014,00-0030968,2,0.1820987654320987,7.5,9.0,early,0.3984128105078229,0.0,0.0,0.601587189492177,0.3984128105078228,0.1060848749101349,0.0631374197302243,0.4323648948518179,3
157,2014,00-0030968,3,0.1820987654320987,16.6,9.0,early,0.5067795011366252,0.0,0.0,0.4932204988633749,0.5067795011366251,0.1208472307331493,0.066215098155501,0.3061581699747245,3
158,2014,00-0030985,2,0.191358024691358,0.0,9.3,early,0.4169463522271609,0.0,0.0,0.5830536477728391,0.4169463522271608,0.1051391927811111,0.0622633165576523,0.4156511384340756,0
159,2014,00-0030985,3,0.191358024691358,0.0,9.3,early,0.5321051738822337,0.0,0.0,0.4678948261177665,0.5321051738822334,0.1149144072792367,0.0633246982737649,0.2896557205647648,0
160,2014,00-0030999,2,0.2716049382716049,0.0,13.0,early,0.4626164131672209,0.0,0.0,0.5373835868327791,0.4626164131672209,0.1153394203763691,0.0658876867952049,0.356156479661205,0
161,2014,00-0030999,3,0.2716049382716049,0.0,13.0,early,0.5714057648087987,0.0,0.0,0.4285942351912012,0.5714057648087986,0.1076005207738135,0.0623802572878855,0.2586134571295023,0
162,2014,00-0031008,2,0.4351851851851852,0.0,28.7,early,0.2844211065045187,0.0694868368733455,0.0,0.6460920566221358,0.2844211065045187,0.1971982640767071,0.1078473131679818,0.4105333162507922,0
163,2014,00-0031008,3,0.4351851851851852,0.0,28.7,early,0.4049245728180306,0.0702769514791662,0.1287785787731374,0.3960198969296657,0.4049245728180305,0.1569818766380225,0.1008019445877769,0.33729160595617,0
164,2014,00-0031045,2,0.654320987654321,176.1,64.1,early,0.2222757682792054,0.1528095726180444,0.1780210703082434,0.4468935887945066,0.2222757682792054,0.2529318077564886,0.1350168946225298,0.3897755293417762,3
165,2014,00-0031045,3,0.654320987654321,181.8,64.1,early,0.331498166719791,0.1324912672249992,0.1231885667844654,0.4128219992707443,0.3314981667197909,0.1875584764874554,0.1342052455434212,0.3467381112493324,3
166,2014,00-0031055,2,0.8672839506172839,8.7,128.1,early,0.0563594237117587,0.1533156399637734,0.2750619889452608,0.5152629473792071,0.0563594237117587,0.3264307409587462,0.1728312514422995,0.4443785838871955,1
167,2014,00-0031055,3,0.8672839506172839,3.0,128.1,early,0.1074420121002669,0.1401488014296448,0.26552902309894,0.4868801633711482,0.1074420121002669,0.2608158412233307,0.1986326316167337,0.4331095150596686,1
168,2014,00-0031057,2,0.3919753086419753,18.1,23.5,early,0.2634946731987888,0.0,0.0884348253188412,0.64807050148237,0.2634946731987887,0.1924325554035756,0.106144228151766,0.4379285432458696,3
169,2014,00-0031057,3,0.3919753086419753,0.0,23.5,early,0.3692785553036811,0.0,0.0774535375879233,0.5532679071083956,0.369278555303681,0.1641841018096261,0.102722037372124,0.3638153055145687,0
170,2014,00-0031062,2,0.1574074074074074,103.7,8.1,early,0.5052379582757294,0.0,0.0,0.4947620417242707,0.5052379582757293,0.0820212085842646,0.0495160879927578,0.3632247451472482,3
171,2014,00-0031062,3,0.1574074074074074,79.0,8.1,early,0.605023367990633,0.0,0.0,0.3949766320093669,0.6050233679906329,0.0961828955216181,0.0519165114643216,0.2468772250234272,3
172,2014,00-0031066,2,0.6882716049382716,1.0,68.1,early,0.1899516998976259,0.112243762762628,0.1399553875678366,0.5578491497719094,0.1899516998976259,0.2672492944232656,0.1423831669120064,0.4004158387671021,1
173,2014,00-0031066,3,0.6882716049382716,0.0,68.1,early,0.2764090645781029,0.0850591821230518,0.1381113709418184,0.5004203823570269,0.2764090645781029,0.2046284634416601,0.1482839465276872,0.3706785254525497,0
174,2014,00-0031075,2,0.7746913580246914,58.0,93.6,early,0.2015615844875783,0.2644400160551535,0.0,0.5339983994572681,0.2015615844875783,0.270849826321249,0.1437691272892945,0.3838194619018781,2
175,2014,00-0031075,3,0.7746913580246914,45.1,93.6,early,0.2963882265362256,0.2145353868630576,0.0,0.4890763866007167,0.2963882265362255,0.2025285685599934,0.1508312532786654,0.3502519516251157,2
176,2014,00-0031085,2,0.1172839506172839,4.0,4.4,early,0.4346244928502181,0.0,0.0,0.5653755071497818,0.4346244928502181,0.0842217310112774,0.0521996783652672,0.4289540977732373,3
177,2014,00-0031085,3,0.1172839506172839,3.6,4.4,early,0.5143775630622537,0.0,0.0,0.4856224369377465,0.5143775630622536,0.1171506257878768,0.0617622163005763,0.3067095948492933,3
178,2014,00-0031123,2,0.2253086419753086,0.0,10.9,early,0.4637367624865706,0.0,0.0,0.5362632375134293,0.4637367624865706,0.1045429621225035,0.0608825493097597,0.3708377260811661,0
179,2014,00-0031123,3,0.2253086419753086,0.0,10.9,early,0.5083773216520331,0.0,0.0,0.4916226783479671,0.508377321652033,0.1218339498112383,0.0685789540851201,0.3012097744516086,0
180,2014,00-0031158,2,0.0246913580246913,12.4,1.0,early,0.4939033438845697,0.0,0.0,0.5060966561154303,0.4939033438845696,0.0573204882150645,0.0383935183896106,0.4103826495107552,3
181,2014,00-0031158,3,0.0246913580246913,0.0,1.0,early,0.5776675351402115,0.0,0.0,0.4223324648597884,0.5776675351402114,0.0999885806455429,0.0501694211578902,0.2721744630563554,0
182,2014,00-0031209,2,0.2808641975308642,0.0,13.9,early,0.2966540067549248,0.0,0.0,0.7033459932450752,0.2966540067549248,0.1536764894661831,0.0874886523461338,0.4621808514327581,0
183,2014,00-0031209,3,0.2808641975308642,12.8,13.9,early,0.3957582573915675,0.0,0.0,0.6042417426084324,0.3957582573915674,0.1521042192045608,0.0887057466690345,0.3634317767348372,3
184,2014,00-0031243,2,0.3672839506172839,0.0,20.2,early,0.3947490218784579,0.0,0.0695558730532245,0.5356951050683176,0.3947490218784578,0.1528008729107069,0.0847665407368195,0.3676835644740158,0
185,2014,00-0031243,3,0.3672839506172839,0.0,20.2,early,0.486676443271024,0.0,0.0385706378435973,0.4747529188853787,0.4866764432710239,0.1326124375663863,0.0817095388163401,0.2990015803462496,0
186,2014,00-0031277,2,0.8055555555555556,0.0,110.3,early,0.211704923104798,0.2576386259899306,0.0,0.5306564509052714,0.211704923104798,0.2694225060278945,0.1428712124492331,0.3760013584180742,0
187,2014,00-0031277,3,0.8055555555555556,10.9,110.3,early,0.3095781915686537,0.2195549945197018,0.0,0.4708668139116444,0.3095781915686536,0.1998191195716446,0.1500376372623971,0.3405650515973046,1
188,2014,00-0031285,2,0.6203703703703703,234.1,61.8,early,0.1705972780435871,0.1447180528491468,0.178863157778372,0.5058215113288939,0.1705972780435871,0.2652687209064399,0.1419272620219119,0.422206739028061,3
189,2014,00-0031285,3,0.6203703703703703,168.2,61.8,early,0.2474873254723334,0.1038132738223518,0.1658693099753221,0.4828300907299926,0.2474873254723334,0.2093541128005531,0.1477503755992066,0.3954081861279067,3
190,2014,00-0031301,2,0.941358024691358,155.3,192.9,early,0.0518789660361163,0.110863977395004,0.2352184420966857,0.6020386144721939,0.0518789660361163,0.3314267641930551,0.1752409977910436,0.4414532719797849,3
191,2014,00-0031301,3,0.941358024691358,13.2,192.9,early,0.1006155276365671,0.1056472986764137,0.3162299959283383,0.4775071777586808,0.1006155276365671,0.2653008624921131,0.2048105755721509,0.4292730342991688,1
192,2014,00-0031332,2,0.0833333333333333,11.6,3.9,early,0.7399407024245956,0.0,0.0,0.2600592975754043,0.7399407024245955,0.0351797168353271,0.022368831274287,0.2025107494657903,3
193,2014,00-0031332,3,0.0833333333333333,6.4,3.9,early,0.7915266133441714,0.0,0.0,0.2084733866558286,0.7915266133441712,0.0499230643260283,0.0258242864560477,0.1327260358737527,3
194,2014,00-0031375,2,0.7993827160493827,138.0,104.7,early,0.2176644055297253,0.2552178221038592,0.0,0.5271177723664154,0.2176644055297253,0.2670079229782927,0.1416169122912962,0.3737107592006857,3
195,2014,00-0031375,3,0.7993827160493827,29.1,104.7,early,0.3205872183072207,0.2148620880341861,0.0,0.4645506936585931,0.3205872183072207,0.1964254687185975,0.1472571111744681,0.3357302017997136,1
196,2014,00-0031376,2,0.6944444444444444,107.4,68.3,early,0.2087740210385784,0.1037253806512965,0.1243057714132122,0.5631948268969127,0.2087740210385784,0.261660727986385,0.1393612273987075,0.390204023576329,3
197,2014,00-0031376,3,0.6944444444444444,132.6,68.3,early,0.2931411196346342,0.0774741953078216,0.1237045604793516,0.5056801245781926,0.2931411196346342,0.2001730757572306,0.1453721104977171,0.3613136941104181,3
198,2014,00-0031390,2,0.5154320987654321,50.9,44.5,early,0.2915406665366931,0.1326945461614251,0.0,0.5757647873018819,0.2915406665366931,0.2111800282409747,0.114126578858599,0.3831527263637331,3
199,2014,00-0031390,3,0.5154320987654321,41.4,44.5,early,0.4153450368868313,0.1705237386693948,0.1374158786983229,0.276715345745451,0.4153450368868312,0.1580099638429457,0.1061028548796428,0.3205421443905801,3
200,2014,00-0031391,2,0.8425925925925926,0.0,124.3,early,0.0540167008574602,0.2064500241672019,0.0,0.7395332749753378,0.0540167008574602,0.3258037055778757,0.1725974682623813,0.4475821253022826,0
201,2014,00-0031391,3,0.8425925925925926,0.0,124.3,early,0.0987540369107881,0.1419827714927661,0.2355959036148796,0.5236672879815661,0.0987540369107881,0.2623968089464689,0.1987742996001844,0.4400748545425586,0
202,2014,00-0031392,2,0.1388888888888889,0.0,6.3,early,0.4064659834764205,0.0,0.0,0.5935340165235795,0.4064659834764205,0.0937491994167098,0.057258643241796,0.4425261738650736,0
203,2014,00-0031392,3,0.1388888888888889,0.0,6.3,early,0.5130352121021498,0.0,0.0,0.4869647878978503,0.5130352121021496,0.1180593390060608,0.0630271476818146,0.3058783012099749,0
204,2014,00-0031413,2,0.7376543209876543,0.0,83.2,early,0.1652859205568503,0.0991841310858667,0.1361983652904287,0.5993315830668543,0.1652859205568503,0.2801785025404131,0.1489282584921815,0.405607318410555,0
205,2014,00-0031413,3,0.7376543209876543,0.0,83.2,early,0.2342298227206765,0.0825058112730141,0.1240408910909048,0.5592234749154046,0.2342298227206765,0.2188518762353224,0.1612217074643639,0.3856965935796372,0
206,2014,00-0031450,2,0.0771604938271604,0.0,3.6,early,0.6705456126811246,0.0,0.0,0.3294543873188753,0.6705456126811244,0.0437691722390434,0.0279698083916204,0.2577154066882116,0
207,2014,00-0031450,3,0.0771604938271604,0.0,3.6,early,0.7514375232822965,0.0,0.0,0.2485624767177034,0.7514375232822963,0.0594471415316481,0.0306479869585166,0.1584673482275389,0
208,2015,00-0028198,2,0.4590643274853801,0.0,28.4,early,0.4792268364633368,0.1972242201788777,0.1885951079333017,0.1349538354244837,0.4013693568484391,0.1693118549870346,0.0922239239550882,0.3370948642094379,0
209,2015,00-0028198,3,0.4590643274853801,0.0,28.4,early,0.6483611572530827,0.1418609968235957,0.0,0.2097778459233215,0.5876358965297308,0.1095803379057597,0.071344741765208,0.2314390237993013,0
210,2015,00-0028841,2,0.2719298245614035,0.0,12.8,early,0.5590053670350302,0.1181036569642559,0.0,0.3228909760007138,0.5590053670350301,0.0947113129756224,0.0540972667148345,0.2921860532745129,0
211,2015,00-0028841,3,0.2719298245614035,0.0,12.8,early,0.7420922794073798,0.0564696925164886,0.0,0.2014380280761316,0.7420922794073797,0.0647549531794453,0.037548810989164,0.1556039564240109,0
212,2015,00-0029004,2,0.4532163742690058,11.2,28.2,early,0.5447901683242403,0.0681054800076927,0.0866489727679564,0.3004553789001105,0.5447901683242402,0.1279591034152448,0.0697650493412674,0.2574856789192475,1
213,2015,00-0029004,3,0.4532163742690058,0.0,28.2,early,0.6805916177033917,0.0349537745467495,0.0521605093739169,0.2322940983759418,0.6805916177033917,0.0847272924017904,0.0549790808608094,0.1797020090340084,0
214,2015,00-0029048,2,0.1081871345029239,0.0,3.5,early,0.7084341962609587,0.0,0.0,0.2915658037390411,0.7084341962609586,0.0423474244507753,0.0264187452083417,0.2227996340799243,0
215,2015,00-0029048,3,0.1081871345029239,0.0,3.5,early,0.8308801627136582,0.0,0.0,0.1691198372863418,0.8308801627136579,0.0407156010323803,0.0213544994929186,0.107049736761043,0
216,2015,00-0029068,2,0.1871345029239766,17.8,8.2,early,0.4706584711055425,0.0,0.1944051848185154,0.3349363440759419,0.4706584711055425,0.0944912269547071,0.056083725521509,0.3787665764182413,3
217,2015,00-0029068,3,0.1871345029239766,8.5,8.2,early,0.644867585720199,0.0,0.0848501983572815,0.2702822159225194,0.6448675857201989,0.0871253352184236,0.0478862028158458,0.2201208762455316,3
218,2015,00-0029104,2,0.4269005847953216,0.0,26.2,early,0.4587481587984,0.074835888339486,0.1028962697681359,0.3635196830939781,0.4587481587983999,0.1477361769197568,0.0809184903505279,0.3125971739313152,0
219,2015,00-0029104,3,0.4269005847953216,0.0,26.2,early,0.5881687715101548,0.0435213789156822,0.0708850769663148,0.2974247726078483,0.5881687715101546,0.1083652747417028,0.0692443160954992,0.2342216376526432,0
220,2015,00-0029141,2,0.7280701754385965,65.2,87.6,early,0.248344367553445,0.1988796535354214,0.0,0.5527759789111335,0.248344367553445,0.251531783118833,0.1337551967508287,0.3663686525768932,3
221,2015,00-0029141,3,0.7280701754385965,64.1,87.6,early,0.4132178969411501,0.2073964190734527,0.0,0.3793856839853972,0.4132178969411501,0.1673708028518954,0.1229256862759412,0.2964856139310133,3
222,2015,00-0029205,2,0.5087719298245614,22.5,32.2,early,0.5554243270461626,0.1252771868312064,0.0,0.3192984861226309,0.4885780744865808,0.1515943217689776,0.0819926422840954,0.277834961460346,2
223,2015,00-0029205,3,0.5087719298245614,2.2,32.2,early,0.6693069500179845,0.1288024208622406,0.0,0.2018906291197749,0.6693069500179843,0.0891988358132667,0.0596867899453149,0.1818074242234339,1
224,2015,00-0029239,2,0.6169590643274854,13.9,56.2,early,0.2863070973076215,0.1810131369899275,0.2272950924472172,0.3053846732552336,0.2863070973076215,0.2278454163861339,0.1219353142016227,0.3639121721046217,1
225,2015,00-0029239,3,0.6169590643274854,33.4,56.2,early,0.4814516950457952,0.130369373502883,0.1485380332037668,0.239640898247555,0.4814516950457951,0.1441373151060778,0.1015768419453129,0.2728341479028141,2
226,2015,00-0029260,2,0.0847953216374269,0.0,2.0,early,0.786246123735944,0.0,0.0849950574513806,0.1287588188126753,0.7862461237359438,0.0290390384248142,0.0184427691893153,0.1662720686499266,0
227,2015,00-0029260,3,0.0847953216374269,0.0,2.0,early,0.881304017936385,0.0,0.0,0.118695982063615,0.8813040179363848,0.0284327777661598,0.0147195085903508,0.0755436957071044,0
228,2015,00-0029264,2,0.0906432748538011,0.0,2.3,early,0.5962125181700573,0.0,0.0,0.4037874818299427,0.5962125181700572,0.0557923308468026,0.0352708998123905,0.3127242511707496,0
229,2015,00-0029264,3,0.0906432748538011,0.0,2.3,early,0.712427247782293,0.0,0.0,0.287572752217707,0.7124272477822928,0.0689709323012797,0.0358208252213956,0.1827809946950317,0
230,2015,00-0029273,2,0.5087719298245614,17.9,32.2,early,0.3965924499724138,0.2133790452172846,0.0,0.3900285048103015,0.3965924499724137,0.1788604550047048,0.0967400436562553,0.3278070513666261,2
231,2015,00-0029273,3,0.5087719298245614,1.3,32.2,early,0.5687281862786004,0.0707360018354436,0.0969567421105262,0.2635790697754298,0.5687281862786003,0.1163282497322425,0.0778402514244677,0.2371033125646893,1
232,2015,00-0029384,2,0.3538011695906433,8.0,17.9,early,0.3758663560841455,0.1615466749251209,0.2687901850015929,0.1937967839891405,0.3758663560841454,0.1544468680663377,0.0859718360545544,0.3837149397949624,2
233,2015,00-0029384,3,0.3538011695906433,0.0,17.9,early,0.656534481354814,0.1910428937340914,0.0,0.1524226249110947,0.578632739527034,0.108407830554399,0.0662330380723049,0.2467263918462619,0
234,2015,00-0029429,2,0.283625730994152,0.0,13.2,early,0.6224747973862522,0.0,0.0739293277203931,0.3035958748933545,0.6224747973862521,0.0829192051057024,0.0471594683398089,0.2474465291682365,0
235,2015,00-0029429,3,0.283625730994152,0.0,13.2,early,0.7205897333210595,0.0,0.0,0.2794102666789407,0.7205897333210591,0.0703917371996114,0.0411245601262999,0.1678939693530295,0
236,2015,00-0029438,2,0.6286549707602339,0.0,57.3,early,0.3278595241231165,0.0838191136235454,0.2268772680537694,0.3614440941995687,0.2537334619063534,0.2397110754188855,0.1281768531785126,0.3783786094962484,0
237,2015,00-0029438,3,0.6286549707602339,0.0,57.3,early,0.4332451353112403,0.1295629483539775,0.1562373307219154,0.2809545856128667,0.4332451353112402,0.1580075788913307,0.1119003098948221,0.2968469759026069,0
238,2015,00-0029492,2,0.5233918128654971,17.6,34.4,early,0.4712992889587292,0.168122747711018,0.0,0.3605779633302528,0.3897901507180221,0.1830799014351264,0.0988465540593447,0.3282833937875067,2
239,2015,00-0029492,3,0.5233918128654971,10.3,34.4,early,0.5908773781374617,0.1799218253619271,0.0,0.2292007965006112,0.5908773781374616,0.1108277070069011,0.0747289788371684,0.2235659360184688,1
240,2015,00-0029510,2,0.6461988304093568,0.0,61.5,early,0.2670493376960561,0.1659622099331848,0.2246129028029303,0.3423755495678287,0.2670493376960561,0.2374736053983652,0.1268303690773261,0.3686466878282525,0
241,2015,00-0029510,3,0.6461988304093568,0.0,61.5,early,0.4590834650313583,0.1282463609269593,0.1497563991141485,0.2629137749275338,0.4590834650313582,0.1514633230949196,0.1080322061616571,0.281421005712065,0
242,2015,00-0029588,2,0.3187134502923976,0.0,14.6,early,0.5095802487490887,0.0788248098211814,0.0,0.4115949414297298,0.5095802487490886,0.1147039779646417,0.0644847388564743,0.3112310344297953,0
243,2015,00-0029588,3,0.3187134502923976,0.0,14.6,early,0.6739461359252912,0.0,0.0571714851564405,0.2688823789182682,0.6739461359252911,0.0829992895207937,0.0495923415619217,0.1934622329919934,0
244,2015,00-0029613,2,0.9853801169590644,69.0,212.3,early,0.1005782044833528,0.3424112620181869,0.0,0.5570105334984603,0.1005782044833528,0.3158668035848448,0.1669147702152147,0.4166402217165876,1
245,2015,00-0029613,3,0.9853801169590644,110.9,212.3,early,0.2552339784452263,0.3768726116065834,0.0,0.3678934099481903,0.2552339784452262,0.2207125507685412,0.1715106926455743,0.3525427781406582,2
246,2015,00-0029615,2,0.9678362573099416,159.5,188.9,early,0.0574709714062449,0.0649430770120428,0.2271744431019415,0.6504115084797708,0.0574709714062449,0.3304328176838201,0.1746504922359984,0.4374457186739364,3
247,2015,00-0029615,3,0.9678362573099416,149.6,188.9,early,0.1253606640827534,0.1135852317675769,0.2583315978803668,0.5027225062693028,0.1253606640827534,0.2587428415911721,0.2005623858604504,0.415334108465624,3
248,2015,00-0029619,2,0.1198830409356725,0.0,4.3,early,0.752318572642418,0.0,0.0925650803301236,0.1551163470274584,0.7523185726424179,0.0371613734949778,0.022990116175077,0.1875299376875272,0
249,2015,00-0029619,3,0.1198830409356725,0.0,4.3,early,0.905638935619414,0.0,0.0,0.0943610643805858,0.8773220709994766,0.0296119317646304,0.015634815665486,0.0774311815704069,0
250,2015,00-0029626,2,0.0087719298245614,0.0,0.3,early,0.9101951996998716,0.0,0.0,0.0898048003001283,0.798668572423888,0.0216843047174899,0.0147576339905955,0.1648894888680264,0
251,2015,00-0029626,3,0.0087719298245614,0.0,0.3,early,0.9200859387127448,0.0,0.0,0.0799140612872551,0.8816328675564236,0.0279450042471229,0.0139135691309617,0.0765085590654917,0
252,2015,00-0029683,2,0.8918128654970761,0.0,143.4,early,0.0645526895988758,0.1590740439765635,0.3601407529940255,0.4162325134305351,0.0645526895988758,0.3248557933219701,0.1719113470895052,0.4386801699896488,0
253,2015,00-0029683,3,0.8918128654970761,0.0,143.4,early,0.1462467733360323,0.1798015857785622,0.3117310384224623,0.3622206024629429,0.1462467733360323,0.2503174051950741,0.1915698101253395,0.4118660113435541,0
254,2015,00-0029729,2,0.3362573099415205,0.0,15.4,early,0.5440271019020257,0.0870412818311196,0.0,0.3689316162668548,0.5440271019020255,0.1097840869972193,0.0614018883443087,0.2847869227564464,0
255,2015,00-0029729,3,0.3362573099415205,0.0,15.4,early,0.7151748954237293,0.0552727588935038,0.0,0.2295523456827668,0.7151748954237291,0.0728886178453925,0.0440406360771277,0.1678958506537505,0
256,2015,00-0029731,2,0.4181286549707602,14.5,25.2,early,0.3996796627700314,0.1197397341872843,0.2010093611954759,0.2795712418472081,0.3996796627700314,0.1621535246607117,0.0889628775930378,0.3492039349762189,2
257,2015,00-0029731,3,0.4181286549707602,0.0,25.2,early,0.6761260104251334,0.129038676765516,0.0,0.1948353128093505,0.5981084944053487,0.105464437906397,0.067039157567246,0.2293879101210082,0
258,2015,00-0029795,2,0.5584795321637427,50.4,42.0,early,0.2826710752496501,0.1880512985849515,0.2198567515283936,0.3094208746370047,0.2826710752496501,0.220938314586983,0.1188361175164099,0.3775544926469569,3
259,2015,00-0029795,3,0.5584795321637427,7.9,42.0,early,0.4329870467555927,0.0855136726717025,0.1133469253995277,0.3681523551731771,0.4329870467555926,0.1551467985356135,0.1064646965586358,0.3054014581501581,1
260,2015,00-0029854,2,0.8508771929824561,149.1,125.3,early,0.0601141710908178,0.1495468001096485,0.333448579372977,0.4568904494265566,0.0601141710908178,0.3242011889245461,0.1717143818283918,0.4439702581562442,3
261,2015,00-0029854,3,0.8508771929824561,63.4,125.3,early,0.1271160088360977,0.163505357212206,0.2558729369376915,0.4535056970140047,0.1271160088360977,0.2544575850801298,0.1931144660540001,0.4253119400297724,2
262,2015,00-0029892,2,0.6403508771929824,42.6,58.4,early,0.1637109332149376,0.2652989743172685,0.2866127107325302,0.2843773817352635,0.1637109332149376,0.2701971108020722,0.1443626796550595,0.4217292763279306,3
263,2015,00-0029892,3,0.6403508771929824,43.4,58.4,early,0.3233493804671856,0.2666782710338224,0.1916423956416507,0.2183299528573412,0.3233493804671855,0.1891981009508981,0.1346314148404616,0.3528211037414548,3
264,2015,00-0029931,2,0.4766081871345029,14.6,30.5,early,0.386863886184627,0.1185261908784429,0.1809365163641287,0.3136734065728013,0.3868638861846269,0.1764973676953578,0.0958802540406977,0.3407584920793174,2
265,2015,00-0029931,3,0.4766081871345029,19.5,30.5,early,0.5774162515942941,0.0923666806816429,0.1199260421489109,0.210291025575152,0.577416251594294,0.1128952694352367,0.0742338598844567,0.2354546190860125,2
266,2015,00-0030039,2,0.2660818713450292,0.0,12.7,early,0.5964140074167171,0.0,0.1192897941402642,0.2842961984430186,0.5964140074167171,0.0856866245455379,0.0490515396724684,0.2688478283652765,0
267,2015,00-0030039,3,0.2660818713450292,0.0,12.7,early,0.7369132807230846,0.0,0.0591575519230311,0.2039291673538843,0.7369132807230845,0.0659445441794977,0.0380956460831173,0.1590465290143004,0
268,2015,00-0030107,2,0.7923976608187134,105.0,107.0,early,0.1742339771755776,0.2703265592510276,0.0,0.5554394635733948,0.1742339771755776,0.2813657400844118,0.1492642649635557,0.3951360177764548,3
269,2015,00-0030107,3,0.7923976608187134,55.5,107.0,early,0.3101913007317929,0.2640723856387694,0.0,0.4257363136294376,0.3101913007317929,0.1991887145623649,0.1490569985992157,0.3415629861066264,2
270,2015,00-0030112,2,0.1988304093567251,24.8,8.3,early,0.4989862931122065,0.0,0.0,0.5010137068877936,0.4989862931122063,0.0919581178026142,0.0542461256545007,0.3548094634306786,3
271,2015,00-0030112,3,0.1988304093567251,4.1,8.3,early,0.6729274500533361,0.0791761804238081,0.0,0.2478963695228556,0.6729274500533361,0.0804847396782316,0.0445579270802715,0.2020298831881607,2
272,2015,00-0030117,2,0.3888888888888889,59.9,23.3,early,0.4026417447159532,0.1384557466491864,0.0,0.4589025086348603,0.4026417447159531,0.1554328219723555,0.0857937001851282,0.3561317331265631,3
273,2015,00-0030117,3,0.3888888888888889,0.0,23.3,early,0.5593998963152375,0.0873393094368408,0.1326937536622277,0.220567040585694,0.5593998963152373,0.114584215680446,0.0715539486392548,0.2544619393650618,0
274,2015,00-0030247,2,0.131578947368421,0.0,4.6,early,0.6128329865365103,0.0,0.0,0.3871670134634896,0.6128329865365102,0.0599686264998557,0.0368039490954754,0.2903944378681587,0
275,2015,00-0030247,3,0.131578947368421,0.0,4.6,early,0.7451142913084108,0.0,0.0,0.2548857086915891,0.7451142913084107,0.061689018151955,0.0327925646906937,0.1604041258489405,0
276,2015,00-0030248,2,0.023391812865497,0.0,0.7,early,0.7510712128992989,0.0,0.0,0.248928787100701,0.7510712128992988,0.0280789841959517,0.0188313587377473,0.202018444167002,0
277,2015,00-0030248,3,0.023391812865497,0.0,0.7,early,0.8397940954027243,0.0,0.0,0.1602059045972757,0.8397940954027241,0.0379203813897667,0.0190144430784279,0.1032710801290812,0
278,2015,00-0030280,2,0.3421052631578947,0.0,15.6,early,0.312825414373666,0.0767702136915494,0.0,0.6104043719347846,0.3128254143736659,0.1669976005787524,0.0932493385579337,0.4269276464896478,0
279,2015,00-0030280,3,0.3421052631578947,0.0,15.6,early,0.4326881945378013,0.0,0.0,0.5673118054621987,0.4326881945378011,0.1454366638695429,0.0882020702721542,0.3336730713205016,0
280,2015,00-0030282,2,0.347953216374269,0.0,15.7,early,0.3762538410023912,0.0,0.08654376217197,0.5372023968256389,0.3762538410023911,0.1529740853459063,0.0852835219979377,0.3854885516537648,0
281,2015,00-0030282,3,0.347953216374269,0.0,15.7,early,0.5181538490087194,0.0,0.0,0.4818461509912806,0.5181538490087193,0.1237466215449346,0.0753260310736514,0.2827734983726945,0
282,2015,00-0030287,2,0.652046783625731,49.4,61.7,early,0.260547966052247,0.0933059875764311,0.155024117236617,0.4911219291347047,0.260547966052247,0.2402345244651202,0.1282571847684228,0.37096032471421,3
283,2015,00-0030287,3,0.652046783625731,0.0,61.7,early,0.4268839105466335,0.0981020930803827,0.1446550045068062,0.3303589918661775,0.4268839105466334,0.1607082158599216,0.114890823866616,0.2975170497268289,0
284,2015,00-0030288,2,0.4122807017543859,102.8,24.3,early,0.3172842058267515,0.1477503979769521,0.2378699580386608,0.2970954381576354,0.3172842058267515,0.1830929354173184,0.1005661358439567,0.3990567229119733,3
285,2015,00-0030288,3,0.4122807017543859,40.2,24.3,early,0.4994569293765057,0.1037453691869402,0.1721365040351105,0.2246611974014435,0.4994569293765055,0.1311159423837138,0.0830523983459394,0.2863747298938413,3
286,2015,00-0030348,2,0.6052631578947368,0.0,54.5,early,0.2917044333914956,0.1293103602146969,0.1886288793672044,0.3903563270266029,0.2917044333914956,0.2246657839515377,0.120341506024004,0.3632882766329626,0
287,2015,00-0030348,3,0.6052631578947368,0.0,54.5,early,0.467909903258175,0.1175649367894075,0.1501766830301255,0.264348476922292,0.4679099032581748,0.147452385041014,0.1033894193501841,0.281248292350627,0
288,2015,00-0030388,2,0.6637426900584795,0.0,66.1,early,0.2536319478620163,0.1168801239362067,0.1588237828320845,0.4706641453696925,0.2536319478620162,0.243756620904331,0.1300448080087556,0.3725666232248972,0
289,2015,00-0030388,3,0.6637426900584795,0.0,66.1,early,0.3910098080610339,0.1069608348595121,0.153606091810554,0.3484232652689,0.3910098080610338,0.1712466169308137,0.1229783196511096,0.3147652553570428,0
290,2015,00-0030404,2,0.6345029239766082,119.4,57.6,early,0.2565081277263799,0.1895948021527271,0.250372842012967,0.3035242281079259,0.2565081277263799,0.2395255977620512,0.1280257471958322,0.3759405273157367,3
291,2015,00-0030404,3,0.6345029239766082,55.6,57.6,early,0.4420199660228679,0.1470353077641131,0.1580271023487765,0.2529176238642423,0.4420199660228678,0.1557899374579929,0.1105957023819819,0.2915943941371572,3
292,2015,00-0030414,2,0.6929824561403509,0.0,79.8,early,0.2713970155685137,0.1522090508051257,0.1745997115361126,0.4017942220902478,0.2713970155685137,0.2408169668985895,0.1282693699215475,0.3595166476113491,0
293,2015,00-0030414,3,0.6929824561403509,61.0,79.8,early,0.4428587240295212,0.1254954812816552,0.1159287198902981,0.3157170747985254,0.4428587240295212,0.1577236714761376,0.1144852046257959,0.2849323998685452,3
294,2015,00-0030432,2,0.4473684210526316,0.0,27.9,early,0.4593985711875561,0.0888563833540538,0.109858937914664,0.341886107543726,0.459398571187556,0.1510105762737376,0.0824130695417907,0.3071777829969156,0
295,2015,00-0030432,3,0.4473684210526316,0.9,27.9,early,0.6021829551750716,0.0449383035891594,0.0778460604688501,0.2750326807669188,0.6021829551750715,0.1053376926420553,0.0681226873876292,0.224356664795244,1
296,2015,00-0030433,2,0.5701754385964912,69.8,47.6,early,0.3949223850080079,0.123527232730006,0.1594835902601041,0.322066792001882,0.3949223850080078,0.1878456998703382,0.1009229531213167,0.3163089620003372,3
297,2015,00-0030433,3,0.5701754385964912,8.2,47.6,early,0.5824913243785653,0.1318597891922222,0.1032881996010945,0.182360686828118,0.5824913243785653,0.1146113989460323,0.0790893734605558,0.2238079032148465,1
298,2015,00-0030456,2,0.8801169590643275,109.7,138.2,early,0.0533288703581499,0.1228510880259628,0.3300584876084275,0.4937615540074597,0.0533288703581499,0.3281640478346181,0.1737021681807841,0.4448049136264477,3
299,2015,00-0030456,3,0.8801169590643275,63.9,138.2,early,0.113367545999687,0.1704322893653778,0.283720387190467,0.4324797774444681,0.113367545999687,0.2595488272320504,0.1981829259742236,0.4289007007940389,2
300,2015,00-0030465,2,0.3187134502923976,23.3,14.6,early,0.6790567240908797,0.0663946874026888,0.0,0.2545485885064316,0.6790567240908795,0.0750652280090264,0.0422004686433447,0.2036775792567493,3
301,2015,00-0030465,3,0.3187134502923976,8.4,14.6,early,0.7970026698429631,0.0262372503313375,0.0,0.1767600798256993,0.7970026698429629,0.0516743889095316,0.0308756130275435,0.1204473282199619,2
302,2015,00-0030485,2,0.8625730994152047,22.6,127.6,early,0.065638475059916,0.0940467657499274,0.285631042315262,0.5546837168748945,0.065638475059916,0.3229623811745125,0.171012561416518,0.4403865823490535,1
303,2015,00-0030485,3,0.8625730994152047,0.0,127.6,early,0.1358018352932367,0.1513109310323186,0.2241247392734206,0.488762494401024,0.1358018352932367,0.252358391948368,0.1920026033731191,0.4198371693852761,0
304,2015,00-0030496,2,0.7339181286549707,261.4,90.2,early,0.2112135129289271,0.0985947128376284,0.0,0.6901917742334445,0.2112135129289271,0.2644525476491299,0.1405909883826191,0.3837429510393238,3
305,2015,00-0030496,3,0.7339181286549707,0.0,90.2,early,0.2891884942818913,0.0673734085948332,0.1222847037712278,0.5211533933520477,0.2891884942818913,0.2029913778755412,0.1493634465785324,0.358456681264035,0
306,2015,00-0030513,2,0.9444444444444444,142.5,169.3,early,0.0831562528632055,0.1151646949352178,0.3047438924143827,0.496935159787194,0.0831562528632055,0.3206085419904985,0.1695131092738317,0.4267220958724642,3
307,2015,00-0030513,3,0.9444444444444444,109.9,169.3,early,0.2003481315568031,0.1355642752627191,0.3054297784674217,0.3586578147130559,0.2003481315568031,0.2359636251067753,0.182252445045849,0.3814357982905726,2
308,2015,00-0030536,2,0.3771929824561403,0.0,22.4,early,0.421628231933476,0.1067733492970903,0.0,0.4715984187694338,0.4216282319334758,0.1480932272176159,0.0819604147443939,0.3483181261045142,0
309,2015,00-0030536,3,0.3771929824561403,0.0,22.4,early,0.545349416828273,0.0524765848943959,0.095268137803666,0.3069058604736651,0.5453494168282729,0.1178130455597419,0.0730403080446987,0.2637972295672864,0
310,2015,00-0030547,2,0.6111111111111112,0.0,55.5,early,0.2177093554074115,0.1293945713520797,0.2089845840735001,0.4439114891670087,0.2177093554074115,0.2489498447584442,0.1332885796920963,0.4000522201420481,0
311,2015,00-0030547,3,0.6111111111111112,0.0,55.5,early,0.3587928470617739,0.1331947471614109,0.1756719201329915,0.3323404856438234,0.3587928470617739,0.1779624477003313,0.1250999158014408,0.338144789436454,0
312,2015,00-0030578,2,0.3070175438596491,60.5,14.5,early,0.2976038282893202,0.1114050387371231,0.0,0.5909911329735568,0.2976038282893201,0.1609939378775563,0.0908405599395803,0.4505616738935433,3
313,2015,00-0030578,3,0.3070175438596491,82.5,14.5,early,0.4417199516109636,0.0,0.0,0.5582800483890363,0.4417199516109635,0.1416188470315282,0.0839871249432984,0.3326740764142097,3
314,2015,00-0030656,2,0.8333333333333334,123.5,119.8,early,0.0437670015863136,0.1738351258474575,0.0,0.7823978725662288,0.0437670015863136,0.3287447375260814,0.1741959270972201,0.4532923337903848,3
315,2015,00-0030656,3,0.8333333333333334,122.7,119.8,early,0.0776514703981062,0.1251380422207718,0.2540195820519156,0.5431909053292063,0.0776514703981062,0.2681557786051772,0.2027082785725864,0.4514844724241302,3
316,2015,00-0030668,2,0.8216374269005848,48.2,117.8,early,0.258158009636578,0.3444531167967462,0.2493641494288408,0.1480247241378349,0.258158009636578,0.2544332476168463,0.1348612419713355,0.3525475007752401,2
317,2015,00-0030668,3,0.8216374269005848,11.6,117.8,early,0.4189931072741502,0.2557961764267868,0.2585840894395202,0.0666266268595428,0.41899310727415,0.1686019455648005,0.1271008184849517,0.2853041286760977,1
318,2015,00-0030705,2,0.2426900584795321,0.0,10.4,early,0.3803942031445878,0.0,0.0,0.6196057968554123,0.3803942031445877,0.1254047647105536,0.0724724028385523,0.4217286293063064,0
319,2015,00-0030705,3,0.2426900584795321,0.0,10.4,early,0.4682586971186836,0.0,0.0,0.5317413028813164,0.4682586971186835,0.1324077551524721,0.0753569173785876,0.3239766303502567,0
320,2015,00-0030741,2,0.260233918128655,20.6,11.6,early,0.3545269904790307,0.0,0.0,0.6454730095209692,0.3545269904790307,0.1354510384433207,0.0777164572606846,0.4323055138169639,3
321,2015,00-0030741,3,0.260233918128655,16.7,11.6,early,0.464233350828698,0.0,0.0,0.5357666491713021,0.4642333508286979,0.1340699824768836,0.0771618930959751,0.3245347735984433,3
322,2015,00-0030785,2,0.1725146198830409,0.0,7.5,early,0.4434083392588115,0.0,0.0,0.5565916607411884,0.4434083392588114,0.0958612010068688,0.0573594897030859,0.4033709700312338,0
323,2015,00-0030785,3,0.1725146198830409,0.0,7.5,early,0.5674812755448061,0.0,0.0,0.4325187244551939,0.5674812755448061,0.1057183989697192,0.0575871405739,0.2692131849115746,0
324,2015,00-0030789,2,0.7514619883040936,0.0,94.04,early,0.2211386349606393,0.3756575185781902,0.0,0.4032038464611704,0.2211386349606393,0.2625199462195772,0.1394652263203294,0.3768761924994542,0
325,2015,00-0030789,3,0.7514619883040936,0.0,94.04,early,0.3474785419094568,0.2867894326004983,0.0,0.3657320254900449,0.3474785419094567,0.1869976271991827,0.1383356877960936,0.327188143095267,0
326,2015,00-0030855,2,0.2339181286549707,0.0,9.7,early,0.554291671776213,0.1176190056144665,0.0,0.3280893226093205,0.5542916717762129,0.0885364323485598,0.0513611944271493,0.305810701448078,0
327,2015,00-0030855,3,0.2339181286549707,0.0,9.7,early,0.6879766474408037,0.0755816715830856,0.0,0.2364416809761108,0.6879766474408033,0.0775079261737861,0.0438667530329274,0.1906486733524831,0
328,2015,00-0030860,2,0.4941520467836257,118.7,31.4,early,0.2793222134419811,0.0982273050292659,0.204090576602038,0.4183599049267148,0.279322213441981,0.210894204120633,0.1142835395886943,0.3955000428486915,3
329,2015,00-0030860,3,0.4941520467836257,0.0,31.4,early,0.3861924831713087,0.127085399234678,0.1297136598891424,0.357008457704871,0.3861924831713086,0.1648475093938304,0.1094454146693289,0.339514592765532,0
330,2015,00-0030874,2,0.4883040935672514,40.6,31.1,early,0.2418827498741616,0.0917064049553651,0.2034722056178229,0.4629386395526504,0.2418827498741615,0.22066544769056,0.1196742602094565,0.4177775422258219,3
331,2015,00-0030874,3,0.4883040935672514,81.6,31.1,early,0.3334343395367481,0.132781704124418,0.136126159350716,0.3976577969881177,0.3334343395367481,0.1787037651027815,0.1182673820699079,0.3695945132905625,3
332,2015,00-0031045,2,0.6754385964912281,181.8,70.3,early,0.2816890054793955,0.1035939827793407,0.1318511916195296,0.482865820121734,0.2816890054793955,0.2357633848340398,0.1256957339826761,0.3568518757038886,3
333,2015,00-0031045,3,0.6754385964912281,93.4,70.3,early,0.4036912428598361,0.0904443011063948,0.1366830369791055,0.3691814190546636,0.403691242859836,0.1681402541502802,0.1212773269655076,0.3068911760243761,3
334,2015,00-0031055,2,0.5292397660818714,3.0,35.4,early,0.2082533850513381,0.0536575985648456,0.1408434412975346,0.5972455750862816,0.2082533850513381,0.2386513389020347,0.1287630228479271,0.4243322531987,1
335,2015,00-0031055,3,0.5292397660818714,0.0,35.4,early,0.2682841250838714,0.125096811545369,0.1047007547644448,0.5019183086063148,0.2682841250838713,0.1985521106724134,0.1342827631572054,0.39888100108651,0
336,2015,00-0031057,2,0.5409356725146199,0.0,36.8,early,0.2836795579449038,0.0449248322803765,0.1529132609436291,0.5184823488310906,0.2836795579449038,0.2178579782282232,0.1173918226474784,0.3810706411793945,0
337,2015,00-0031057,3,0.5409356725146199,0.0,36.8,early,0.3777785010046255,0.060040005980521,0.1077759607087781,0.4544055323060754,0.3777785010046254,0.1694096957439583,0.115253167481596,0.3375586357698202,0
338,2015,00-0031062,2,0.6988304093567251,79.0,82.6,early,0.2016334986507711,0.1673204783272447,0.2211023392531887,0.4099436837687953,0.2016334986507711,0.2644577248450314,0.1408197853263367,0.3930889911778607,3
339,2015,00-0031062,3,0.6988304093567251,190.6,82.6,early,0.3201269993906093,0.3156504121551208,0.0,0.3642225884542698,0.3201269993906093,0.192718005553142,0.140172004104026,0.3469829909522225,3
340,2015,00-0031066,2,0.3187134502923976,0.0,14.6,early,0.4765614057438167,0.0,0.073314710655497,0.4501238836006862,0.4765614057438166,0.1224267351146834,0.0688263492078252,0.3321855099336747,0
341,2015,00-0031066,3,0.3187134502923976,0.0,14.6,early,0.5543326459490597,0.0,0.0,0.4456673540509403,0.5543326459490595,0.1134477392372339,0.0677853878769797,0.2644342269367268,0
342,2015,00-0031075,2,0.7719298245614035,45.1,105.2,early,0.180889347569445,0.2101966617591569,0.0,0.6089139906713982,0.1808893475694449,0.2776606624114083,0.1473984221075988,0.394051567911548,2
343,2015,00-0031075,3,0.7719298245614035,79.3,105.2,early,0.2757602351240802,0.2318576059064585,0.0,0.4923821589694612,0.2757602351240802,0.2083598828110917,0.1550543977240789,0.3608254843407491,3
344,2015,00-0031085,2,0.2543859649122807,3.6,10.8,early,0.3644948510617075,0.0,0.0,0.6355051489382926,0.3644948510617074,0.1317860399034991,0.0757908105939898,0.4279282984408036,1
345,2015,00-0031085,3,0.2543859649122807,0.0,10.8,early,0.4783692043354631,0.0,0.0,0.5216307956645369,0.478369204335463,0.1303166249950726,0.0747219173665058,0.3165922533029585,0
346,2015,00-0031102,2,0.0350877192982456,27.7,1.0,early,0.6491237557855103,0.0,0.0,0.3508762442144896,0.6491237557855102,0.0410491801590007,0.0272217901171474,0.2826052739383417,3
347,2015,00-0031102,3,0.0350877192982456,46.8,1.0,early,0.7121752028133724,0.0,0.0,0.2878247971866274,0.7121752028133723,0.0682732622062133,0.034433926384472,0.1851176085959422,3
348,2015,00-0031277,2,0.4064327485380117,10.9,24.0,early,0.3250666966701175,0.0883390838067334,0.1788409747258732,0.4077532447972758,0.3250666966701175,0.1796858804951055,0.0988110848392841,0.3964363379954928,2
349,2015,00-0031277,3,0.4064327485380117,0.0,24.0,early,0.4134901031116991,0.1160103487934738,0.1120770949552592,0.3584224531395679,0.413490103111699,0.1533578065457509,0.0967983444814694,0.3363537458610806,0
350,2015,00-0031285,2,0.9970760233918128,168.2,253.4,early,0.0564355879833711,0.2720398311899984,0.0,0.6715245808266305,0.0564355879833711,0.3317254706638533,0.1752710537102766,0.4365678876424989,2
351,2015,00-0031285,3,0.9970760233918128,9.1,253.4,early,0.1185722438100393,0.405693071179725,0.0,0.4757346850102357,0.1185722438100393,0.2615058238913384,0.2035310698608696,0.4163908624377527,1
352,2015,00-0031301,2,0.9210526315789472,13.2,161.3,early,0.0410356352017924,0.0513529172023074,0.1728009390381043,0.7348105085577957,0.0410356352017924,0.3343794437052347,0.1768588573714317,0.447726063721541,1
353,2015,00-0031301,3,0.9210526315789472,3.1,161.3,early,0.0712176019400544,0.0966816796793255,0.2222791348910855,0.6098215834895345,0.0712176019400544,0.2733234661049118,0.2102906150334437,0.44516831692159,1
354,2015,00-0031332,2,0.1871345029239766,6.4,8.2,early,0.6656755775915454,0.0,0.121874058668037,0.2124503637404174,0.6656755775915453,0.0596792867173612,0.0354216665763084,0.239223469114785,3
355,2015,00-0031332,3,0.1871345029239766,0.0,8.2,early,0.7690035504937456,0.06077591390825,0.0,0.1702205355980044,0.7690035504937454,0.0566708142885587,0.0311476575666271,0.1431779776510688,0
356,2015,00-0031375,2,0.4269005847953216,29.1,26.2,early,0.3839036823301358,0.0640903372705656,0.1017218219906496,0.450284158408649,0.3839036823301358,0.1681651823757652,0.0921079248907271,0.3558232104033718,3
357,2015,00-0031375,3,0.4269005847953216,0.0,26.2,early,0.4538061391889865,0.0634416174135432,0.0628360653501555,0.4199161780473146,0.4538061391889865,0.1437201545061469,0.091835727188793,0.3106379791160734,0
358,2015,00-0031376,2,0.6578947368421053,132.6,63.9,early,0.1245531935863267,0.2116175696165833,0.2528512719452871,0.4109779648518027,0.1245531935863267,0.2851735197963186,0.1521943099864389,0.4380789766309158,3
359,2015,00-0031376,3,0.6578947368421053,0.0,63.9,early,0.2089127056830776,0.2464504489012536,0.2233020826033006,0.3213347628123682,0.2089127056830776,0.2221423697938935,0.1591715988109273,0.4097733257121015,0
360,2015,00-0031390,2,0.8742690058479532,41.4,135.0,early,0.0692447691949899,0.1798328722249507,0.3393175211883821,0.4116048373916772,0.0692447691949899,0.3223449024691883,0.1706425889223337,0.4377677394134881,1
361,2015,00-0031390,3,0.8742690058479532,0.0,135.0,early,0.1466872905124584,0.1861886317464729,0.3211850840743039,0.3459389936667647,0.1466872905124584,0.2495932692802786,0.1903578774625323,0.4133615627447307,0
362,2015,00-0031391,2,0.5467836257309941,0.0,37.5,early,0.2266965307188347,0.02300084964458,0.0675255328737021,0.6827770867628832,0.2266965307188346,0.2362055949433384,0.1271993201920553,0.4098985541457715,0
363,2015,00-0031391,3,0.5467836257309941,0.0,37.5,early,0.2567234266144951,0.0351400988428808,0.0555019941261839,0.6526344804164401,0.2567234266144951,0.2027063771064562,0.1383074399538478,0.4022627563252008,0
364,2015,00-0031413,2,0.564327485380117,0.0,46.2,early,0.1381070836603103,0.0440733261150346,0.0890968986988609,0.7287226915257943,0.1381070836603103,0.2665300459398794,0.1432767651544688,0.4520861052453414,0
365,2015,00-0031413,3,0.564327485380117,0.0,46.2,early,0.2175688136423907,0.2467476383746761,0.2478727657697367,0.2878107822131963,0.2175688136423907,0.2144395302542473,0.147566778709542,0.4204248773938199,0
366,2015,00-0031493,2,0.2251461988304093,0.0,9.4,early,0.7716476158870514,0.0,0.0,0.2283523841129484,0.6272043851086578,0.0726493984653125,0.0423118910098473,0.2578343254161823,0
367,2015,00-0031493,3,0.2251461988304093,0.0,9.4,early,0.8204664587457527,0.0,0.0955829792136916,0.0839505620405557,0.7617844385878199,0.0590319820725752,0.0332250262455248,0.1459585530940801,0
368,2015,00-0031526,2,0.1257309941520467,0.0,4.5,early,0.5185264639166148,0.0,0.0,0.4814735360833851,0.5185264639166147,0.0734040500004654,0.0452283324359682,0.3628411536469516,0
369,2015,00-0031526,3,0.1257309941520467,0.0,4.5,early,0.5843034266845436,0.0,0.0,0.4156965733154564,0.5843034266845435,0.1004741386284209,0.0532286809522124,0.261993753734823,0
370,2015,00-0031531,2,0.0555555555555555,0.0,1.2,early,0.6946728680914351,0.0,0.0,0.3053271319085649,0.694672868091435,0.0380316662924642,0.0247538128606519,0.2425416527554487,0
371,2015,00-0031531,3,0.0555555555555555,0.0,1.2,early,0.7471011304867166,0.0,0.0,0.2528988695132833,0.7471011304867164,0.060222893553793,0.0306937222486138,0.1619822537108767,0
372,2015,00-0031569,2,0.8567251461988304,0.0,126.6,early,0.0783518697035007,0.2281069347648236,0.3209436645656565,0.372597530966019,0.0783518697035007,0.3182436197183798,0.1685360977234297,0.4348684128546897,0
373,2015,00-0031569,3,0.8567251461988304,3.0,126.6,early,0.1596416822371045,0.1743816077150851,0.2894841186445306,0.3764925914032797,0.1596416822371045,0.2451880713396596,0.186315491483634,0.4088547549396017,1
374,2015,00-0031577,2,0.7865497076023392,127.6,106.7,early,0.2189088456601513,0.2710626024821313,0.0,0.5100285518577172,0.2189088456601513,0.2657646623355562,0.1410141867644822,0.3743123052398102,3
375,2015,00-0031577,3,0.7865497076023392,65.1,106.7,early,0.3469970145940385,0.2225258186628885,0.0,0.430477166743073,0.3469970145940384,0.1883655892401656,0.1407388005138399,0.3238985956519559,2
376,2015,00-0031590,2,0.5350877192982456,116.1,35.7,early,0.3436901205197162,0.043636579421245,0.0905978590462345,0.5220754410128043,0.3436901205197161,0.1987259203136562,0.1071510379315481,0.3504329212350796,3
377,2015,00-0031590,3,0.5350877192982456,42.4,35.7,early,0.4120160733799061,0.038422336688109,0.0624437635300178,0.4871178264019671,0.412016073379906,0.1598197100508576,0.1084095264465333,0.3197546901227031,3
378,2015,00-0031595,2,0.2953216374269006,2.2,13.6,early,0.3777713934040614,0.0,0.139392774764868,0.4828358318310705,0.3777713934040614,0.1396618983263335,0.0791088984853218,0.4034578097842832,1
379,2015,00-0031595,3,0.2953216374269006,1.1,13.6,early,0.4893995309443737,0.0,0.0,0.5106004690556264,0.4893995309443736,0.129076674215332,0.0759774461438255,0.3055463486964689,1
380,2015,00-0031599,2,0.4707602339181286,22.7,30.1,early,0.525193483866193,0.073777226000855,0.0805866924602377,0.3204425976727142,0.5251934838661929,0.1358954900293675,0.0738879594391774,0.2650230666652621,3
381,2015,00-0031599,3,0.4707602339181286,14.9,30.1,early,0.629009987026062,0.0533391878704649,0.0447210332913557,0.2729297918121173,0.6290099870260619,0.0989366437887409,0.0648429614905868,0.2072104076946102,2
382,2015,00-0031611,2,0.1637426900584795,0.0,7.2,early,0.5138098062918699,0.0,0.0,0.4861901937081301,0.5138098062918698,0.0819123985651472,0.0492633285182151,0.3550144666247677,0
383,2015,00-0031611,3,0.1637426900584795,0.0,7.2,early,0.6038738081246456,0.0,0.0,0.3961261918753543,0.6038738081246455,0.0966125719572927,0.0523477477790041,0.2471658721390576,0
384,2015,00-0031612,2,0.1988304093567251,6.2,8.3,early,0.3968665212868826,0.0,0.0,0.6031334787131173,0.3968665212868826,0.1107016010215121,0.0653029129201755,0.4271289647714297,3
385,2015,00-0031612,3,0.1988304093567251,0.0,8.3,early,0.4918720818354343,0.0,0.0,0.5081279181645657,0.4918720818354342,0.1250381397747562,0.0692235613435582,0.3138662170462514,0
386,2015,00-0031665,2,0.1783625730994152,14.6,7.6,early,0.5742716743382249,0.0,0.0,0.425728325661775,0.5742716743382248,0.0743904353160817,0.0443657363962565,0.306972153949437,3
387,2015,00-0031665,3,0.1783625730994152,53.6,7.6,early,0.6698674792912901,0.0,0.0,0.3301325207087099,0.66986747929129,0.0808113826310755,0.0441771909403978,0.2051439471372366,3
388,2015,00-0031682,2,0.3830409356725146,15.3,22.8,early,0.3558591698684558,0.1653491263684281,0.0,0.4787917037631158,0.3558591698684558,0.1662778159360691,0.0919003788517428,0.3859626353437322,2
389,2015,00-0031682,3,0.3830409356725146,0.0,22.8,early,0.4701228495825814,0.137442438837465,0.1357231898269593,0.2567115217529941,0.4701228495825813,0.1375538436983547,0.085588464427833,0.3067348422912309,0
390,2015,00-0031687,2,0.0350877192982456,11.0,1.0,early,0.5038770685660648,0.0,0.0,0.4961229314339352,0.5038770685660647,0.0580416597853054,0.0384903638661348,0.3995909077824949,3
391,2015,00-0031687,3,0.0350877192982456,40.6,1.0,early,0.6020780645943716,0.0,0.0,0.3979219354056282,0.6020780645943716,0.0943887701793004,0.0476054001060915,0.2559277651202363,3
392,2015,00-0031731,2,0.0701754385964912,43.4,1.5,early,0.6189736554910761,0.0,0.0,0.381026344508924,0.618973655491076,0.0495868031603778,0.0318713677543145,0.2995681735942316,3
393,2015,00-0031731,3,0.0701754385964912,10.7,1.5,early,0.7013423117839344,0.0,0.0,0.2986576882160658,0.7013423117839341,0.0713264208974048,0.0366345487833713,0.1906967185352895,3
394,2015,00-0031743,2,0.2894736842105263,9.4,13.5,early,0.4198588417033677,0.0,0.0,0.5801411582966323,0.4198588417033676,0.1288226835486639,0.0731158472295689,0.3782026275183995,2
395,2015,00-0031743,3,0.2894736842105263,0.0,13.5,early,0.5099439552795296,0.0,0.0,0.4900560447204702,0.5099439552795296,0.1236706681452992,0.0725228835992992,0.2938624929758719,0
396,2015,00-0031768,2,0.023391812865497,0.0,0.7,early,0.6515711426024938,0.0,0.0,0.3484288573975061,0.6515711426024937,0.0393025189823477,0.026358497482983,0.2827678409321754,0
397,2015,00-0031768,3,0.023391812865497,0.0,0.7,early,0.7099057258803618,0.0,0.0,0.2900942741196382,0.7099057258803617,0.0686646696403427,0.0344305728087347,0.1869990316705607,0
398,2015,00-0031806,2,0.0701754385964912,41.9,1.5,early,0.7094370339062097,0.0,0.0,0.2905629660937902,0.7094370339062096,0.0378138908582759,0.0243044589478319,0.2284446162876824,3
399,2015,00-0031806,3,0.0701754385964912,36.4,1.5,early,0.7531028074593746,0.0,0.0,0.2468971925406252,0.7531028074593746,0.058964807431309,0.030285398975108,0.1576469861342082,3
400,2015,00-0031826,2,0.1140350877192982,0.0,4.1,early,0.6774117872760408,0.0,0.0,0.3225882127239592,0.6774117872760407,0.047624167577573,0.0295852221956512,0.2453788229507349,0
401,2015,00-0031826,3,0.1140350877192982,0.0,4.1,early,0.7422916653573044,0.0,0.0,0.2577083346426955,0.7422916653573043,0.0621238328336401,0.0326911266829263,0.1628933751261292,0
402,2015,00-0031830,2,0.0789473684210526,0.0,1.9,early,0.6111437519720044,0.0,0.0,0.3888562480279955,0.6111437519720043,0.0519326768268061,0.0331381880390192,0.3037853831621703,0
403,2015,00-0031830,3,0.0789473684210526,0.0,1.9,early,0.68025370775044,0.0,0.0,0.31974629224956,0.6802537077504398,0.0764998927452155,0.0394777016595353,0.2037686978448093,0
404,2015,00-0031897,2,0.8391812865497076,28.1,122.6,early,0.066152975354925,0.2232122665048206,0.0,0.7106347581402545,0.066152975354925,0.3214147930119907,0.1702867498890143,0.4421454817440698,1
405,2015,00-0031897,3,0.8391812865497076,0.0,122.6,early,0.124821827008893,0.1323634931152455,0.2659130632143434,0.476901616661518,0.124821827008893,0.2546736658802708,0.1927751031483495,0.4277294039624866,0
406,2015,00-0031900,2,0.0467836257309941,78.4,1.1,early,0.6001547157745749,0.0,0.0,0.3998452842254251,0.6001547157745748,0.0484934287646371,0.0318119289665334,0.3195399264942546,3
407,2015,00-0031900,3,0.0467836257309941,33.2,1.1,early,0.6858281598449415,0.0,0.0,0.3141718401550586,0.6858281598449414,0.0746871879798839,0.0378933201446125,0.2015913320305621,3
408,2015,00-0031939,2,0.7807017543859649,1.4,106.4,early,0.1911661380830681,0.2105772242161378,0.0,0.5982566377007941,0.1911661380830681,0.2748012961814404,0.1458369821960826,0.3881955835394089,1
409,2015,00-0031939,3,0.7807017543859649,0.0,106.4,early,0.289826982635869,0.1929025911601297,0.0,0.5172704262040012,0.289826982635869,0.204641613025259,0.15265766503752,0.3528737393013519,0
410,2015,00-0031959,2,0.219298245614035,4.8,9.0,early,0.352769111511821,0.0,0.0,0.6472308884881791,0.3527691115118209,0.1245028031330693,0.072709352262027,0.4500187330930827,2
411,2015,00-0031959,3,0.219298245614035,33.6,9.0,early,0.4721600280666172,0.0,0.0,0.5278399719333827,0.4721600280666171,0.1305966386833337,0.0732332024335031,0.3240101308165459,3
412,2015,00-0032058,2,0.5935672514619883,141.7,52.6,early,0.2010445637416926,0.1352175514921484,0.1910874176958822,0.4726504670702767,0.2010445637416926,0.2517043717456549,0.1349526452279678,0.4122984192846846,3
413,2015,00-0032058,3,0.5935672514619883,165.6,52.6,early,0.2935384875787074,0.1385096171591269,0.1634697692652723,0.4044821259968932,0.2935384875787074,0.1951687130169103,0.1361387259602444,0.375154073444138,3
414,2015,00-0032063,2,0.2485380116959064,39.1,10.6,early,0.5468807725688649,0.0,0.0,0.4531192274311352,0.5468807725688647,0.0928383917366589,0.0535201380740619,0.3067606976204144,3
415,2015,00-0032063,3,0.2485380116959064,103.8,10.6,early,0.6007470563529057,0.0,0.0,0.3992529436470943,0.6007470563529056,0.0995796041681073,0.0568850171918378,0.2427883222871492,3
416,2015,00-0032068,2,0.0964912280701754,0.0,2.5,early,0.5576638992152654,0.0,0.0,0.4423361007847347,0.5576638992152653,0.062153131943191,0.039115148273902,0.3410678205676416,0
417,2015,00-0032068,3,0.0964912280701754,0.0,2.5,early,0.6393692994689494,0.0,0.0,0.3606307005310508,0.639369299468949,0.0866010719246457,0.0451232622935448,0.2289063663128603,0
418,2015,00-0032104,2,0.7631578947368421,102.4,104.0,early,0.1684697881497213,0.2401431229372367,0.0,0.5913870889130419,0.1684697881497213,0.2812033117927651,0.149325591194005,0.4010013088635087,3
419,2015,00-0032104,3,0.7631578947368421,3.9,104.0,early,0.2583123393998803,0.2122334471699419,0.0,0.5294542134301777,0.2583123393998803,0.2130290957640543,0.158134235197564,0.3705243296385013,1
420,2015,00-0032122,2,0.1432748538011695,0.0,5.1,early,0.7430333704580376,0.0,0.0,0.2569666295419624,0.7430333704580374,0.0410621408718396,0.0250083512398621,0.1908961374302608,0
421,2015,00-0032122,3,0.1432748538011695,0.0,5.1,early,0.7853180951883598,0.0,0.0,0.2146819048116401,0.7853180951883596,0.0521011908616382,0.0278867821865798,0.1346939317634223,0
422,2015,00-0032130,2,0.435672514619883,6.4,26.7,early,0.340270009708658,0.1323665775553013,0.2077898060791844,0.3195736066568561,0.340270009708658,0.1819082521987379,0.099476597466513,0.3783451406260911,1
423,2015,00-0032130,3,0.435672514619883,0.0,26.7,early,0.4823350712675782,0.1327893008824292,0.1253685598707791,0.2595070679792134,0.4823350712675782,0.1365813090164589,0.0877273612156055,0.2933562585003572,0
424,2015,00-0032133,2,0.3947368421052631,0.0,23.4,early,0.3966521146040187,0.0,0.0782364820447453,0.525111403351236,0.3966521146040186,0.1582194388827228,0.0872202718763178,0.3579081746369407,0
425,2015,00-0032133,3,0.3947368421052631,0.0,23.4,early,0.4622999711462733,0.0413285596561176,0.0,0.4963714691976091,0.4622999711462732,0.140088815032212,0.0877952880801572,0.3098159257413575,0
426,2015,00-0032144,2,0.7222222222222222,230.1,86.3,early,0.1983181434468117,0.1060994705950176,0.142868714288364,0.5527136716698066,0.1983181434468117,0.2677560051014698,0.1424191019963031,0.3915067494554153,3
427,2015,00-0032144,3,0.7222222222222222,225.5,86.3,early,0.2944663690932404,0.0939622124962069,0.1185763478153728,0.4929950705951798,0.2944663690932404,0.2009986440491644,0.147346137055889,0.3571888498017061,3
428,2015,00-0032152,2,0.8157894736842105,0.0,117.3,early,0.1833562104932538,0.1989648618427543,0.0,0.6176789276639918,0.1833562104932538,0.2797414024866533,0.1482996302331717,0.3886027567869211,0
429,2015,00-0032152,3,0.8157894736842105,0.0,117.3,early,0.2792366725531622,0.2012018458441322,0.0,0.5195614816027054,0.2792366725531622,0.2089577752740635,0.1572997468977245,0.3545058052750496,0
430,2015,00-0032187,2,0.9619883040935672,10.0,183.8,early,0.069329172620922,0.1260327592184792,0.2664618002796499,0.5381762678809487,0.069329172620922,0.3260762238455787,0.1723612491164398,0.4322333544170594,1
431,2015,00-0032187,3,0.9619883040935672,204.6,183.8,early,0.1489757165088016,0.1284636502591023,0.3077138172045031,0.414846816027593,0.1489757165088016,0.2516026919768333,0.1948588558735547,0.4045627356408103,3
432,2015,00-0032209,2,0.8450292397660819,60.7,122.9,early,0.0698362279170629,0.1978724428715216,0.0,0.7322913292114153,0.0698362279170629,0.3205021110400559,0.1697788290830174,0.4398828319598638,2
433,2015,00-0032209,3,0.8450292397660819,122.1,122.9,early,0.1294144297558309,0.1297866166964143,0.2669289009116316,0.4738700526361231,0.1294144297558309,0.2535641972996855,0.1921880942718239,0.4248332786726597,3
434,2015,00-0032241,2,0.9736842105263158,325.3,189.4,early,0.0549346374668906,0.0791768223577876,0.1831441194277877,0.682744420747534,0.0549346374668906,0.3315188356275584,0.1752112391516921,0.4383352877538588,3
435,2015,00-0032241,3,0.9736842105263158,316.1,189.4,early,0.1042825628961496,0.0903814296568378,0.2687850073304549,0.5365510001165575,0.1042825628961496,0.2651375840317341,0.205693701066428,0.4248861520056883,3
436,2015,00-0032257,2,0.7982456140350878,154.1,107.3,early,0.1604256415833878,0.2253449103522559,0.0,0.6142294480643562,0.1604256415833878,0.2864673572763433,0.1519431553921485,0.4011638457481203,3
437,2015,00-0032257,3,0.7982456140350878,87.0,107.3,early,0.245003795372025,0.2122323803697611,0.0,0.5427638242582139,0.245003795372025,0.2182345798819163,0.1635590093078148,0.3732026154382438,3
438,2016,00-0029795,2,0.4676470588235294,7.9,26.2,early,0.4237439490926732,0.095088374093866,0.1769212967728124,0.3042463800406482,0.4237439490926732,0.1644194777006482,0.0894390711757624,0.3223975020309162,1
439,2016,00-0029795,3,0.4676470588235294,0.0,26.2,early,0.6783404890840982,0.1141866714271179,0.0,0.2074728394887841,0.6117487300373591,0.1034422546017595,0.0676772261795276,0.2171317891813537,0
440,2016,00-0029854,2,0.7470588235294118,63.4,86.5,early,0.3091799918733877,0.1706744302311677,0.0,0.5201455778954446,0.3091799918733876,0.2325434107886345,0.1235611718310367,0.334715425506941,3
441,2016,00-0029854,3,0.7470588235294118,4.3,86.5,early,0.4665149911715206,0.1827386520238173,0.0,0.350746356804662,0.4665149911715205,0.1527525651366379,0.1128528885809758,0.2678795551108657,1
442,2016,00-0029892,2,0.5794117647058824,43.4,41.3,early,0.316164690931014,0.2262027454911568,0.0,0.4576325635778291,0.3161646909310139,0.2135685327779757,0.1146460570364003,0.3556207192546101,3
443,2016,00-0029892,3,0.5794117647058824,30.6,41.3,early,0.4895555059967203,0.2046773507363991,0.0,0.3057671432668805,0.4895555059967202,0.1404789075653833,0.0973593471943652,0.2726062392435312,3
444,2016,00-0029931,2,0.1411764705882353,19.5,3.5,early,0.6449116730424652,0.0,0.0,0.3550883269575348,0.6449116730424651,0.0564278800198186,0.0344130429687757,0.2642474039689405,3
445,2016,00-0029931,3,0.1411764705882353,5.6,3.5,early,0.7715134573078973,0.0,0.0,0.2284865426921026,0.7715134573078972,0.0554239324612986,0.0296285160877582,0.1434340941430459,3
446,2016,00-0030107,2,0.8205882352941176,55.5,108.8,early,0.2602271504356458,0.1924138896904306,0.3304696056226979,0.2168893542512256,0.2602271504356457,0.2536678053457482,0.1344593661771565,0.3516456780414496,2
447,2016,00-0030107,3,0.8205882352941176,0.0,108.8,early,0.418076916901351,0.1813572989234367,0.0,0.4005657841752122,0.4180769169013509,0.1688390274565978,0.1272473896366776,0.2858366660053736,0
448,2016,00-0030117,2,0.5323529411764706,0.0,32.8,early,0.4673597085917032,0.0772590481653633,0.1402376953796807,0.3151435478632527,0.467359708591703,0.1609404653806451,0.0868039712867922,0.2848958547408597,0
449,2016,00-0030117,3,0.5323529411764706,0.0,32.8,early,0.6341594730081337,0.0624734889274972,0.0871644555550354,0.2162025825093337,0.6341594730081336,0.099360674306629,0.0673053303112568,0.1991745223739805,0
450,2016,00-0030280,2,0.1970588235294117,0.0,5.3,early,0.5500267188507351,0.0,0.0,0.449973281149265,0.550026718850735,0.0822464384547536,0.0485614336463488,0.3191654090481625,0
451,2016,00-0030280,3,0.1970588235294117,0.0,5.3,early,0.7722892808938915,0.0,0.0,0.2277107191061084,0.7060236896991243,0.0723071021776026,0.0399865753817238,0.1816826327415491,0
452,2016,00-0030282,2,0.1,0.0,2.2,early,0.7035388469049063,0.1039130992111543,0.0,0.1925480538839392,0.7035388469049063,0.0420746362838434,0.0264086465338255,0.2279778702774246,0
453,2016,00-0030282,3,0.1,0.0,2.2,early,0.8020818366966108,0.0,0.0,0.1979181633033891,0.8020818366966107,0.0475636267551904,0.0248314806220982,0.1255230559261006,0
454,2016,00-0030287,2,0.4058823529411764,0.0,18.1,early,0.5989523360552211,0.2149470488850384,0.0,0.1861006150597404,0.4669818656147722,0.1418052954659368,0.0779889426140362,0.3132238963052547,0
455,2016,00-0030287,3,0.4058823529411764,0.0,18.1,early,0.7254904506362919,0.1410592325768814,0.0,0.1334503167868266,0.6694035688015019,0.0864280975472583,0.0545345981776799,0.1896337354735598,0
456,2016,00-0030288,2,0.6735294117647059,40.2,72.4,early,0.2804634165108602,0.3975817448109935,0.0,0.3219548386781462,0.2804634165108602,0.2359781833923558,0.1258237508020818,0.3577346492947021,2
457,2016,00-0030288,3,0.6735294117647059,80.6,72.4,early,0.4884673173633538,0.269264190434187,0.0,0.2422684922024592,0.4884673173633537,0.1441722684303818,0.1039161899263317,0.2634442242799327,3
458,2016,00-0030348,2,0.1,0.0,2.2,early,0.8484889123743748,0.0,0.0,0.1515110876256251,0.8484889123743745,0.0215028978949324,0.0134965499435171,0.1165116397871759,0
459,2016,00-0030348,3,0.1,0.0,2.2,early,0.887365305404354,0.0,0.0,0.112634694595646,0.8873653054043538,0.027068332102597,0.0141315288579168,0.0714348336351323,0
460,2016,00-0030391,2,0.1735294117647058,0.0,4.1,early,0.7445992195270306,0.0,0.0,0.2554007804729692,0.7445992195270305,0.0440984627441545,0.0263715088031112,0.1849308089257037,0
461,2016,00-0030391,3,0.1735294117647058,0.0,4.1,early,0.8285125426723361,0.0,0.0,0.1714874573276639,0.8285125426723359,0.0419264767713467,0.0228523997101108,0.1067085808462065,0
462,2016,00-0030404,2,0.8029411764705883,55.6,105.5,early,0.2314940996480122,0.2805618074462174,0.0,0.4879440929057702,0.2314940996480122,0.2625030870076701,0.1392127157230284,0.3667900976212893,2
463,2016,00-0030404,3,0.8029411764705883,51.6,105.5,early,0.4127592412299449,0.2205052102265682,0.0,0.3667355485434869,0.4127592412299448,0.1698812682980733,0.1274736124000555,0.2898858780719263,2
464,2016,00-0030414,2,0.9088235294117648,61.0,170.8,early,0.0819319714603715,0.1369832265512215,0.345542954424584,0.4355418475638229,0.0819319714603715,0.3195978059741383,0.1690759543430538,0.4293942682224364,1
465,2016,00-0030414,3,0.9088235294117648,9.3,170.8,early,0.1848661140355312,0.1617188760806116,0.3202521211277263,0.3331628887561307,0.1848661140355312,0.2395182695234508,0.1838843385775194,0.3917312778634986,1
466,2016,00-0030432,2,0.8323529411764706,0.9,119.0,early,0.1033765226475741,0.3439199819635878,0.3259234840178751,0.2267800113709629,0.1033765226475741,0.3081916242143478,0.1633093174330238,0.4251225357050542,1
467,2016,00-0030432,3,0.8323529411764706,0.0,119.0,early,0.2482374923495373,0.1917762700273123,0.2849615403594387,0.2750246972637116,0.2482374923495373,0.2185273601989648,0.1651548745277327,0.3680802729237651,0
468,2016,00-0030433,2,0.8470588235294118,8.2,122.7,early,0.0872933028773395,0.2550117308459603,0.3674851823765735,0.2902097839001266,0.0872933028773395,0.314605735371353,0.166647212549129,0.4314537492021784,1
469,2016,00-0030433,3,0.8470588235294118,0.0,122.7,early,0.2120045903394452,0.2088945897151514,0.2894322841154674,0.2896685358299358,0.2120045903394452,0.2295797644106244,0.1740876726641601,0.3843279725857702,0
470,2016,00-0030456,2,0.7617647058823529,63.9,90.3,early,0.2356497488302046,0.1889528102877516,0.0,0.5753974408820438,0.2356497488302046,0.2583850449689203,0.1372155164418826,0.3687496897589923,3
471,2016,00-0030456,3,0.7617647058823529,43.4,90.3,early,0.3715785696732742,0.2143084907154591,0.0,0.4141129396112666,0.3715785696732742,0.1804488075297847,0.1338956142267451,0.3140770085701959,2
472,2016,00-0030465,2,0.4970588235294118,8.4,29.1,early,0.6141331118959727,0.1941412497930156,0.0,0.1917256383110115,0.4968382145352403,0.1476274018356494,0.079968127581566,0.2755662560475441,1
473,2016,00-0030465,3,0.4970588235294118,18.12,29.1,early,0.7572686622323243,0.1184340990138145,0.0,0.1242972387538612,0.7052224653327559,0.079235691074419,0.0526889091245691,0.1628529344682558,2
474,2016,00-0030485,2,0.5617647058823529,0.0,38.8,early,0.5756725164935459,0.0466117237740746,0.0895060105617135,0.288209749170666,0.5469114059305569,0.1398681132789486,0.0752066167726957,0.2380138640177988,0
475,2016,00-0030485,3,0.5617647058823529,0.0,38.8,early,0.6596257853649278,0.0633808887850707,0.0,0.2769933258500016,0.6596257853649277,0.0932191928272286,0.0640701573203439,0.1830848644874997,0
476,2016,00-0030496,2,0.9794117647058824,0.0,249.4,early,0.087241352098192,0.3554251627436552,0.0,0.5573334851581527,0.087241352098192,0.3203670751273557,0.1693052143620102,0.4230863584124419,0
477,2016,00-0030496,3,0.9794117647058824,151.0,249.4,early,0.1938436470834752,0.4226766680499909,0.0,0.3834796848665339,0.1938436470834752,0.2387647713686252,0.1853845577860392,0.3820070237618603,2
478,2016,00-0030513,2,0.9264705882352942,109.9,177.2,early,0.0941783488763322,0.0830036213746036,0.2812357292890401,0.5415823004600241,0.0941783488763322,0.3160678631313627,0.1671587376292184,0.4225950503630867,2
479,2016,00-0030513,3,0.9264705882352942,123.2,177.2,early,0.2139378746868071,0.1278565156752018,0.2608529427030658,0.3973526669349252,0.2139378746868071,0.2314735010059521,0.1782571138121966,0.3763315104950441,2
480,2016,00-0030547,2,0.4323529411764706,0.0,21.6,early,0.5346810656839359,0.1777047393149683,0.0,0.2876141950010957,0.4352375724826788,0.1551330294431956,0.0848850999626292,0.3247442981114964,0
481,2016,00-0030547,3,0.4323529411764706,0.0,21.6,early,0.6132556153791643,0.0662279266055852,0.115396975205441,0.2051194828098094,0.6132556153791642,0.1019350236725783,0.065345915535737,0.2194634454125204,0
482,2016,00-0030578,2,0.6794117647058824,82.5,73.1,early,0.2231079020458271,0.5363209366502867,0.0,0.2405711613038861,0.2231079020458271,0.2554069490653401,0.1361386106540883,0.3853465382347443,3
483,2016,00-0030578,3,0.6794117647058824,30.1,73.1,early,0.4414119995112747,0.379924232943134,0.0,0.1786637675455913,0.4414119995112745,0.1576484315936636,0.113875522128352,0.2870640467667097,2
484,2016,00-0030656,2,0.9147058823529411,122.7,173.1,early,0.0554740548446837,0.1147768064329539,0.3245778323599467,0.5051713063624157,0.0554740548446837,0.3290703192921227,0.1740693863202181,0.4413862395429754,3
485,2016,00-0030656,3,0.9147058823529411,0.0,173.1,early,0.1191313450501785,0.1606694239782322,0.3208645932090624,0.3993346377625268,0.1191313450501785,0.2590229243151237,0.1990672712530806,0.422778459381617,0
486,2016,00-0030668,2,0.6676470588235294,11.6,67.1,early,0.2557099970216415,0.267470056375687,0.0,0.4768199466026713,0.2038531053226566,0.2604537350643775,0.1389209354178173,0.3967722241951484,1
487,2016,00-0030668,3,0.6676470588235294,0.0,67.1,early,0.3446595895963606,0.1279101855175709,0.1758921263046123,0.3515380985814561,0.3446595895963605,0.1844499627443631,0.132655806234664,0.3382346414246123,0
488,2016,00-0030705,2,0.2617647058823529,0.0,9.1,early,0.5258249671220325,0.1461003896340053,0.0,0.3280746432439622,0.5258249671220324,0.0998110516889233,0.0572331211399003,0.317130860049144,0
489,2016,00-0030705,3,0.2617647058823529,0.0,9.1,early,0.6694445167483293,0.0,0.0724558483355324,0.2580996349161383,0.6694445167483292,0.0827540621578004,0.0476744699650321,0.2001269511288382,0
490,2016,00-0030741,2,0.2264705882352941,16.7,7.0,early,0.4313115224072402,0.1837071560346724,0.0,0.3849813215580873,0.4313115224072402,0.1111480906767153,0.0646947494540085,0.3928456374620359,3
491,2016,00-0030741,3,0.2264705882352941,0.4,7.0,early,0.5733515849257155,0.1155740278607334,0.0,0.3110743872135511,0.5733515849257154,0.1057654596579926,0.0595779114735969,0.261305043942695,1
492,2016,00-0030789,2,0.2029411764705882,0.0,5.5,early,0.3723214423470172,0.0,0.1664685531714544,0.4612100044815282,0.3723214423470172,0.1163187317424922,0.0684732734766646,0.4428865524338259,0
493,2016,00-0030789,3,0.2029411764705882,0.0,5.5,early,0.4995559784362314,0.0,0.1040325808179286,0.3964114407458399,0.4995559784362312,0.1232801366549773,0.0684252451783423,0.3087386397304492,0
494,2016,00-0030860,2,0.4911764705882352,0.0,28.8,early,0.4000428132128219,0.0940183440790899,0.1631827950640262,0.3427560476440618,0.4000428132128218,0.1750923894282315,0.0949209002978119,0.3299438970611348,0
495,2016,00-0030860,3,0.4911764705882352,0.0,28.8,early,0.5566802909477874,0.0750025117980612,0.1156064516190157,0.2527107456351357,0.5566802909477873,0.1189545913869713,0.0788485662635804,0.2455165514016608,0
496,2016,00-0030874,2,0.7088235294117647,81.6,77.4,early,0.1696606028139374,0.4965166751730176,0.0,0.333822722013045,0.1696606028139374,0.2760500604905812,0.1469210868438817,0.4073682498515997,3
497,2016,00-0030874,3,0.7088235294117647,115.1,77.4,early,0.3346581525520085,0.4168594854051225,0.0,0.2484823620428687,0.3346581525520085,0.1890100714228719,0.1379451341152612,0.3383866419098584,3
498,2016,00-0030968,2,0.2441176470588235,6.8,7.5,early,0.5275211330181973,0.0,0.1689012246486066,0.3035776423331961,0.527521133018197,0.0959149538326991,0.0553963950752334,0.3211675180738703,3
499,2016,00-0030968,3,0.2441176470588235,14.6,7.5,early,0.6694232103025611,0.0,0.0845486552881316,0.2460281344093074,0.6694232103025608,0.0823489462122614,0.0469096713735113,0.2013181721116663,3
500,2016,00-0031045,2,0.9205882352941176,93.4,176.1,early,0.0979196112591419,0.1250794190359017,0.3191617609851423,0.457839208719814,0.0979196112591419,0.3145257540004282,0.1663591929187996,0.4211954418216302,2
501,2016,00-0031045,3,0.9205882352941176,151.2,176.1,early,0.226269538926796,0.1435556905125624,0.3105905676822195,0.3195842028784219,0.226269538926796,0.2276817849478704,0.1751605890771788,0.3708880870481547,3
502,2016,00-0031055,2,0.25,0.0,8.7,early,0.7390190351300095,0.0628532533589179,0.0,0.1981277115110726,0.7390190351300093,0.0536340235611354,0.0309005999125267,0.1764463413963284,0
503,2016,00-0031055,3,0.25,0.0,8.7,early,0.7874275229572062,0.0,0.0,0.2125724770427937,0.7874275229572062,0.0530404760707425,0.0303277246937848,0.1292042762782663,0
504,2016,00-0031057,2,0.4058823529411764,0.0,18.1,early,0.3375062149270011,0.1385687131459186,0.2206267072054745,0.3032983647216055,0.3375062149270011,0.1762512771633516,0.0969332682194868,0.3893092396901603,0
505,2016,00-0031057,3,0.4058823529411764,0.0,18.1,early,0.4888442007381344,0.0934407933037407,0.1667632466384078,0.250951759319717,0.4888442007381343,0.1336318819906609,0.0843193497820895,0.2932045674891153,0
506,2016,00-0031062,2,0.7911764705882353,190.6,103.7,early,0.1760373752565216,0.2651861186962611,0.0,0.5587765060472173,0.1760373752565216,0.2806686681219556,0.1489001977707783,0.3943937588507444,3
507,2016,00-0031062,3,0.7911764705882353,132.2,103.7,early,0.3081049933862823,0.2509779889044212,0.0,0.4409170177092963,0.3081049933862823,0.1997482263822622,0.1494275057298597,0.3427192745015957,3
508,2016,00-0031066,2,0.0470588235294117,0.0,1.0,early,0.8807934345610133,0.0,0.0,0.1192065654389866,0.7928103842333054,0.0251492102622655,0.0164938840674705,0.1655465214369584,0
509,2016,00-0031066,3,0.0470588235294117,0.0,1.0,early,0.853838208926545,0.0,0.0345945653968771,0.1115672256765778,0.8538382089265448,0.034748459255546,0.0176324835327483,0.0937808482851608,0
510,2016,00-0031075,2,0.638235294117647,79.3,58.0,early,0.2207748529602718,0.1329402484682539,0.2084579765552981,0.437826922016176,0.2207748529602718,0.2515007668322437,0.1343924588649127,0.3933319213425717,3
511,2016,00-0031075,3,0.638235294117647,0.0,58.0,early,0.3697778501390647,0.1356388950936004,0.1818456660046546,0.3127375887626803,0.3697778501390646,0.176123878494083,0.1252208561454594,0.3288774152213929,0
512,2016,00-0031085,2,0.1647058823529411,0.0,4.0,early,0.537068418327324,0.0,0.0,0.4629315816726759,0.537068418327324,0.0781841539976503,0.0469944093364681,0.3377530183385575,0
513,2016,00-0031085,3,0.1647058823529411,0.0,4.0,early,0.6639241868555953,0.0,0.0,0.3360758131444046,0.6639241868555952,0.0819861410331225,0.0444485484131204,0.2096411236981618,0
514,2016,00-0031102,2,0.5147058823529411,46.8,30.4,early,0.409043367775505,0.1195954895378096,0.1904159411696273,0.280945201517058,0.409043367775505,0.1760480821399565,0.0951488918828008,0.3197596582017377,3
515,2016,00-0031102,3,0.5147058823529411,0.0,30.4,early,0.5902148771167249,0.08548875257145,0.1270714797805083,0.1972248905313167,0.5902148771167248,0.1107257171090079,0.0743234408178147,0.2247359649564524,0
516,2016,00-0031158,2,0.3205882352941177,0.0,12.4,early,0.4316679760899807,0.0,0.1483865180402576,0.4199455058697616,0.4316679760899806,0.1333494920042786,0.0749242401658154,0.3600582917399253,0
517,2016,00-0031158,3,0.3205882352941177,0.0,12.4,early,0.5771479778309,0.0,0.0,0.4228520221691,0.5771479778308999,0.1077004765032836,0.0644284648775877,0.2507230807882287,0
518,2016,00-0031285,2,0.9676470588235294,9.1,234.1,early,0.054055814743937,0.2657524062298427,0.0,0.6801917790262203,0.054055814743937,0.3316236404167066,0.1752803383288257,0.4390402065105307,1
519,2016,00-0031285,3,0.9676470588235294,147.1,234.1,early,0.1130483960921553,0.3652165721079379,0.0,0.5217350317999068,0.1130483960921553,0.2623800045331003,0.2033760588484036,0.4211955405263408,2
520,2016,00-0031301,2,0.8794117647058823,3.1,155.3,early,0.0575423015220115,0.1116696002044353,0.3276743744098419,0.5031137238637112,0.0575423015220115,0.3266670386732292,0.1729122617762559,0.4428783980285034,1
521,2016,00-0031301,3,0.8794117647058823,0.0,155.3,early,0.1193177837565339,0.1731193623982129,0.2876599155312037,0.4199029383140494,0.1193177837565339,0.2577820652480175,0.1968062969269265,0.4260938540685219,0
522,2016,00-0031332,2,0.3088235294117647,0.0,11.6,early,0.6386673509563047,0.0,0.156763003469895,0.2045696455738003,0.5122688296080421,0.1121462308845215,0.0632417232360027,0.3123432162714336,0
523,2016,00-0031332,3,0.3088235294117647,0.0,11.6,early,0.6992232683075901,0.0644988563714876,0.0,0.2362778753209223,0.69922326830759,0.0763389930217512,0.0453252488303202,0.1791124898403385,0
524,2016,00-0031375,2,0.861764705882353,0.0,138.0,early,0.0956022494388465,0.2260490897336858,0.3639871614285374,0.3143614993989302,0.0956022494388465,0.3125619047231349,0.1655083543706098,0.4263274914674086,0
525,2016,00-0031375,3,0.861764705882353,0.0,138.0,early,0.2299328366824858,0.2075998322843921,0.3115839997594269,0.2508833312736949,0.2299328366824858,0.2248445193866117,0.1710399970356156,0.3741826468952868,0
526,2016,00-0031376,2,0.8147058823529412,0.0,107.4,early,0.2009508427727454,0.2653928119320213,0.0,0.5336563452952333,0.2009508427727454,0.273650449551361,0.1450750357176303,0.3803236719582633,0
527,2016,00-0031376,3,0.8147058823529412,0.0,107.4,early,0.3414740052267933,0.22558041975149,0.0,0.4329455750217167,0.3414740052267933,0.1908802773601674,0.143653129396884,0.3239925880161552,0
528,2016,00-0031390,2,0.6205882352941177,0.0,50.9,early,0.3062676152523041,0.0890897994068224,0.1450884280633701,0.4595541572775032,0.3062676152523041,0.2219027637713515,0.1187231924074154,0.3531064285689289,0
529,2016,00-0031390,3,0.6205882352941177,0.0,50.9,early,0.4633618575518104,0.1084483729630614,0.1562326813626074,0.2719570881225208,0.4633618575518102,0.1493046870041509,0.105380566154209,0.2819528892898299,0
530,2016,00-0031569,2,0.65,3.0,60.2,early,0.1846044111909068,0.1215089846831877,0.1705088053400777,0.5233777987858277,0.1846044111909068,0.2646565376154574,0.1413139229202183,0.4094251282734175,1
531,2016,00-0031569,3,0.65,0.0,60.2,early,0.2890452927712565,0.1179885573072719,0.1904637412336068,0.4025024086878647,0.2890452927712565,0.1992607622813363,0.1423377799548235,0.3693561649925835,0
532,2016,00-0031577,2,0.188235294117647,65.1,4.9,early,0.5715492053216087,0.0,0.0,0.4284507946783913,0.5715492053216085,0.0766844645447983,0.0454879425295601,0.3062783876040331,3
533,2016,00-0031577,3,0.188235294117647,11.5,4.9,early,0.6438265211299514,0.0,0.0,0.3561734788700487,0.6438265211299512,0.0874054378255111,0.048072782113005,0.2206952589315326,3
534,2016,00-0031590,2,0.9382352941176472,42.4,195.8,early,0.0589801839643775,0.1376250774267221,0.3095322927040841,0.4938624459048162,0.0589801839643775,0.3288231278289684,0.1738725346832019,0.438324153523452,1
535,2016,00-0031590,3,0.9382352941176472,3.0,195.8,early,0.1248910149964863,0.145327588006133,0.3809626380261969,0.3488187589711837,0.1248910149964863,0.2580484679238564,0.1991111224835276,0.4179493945961295,1
536,2016,00-0031595,2,0.0470588235294117,1.1,1.0,early,0.7254447508895921,0.0,0.0,0.2745552491104078,0.725444750889592,0.0333262246900517,0.0218567056663778,0.2193723187539783,3
537,2016,00-0031595,3,0.0470588235294117,4.5,1.0,early,0.7915799879364324,0.0,0.0598103208783409,0.1486096911852266,0.7915799879364322,0.0495497095652831,0.0251431130093306,0.1337271894889539,3
538,2016,00-0031599,2,0.4852941176470588,14.9,28.5,early,0.601730293018022,0.1161649887871206,0.0,0.2821047181948573,0.6017302930180219,0.1155997599036009,0.0627199874564617,0.2199499596219153,2
539,2016,00-0031599,3,0.4852941176470588,0.0,28.5,early,0.7044186866409423,0.0646507236353788,0.0,0.2309305897236788,0.7044186866409422,0.0791727370737884,0.0523106076237965,0.1640979686614728,0
540,2016,00-0031612,2,0.5735294117647058,0.0,41.1,early,0.3243447207292289,0.2600390140110779,0.0,0.4156162652596932,0.3243447207292288,0.2102179525736911,0.1129076534351106,0.3525296732619694,0
541,2016,00-0031612,3,0.5735294117647058,0.0,41.1,early,0.4663880124998961,0.1084211545153109,0.1004572539207188,0.3247335790640741,0.4663880124998961,0.1466185808519027,0.1013362481597057,0.2856571584884954,0
542,2016,00-0031665,2,0.7205882352941176,53.6,80.0,early,0.2670261212524604,0.3485171764291512,0.0,0.3844567023183882,0.2670261212524604,0.2446739676204485,0.1301512800731907,0.3581486310539003,2
543,2016,00-0031665,3,0.7205882352941176,1.7,80.0,early,0.4380443342466314,0.2471322982815868,0.0,0.3148233674717816,0.4380443342466313,0.1600401009281072,0.1172583135730599,0.2846572512522015,1
544,2016,00-0031682,2,0.3911764705882353,0.0,17.2,early,0.4903314216037526,0.0950906045716662,0.1260941300600996,0.2884838437644815,0.4903314216037526,0.1330233402453129,0.073387414906966,0.3032578232439683,0
545,2016,00-0031682,3,0.3911764705882353,0.0,17.2,early,0.5963047639837235,0.056755946093906,0.0651058927100872,0.2818333972122834,0.5963047639837233,0.1050606645065892,0.065699137725661,0.2329354337840263,0
546,2016,00-0031687,2,0.0147058823529411,40.6,0.6,early,0.7765220278542715,0.0,0.0,0.2234779721457284,0.7765220278542713,0.024527313702919,0.0165920551223874,0.1823586033204222,3
547,2016,00-0031687,3,0.0147058823529411,165.7,0.6,early,0.8960214796923508,0.0,0.0,0.1039785203076491,0.8435012061594431,0.036985702225412,0.0184674185277006,0.1010456730874442,3
548,2016,00-0031706,2,0.0588235294117647,0.0,1.1,early,0.8309434978395158,0.0,0.0,0.1690565021604843,0.7099637744536009,0.0364852697425014,0.0236793322169156,0.2298716235869819,0
549,2016,00-0031706,3,0.0588235294117647,0.0,1.1,early,0.867670999414648,0.0,0.0,0.1323290005853521,0.8053884422915695,0.0463726157643047,0.0236750946361705,0.1245638473079552,0
550,2016,00-0031731,2,0.5441176470588235,10.7,37.4,early,0.4004167014572267,0.2799087241779335,0.0,0.3196745743648399,0.4004167014572265,0.1827852233141697,0.0984595238213938,0.3183385514072099,1
551,2016,00-0031731,3,0.5441176470588235,0.0,37.4,early,0.5763615581907189,0.1904405371298223,0.0,0.2331979046794589,0.5763615581907187,0.1154470886964414,0.0786659586013908,0.2295253945114489,0
552,2016,00-0031743,2,0.4411764705882353,0.0,21.8,early,0.3390324023613884,0.1282988677035011,0.2192435311046482,0.3134251988304622,0.3390324023613883,0.1833806160096262,0.1001848097406027,0.3774021718883826,0
553,2016,00-0031743,3,0.4411764705882353,0.0,21.8,early,0.4728841503064807,0.117489140071458,0.1250260579814609,0.2846006516406002,0.4728841503064807,0.1393100442172973,0.0897689855165973,0.2980368199596246,0
554,2016,00-0031746,2,0.1411764705882353,0.0,3.5,early,0.6494646588262083,0.0,0.0,0.3505353411737917,0.6494646588262081,0.0557043548683773,0.0339717947397656,0.2608591915656489,0
555,2016,00-0031746,3,0.1411764705882353,0.0,3.5,early,0.7079824880047959,0.0,0.0,0.292017511995204,0.7079824880047958,0.0708346262832137,0.037866762086361,0.1833161236256294,0
556,2016,00-0031768,2,0.0676470588235294,0.0,1.2,early,0.7705674133503668,0.0,0.0,0.2294325866496331,0.7705674133503667,0.0296347374438245,0.019088012031314,0.1807098371744946,0
557,2016,00-0031768,3,0.0676470588235294,0.0,1.2,early,0.829519714617776,0.0,0.0,0.1704802853822241,0.8295197146177757,0.0406939138650305,0.02087296820983,0.1089134033073636,0
558,2016,00-0031793,2,0.2676470588235294,0.0,9.3,early,0.7009882333716594,0.0,0.0,0.2990117666283406,0.7009882333716593,0.0636808950428764,0.0364323985094022,0.1988984730760619,0
559,2016,00-0031793,3,0.2676470588235294,0.0,9.3,early,0.7351629138653063,0.0,0.0,0.2648370861346936,0.7351629138653062,0.0664130360422895,0.0384047603022377,0.1600192897901664,0
560,2016,00-0031806,2,0.3264705882352941,36.4,12.5,early,0.4129671048419704,0.0,0.1454951287211764,0.4415377664368532,0.4129671048419703,0.1390995021291487,0.0780177572465532,0.3699156357823276,3
561,2016,00-0031806,3,0.3264705882352941,60.6,12.5,early,0.5582447317954428,0.0,0.1161738228089089,0.3255814453956484,0.5582447317954427,0.1127143161920981,0.0676813121985548,0.2613596398139044,3
562,2016,00-0031861,2,0.0911764705882352,0.0,2.0,early,0.6761614394761645,0.0,0.0,0.3238385605238356,0.6761614394761644,0.044814389751413,0.0283190763452141,0.2507050944272084,0
563,2016,00-0031861,3,0.0911764705882352,0.0,2.0,early,0.7404458563183366,0.0,0.0,0.2595541436816633,0.7404458563183365,0.0622580438770631,0.0323439315154791,0.1649521682891212,0
564,2016,00-0031897,2,0.6558823529411765,0.0,64.0,early,0.181294315119995,0.1142994807475704,0.1519050147753897,0.5525011893570447,0.181294315119995,0.2664486659691911,0.1422185710718292,0.4100384478389846,0
565,2016,00-0031897,3,0.6558823529411765,0.0,64.0,early,0.2595998685363601,0.1112621467939997,0.1875933328749001,0.4415446517947399,0.2595998685363601,0.2078087408455788,0.1487852974547056,0.3838060931633555,0
566,2016,00-0031900,2,0.0764705882352941,33.2,1.4,early,0.6588842632874524,0.0,0.0,0.3411157367125474,0.6588842632874523,0.0452265542176491,0.0289174617750809,0.2669717207198176,3
567,2016,00-0031900,3,0.0764705882352941,5.0,1.4,early,0.7675525405916303,0.0754342901807477,0.0,0.1570131692276221,0.7675525405916299,0.055585133654786,0.0286462493288024,0.1482160764247816,3
568,2016,00-0031939,2,0.7029411764705882,0.0,77.3,early,0.2082006879306533,0.096225921097126,0.1201114337997903,0.5754619571724303,0.2082006879306533,0.2626800618291096,0.1398448310897635,0.3892744191504735,0
569,2016,00-0031939,3,0.7029411764705882,0.0,77.3,early,0.2981374951917414,0.0940719384261219,0.1543383638586674,0.4534522025234692,0.2981374951917414,0.1991306133880901,0.1450413310492767,0.3576905603708918,0
570,2016,00-0031959,2,0.0029411764705882,33.6,0.3,early,0.8529704980363519,0.0,0.0,0.147029501963648,0.7181981361990472,0.0297916823416962,0.0203980561297303,0.2316121253295262,3
571,2016,00-0031959,3,0.0029411764705882,0.0,0.3,early,0.8622726051548755,0.0,0.0,0.1377273948451244,0.799580747079066,0.0472691076877872,0.0234698208409736,0.1296803243921731,0
572,2016,00-0032048,2,0.3558823529411765,0.0,15.0,early,0.6431259901891743,0.072714124544259,0.0,0.2841598852665667,0.6431259901891742,0.0885897170552939,0.0492862976440842,0.2189979951114476,0
573,2016,00-0032048,3,0.3558823529411765,0.0,15.0,early,0.7363350707013069,0.0,0.06524187348216,0.1984230558165331,0.7363350707013068,0.0678779096207934,0.041525180278188,0.1542618393997117,0
574,2016,00-0032058,2,0.8911764705882353,165.6,160.1,early,0.0558296339534983,0.1485269755150976,0.3290032175727307,0.4666401729586733,0.0558296339534983,0.327853909224416,0.1735000495424307,0.442816407279655,3
575,2016,00-0032058,3,0.8911764705882353,119.4,160.1,early,0.1153674490395059,0.1749035616223966,0.3512945975987476,0.3584343917393497,0.1153674490395059,0.2593492831215096,0.1984578418959801,0.4268254259430044,3
576,2016,00-0032063,2,0.35,103.8,14.5,early,0.4375658050816561,0.0,0.107403078348737,0.4550311165696068,0.4375658050816561,0.1383732900145793,0.0771015189916392,0.3469593859121253,3
577,2016,00-0032063,3,0.35,5.9,14.5,early,0.558961078546237,0.0,0.0993657173289401,0.3416732041248229,0.5589610785462369,0.1133373023252358,0.0690789850154738,0.2586226341130534,2
578,2016,00-0032068,2,0.1794117647058823,0.0,4.6,early,0.5983443189837352,0.0,0.0,0.4016556810162647,0.5983443189837351,0.0703649909590955,0.0419405285659334,0.2893501614912359,0
579,2016,00-0032068,3,0.1794117647058823,0.0,4.6,early,0.7040607061986549,0.0,0.0,0.2959392938013451,0.7040607061986547,0.0724606313360157,0.0396375411409973,0.1838411213243322,0
580,2016,00-0032104,2,0.4411764705882353,3.9,21.8,early,0.4721857885060069,0.0529512578363827,0.0,0.4748629536576105,0.4721857885060068,0.1464381848493043,0.0800023579761377,0.3013736686685511,1
581,2016,00-0032104,3,0.4411764705882353,32.8,21.8,early,0.5165897490596862,0.0550651841180129,0.0,0.4283450668223008,0.5165897490596861,0.1277592079098848,0.0823258261736333,0.2733252168567957,3
582,2016,00-0032130,2,0.1529411764705882,0.0,3.7,early,0.5776299900524905,0.0,0.0,0.4223700099475095,0.5776299900524904,0.0692189308059117,0.0419015890961601,0.3112494900454378,0
583,2016,00-0032130,3,0.1529411764705882,0.0,3.7,early,0.697006285240437,0.0,0.0,0.302993714759563,0.6970062852404368,0.0737038022837252,0.0396767376124897,0.1896131748633481,0
584,2016,00-0032144,2,0.95,225.5,213.6,early,0.058559681496891,0.0945337840534824,0.2705027190152043,0.5764038154344223,0.058559681496891,0.3294180903483509,0.1741568326049324,0.4378653955498257,3
585,2016,00-0032144,3,0.95,149.8,213.6,early,0.1177279844573792,0.4730650499784979,0.0,0.4092069655641228,0.1177279844573792,0.2605039619680287,0.2013831346408329,0.4203849189337591,3
586,2016,00-0032187,2,0.9970588235294118,204.6,339.8,early,0.0567590410287777,0.2406371237130884,0.7026038352581337,0.0,0.0567590410287777,0.3316112462904573,0.1752107361478293,0.4364189765329356,2
587,2016,00-0032187,3,0.9970588235294118,108.5,339.8,early,0.12152269027847,0.3558443427123784,0.5226329670091515,0.0,0.12152269027847,0.2606300507771845,0.202848991176325,0.4149982677680204,1
588,2016,00-0032209,2,0.7676470588235295,122.1,90.7,early,0.1386022966507978,0.1525693833267491,0.0,0.708828320022453,0.1386022966507978,0.2916609068309355,0.1548538622998856,0.414882934218381,3
589,2016,00-0032209,3,0.7676470588235295,20.2,90.7,early,0.2099364586766055,0.1937045680079395,0.0,0.5963589733154551,0.2099364586766055,0.2271157254829591,0.1688075998152366,0.3941402160251987,1
590,2016,00-0032241,2,0.8970588235294118,316.1,160.2,early,0.0384627840517519,0.0548974280273693,0.2096962462578797,0.696943541662999,0.0384627840517519,0.3341741858502292,0.1768250106779963,0.4505380194200226,3
591,2016,00-0032241,3,0.8970588235294118,193.4,160.2,early,0.0677594913544983,0.1056434812632389,0.2255611716559847,0.6010358557262782,0.0677594913544983,0.2735176038622086,0.2095329395023375,0.4491899652809555,3
592,2016,00-0032257,2,0.7794117647058824,87.0,95.2,early,0.1274483088355152,0.1638264542798769,0.0,0.7087252368846078,0.1274483088355152,0.2963520424906594,0.1572807323962781,0.4189189162775473,3
593,2016,00-0032257,3,0.7794117647058824,115.0,95.2,early,0.1991501820081762,0.2004790974899875,0.0,0.6003707205018363,0.1991501820081762,0.230716789260494,0.1720483543147884,0.3980846744165413,3
594,2016,00-0032298,2,0.0588235294117647,0.0,1.1,early,0.7591339405553396,0.0,0.0,0.2408660594446604,0.7591339405553394,0.0302998811065618,0.0196649485098785,0.1909012298282201,0
595,2016,00-0032298,3,0.0588235294117647,0.0,1.1,early,0.8044308769739212,0.0,0.0,0.1955691230260788,0.804430876973921,0.0466007872514836,0.023791585402611,0.1251767503719842,0
596,2016,00-0032371,2,0.8382352941176471,0.8,120.6,early,0.0818855964389839,0.2877060835016025,0.2982951910426228,0.3321131290167906,0.0818855964389839,0.3159423035361677,0.1673913584148269,0.4347807416100215,1
597,2016,00-0032371,3,0.8382352941176471,0.0,120.6,early,0.1711114202109493,0.1666065746087133,0.2877372699954386,0.3745447351848985,0.1711114202109493,0.2411682834569433,0.1825129149045558,0.4052073814275515,0
598,2016,00-0032375,2,0.0088235294117647,0.0,0.5,early,0.6866033450204819,0.0,0.0,0.3133966549795179,0.6866033450204818,0.0337597812023199,0.0229745946238988,0.2566622791532994,0
599,2016,00-0032375,3,0.0088235294117647,0.0,0.5,early,0.8366457619561244,0.0,0.0,0.1633542380438756,0.7538383769710901,0.0581162095413702,0.028936256954709,0.1591091565328306,0
600,2016,00-0032377,2,0.4205882352941176,0.0,20.1,early,0.2964094202006471,0.1620545906501176,0.0,0.5415359891492353,0.2964094202006471,0.1906129217918137,0.1045272339117165,0.4084504240958226,0
601,2016,00-0032377,3,0.4205882352941176,0.9,20.1,early,0.4239360863352588,0.1474668206553324,0.1482407687972157,0.2803563242121929,0.4239360863352588,0.1512854370766296,0.0963071790913431,0.3284712974967684,1
602,2016,00-0032393,2,0.6029411764705882,1.9,44.0,early,0.245080218726563,0.118283063039143,0.0,0.6366367182342938,0.245080218726563,0.2391380467815812,0.128117114435017,0.3876646200568386,1
603,2016,00-0032393,3,0.6029411764705882,20.8,44.0,early,0.3472088435788554,0.1369856886519166,0.1512932988189683,0.3645121689502595,0.3472088435788554,0.1807905766745466,0.126636095364256,0.3453644843823419,2
604,2016,00-0032404,2,0.2088235294117647,3.5,5.6,early,0.3599383783107389,0.0,0.0,0.6400616216892611,0.3599383783107388,0.1202361829649441,0.0705724155069738,0.4492530232173432,2
605,2016,00-0032404,3,0.2088235294117647,5.1,5.6,early,0.4763691749276599,0.0,0.0,0.52363082507234,0.4763691749276598,0.129192683092175,0.0719709773876303,0.3224671645925347,3
606,2016,00-0032411,2,0.6911764705882353,52.4,74.4,early,0.2002048639868024,0.1353345996066407,0.1567078144813966,0.5077527219251603,0.2002048639868024,0.2641641417392195,0.1407181666098811,0.3949128276640971,3
607,2016,00-0032411,3,0.6911764705882353,0.0,74.4,early,0.3064614828744003,0.1084958180177948,0.1213120781095691,0.4637306209982358,0.3064614828744002,0.196257765465298,0.1423648298406637,0.354915921819638,0
608,2016,00-0032417,2,0.6617647058823529,0.0,65.3,early,0.1704681722773002,0.1585790329777592,0.1858054365081105,0.48514735823683,0.1704681722773002,0.2706821372936276,0.1444266465119972,0.4144230439170748,0
609,2016,00-0032417,3,0.6617647058823529,4.8,65.3,early,0.2595896273275623,0.1270197252996281,0.1446650096469332,0.4687256377258761,0.2595896273275623,0.2081039993570521,0.1493343488379866,0.382972024477399,1
610,2016,00-0032426,2,0.5088235294117647,100.6,29.9,early,0.2987517184607896,0.0686838689306572,0.1848450335437157,0.4477193790648375,0.2987517184607896,0.2078712925227089,0.1124303717158692,0.3809466173006324,3
611,2016,00-0032426,3,0.5088235294117647,0.0,29.9,early,0.3967151824861452,0.0763130248114841,0.127942511612594,0.3990292810897766,0.3967151824861451,0.1627283137434337,0.1088915124721494,0.3316649912982716,0
612,2016,00-0032450,2,0.5558823529411765,18.4,38.7,early,0.3433703617739193,0.0447947028144566,0.1008183791801881,0.5110165562314359,0.3433703617739193,0.2018767756204375,0.1086115748064292,0.3461412877992141,2
613,2016,00-0032450,3,0.5558823529411765,8.6,38.7,early,0.4237624339505352,0.0418226387596739,0.0707284007940867,0.4636865264957041,0.4237624339505352,0.1575559994884016,0.1079818875994538,0.3106996789616093,1
614,2016,00-0032577,2,0.1205882352941176,0.0,2.6,early,0.6224930088852183,0.0,0.0,0.3775069911147816,0.6224930088852182,0.0567498940501365,0.0350913680885376,0.2856657289761077,0
615,2016,00-0032577,3,0.1205882352941176,2.0,2.6,early,0.6804616323792565,0.0,0.0,0.3195383676207435,0.6804616323792564,0.0771423011827281,0.0407469161373223,0.201649150300693,3
616,2016,00-0032593,2,0.2147058823529411,1.5,6.7,early,0.5623590034716568,0.0,0.0,0.4376409965283431,0.5623590034716567,0.0833203563902158,0.0487652028646821,0.3055554372734453,1
617,2016,00-0032593,3,0.2147058823529411,0.0,6.7,early,0.6476485216245905,0.0,0.0,0.3523514783754094,0.6476485216245904,0.0870702809415959,0.0486845852600403,0.2165966121737732,0
618,2016,00-0032602,2,0.0852941176470588,2.3,1.8,early,0.7125206489365276,0.0,0.0,0.2874793510634725,0.7125206489365274,0.0391115092160051,0.0248299636801515,0.2235378781673158,3
619,2016,00-0032602,3,0.0852941176470588,49.8,1.8,early,0.7543222394417198,0.0,0.0,0.2456777605582801,0.7543222394417196,0.0588565063466068,0.030478040478478,0.1563432137331954,3
620,2016,00-0032636,2,0.1323529411764706,0.0,3.2,early,0.6312990888787673,0.0,0.0,0.3687009111212327,0.6312990888787671,0.0572275200319154,0.0351035009468779,0.2763698901424395,0
621,2016,00-0032636,3,0.1323529411764706,0.0,3.2,early,0.6897874526472806,0.0,0.0,0.3102125473527194,0.6897874526472805,0.0750930280930399,0.0399358837655837,0.1951836354940957,0
622,2016,00-0032740,2,0.1147058823529411,0.0,2.5,early,0.5890432298495758,0.0,0.0,0.4109567701504242,0.5890432298495757,0.0607832248993096,0.0377418274550576,0.3124317177960571,0
623,2016,00-0032740,3,0.1147058823529411,0.0,2.5,early,0.6590170687038872,0.0,0.0,0.3409829312961128,0.6590170687038871,0.0822105404605386,0.0432778231257629,0.2154945677098113,0
624,2016,00-0032741,2,0.538235294117647,134.3,33.6,early,0.3410304934950773,0.0480587597127908,0.1102088083475422,0.5007019384445897,0.3410304934950772,0.2000094097754712,0.1078057603647308,0.3511543363647206,3
625,2016,00-0032741,3,0.538235294117647,103.5,33.6,early,0.4237215706397997,0.0439209989422255,0.0749946021713996,0.4573628282465751,0.4237215706397996,0.1567797068722932,0.1065163512396479,0.3129823712482592,3
626,2016,00-0032764,2,0.7735294117647059,190.86,92.7,early,0.177967468375227,0.235961615997934,0.0,0.5860709156268389,0.177967468375227,0.2787686636755083,0.1479784181675714,0.3952854497816932,3
627,2016,00-0032764,3,0.7735294117647059,283.6,92.7,early,0.2816967629807252,0.1922955636733851,0.0,0.5260076733458895,0.2816967629807252,0.2067131139301287,0.1538978085116792,0.3576923145774667,3
628,2016,00-0032780,2,0.9558823529411764,162.0,215.1,early,0.0572992293377896,0.0966113631122939,0.227409655170536,0.6186797523793803,0.0572992293377896,0.330074187258443,0.1744891729065472,0.4381374104972201,3
629,2016,00-0032780,3,0.9558823529411764,101.4,215.1,early,0.1143063711490689,0.3881038650380294,0.0,0.4975897638129015,0.1143063711490689,0.2616818546387721,0.2024777016397073,0.4215340725724515,2
630,2016,00-0032782,2,0.6264705882352941,94.9,51.2,early,0.1995333586966162,0.1489531080724963,0.189563483225448,0.4619500500054392,0.1995333586966162,0.2568325378650694,0.13735315379645,0.4062809496418645,3
631,2016,00-0032782,3,0.6264705882352941,20.5,51.2,early,0.3058741116818919,0.1387771798963989,0.1529251520253157,0.4024235563963935,0.3058741116818918,0.1934108799908385,0.1368484814992457,0.3638665268280239,2
632,2016,00-0032794,2,0.1529411764705882,2.2,3.7,early,0.5210677092169133,0.0,0.0,0.4789322907830869,0.521067709216913,0.0784884824103661,0.0475129000180896,0.3529309083546311,2
633,2016,00-0032794,3,0.1529411764705882,15.0,3.7,early,0.5969582385807539,0.0,0.0,0.4030417614192462,0.5969582385807537,0.0980406815346024,0.0527779337845238,0.25222314610012,3
634,2016,00-0032804,2,0.2764705882352941,0.0,10.3,early,0.5133729096380115,0.0,0.1370922260711351,0.3495348642908532,0.5133729096380115,0.1054350097382718,0.06012082927095,0.3210712513527665,0
635,2016,00-0032804,3,0.2764705882352941,0.0,10.3,early,0.6205539057685809,0.0,0.1018329854024867,0.2776131088289324,0.6205539057685807,0.0953954477833987,0.0554772276593321,0.2285734187886884,0
636,2016,00-0032897,2,0.3323529411764706,5.8,13.2,early,0.3841532851178743,0.0,0.1358075035590742,0.4800392113230513,0.3841532851178743,0.1473435979310552,0.0825003972447462,0.3860027197063242,2
637,2016,00-0032897,3,0.3323529411764706,24.7,13.2,early,0.5064848459597072,0.0,0.132651827985845,0.3608633260544478,0.506484845959707,0.1261446336682279,0.0760299955466891,0.2913405248253758,3
638,2016,00-0032902,2,0.4735294117647058,0.0,27.2,early,0.3890767030350823,0.0993232564638812,0.1263071026488529,0.3852929378521835,0.3890767030350822,0.1753326048897759,0.095290840708935,0.3402998513662069,0
639,2016,00-0032902,3,0.4735294117647058,0.0,27.2,early,0.4899597023297485,0.0788045513644096,0.0765219960608687,0.3547137502449732,0.4899597023297484,0.1361330060144462,0.0893600278380008,0.2845472638178045,0
640,2016,00-0032940,2,0.6852941176470588,12.4,74.2,early,0.2109476978226074,0.1772017459065012,0.2036298607629144,0.4082206955079768,0.2109476978226074,0.2600177231637213,0.138552203406295,0.3904823756073762,1
641,2016,00-0032940,3,0.6852941176470588,87.9,74.2,early,0.3344929640218078,0.1439878528708293,0.137935842194612,0.3835833409127508,0.3344929640218078,0.1880759895394994,0.1361441077019362,0.3412869387367566,3
642,2016,00-0032956,2,0.3676470588235294,24.2,15.7,early,0.3712734061081569,0.0,0.1182189210357518,0.5105076728560912,0.3712734061081569,0.1588110652704038,0.0880928818543724,0.3818226467670668,3
643,2016,00-0032956,3,0.3676470588235294,11.3,15.7,early,0.4830966419970628,0.0,0.1324202220453519,0.3844831359575854,0.4830966419970627,0.1335521302582728,0.0823072072182235,0.3010440205264409,3
644,2016,00-0032964,2,0.238235294117647,5.4,7.4,early,0.652755147318479,0.0,0.0,0.347244852681521,0.6527551473184787,0.069619331259399,0.0403107565061443,0.2373147649159778,3
645,2016,00-0032964,3,0.238235294117647,0.0,7.4,early,0.6887181453981873,0.0,0.0,0.3112818546018127,0.6887181453981872,0.0774158810748691,0.043934894670439,0.1899310788565046,0
646,2016,00-0032972,2,0.8470588235294118,54.8,122.7,early,0.0826903171327102,0.2570073309235357,0.3093355045496007,0.3509668473941532,0.0826903171327102,0.3161923630576166,0.167487652031127,0.4336296677785461,2
647,2016,00-0032972,3,0.8470588235294118,9.1,122.7,early,0.1771032485090302,0.1730110040080917,0.2927847136316507,0.3571010338512272,0.1771032485090302,0.2397481508463943,0.1817982421644705,0.4013503584801048,1
648,2016,00-0032975,2,0.3852941176470588,0.1,16.9,early,0.3466996411091589,0.1046290031138565,0.0,0.5486713557769846,0.3466996411091588,0.169163123453728,0.093447376445272,0.3906898589918412,1
649,2016,00-0032975,3,0.3852941176470588,35.4,16.9,early,0.4575841462705968,0.0775630320490129,0.0,0.4648528216803903,0.4575841462705967,0.1409066178952195,0.0877967078294293,0.3137125280047543,3
650,2016,00-0033025,2,0.7558823529411764,98.6,89.5,early,0.1712657139814311,0.2636132358954572,0.0,0.5651210501231116,0.1712657139814311,0.2796862389992667,0.1485599333343328,0.4004881136849693,3
651,2016,00-0033025,3,0.7558823529411764,50.8,89.5,early,0.2775048638678503,0.2089043796283851,0.0,0.5135907565037646,0.2775048638678502,0.2072281002825009,0.1535025367076873,0.3617644991419614,2
652,2016,00-0033045,2,0.9911764705882352,258.1,302.4,early,0.0491174940187252,0.2172448103039118,0.7336376956773629,0.0,0.0491174940187252,0.3341196869901564,0.1765480707780108,0.4402147482131074,3
653,2016,00-0033045,3,0.9911764705882352,265.7,302.4,early,0.0944362991860066,0.3018448497934531,0.6037188510205402,0.0,0.0944362991860066,0.2685159931495924,0.2088225964982577,0.4282251111661432,3
654,2016,00-0033118,2,0.6088235294117647,156.2,44.5,early,0.1444057547560067,0.2201087738936637,0.0,0.6354854713503295,0.1444057547560067,0.2719317637567759,0.1456188439386807,0.4380436375485366,3
655,2016,00-0033118,3,0.6088235294117647,170.2,44.5,early,0.2571799705317327,0.2773426161949717,0.1859171181095426,0.2795602951637528,0.2571799705317327,0.2060415688520341,0.1446949089462125,0.3920835516700206,3
656,2016,00-0033164,2,0.188235294117647,0.0,4.9,early,0.5761932535376478,0.0,0.0,0.4238067464623521,0.5761932535376477,0.0758532690955414,0.044994891283117,0.3029585860836938,0
657,2016,00-0033164,3,0.188235294117647,12.9,4.9,early,0.6390540177253893,0.0,0.0,0.3609459822746109,0.639054017725389,0.0885766164065859,0.0487169275362661,0.223652438331759,3
658,2017,00-0030656,2,0.8302469135802469,0.0,123.5,mid,0.0715905847511068,0.1264165466920836,0.3533947673418892,0.4485981012149203,0.0715905847511068,0.3286153279479321,0.1660123602275841,0.4337817270733769,0
659,2017,00-0030656,3,0.8302469135802469,0.0,123.5,mid,0.1468968556374763,0.1977704949029559,0.2502282193566083,0.4051044301029595,0.1468968556374763,0.2546830641218202,0.1845160287761622,0.4139040514645412,0
660,2017,00-0030668,2,0.5648148148148148,0.0,48.2,mid,0.2518882923294671,0.2017346080566408,0.2457479668527556,0.3006291327611364,0.2518882923294671,0.2450554952687083,0.1248640012113228,0.3781922111905018,0
661,2017,00-0030668,3,0.5648148148148148,0.0,48.2,mid,0.544918609050561,0.133193511991233,0.1720725068769857,0.1498153720812203,0.4684017150833583,0.152168441820014,0.0972150342824279,0.2822148088141997,0
662,2017,00-0030711,2,0.1450617283950617,1.0,5.6,mid,0.5743082554508141,0.182776550003755,0.0,0.2429151945454308,0.574308255450814,0.0691997744102758,0.0393541463510006,0.3171378237879095,1
663,2017,00-0030711,3,0.1450617283950617,0.0,5.6,mid,0.7024743392291831,0.0810342311854983,0.0,0.2164914295853184,0.702474339229183,0.0785357056201538,0.0363832277179236,0.1826067274327394,0
664,2017,00-0030741,2,0.404320987654321,0.4,20.6,mid,0.3558220872279315,0.1503152368832431,0.2272214142801906,0.2666412616086346,0.3558220872279315,0.1835315784451394,0.095117289071078,0.365529045255851,1
665,2017,00-0030741,3,0.404320987654321,0.0,20.6,mid,0.5601132192390208,0.0969928509783035,0.1580147835744239,0.1848791462082517,0.5601132192390207,0.1217461634815891,0.069105589772863,0.2490350275065271,0
666,2017,00-0030860,2,0.7932098765432098,0.0,118.7,mid,0.1040566016662478,0.3427219191070638,0.3405641052969088,0.2126573739297796,0.1040566016662478,0.31550012784674,0.1594743157948526,0.4209689546921595,0
667,2017,00-0030860,3,0.7932098765432098,0.0,118.7,mid,0.2447285379413267,0.2007568919774089,0.2584155451356681,0.2960990249455961,0.2447285379413267,0.2244875341017001,0.1606669301559442,0.3701169978010289,0
668,2017,00-0030874,2,0.5030864197530864,115.1,40.6,mid,0.4220276722779076,0.1379712579947796,0.0,0.4400010697273128,0.4220276722779075,0.1817508512234736,0.0930495963610716,0.3031718801375472,3
669,2017,00-0030874,3,0.5030864197530864,0.0,40.6,mid,0.5628034064454106,0.1203431784541988,0.0,0.3168534151003906,0.5628034064454104,0.1235691467411025,0.0756636654895796,0.2379637813239074,0
670,2017,00-0030968,2,0.3549382716049383,14.6,16.6,mid,0.4061255474094943,0.1688468842279528,0.2177419405433744,0.2072856278191784,0.4061255474094942,0.1578566750098455,0.0825711870081267,0.3534465905725334,3
671,2017,00-0030968,3,0.3549382716049383,13.6,16.6,mid,0.7001287124071708,0.0,0.142180558288735,0.1576907293040942,0.611354904708909,0.1064608626458607,0.0580559327971713,0.224128299848059,3
672,2017,00-0031045,2,0.9475308641975309,151.2,181.8,mid,0.1007556343007218,0.0726597147666527,0.255463982823453,0.5711206681091724,0.1007556343007218,0.321659341879088,0.1623166403688509,0.4152683834513393,3
673,2017,00-0031045,3,0.9475308641975309,70.9,181.8,mid,0.2303234005407763,0.1221673419127041,0.2436872812288704,0.403821976317649,0.2303234005407763,0.2323134609195123,0.1733677068275372,0.3639954317121742,1
674,2017,00-0031055,2,0.0895061728395061,0.0,3.0,mid,0.7714389156962486,0.0,0.0,0.2285610843037514,0.7714389156962485,0.0308604429152396,0.018289751834212,0.1794108895542999,0
675,2017,00-0031055,3,0.0895061728395061,0.0,3.0,mid,0.8499797919020853,0.0,0.0,0.1500202080979148,0.849979791902085,0.0393111815938382,0.017560794958101,0.0931482315459757,0
676,2017,00-0031062,2,0.6944444444444444,132.2,79.0,mid,0.2295922300882614,0.2760909312781506,0.0,0.4943168386335879,0.2295922300882614,0.265783240336781,0.13464295502477,0.3699815745501875,3
677,2017,00-0031062,3,0.6944444444444444,70.6,79.0,mid,0.3966290419766666,0.2571904812313491,0.0,0.3461804767919844,0.3966290419766665,0.176824710536584,0.1215189389827329,0.3050273085040165,3
678,2017,00-0031075,2,0.558641975308642,0.0,45.1,mid,0.3963924053637189,0.0660496918666352,0.1877149324786918,0.3498429702909539,0.3369624148362359,0.2164275820290838,0.1103214537354347,0.3362885493992455,0
679,2017,00-0031075,3,0.558641975308642,0.0,45.1,mid,0.5937305527860732,0.0756088481556119,0.1455517628203886,0.1851088362379262,0.5465376925417453,0.1296418784087815,0.0824900453338657,0.2413303837156073,0
680,2017,00-0031085,2,0.1080246913580246,0.0,3.6,mid,0.6550101519042898,0.0,0.0,0.3449898480957101,0.6550101519042897,0.0496676767344692,0.0289994957487885,0.2663226756124526,0
681,2017,00-0031085,3,0.1080246913580246,0.0,3.6,mid,0.779119165718808,0.0,0.0,0.220880834281192,0.7791191657188079,0.0580136085125269,0.0262202344264042,0.1366469913422609,0
682,2017,00-0031102,2,0.4537037037037037,0.0,27.7,mid,0.5879338791051621,0.0567597953181848,0.0697297705994606,0.2855765549771925,0.587933879105162,0.1240743618613322,0.0638556798070641,0.2241360792264416,0
683,2017,00-0031102,3,0.4537037037037037,0.0,27.7,mid,0.7008454796516097,0.0361224086040495,0.0443373976843847,0.2186947140599561,0.7008454796516096,0.0836714911323152,0.0493767582883754,0.1661062709276998,0
684,2017,00-0031209,2,0.2623456790123457,4.9,12.8,mid,0.5743430250665018,0.0,0.1263175159312647,0.2993394590022333,0.5743430250665018,0.0949579710032148,0.0509766567822416,0.2797223471480418,1
685,2017,00-0031209,3,0.2623456790123457,2.4,12.8,mid,0.7077906926395451,0.0721620901537293,0.0,0.2200472172067255,0.707790692639545,0.078615266228795,0.0397648109171586,0.1738292302145013,1
686,2017,00-0031277,2,0.2253086419753086,0.0,10.9,mid,0.6723505883281062,0.0,0.1103811280180609,0.2172682836538328,0.672350588328106,0.0669147667507995,0.0364509984729425,0.2242836464481519,0
687,2017,00-0031277,3,0.2253086419753086,0.0,10.9,mid,0.7909798975195994,0.0486327543113166,0.0,0.1603873481690839,0.7909798975195992,0.0558685949649386,0.0274499965964838,0.1257015109189783,0
688,2017,00-0031285,2,0.9228395061728396,147.1,168.2,mid,0.0778942802064944,0.064473210960584,0.2404652264252343,0.6171672824076871,0.0778942802064944,0.3292914569394238,0.16619709275509,0.4266171700989918,3
689,2017,00-0031285,3,0.9228395061728396,29.0,168.2,mid,0.160418664655137,0.1336858295092475,0.2329073529915981,0.4729881528440173,0.160418664655137,0.2529148363651156,0.1877591861308131,0.3989073128489343,1
690,2017,00-0031301,2,0.2808641975308642,0.0,13.2,mid,0.4978553884302015,0.0,0.0629657665082416,0.4391788450615568,0.4978553884302014,0.1166096821034898,0.062207296854208,0.3233276326121007,0
691,2017,00-0031301,3,0.2808641975308642,0.0,13.2,mid,0.5886824877719333,0.0,0.068072529297928,0.3432449829301386,0.5886824877719332,0.1110392422575926,0.0570049754468888,0.2432732945235853,0
692,2017,00-0031332,2,0.1728395061728395,0.0,6.4,mid,0.8553809413738372,0.0,0.0,0.1446190586261628,0.743087562097074,0.0454497541162607,0.0254144098552033,0.1860482739314618,0
693,2017,00-0031332,3,0.1728395061728395,0.0,6.4,mid,0.8861766687364773,0.0,0.0,0.1138233312635228,0.854295318878697,0.0386176210128133,0.0182445171373448,0.0888425429711447,0
694,2017,00-0031375,2,0.4660493827160494,0.0,29.1,mid,0.538475158439305,0.0978018730411288,0.0,0.3637229685195661,0.5384751584393048,0.1406272711488237,0.0722694272727201,0.2486281431391513,0
695,2017,00-0031375,3,0.4660493827160494,0.0,29.1,mid,0.6667596807607521,0.0368425955703731,0.0422057214117604,0.2541920022571145,0.6667596807607518,0.0934508012256248,0.0556709021279112,0.1841186158857121,0
696,2017,00-0031376,2,0.8549382716049383,0.0,132.6,mid,0.0826411149310704,0.1420465698402695,0.3644578149911939,0.4108545002374661,0.0826411149310704,0.3256320099462634,0.1644551595633354,0.4272717155593307,0
697,2017,00-0031376,3,0.8549382716049383,96.2,132.6,mid,0.1834137222097047,0.1954408608209736,0.2732576506823,0.3478877662870216,0.1834137222097047,0.2444332932448124,0.1783902007257337,0.3937627838197491,3
698,2017,00-0031390,2,0.5339506172839507,0.0,41.4,mid,0.4094606599356154,0.1978381362742253,0.0,0.3927012037901592,0.4094606599356153,0.1898460268207523,0.0969424369946163,0.303750876249016,0
699,2017,00-0031390,3,0.5339506172839507,0.0,41.4,mid,0.6163991790514174,0.1608498792444062,0.1059987028895374,0.1167522388146389,0.6163991790514173,0.109119475030802,0.0682875276684298,0.2061938182493508,0
700,2017,00-0031577,2,0.8487654320987654,11.5,127.6,mid,0.1205965923523193,0.2576625919974283,0.350015120854574,0.2717256947956782,0.1205965923523193,0.3119483433127624,0.1575557814721798,0.4098992828627384,1
701,2017,00-0031577,3,0.8487654320987654,0.0,127.6,mid,0.3261987700942197,0.1962277640985636,0.2765295493075935,0.201043916499623,0.3017653342283265,0.2088709408112656,0.1521668612417025,0.3371968637187053,0
702,2017,00-0031590,2,0.7870370370370371,3.0,116.1,mid,0.182371989501386,0.1667398617852365,0.0,0.6508881487133774,0.182371989501386,0.2876432113818141,0.1454087280788963,0.3845760710379036,1
703,2017,00-0031590,3,0.7870370370370371,0.0,116.1,mid,0.2883525533245268,0.1969509907783832,0.3233064054859713,0.1913900504111186,0.2883525533245268,0.2113564454166404,0.1509387712444171,0.3493522300144156,0
704,2017,00-0031595,2,0.0771604938271604,4.5,2.2,mid,0.6577037464766123,0.0,0.1356346380616347,0.2066616154617529,0.6577037464766122,0.0442294534145751,0.0264941097064287,0.2715726904023838,3
705,2017,00-0031595,3,0.0771604938271604,5.6,2.2,mid,0.802082212456363,0.0,0.0,0.1979177875436369,0.8020822124563627,0.0517857104570864,0.0229594679653217,0.1231726091212291,3
706,2017,00-0031599,2,0.4228395061728395,0.0,22.7,mid,0.4853647903615231,0.3077929568767985,0.0,0.2068422527616783,0.485364790361523,0.1499250215320369,0.0774790698822741,0.2872311182241659,0
707,2017,00-0031599,3,0.4228395061728395,0.0,22.7,mid,0.7429690007839379,0.1236082747304227,0.0,0.1334227244856393,0.6853096092438196,0.0874391184976376,0.0503704886423284,0.1768807836162143,0
708,2017,00-0031612,2,0.1635802469135802,0.0,6.2,mid,0.6265354563100836,0.0,0.0,0.3734645436899165,0.4549741100995205,0.0937986923733441,0.0527328165372342,0.398494380989901,0
709,2017,00-0031612,3,0.1635802469135802,0.0,6.2,mid,0.5842045979144542,0.0,0.0880071142256081,0.3277882878599375,0.5842045979144541,0.1100496063867309,0.0516482601123954,0.2540975355864194,0
710,2017,00-0031665,2,0.3179012345679012,1.7,14.6,mid,0.4960461062535525,0.0719762179363019,0.0,0.4319776758101456,0.4960461062535524,0.1258280477555317,0.0664015556383387,0.3117242903525771,1
711,2017,00-0031665,3,0.3179012345679012,0.0,14.6,mid,0.6184286450460778,0.0678314574442339,0.0,0.3137398975096883,0.6184286450460776,0.1037463777928223,0.0548873014999569,0.222937675661143,0
712,2017,00-0031682,2,0.3364197530864197,0.0,15.3,mid,0.5896558356425394,0.0764863966694565,0.0,0.333857767688004,0.5896558356425393,0.1058385784595154,0.0555940528656609,0.2489115330322843,0
713,2017,00-0031682,3,0.3364197530864197,0.0,15.3,mid,0.7164257988575339,0.0,0.0523123805808356,0.2312618205616304,0.7164257988575338,0.0773870106933356,0.0415665965505802,0.1646205938985503,0
714,2017,00-0031687,2,0.2376543209876543,165.7,11.0,mid,0.5364970264100661,0.0,0.1589247707006824,0.3045782028892515,0.536497026410066,0.0976051674963026,0.0528938280759304,0.3130039780177009,3
715,2017,00-0031687,3,0.2376543209876543,85.7,11.0,mid,0.7072757517879185,0.0750448173279113,0.0,0.2176794308841701,0.7072757517879183,0.0784081544712919,0.0388951217579003,0.1754209719828894,3
716,2017,00-0031731,2,0.5524691358024691,0.0,43.4,mid,0.3315504127244484,0.2165278634778455,0.2188922717053437,0.2330294520923623,0.3315504127244483,0.2174044084606048,0.1108655774198155,0.3401796013951312,0
717,2017,00-0031731,3,0.5524691358024691,0.0,43.4,mid,0.5117733766544308,0.2085175247431381,0.1292487553164863,0.1504603432859448,0.5117733766544306,0.1394071768700696,0.0883421158067552,0.2604773306687445,0
718,2017,00-0031743,2,0.2037037037037037,0.0,9.4,mid,0.4104825682494964,0.0,0.1762981280532952,0.4132193036972083,0.4104825682494963,0.1137792150643621,0.0625984011871587,0.4131398154989827,0
719,2017,00-0031743,3,0.2037037037037037,0.0,9.4,mid,0.5496109896908353,0.0,0.0965824892132183,0.3538065210959463,0.5496109896908352,0.1199517390972961,0.0579739962398937,0.2724632749719748,0
720,2017,00-0031793,2,0.0308641975308641,0.0,0.8,mid,0.6111023735115355,0.0,0.0,0.3888976264884644,0.6111023735115355,0.0422977595551209,0.0265122727839315,0.3200875941494119,0
721,2017,00-0031793,3,0.0308641975308641,0.0,0.8,mid,0.7296521847362667,0.0,0.0,0.2703478152637332,0.7296521847362666,0.070379281496006,0.0303885503399805,0.1695799834277469,0
722,2017,00-0031806,2,0.5401234567901234,60.6,41.9,mid,0.4025134293745392,0.1661116759938322,0.0,0.4313748946316285,0.4025134293745391,0.1928494924859961,0.0984303791889555,0.3062066989505091,3
723,2017,00-0031806,3,0.5401234567901234,91.1,41.9,mid,0.5513065767228682,0.1428806048449801,0.0,0.3058128184321517,0.5513065767228681,0.1277975460619848,0.0803149363835687,0.2405809408315782,3
724,2017,00-0031897,2,0.4598765432098765,0.0,28.1,mid,0.3978451897189487,0.066307838102828,0.0992263049531122,0.4366206672251109,0.3978451897189486,0.1824073245664456,0.0938075739223143,0.3259399117922914,0
725,2017,00-0031897,3,0.4598765432098765,0.0,28.1,mid,0.5123534744008379,0.0567898772676123,0.0856292834957177,0.345227364835832,0.5123534744008378,0.1365711859125418,0.0809769195708793,0.270098420115741,0
726,2017,00-0031900,2,0.6882716049382716,5.0,78.4,mid,0.2852450126985745,0.4934738419561535,0.0,0.2212811453452719,0.2852450126985744,0.2461623238852577,0.1247265228275574,0.3438661405886105,1
727,2017,00-0031900,3,0.6882716049382716,0.0,78.4,mid,0.5490062299164467,0.3014420215780065,0.0,0.1495517485055469,0.5490062299164464,0.1320369778593434,0.090471640928528,0.228485151295682,0
728,2017,00-0031939,2,0.0617283950617283,0.0,1.4,mid,0.694241931514018,0.0,0.0,0.305758068485982,0.6942419315140179,0.0373495656740335,0.0226919431861641,0.2457165596257844,0
729,2017,00-0031939,3,0.0617283950617283,0.0,1.4,mid,0.7596614311181182,0.0,0.0,0.2403385688818817,0.759661431118118,0.0627739254490688,0.0275779039535671,0.149986739479246,0
730,2017,00-0031959,2,0.1296296296296296,0.0,4.8,mid,0.8622193619058686,0.0,0.0,0.1377806380941314,0.8622193619058683,0.0213170265102646,0.0122499678943478,0.1042136436895191,0
731,2017,00-0031959,3,0.1296296296296296,0.0,4.8,mid,0.9141256982714584,0.0,0.0,0.0858743017285417,0.914125698271458,0.0226191003800701,0.0103693072444353,0.0528858941040365,0
732,2017,00-0032048,2,0.1141975308641975,0.0,4.0,mid,0.7262431959090596,0.0,0.0,0.2737568040909404,0.7262431959090594,0.0402445531964544,0.0233872383831956,0.2101250125112904,0
733,2017,00-0032048,3,0.1141975308641975,0.0,4.0,mid,0.8220367842413663,0.0,0.0,0.1779632157586337,0.8220367842413661,0.0467787951190347,0.0212271482014957,0.1099572724381033,0
734,2017,00-0032058,2,0.8672839506172839,119.4,141.7,mid,0.0634403681612985,0.1079153433604926,0.3249449394744617,0.5036993490037472,0.0634403681612985,0.33287323752224,0.1680893301823975,0.4355970641340639,3
735,2017,00-0032058,3,0.8672839506172839,9.7,141.7,mid,0.1280694016882605,0.183257333983253,0.2701463272839366,0.4185269370445498,0.1280694016882605,0.2613288185962105,0.1913751413030295,0.4192266384124995,1
736,2017,00-0032063,2,0.4907407407407407,5.9,39.1,mid,0.5171227570321204,0.1432178349950467,0.0,0.339659407972833,0.5171227570321202,0.1503570115359005,0.0770676033264846,0.2554526281054946,1
737,2017,00-0032063,3,0.4907407407407407,152.0,39.1,mid,0.6518882131502414,0.1013531357809684,0.0,0.2467586510687901,0.6518882131502413,0.098134460264471,0.0595507415738589,0.1904265850114287,3
738,2017,00-0032104,2,0.7623456790123457,32.8,102.4,mid,0.2339069280856688,0.3085949609783196,0.0,0.4574981109360116,0.2339069280856687,0.268372726719165,0.1357290529976121,0.3619912921975541,1
739,2017,00-0032104,3,0.7623456790123457,24.0,102.4,mid,0.4040744811126336,0.2349053185376002,0.0,0.3610202003497661,0.4040744811126335,0.1764124438410571,0.1248309508292328,0.2946821242170764,1
740,2017,00-0032130,2,0.1728395061728395,0.0,6.4,mid,0.842783313627915,0.0,0.0,0.1572166863720848,0.7069069641191051,0.0518503756482525,0.0289934835400899,0.2122491766925523,0
741,2017,00-0032130,3,0.1728395061728395,0.0,6.4,mid,0.874040876071708,0.0,0.0760506355348726,0.0499084883934194,0.833236019460697,0.0441991852938032,0.0208814725609822,0.1016833226845174,0
742,2017,00-0032144,2,0.9722222222222222,149.8,230.1,mid,0.0628095189648271,0.2701086169821987,0.0,0.6670818640529742,0.0628095189648271,0.3357123687138868,0.1693825104494645,0.4320956018718215,2
743,2017,00-0032144,3,0.9722222222222222,176.4,230.1,mid,0.1259298502484931,0.3642754052967591,0.0,0.5097947444547478,0.1259298502484931,0.2642990743449951,0.1981769069902377,0.4115941684162739,3
744,2017,00-0032187,2,0.2129629629629629,108.5,10.0,mid,0.7320162364244669,0.0284588309219416,0.0,0.2395249326535914,0.7320162364244669,0.0530139771961202,0.0290391033320892,0.1859306830473236,3
745,2017,00-0032187,3,0.2129629629629629,151.0,10.0,mid,0.7553022453243572,0.0,0.0269648006113819,0.2177329540642609,0.755302245324357,0.0652693330393015,0.0317671036068045,0.1476613180295369,3
746,2017,00-0032209,2,0.6141975308641975,20.2,60.7,mid,0.2144810252084938,0.1336950350378491,0.2022661094172049,0.4495578303364521,0.2144810252084938,0.2636146799702618,0.133952948994022,0.3879513458272224,1
747,2017,00-0032209,3,0.6141975308641975,17.2,60.7,mid,0.3401543935535705,0.1353717517339306,0.1837239100658848,0.340749944646614,0.3401543935535704,0.1906920637885633,0.1255978155224754,0.3435557271353908,1
748,2017,00-0032241,2,0.9969135802469136,193.4,325.3,mid,0.0556258643316814,0.2971661972674228,0.6472079384008957,0.0,0.0556258643316814,0.3387038028789531,0.1708695378979594,0.434800794891406,2
749,2017,00-0032241,3,0.9969135802469136,142.2,325.3,mid,0.1104041459307498,0.3842031991044783,0.5053926549647719,0.0,0.1104041459307498,0.2694378225004168,0.2029045343226571,0.4172534972461761,2
750,2017,00-0032257,2,0.904320987654321,115.0,154.1,mid,0.0600697190132116,0.1225994805505785,0.3386121929764015,0.4787186074598083,0.0600697190132116,0.3351839746262299,0.169196391728618,0.4355499146319403,3
751,2017,00-0032257,3,0.904320987654321,62.4,154.1,mid,0.1258841811500153,0.1835747970816213,0.3083182028092927,0.3822228189590706,0.1258841811500153,0.2628997236619878,0.1943451198128007,0.4168709753751961,2
752,2017,00-0032298,2,0.0308641975308641,0.0,0.8,mid,0.7528951887172711,0.0,0.0,0.2471048112827289,0.7528951887172709,0.026875915872581,0.0168458476388874,0.2033830477712606,0
753,2017,00-0032298,3,0.0308641975308641,0.0,0.8,mid,0.891131952488055,0.0,0.0,0.108868047511945,0.8455897448815651,0.040197413100043,0.0173565442210002,0.0968562977973915,0
754,2017,00-0032371,2,0.4969135802469135,0.0,39.2,mid,0.3889748207119986,0.1139022482512408,0.0,0.4971229310367605,0.3889748207119985,0.1912146228098272,0.0979511689520369,0.3218593875261373,0
755,2017,00-0032371,3,0.4969135802469135,0.0,39.2,mid,0.4863247422063862,0.059988106095542,0.0365314623907212,0.4171556893073507,0.486324742206386,0.1449965082656941,0.088386849114362,0.2802919004135578,0
756,2017,00-0032375,2,0.0216049382716049,0.0,0.3,mid,0.8994204731496444,0.0,0.0,0.1005795268503557,0.801813889170067,0.0207994545008286,0.0131698224677628,0.1642168338613415,0
757,2017,00-0032375,3,0.0216049382716049,0.0,0.3,mid,0.9166291368164567,0.0,0.0,0.0833708631835431,0.8761780458076767,0.0322044536727668,0.013836829935799,0.0777806705837574,0
758,2017,00-0032377,2,0.0709876543209876,0.9,2.1,mid,0.5726841217744393,0.0,0.0,0.4273158782255607,0.5726841217744392,0.0539967323935684,0.0325249105112603,0.340794235320732,2
759,2017,00-0032377,3,0.0709876543209876,0.0,2.1,mid,0.6738033075018208,0.0,0.0,0.3261966924981792,0.6738033075018206,0.0852889327282955,0.0376738319473604,0.2032339278225233,0
760,2017,00-0032393,2,0.2376543209876543,20.8,11.0,mid,0.4935380135142496,0.0,0.0,0.5064619864857505,0.4935380135142495,0.1066515423592212,0.0577962057776823,0.3420142383488469,3
761,2017,00-0032393,3,0.2376543209876543,9.7,11.0,mid,0.56284244805222,0.0,0.0,0.43715755194778,0.5628424480522198,0.1170955842256687,0.0580863946675011,0.2619755730546102,3
762,2017,00-0032404,2,0.1388888888888889,5.1,5.0,mid,0.6247587216606042,0.0,0.0,0.3752412783393957,0.6247587216606041,0.0598164326884643,0.0341566705148963,0.2812681751360352,3
763,2017,00-0032404,3,0.1388888888888889,15.1,5.0,mid,0.7202814780355488,0.0,0.0,0.2797185219644512,0.7202814780355487,0.0737712625963833,0.0340316018355406,0.1719156575325273,3
764,2017,00-0032417,2,0.3179012345679012,4.8,14.6,mid,0.3899967503124978,0.0,0.0480261530932102,0.561977096594292,0.3899967503124977,0.1523066276204352,0.0803747430594739,0.3773218790075932,1
765,2017,00-0032417,3,0.3179012345679012,0.0,14.6,mid,0.4529115754900502,0.0,0.0,0.5470884245099499,0.4529115754900501,0.1487492224937672,0.0786961780892599,0.3196430239269227,0
766,2017,00-0032426,2,0.8981481481481481,0.0,154.0,mid,0.0604009664309341,0.1523852272223421,0.3316590472178046,0.4555547591289191,0.0604009664309341,0.3348966503928043,0.1690604140696408,0.4356419691066207,0
767,2017,00-0032426,3,0.8981481481481481,20.1,154.0,mid,0.1245343029651455,0.1752152831206605,0.3613533812795712,0.3388970326346225,0.1245343029651455,0.2631603006138295,0.1942498884395372,0.4180555079814876,1
768,2017,00-0032450,2,0.1944444444444444,8.6,8.3,mid,0.4842471304083722,0.0,0.0,0.5157528695916279,0.4842471304083721,0.0970509651816313,0.053641427893439,0.3650604765165575,3
769,2017,00-0032450,3,0.1944444444444444,3.5,8.3,mid,0.5631640722478397,0.0,0.0,0.4368359277521602,0.5631640722478396,0.1161688505720751,0.0557582533467078,0.2649088238333774,2
770,2017,00-0032472,2,0.2376543209876543,0.0,11.0,mid,0.4355937642400452,0.0,0.1662511131008971,0.3981551226590576,0.4355937642400451,0.1188535312958874,0.0644086620805197,0.3811440423835477,0
771,2017,00-0032472,3,0.2376543209876543,0.0,11.0,mid,0.5309582223425602,0.0,0.1318799375969331,0.3371618400605066,0.5309582223425601,0.1256359880695938,0.062322944419386,0.28108284516846,0
772,2017,00-0032577,2,0.3302469135802469,2.0,15.2,mid,0.507708730946655,0.0,0.1050905674660536,0.3872007015872913,0.5077087309466549,0.125641196668454,0.0660945501050802,0.3005555222798107,1
773,2017,00-0032577,3,0.3302469135802469,2.9,15.2,mid,0.6308362294072439,0.0,0.0844454299766055,0.2847183406161505,0.6308362294072438,0.1006194662346885,0.0537730371950772,0.2147712671629903,1
774,2017,00-0032602,2,0.6388888888888888,49.8,65.3,mid,0.2447657368546308,0.2133057191215644,0.2410957478071324,0.3008327962166723,0.2447657368546308,0.2559609056582217,0.1299209786835176,0.3693523788036298,3
775,2017,00-0032602,3,0.6388888888888888,116.4,65.3,mid,0.4319227593776644,0.1384581083841352,0.1611153530405016,0.2685037791976986,0.4319227593776644,0.1649153661199381,0.1101527693380769,0.2930091051643205,3
776,2017,00-0032740,2,0.1512345679012345,0.0,5.9,mid,0.5042882668939521,0.0,0.1995426648567826,0.2961690682492652,0.504288266893952,0.0821519329052355,0.046535689178045,0.3670241110227673,0
777,2017,00-0032740,3,0.1512345679012345,0.0,5.9,mid,0.6464286129232931,0.097948140922442,0.0,0.2556232461542649,0.646428612923293,0.0934119737479612,0.0434605455658917,0.216698867762854,0
778,2017,00-0032741,2,0.7006172839506173,103.5,79.7,mid,0.173982480359487,0.1376476646973663,0.1978284173982495,0.4905414375448971,0.173982480359487,0.2854388730922276,0.1445742309826324,0.396004415565653,3
779,2017,00-0032741,3,0.7006172839506173,53.0,79.7,mid,0.2931741004826528,0.2866714167898966,0.0,0.4201544827274507,0.2931741004826527,0.2073474543387613,0.1429096780227768,0.3565687671558091,2
780,2017,00-0032764,2,0.8364197530864198,283.6,124.0,mid,0.0536546978248425,0.1455472931798703,0.3490268209724297,0.4517711880228573,0.0536546978248425,0.3352160448545175,0.1693333539688323,0.4417959033518077,3
781,2017,00-0032764,3,0.8364197530864198,320.1,124.0,mid,0.1069224042483721,0.1955360322908745,0.3165553062893571,0.3809862571713961,0.1069224042483721,0.2668000969860265,0.1936600341503699,0.4326174646152314,3
782,2017,00-0032780,2,0.941358024691358,101.4,180.7,mid,0.0427116201552535,0.041407057922357,0.1625856080303906,0.7532957138919989,0.0427116201552535,0.3422876805448478,0.172733322622704,0.4422673766771946,2
783,2017,00-0032780,3,0.941358024691358,29.7,180.7,mid,0.0749819382707382,0.0837003076701976,0.2058421889254948,0.6354755651335693,0.0749819382707382,0.279067668278216,0.2079966337895233,0.4379537596615224,1
784,2017,00-0032782,2,0.4845679012345679,20.5,38.7,mid,0.3494000669356705,0.0628613757267797,0.1029435794598838,0.4847949778776659,0.3494000669356705,0.2015377929372913,0.1033650697052887,0.3456970704217494,2
785,2017,00-0032782,3,0.4845679012345679,0.0,38.7,mid,0.4436792684018921,0.0703287813060495,0.05602437348069,0.4299675768113684,0.443679268401892,0.1566247767528195,0.0946117034210325,0.3050842514242558,0
786,2017,00-0032794,2,0.2037037037037037,15.0,9.4,mid,0.4162129786845968,0.0,0.1919183703764192,0.3918686509389838,0.4162129786845967,0.1126732230000286,0.0619899127658438,0.4091238855495308,3
787,2017,00-0032794,3,0.2037037037037037,0.0,9.4,mid,0.5480388359851823,0.0,0.1203055431066645,0.3316556209081531,0.5480388359851822,0.1203704495160781,0.0581763635955215,0.2734143509032182,0
788,2017,00-0032804,2,0.0462962962962962,0.0,1.0,mid,0.7036135776206269,0.0,0.0,0.2963864223793731,0.7036135776206268,0.0341827877605173,0.0210840149860896,0.2411196196327661,0
789,2017,00-0032804,3,0.0462962962962962,0.0,1.0,mid,0.7850215444266819,0.0,0.0,0.2149784555733182,0.7850215444266817,0.0560552936613659,0.0244100908671012,0.134513071044851,0
790,2017,00-0032813,2,0.5123456790123457,14.3,40.7,mid,0.3569653950025934,0.0969108649279932,0.1639419235763882,0.3821818164930251,0.3569653950025933,0.2036300663104626,0.1041647356514763,0.3352398030354677,1
791,2017,00-0032813,3,0.5123456790123457,8.0,40.7,mid,0.4909422960530797,0.1147022437654617,0.0990118384756027,0.2953436217058559,0.4909422960530796,0.1441594889682843,0.0888603533883328,0.2760378615903032,1
792,2017,00-0032897,2,0.2716049382716049,24.7,12.9,mid,0.3974379200195919,0.0,0.1384548070537727,0.4641072729266354,0.3974379200195918,0.1371937505983179,0.0734130971390633,0.3919552322430268,3
793,2017,00-0032897,3,0.2716049382716049,6.5,12.9,mid,0.5322251907820528,0.0,0.1093283085810768,0.3584465006368704,0.5322251907820525,0.1260629167564718,0.064238023574455,0.2774738688870206,2
794,2017,00-0032918,2,0.441358024691358,26.6,25.6,mid,0.3034310575265093,0.1394819096239525,0.2196511347247844,0.3374358981247537,0.3034310575265092,0.2071084834644268,0.1067565474392239,0.3827039115698401,3
795,2017,00-0032918,3,0.441358024691358,24.0,25.6,mid,0.4412644584535253,0.1409076287953087,0.1387127055549465,0.2791152071962193,0.4412644584535252,0.1558632282831285,0.0911034435839365,0.3117688696794096,3
796,2017,00-0032940,2,0.6203703703703703,87.9,61.0,mid,0.1757984225496056,0.1502406641506837,0.217044486775594,0.4569164265241165,0.1757984225496056,0.2773139233470726,0.1408732399636669,0.4060144141396547,3
797,2017,00-0032940,3,0.6203703703703703,12.1,61.0,mid,0.2992153056404771,0.1281619827113072,0.193922362394587,0.3787003492536286,0.299215305640477,0.202755781337278,0.1340225365274436,0.3640063764948014,1
798,2017,00-0032956,2,0.3611111111111111,11.3,16.7,mid,0.3035851961263862,0.1625101822143252,0.0,0.5339046216592885,0.3035851961263862,0.1868835058171991,0.0976272494589373,0.4119040485974772,2
799,2017,00-0032956,3,0.3611111111111111,4.7,16.7,mid,0.4592994962379719,0.1246170594364559,0.1426428192917289,0.2734406250338431,0.4592994962379719,0.1483012671454282,0.0812815290946228,0.311117707521977,1
800,2017,00-0032964,2,0.1820987654320987,0.0,6.8,mid,0.5663432550930162,0.0,0.0,0.4336567449069837,0.5663432550930161,0.0788088658202715,0.0438422565043539,0.3110056225823584,0
801,2017,00-0032964,3,0.1820987654320987,0.0,6.8,mid,0.6647953169190093,0.0,0.0809406591577711,0.2542640239232195,0.6647953169190092,0.0889689902924316,0.0423160697078316,0.2039196230807275,0
802,2017,00-0032972,2,0.6450617283950617,9.1,67.4,mid,0.1970278001635962,0.1102982640969332,0.1672952218818283,0.5253787138576422,0.1970278001635962,0.272755447041856,0.1384109033522727,0.391805849442275,1
803,2017,00-0032972,3,0.6450617283950617,73.2,67.4,mid,0.3270341231902205,0.1034608525736272,0.1663120628083597,0.4031929614277926,0.3270341231902205,0.1955801708384399,0.1310761490564261,0.3463095569149134,3
804,2017,00-0033025,2,0.6759259259259259,50.8,72.1,mid,0.1354452748499662,0.1767717369726997,0.2309034331107162,0.4568795550666177,0.1354452748499662,0.2966821430838133,0.1503835078965697,0.4174890741696507,3
805,2017,00-0033025,3,0.6759259259259259,32.1,72.1,mid,0.2451693270064266,0.1877050715853224,0.2168522063747014,0.3502733950335493,0.2451693270064266,0.2205414619889209,0.1502006698909604,0.384088541113692,2
806,2017,00-0033045,2,0.9351851851851852,265.7,179.2,mid,0.046262791508244,0.0260166173779323,0.1087999613793651,0.8189206297344586,0.046262791508244,0.3408795334528073,0.1720301004365206,0.440827574602428,3
807,2017,00-0033045,3,0.9351851851851852,186.7,179.2,mid,0.0701810598425211,0.0691592172579241,0.1590186745534711,0.7016410483460837,0.0701810598425211,0.2803795870959988,0.2087051520372707,0.4407342010242094,3
808,2017,00-0033118,2,0.8117283950617284,170.2,119.8,mid,0.0582553465901742,0.242384847543462,0.0,0.6993598058663637,0.0582553465901742,0.3325270170169438,0.1680321057681043,0.4411855306247776,3
809,2017,00-0033118,3,0.8117283950617284,172.2,119.8,mid,0.1215632739354088,0.202423404171838,0.3205280711032223,0.3554852507895307,0.1215632739354088,0.2616858502439796,0.1884722056663364,0.4282786701542752,3
810,2017,00-0033280,2,0.910493827160494,357.2,155.6,mid,0.0521842026239884,0.1144162170943593,0.2474187019206884,0.5859808783609638,0.0521842026239884,0.3381606509522852,0.1706901614344866,0.4389649849892398,3
811,2017,00-0033280,3,0.910493827160494,74.9,155.6,mid,0.0934826488916782,0.1333464031158319,0.2946509066134383,0.4785200413790515,0.0934826488916782,0.2727923863757189,0.2019502354522205,0.4317747292803823,2
812,2017,00-0033293,2,0.6697530864197531,272.8,71.0,mid,0.2160342050148458,0.1269390395614296,0.1454671507072107,0.5115596047165138,0.2160342050148458,0.2685167005101765,0.1361352884444322,0.3793138060305453,3
813,2017,00-0033293,3,0.6697530864197531,213.9,71.0,mid,0.3246399158717941,0.1077264719647035,0.1211457165732005,0.4464878955903018,0.3246399158717941,0.1971175986504939,0.1338306812341712,0.3444118042435407,3
814,2017,00-0033295,2,0.6265432098765432,0.0,64.2,mid,0.1952830310781991,0.1942014476818871,0.228862835712576,0.3816526855273376,0.1952830310781991,0.2714369064676768,0.1378492380373762,0.3954308244167478,0
815,2017,00-0033295,3,0.6265432098765432,0.0,64.2,mid,0.3124102310265682,0.1671908239106972,0.1709483358992843,0.3494506091634501,0.3124102310265682,0.1991642895948117,0.1321139279099049,0.3563115514687152,0
816,2017,00-0033296,2,0.0462962962962962,9.7,1.0,mid,0.5947442875443166,0.0,0.0,0.4052557124556833,0.5947442875443165,0.0467388819514761,0.0288286401449161,0.3296881903592911,3
817,2017,00-0033296,3,0.0462962962962962,2.7,1.0,mid,0.6578542416034641,0.0,0.0,0.3421457583965357,0.6578542416034641,0.0892139675613567,0.0388495164781958,0.2140822743569834,3
818,2017,00-0033304,2,0.0061728395061728,0.0,0.1,mid,0.8702343306656587,0.0,0.0,0.1297656693343413,0.7470362914919235,0.0249955670510764,0.0161092276748108,0.2118589137821891,0
819,2017,00-0033304,3,0.0061728395061728,0.0,0.1,mid,0.7923859333140693,0.0,0.0,0.2076140666859306,0.792385933314069,0.0539173508539898,0.0229820268224231,0.1307146890095179,0
820,2017,00-0033308,2,0.7191358024691358,87.3,84.5,mid,0.1703361457298797,0.1209868170838894,0.154906240470873,0.5537707967153578,0.1703361457298797,0.2880257524404068,0.1458111634867786,0.3958269383429348,3
821,2017,00-0033308,3,0.7191358024691358,38.5,84.5,mid,0.2683898383261244,0.2332900057934226,0.0,0.4983201558804528,0.2683898383261244,0.2152354494910973,0.1495996437597322,0.3667750684230459,2
822,2017,00-0033376,2,0.3734567901234568,25.2,17.2,mid,0.3410436433291328,0.165529116077657,0.0,0.4934272405932099,0.3410436433291328,0.1800963514604192,0.0938493562853838,0.3850106489250641,3
823,2017,00-0033376,3,0.3734567901234568,11.4,17.2,mid,0.4487138146422329,0.1479131779328385,0.0,0.4033730074249285,0.4487138146422328,0.1515918814723212,0.0839256050329929,0.315768698852453,2
824,2017,00-0033384,2,0.0617283950617283,0.0,1.4,mid,0.6338592467130806,0.0,0.0,0.3661407532869193,0.6338592467130805,0.0447255510820865,0.027173265493424,0.2942419367114089,0
825,2017,00-0033384,3,0.0617283950617283,0.0,1.4,mid,0.6702108183355028,0.0,0.0,0.3297891816644971,0.6702108183355027,0.0861374917893056,0.0378420093752777,0.2058096804999139,0
826,2017,00-0033413,2,0.0833333333333333,0.0,2.7,mid,0.6969833430382765,0.0,0.0,0.3030166569617235,0.6969833430382764,0.0400286219042804,0.0238484997363423,0.2391395353211008,0
827,2017,00-0033413,3,0.0833333333333333,0.0,2.7,mid,0.7276003600932909,0.0,0.0,0.272399639906709,0.7276003600932908,0.0713262453658432,0.0317415606207093,0.1693318339201567,0
828,2017,00-0033526,2,0.7376543209876543,5.1,92.5,mid,0.1880219807651553,0.2379544778043065,0.0,0.5740235414305381,0.1880219807651553,0.2830589550380269,0.1432322370661078,0.3856868271307098,1
829,2017,00-0033526,3,0.7376543209876543,57.2,92.5,mid,0.2809438749987828,0.2050884564690894,0.0,0.5139676685321278,0.2809438749987828,0.2121246949032546,0.1486165028634687,0.3583149272344937,2
830,2017,00-0033553,2,0.2993827160493827,115.5,14.4,mid,0.3611758719252951,0.0,0.0867760701617879,0.552048057912917,0.3611758719252951,0.1540220005829799,0.0816991076284308,0.4031030198632942,3
831,2017,00-0033553,3,0.2993827160493827,135.1,14.4,mid,0.4265162986175926,0.0,0.0,0.5734837013824075,0.4265162986175925,0.1553637221547672,0.0809645538720232,0.3371554253556169,3
832,2017,00-0033556,2,0.7561728395061729,86.9,102.14,mid,0.1600977219156972,0.2543916311665266,0.0,0.5855106469177762,0.1600977219156972,0.2938884953201946,0.1486521742795689,0.3973616084845394,3
833,2017,00-0033556,3,0.7561728395061729,11.5,102.14,mid,0.24907637256322,0.2128055849604308,0.0,0.5381180424763491,0.24907637256322,0.2221082939058257,0.1567868115868033,0.3720285219441509,1
834,2017,00-0033567,2,0.2191358024691358,59.2,10.3,mid,0.4697306746436787,0.0,0.0,0.5302693253563213,0.4697306746436787,0.1066004633782247,0.0582277430389218,0.3654411189391747,3
835,2017,00-0033567,3,0.2191358024691358,79.9,10.3,mid,0.5090980928934798,0.0,0.0,0.4909019071065202,0.5090980928934797,0.1310754438275195,0.0640967295977932,0.2957297336812074,3
836,2017,00-0033581,2,0.2716049382716049,0.0,12.9,mid,0.5932512915292217,0.0,0.102530101379782,0.3042186070909962,0.5932512915292216,0.0926101769761919,0.0495561925289502,0.2645823389656362,0
837,2017,00-0033581,3,0.2716049382716049,0.0,12.9,mid,0.6729473450419711,0.0,0.0830191982031423,0.2440334567548865,0.672947345041971,0.0881390164765103,0.0449130986647322,0.1940005398167865,0
838,2017,00-0033594,2,0.4783950617283951,205.6,32.7,mid,0.4938983308500951,0.0408004174068798,0.081150392069925,0.3841508596731,0.4938983308500951,0.1559425285155833,0.0800314777975953,0.2701276628367262,3
839,2017,00-0033594,3,0.4783950617283951,150.8,32.7,mid,0.5657733060567501,0.0357320561856564,0.0485388184555774,0.3499558193020161,0.5657733060567499,0.1220907750829507,0.0734124548960561,0.2387234639642432,3
840,2017,00-0033596,2,0.2530864197530864,0.0,11.2,mid,0.3440186356178341,0.0,0.1085989588716946,0.5473824055104713,0.3440186356178341,0.1432888358338077,0.0771834620084419,0.4355090665399161,0
841,2017,00-0033596,3,0.2530864197530864,0.0,11.2,mid,0.4234821676583367,0.0,0.0,0.5765178323416634,0.4234821676583366,0.154845774668767,0.077749869899158,0.3439221877737383,0
842,2017,00-0033699,2,0.7438271604938271,223.0,98.9,mid,0.1458061599580514,0.3422638538812859,0.0,0.5119299861606628,0.1458061599580514,0.2981596026209389,0.1508523647449148,0.4051818726760949,3
843,2017,00-0033699,3,0.7438271604938271,114.3,98.9,mid,0.2463253233248767,0.3176913728540351,0.0,0.4359833038210879,0.2463253233248767,0.2225351081401222,0.156309316372723,0.374830252162278,3
844,2017,00-0033719,2,0.1018518518518518,0.0,3.5,mid,0.5472376107558089,0.0,0.0,0.4527623892441912,0.5472376107558088,0.063819643604091,0.0374433035926484,0.3514994420474517,0
845,2017,00-0033719,3,0.1018518518518518,0.0,3.5,mid,0.624330405486178,0.0,0.0,0.375669594513822,0.6243304054861778,0.0985909053363607,0.0443842620225015,0.2326944271549599,0
846,2017,00-0033725,2,0.7314814814814815,1.0,89.4,mid,0.1561689178749075,0.3525336476521039,0.0,0.4912974344729885,0.1561689178749075,0.2937704893293512,0.148673943100423,0.4013866496953182,1
847,2017,00-0033725,3,0.7314814814814815,21.5,89.4,mid,0.2699869820163705,0.3178617290199351,0.0,0.4121512889636943,0.2699869820163705,0.2151626534049187,0.1503526372827789,0.3644977272959318,1
848,2017,00-0033748,2,0.4722222222222222,0.0,29.9,mid,0.4786803797040836,0.0771256356645033,0.0851077663471887,0.3590862182842245,0.4786803797040835,0.1597504711483322,0.0820403578379175,0.2795287913096667,0
849,2017,00-0033748,3,0.4722222222222222,0.0,29.9,mid,0.568860581228365,0.0709765333974412,0.0470632287667631,0.3130996566074306,0.5688605812283649,0.12106373946671,0.0724582337684682,0.2376174455364568,0
850,2017,00-0033760,2,0.0061728395061728,0.0,0.1,mid,0.6900617341145698,0.0,0.0,0.3099382658854302,0.6900617341145696,0.030625273294435,0.01973747981373,0.2595755127772652,0
851,2017,00-0033760,3,0.0061728395061728,0.0,0.1,mid,0.7145227252984662,0.0,0.0,0.2854772747015339,0.7145227252984659,0.0741384176256613,0.0316011650323668,0.1797376920435058,0
852,2017,00-0033838,2,0.3888888888888889,22.0,17.8,mid,0.3247883859363927,0.0945600780206979,0.0,0.5806515360429093,0.3247883859363927,0.1885517279131524,0.0979751593223042,0.3886847268281507,3
853,2017,00-0033838,3,0.3888888888888889,0.0,17.8,mid,0.422830816644019,0.0830780049180649,0.0,0.4940911784379161,0.4228308166440189,0.1592222452641591,0.0892609452408927,0.3286859928509292,0
854,2017,00-0033856,2,0.9537037037037036,188.9,199.2,mid,0.0764643965592133,0.0893544630670332,0.2076621226457697,0.6265190177279837,0.0764643965592133,0.3304729781818893,0.1667575472300741,0.4263050780288232,3
855,2017,00-0033856,3,0.9537037037037036,98.0,199.2,mid,0.145599144256727,0.1015069655947637,0.2839365786182737,0.4689573115302355,0.145599144256727,0.2580061695509149,0.1927783507879073,0.4036163354044507,2
856,2017,00-0033893,2,0.595679012345679,245.4,57.4,mid,0.3113100810946881,0.1201740356805039,0.1163794568400554,0.4521364263847524,0.3113100810946881,0.2292036705600499,0.116576373846982,0.34290987449828,3
857,2017,00-0033893,3,0.595679012345679,301.8,57.4,mid,0.4106666434607699,0.0847520896528688,0.1237407695964928,0.3808404972898683,0.4106666434607698,0.1697179943080524,0.1105547486108127,0.3090606136203651,3
858,2017,00-0033897,2,0.7993827160493827,192.4,118.8,mid,0.0570649682234519,0.2342485424736191,0.0,0.708686489302929,0.0570649682234519,0.3323582781834537,0.1679786932871559,0.4425980603059384,3
859,2017,00-0033897,3,0.7993827160493827,81.6,118.8,mid,0.0990319573911101,0.1511121946744189,0.0,0.7498558479344708,0.0990319573911101,0.267997800581574,0.1922185412114851,0.4407517008158307,2
860,2017,00-0033906,2,0.9783950617283952,169.52,241.4,mid,0.054218352893519,0.2602742964144818,0.0,0.6855073506919992,0.054218352893519,0.3389002850412504,0.1709850744072529,0.4358962876579776,3
861,2017,00-0033906,3,0.9783950617283952,302.8,241.4,mid,0.1033525276890482,0.3577224523950759,0.0,0.5389250199158758,0.1033525276890482,0.2712415908674575,0.2036102535137176,0.4217956279297766,3
862,2017,00-0033923,2,0.984567901234568,65.4,245.2,mid,0.0596503027448582,0.2377628174986026,0.0,0.7025868797565391,0.0596503027448582,0.3370597801803424,0.1700508420463078,0.4332390750284915,1
863,2017,00-0033923,3,0.984567901234568,191.5,245.2,mid,0.1127153878440493,0.3341043209386937,0.0,0.553180291217257,0.1127153878440493,0.2685212131061687,0.2017885055751427,0.4169748934746392,3
864,2017,00-0033925,2,0.5895061728395061,0.0,53.0,mid,0.1956121947106752,0.1551537968619242,0.176392976589773,0.4728410318376274,0.1956121947106752,0.2669158610897585,0.135802868325526,0.4016690758740401,0
865,2017,00-0033925,3,0.5895061728395061,16.0,53.0,mid,0.2756950509872615,0.1333230437281414,0.1675070919319843,0.4234748133526127,0.2756950509872615,0.2083394282391445,0.135199941021397,0.3807655797521968,1
866,2017,00-0033948,2,0.8179012345679012,111.3,120.8,mid,0.0642978532021201,0.1870042800908766,0.0,0.7486978667070032,0.0642978532021201,0.3306706493540874,0.1670790572491542,0.4379524401946382,3
867,2017,00-0033948,3,0.8179012345679012,98.1,120.8,mid,0.1212926233508135,0.160077091149499,0.265167352002894,0.4534629334967933,0.1212926233508135,0.2619565871736412,0.1890471523246717,0.4277036371508737,3
868,2017,00-0033950,2,0.7067901234567902,40.2,79.9,mid,0.2078194405869596,0.1154012859449311,0.1423442551245393,0.5344350183435698,0.2078194405869596,0.2741827799473758,0.1388489159673557,0.3791488634983089,2
869,2017,00-0033950,3,0.7067901234567902,118.1,79.9,mid,0.3213952095305457,0.2129727938111602,0.0,0.465631996658294,0.3213952095305457,0.1992622433142686,0.1377297593084549,0.3416127878467308,3
870,2017,00-0033951,2,0.7129629629629629,169.3,82.3,mid,0.1569851409807774,0.123515581928393,0.1533370109341275,0.5661622661567021,0.1569851409807774,0.2922263615573193,0.1479615828754965,0.4028269145864067,3
871,2017,00-0033951,3,0.7129629629629629,5.6,82.3,mid,0.2340873284496173,0.1233077411453131,0.1205885342672396,0.5220163961378299,0.2340873284496173,0.2251144110794577,0.1560356968270427,0.3847625636438823,1
872,2017,00-0033955,2,0.0462962962962962,0.0,1.0,mid,0.6056276486943171,0.0,0.0,0.394372351305683,0.605627648694317,0.0454836840199213,0.0280544314354094,0.3208342358503522,0
873,2017,00-0033955,3,0.0462962962962962,31.9,1.0,mid,0.6272450459292606,0.0,0.0,0.3727549540707395,0.6272450459292604,0.0971952671184675,0.042325089161903,0.2332345977903689,3
874,2018,00-0030711,2,0.1993865030674846,0.0,4.6,mid,0.6957171564227387,0.0,0.0,0.3042828435772612,0.6957171564227386,0.0580426785004936,0.0320013716392336,0.214238793437534,0
875,2018,00-0030711,3,0.1993865030674846,0.0,4.6,mid,0.8201277663984837,0.0,0.0397609492779452,0.1401112843235711,0.8201277663984836,0.0478717604672932,0.0230621365477985,0.1089383365864245,0
876,2018,00-0030741,2,0.4079754601226993,0.0,16.7,mid,0.5411786580762481,0.0,0.2157058554801307,0.243115486443621,0.4016008806116383,0.1712658559806843,0.0887083653021748,0.3384248981055026,0
877,2018,00-0030741,3,0.4079754601226993,0.0,16.7,mid,0.7026585683259282,0.0,0.1294583235121413,0.1678831081619305,0.6226400091768931,0.104521692642811,0.0595026292897264,0.2133356688905694,0
878,2018,00-0031569,2,0.1257668711656441,0.0,3.0,mid,0.8923218665499781,0.0,0.0,0.1076781334500217,0.8923218665499781,0.0164504192954454,0.0094791629389054,0.081748551215671,0
879,2018,00-0031569,3,0.1257668711656441,0.0,3.0,mid,0.9181795648885094,0.0,0.0,0.0818204351114907,0.918179564888509,0.0215400545110308,0.0098491721066916,0.0504312084937684,0
880,2018,00-0031577,2,0.647239263803681,0.0,65.1,mid,0.3270256076709346,0.3055580839356649,0.0,0.3674163083934003,0.2764711280707607,0.2459613313906893,0.1248033584517902,0.3527641820867598,0
881,2018,00-0031577,3,0.647239263803681,0.0,65.1,mid,0.4756305365258588,0.1443057433036461,0.1518892838311776,0.2281744363393173,0.4756305365258588,0.1524531991001447,0.1022931650853426,0.2696230992886538,0
882,2018,00-0031590,2,0.5184049079754601,0.0,42.4,mid,0.5191921636059252,0.0755795638579353,0.0,0.4052282725361395,0.5191921636059251,0.1529289878729772,0.0781886724694921,0.2496901760516055,0
883,2018,00-0031590,3,0.5184049079754601,0.0,42.4,mid,0.6203432746329623,0.0785963415413712,0.0,0.3010603838256665,0.6203432746329621,0.1076505614657906,0.066642052655795,0.2053641112454521,0
884,2018,00-0031595,2,0.0337423312883435,5.6,1.1,mid,0.8981944213183822,0.0,0.0,0.1018055786816178,0.8062902410060973,0.021301959415845,0.0133111005413374,0.1590966990367203,3
885,2018,00-0031595,3,0.0337423312883435,14.2,1.1,mid,0.9212097274576516,0.0,0.0,0.0787902725423483,0.8902262705794535,0.0285856659585359,0.0123620489624643,0.0688260144995461,3
886,2018,00-0031599,2,0.3834355828220859,0.0,14.9,mid,0.80304006445299,0.0,0.0639263185870498,0.1330336169599601,0.7534706869226329,0.0683330923439453,0.0355420687324395,0.1426541520009822,0
887,2018,00-0031599,3,0.3834355828220859,0.0,14.9,mid,0.8604009917748272,0.0,0.0495446407345213,0.0900543674906515,0.8413250756248158,0.0437232090177284,0.0244034681340333,0.0905482472234223,0
888,2018,00-0031665,2,0.5674846625766872,0.0,53.6,mid,0.4304018065528475,0.1428249330489718,0.1716928650202164,0.2550803953779643,0.4304018065528473,0.1868572915779301,0.0951939367159628,0.2875469651532597,0
889,2018,00-0031665,3,0.5674846625766872,0.0,53.6,mid,0.6887542382206927,0.1648057343602476,0.0,0.1464400274190597,0.6559652969786468,0.0985313319180764,0.0630571983363663,0.1824461727669103,0
890,2018,00-0031687,2,0.5122699386503068,85.7,40.6,mid,0.5014888909781153,0.1875837981128982,0.1517399316787836,0.1591873792302028,0.5014888909781153,0.157854923389083,0.080749493260009,0.2599066923727925,3
891,2018,00-0031687,3,0.5122699386503068,2.0,40.6,mid,0.699838974014867,0.1290999304851862,0.0841742395930338,0.0868868559069129,0.6998389740148669,0.0850009236398572,0.0523920018988153,0.1627681004464604,1
892,2018,00-0031731,2,0.3282208588957055,0.0,10.7,mid,0.7264933587366063,0.0,0.0,0.2735066412633937,0.6571372889787712,0.0871966212268921,0.0458935069011989,0.2097725828931376,0
893,2018,00-0031731,3,0.3282208588957055,0.0,10.7,mid,0.8139478239626973,0.0,0.066612064767872,0.1194401112694308,0.7769769871061918,0.0607626463574057,0.0324189820772949,0.1298413844591075,0
894,2018,00-0031806,2,0.4815950920245399,91.1,36.4,mid,0.3857966133583685,0.0782914493159821,0.1552209570861778,0.3806909802394715,0.3857966133583684,0.1897791390260809,0.0973641045820889,0.3270601430334618,3
895,2018,00-0031806,3,0.4815950920245399,19.5,36.4,mid,0.5713821433969374,0.1844177319311689,0.0,0.2442001246718938,0.5713821433969372,0.120595653862917,0.0726868862320572,0.2353353165080885,2
896,2018,00-0031900,2,0.450920245398773,0.0,33.2,mid,0.3936752520025779,0.2425689626623107,0.0,0.3637557853351114,0.3936752520025778,0.1820594666851803,0.0937302282648657,0.3305350530473761,0
897,2018,00-0031900,3,0.450920245398773,0.0,33.2,mid,0.5942141947122789,0.1797158006386969,0.0,0.2260700046490242,0.5942141947122788,0.1134281279194158,0.0667934387685555,0.2255642385997498,0
898,2018,00-0031959,2,0.4693251533742331,0.0,33.6,mid,0.6347750701876183,0.1031456705942775,0.0,0.2620792592181042,0.5639420724237615,0.133270942222955,0.0684636695762407,0.2343233157770428,0
899,2018,00-0031959,3,0.4693251533742331,0.0,33.6,mid,0.744398492065038,0.0981403074978621,0.0,0.1574612004370997,0.7443984920650379,0.0717285316153337,0.0428366465005346,0.1410363298190936,0
900,2018,00-0032058,2,0.8865030674846626,9.7,165.6,mid,0.0802666762328141,0.1202342691300899,0.3382208799926808,0.4612781746444151,0.0802666762328141,0.3274869293831197,0.1653375151217808,0.4269088792622852,1
901,2018,00-0032058,3,0.8865030674846626,42.0,165.6,mid,0.1745802800632008,0.1775043310329116,0.2697673402669662,0.3781480486369212,0.1745802800632008,0.2478505110829587,0.182421745306038,0.3951474635478024,1
902,2018,00-0032063,2,0.7822085889570553,152.0,103.8,mid,0.256517166401182,0.2694109293941103,0.0,0.4740719042047077,0.256517166401182,0.2613542928381545,0.1321303140942167,0.3499982266664467,3
903,2018,00-0032063,3,0.7822085889570553,103.2,103.8,mid,0.4902421644537854,0.2005929583551527,0.2144328206055214,0.0947320565855405,0.4548903774884566,0.1617951593144664,0.1153440086053947,0.2679704545916822,3
904,2018,00-0032104,2,0.1687116564417178,24.0,3.9,mid,0.5012413036611149,0.0,0.0,0.4987586963388851,0.5012413036611147,0.0871639513336749,0.0488555011222853,0.362739243882925,3
905,2018,00-0032104,3,0.1687116564417178,51.5,3.9,mid,0.6297573457530069,0.0,0.0,0.3702426542469931,0.6297573457530068,0.0980681301873451,0.0461940383697394,0.2259804856899086,3
906,2018,00-0032144,2,0.9601226993865032,176.4,225.5,mid,0.0862143514616107,0.2707364833858747,0.0,0.6430491651525145,0.0862143514616107,0.327107736266246,0.1650528402119132,0.42162507206023,3
907,2018,00-0032144,3,0.9601226993865032,173.1,225.5,mid,0.1738090487803824,0.3637222062487381,0.0,0.4624687449708795,0.1738090487803824,0.2496057536216986,0.1867347725484748,0.3898504250494441,3
908,2018,00-0032187,2,0.9539877300613496,151.0,204.6,mid,0.1485564069339163,0.488765133992353,0.0,0.3626784590737306,0.1485564069339163,0.3046811529116229,0.153742646425531,0.3930197937289298,3
909,2018,00-0032187,3,0.9539877300613496,52.3,204.6,mid,0.3670967881030308,0.4075286661243973,0.0,0.2253745457725717,0.3491968211308162,0.1965292900839764,0.1468519572742017,0.3074219315110056,1
910,2018,00-0032209,2,0.8190184049079755,17.2,122.1,mid,0.0939997851376327,0.2815490938556754,0.3655560439912118,0.25889507701548,0.0939997851376327,0.3202217702820761,0.1617969467209255,0.4239814978593656,1
911,2018,00-0032209,3,0.8190184049079755,0.0,122.1,mid,0.2044326899365771,0.1934720885398296,0.2503930281452906,0.3517021933783026,0.2044326899365771,0.2372020462521658,0.1712440257175229,0.3871212380937341,0
912,2018,00-0032241,2,0.9969325153374232,142.2,316.1,mid,0.0612811824900236,0.1823985863752274,0.756320231134749,0.0,0.0612811824900236,0.336675795112108,0.1698464313150555,0.4321965910828128,2
913,2018,00-0032241,3,0.9969325153374232,0.0,316.1,mid,0.1183124756248389,0.2647794926267537,0.6169080317484072,0.0,0.1183124756248389,0.2670428967865796,0.2011016310786095,0.4135429965099719,0
914,2018,00-0032257,2,0.7085889570552147,62.4,87.0,mid,0.1811282277321453,0.2442967711310722,0.0,0.5745750011367825,0.1811282277321453,0.2835496044235969,0.1435852704638109,0.3917368973804468,3
915,2018,00-0032257,3,0.7085889570552147,57.1,87.0,mid,0.3213927303937797,0.2892090603151828,0.0,0.3893982092910374,0.3213927303937797,0.1993188733851081,0.1378822508021899,0.3414061454189223,2
916,2018,00-0032371,2,0.0153374233128834,0.0,0.8,mid,0.8584681186140146,0.0,0.0,0.1415318813859853,0.7712037681059775,0.0234339637293586,0.0149431041850429,0.1904191639796209,0
917,2018,00-0032371,3,0.0153374233128834,0.0,0.8,mid,0.8446082803973981,0.0,0.0,0.1553917196026019,0.8446082803973979,0.0403905399190798,0.0172972750077036,0.0977039046758186,0
918,2018,00-0032393,2,0.0858895705521472,9.7,1.9,mid,0.7209996684549389,0.0,0.0,0.2790003315450611,0.7209996684549387,0.0371923222091561,0.0221100661307363,0.2196979432051689,3
919,2018,00-0032393,3,0.0858895705521472,0.0,1.9,mid,0.8012802434204295,0.0,0.0,0.1987197565795706,0.8012802434204293,0.0520495695682258,0.0231993765323293,0.1234708104790156,0
920,2018,00-0032404,2,0.1380368098159509,15.1,3.5,mid,0.5598580566729331,0.0,0.0,0.4401419433270669,0.5598580566729329,0.069971315860316,0.0399782155831029,0.3301924118836482,3
921,2018,00-0032404,3,0.1380368098159509,0.0,3.5,mid,0.7128309110531552,0.0,0.0,0.2871690889468447,0.7128309110531551,0.0757272436353158,0.0349136337230752,0.1765282115884538,0
922,2018,00-0032411,2,0.5613496932515337,0.0,52.4,mid,0.3880866830252862,0.1490438903945974,0.1674630128895566,0.2954064136905597,0.3880866830252861,0.2000501511105925,0.1019550868531238,0.3099080790109976,0
923,2018,00-0032411,3,0.5613496932515337,0.0,52.4,mid,0.5625468083391755,0.1218242321431276,0.1250539126675936,0.1905750468501032,0.5625468083391754,0.1251329458925686,0.0797625950472245,0.2325576507210314,0
924,2018,00-0032426,2,0.7699386503067485,20.1,100.6,mid,0.2039546038894514,0.1694372727965812,0.0,0.6266081233139673,0.2039546038894514,0.279247494409836,0.1412081233452719,0.3755897783554406,1
925,2018,00-0032426,3,0.7699386503067485,61.8,100.6,mid,0.3250107872309438,0.2386029989597299,0.0,0.4363862138093263,0.3250107872309438,0.200022485957428,0.1419493866593253,0.3330173401523028,2
926,2018,00-0032450,2,0.4202453987730061,3.5,18.4,mid,0.4529162452813177,0.1283061833232838,0.1741278092123148,0.2446497621830836,0.4529162452813177,0.1589000010131242,0.0821485402023376,0.3060352135032204,1
927,2018,00-0032450,3,0.4202453987730061,9.3,18.4,mid,0.6333215884218033,0.0729038216124864,0.1097567582118039,0.1840178317539063,0.6333215884218031,0.1018281425913497,0.0585389654979775,0.2063113034888696,2
928,2018,00-0032472,2,0.2361963190184049,0.0,7.8,mid,0.5007198063706803,0.1721254473841042,0.0,0.3271547462452157,0.5007198063706801,0.1047659687154575,0.0568082243424916,0.3377060005713705,0
929,2018,00-0032472,3,0.2361963190184049,0.0,7.8,mid,0.6577261857364675,0.0785699249233454,0.0,0.2637038893401872,0.6577261857364674,0.0916570923781495,0.0454157149640643,0.2052010069213188,0
930,2018,00-0032540,2,0.0950920245398773,0.0,2.0,mid,0.7345735985888243,0.0,0.0,0.2654264014111756,0.7345735985888242,0.0365467916075458,0.0215595900586431,0.2073200197449868,0
931,2018,00-0032540,3,0.0950920245398773,0.0,2.0,mid,0.8161404497461933,0.0,0.0,0.1838595502538067,0.8161404497461932,0.0482114590825879,0.0216117350181862,0.1140363561530326,0
932,2018,00-0032593,2,0.058282208588957,0.0,1.5,mid,0.7592045769293074,0.0,0.0,0.2407954230706924,0.7592045769293074,0.0290421616338652,0.0177028744019954,0.1940503870348318,0
933,2018,00-0032593,3,0.058282208588957,0.0,1.5,mid,0.8326308463911181,0.0,0.0,0.1673691536088818,0.8326308463911181,0.0436982729674557,0.0191592668062139,0.1045116138352121,0
934,2018,00-0032602,2,0.1134969325153374,116.4,2.3,mid,0.6510453084573282,0.0,0.0,0.3489546915426718,0.6510453084573281,0.0511784148208491,0.0297569100869493,0.2680193666348734,3
935,2018,00-0032602,3,0.1134969325153374,85.9,2.3,mid,0.7401589505217433,0.0,0.0,0.2598410494782566,0.7401589505217432,0.0682946799163109,0.0309764327574525,0.1605699368044932,3
936,2018,00-0032741,2,0.8374233128834356,53.0,134.3,mid,0.0801373624130039,0.2031234067464217,0.3827392171921179,0.3340000136484565,0.0801373624130039,0.3258743540548651,0.1646123229357797,0.4293759605963511,1
937,2018,00-0032741,3,0.8374233128834356,41.9,134.3,mid,0.1715002426273728,0.2020069051442233,0.2805663306504484,0.3459265215779553,0.1715002426273728,0.2475352973748836,0.1797309280190431,0.4012335319787003,1
938,2018,00-0032764,2,0.9294478527607362,320.1,190.86,mid,0.0700858964698876,0.1045604490155571,0.3074921962051447,0.5178614583094107,0.0700858964698876,0.3322349545827001,0.1676744180535568,0.4300047308938554,3
939,2018,00-0032764,3,0.9294478527607362,177.3,190.86,mid,0.1497559345607835,0.1616727638862277,0.2932319218620557,0.395339379690933,0.1497559345607835,0.2562660611991004,0.1905221782917773,0.4034558259483387,3
940,2018,00-0032780,2,0.8803680981595092,29.7,162.0,mid,0.0609856537940431,0.1039398044247902,0.3194198627991154,0.5156546789820513,0.0609856537940431,0.334165925222822,0.1687195161082003,0.4361289048749345,1
941,2018,00-0032780,3,0.8803680981595092,63.5,162.0,mid,0.1217795744262628,0.1764407769966116,0.2731431284269414,0.4286365201501843,0.1217795744262628,0.2635515450048009,0.1936734942741128,0.4209953862948234,1
942,2018,00-0032782,2,0.7515337423312883,0.0,94.9,mid,0.2106219658319827,0.3010088358883647,0.0,0.4883691982796524,0.2106219658319827,0.2759617201331714,0.1395981356282546,0.3738181784065912,0
943,2018,00-0032782,3,0.7515337423312883,4.7,94.9,mid,0.378257115627962,0.2758125042005613,0.0,0.3459303801714767,0.3782571156279619,0.1837803868903782,0.1294918902106583,0.3084706072710015,1
944,2018,00-0032794,2,0.1042944785276073,0.0,2.2,mid,0.7134226137429812,0.0,0.0,0.2865773862570187,0.7134226137429811,0.0407354743361378,0.0238535634995386,0.2219883484213425,0
945,2018,00-0032794,3,0.1042944785276073,0.0,2.2,mid,0.8019151016453737,0.0,0.0,0.1980848983546263,0.8019151016453735,0.052001565916329,0.023446847157135,0.1226364852811623,0
946,2018,00-0032813,2,0.2699386503067484,8.0,8.5,mid,0.4516403886851406,0.1393500737906404,0.0,0.409009537524219,0.4516403886851405,0.1244012357862592,0.0666056178505973,0.3573527576780028,3
947,2018,00-0032813,3,0.2699386503067484,31.9,8.5,mid,0.6025449566641239,0.0,0.07744802665666,0.3200070166792161,0.6025449566641237,0.1070791592239008,0.0544916744742723,0.2358842096377031,3
948,2018,00-0032897,2,0.2239263803680981,6.5,5.8,mid,0.7061467700838008,0.0,0.0,0.293853229916199,0.5418152023516914,0.0932461093552746,0.0508252917055857,0.3141133965874482,3
949,2018,00-0032897,3,0.2239263803680981,12.6,5.8,mid,0.7721267996148691,0.0,0.1145091434367248,0.113364056948406,0.7025388910300775,0.0794891664077037,0.0390139585566104,0.1789579840056084,3
950,2018,00-0032918,2,0.3404907975460122,24.0,11.3,mid,0.4395226526429905,0.1166557438832638,0.0,0.4438216034737456,0.4395226526429905,0.1455509493163581,0.0763806326949032,0.3385457653457481,3
951,2018,00-0032918,3,0.3404907975460122,16.4,11.3,mid,0.6008987102539404,0.0,0.0737345990117449,0.3253666907343148,0.6008987102539403,0.109003762617136,0.0587441951248874,0.2313533320040363,3
952,2018,00-0032940,2,0.352760736196319,12.1,12.4,mid,0.5169807972782648,0.0783790944403882,0.0,0.404640108281347,0.5169807972782647,0.1279522479779822,0.0669603486967949,0.2881066060469581,3
953,2018,00-0032940,3,0.352760736196319,0.0,12.4,mid,0.6500624745968567,0.0,0.0553113116502219,0.2946262137529214,0.6500624745968565,0.0958150049989053,0.0521575217481709,0.2019649986560672,0
954,2018,00-0032956,2,0.4447852760736196,4.7,24.2,mid,0.4567811018867779,0.2149074665455742,0.0,0.3283114315676477,0.3324734304354698,0.1991852466491904,0.1026267060710757,0.365714616844264,1
955,2018,00-0032956,3,0.4447852760736196,10.9,24.2,mid,0.5340849781217559,0.0910316405155397,0.1552278724106322,0.2196555089520722,0.5340849781217558,0.1300654142925366,0.0762274212113772,0.2596221863743303,2
956,2018,00-0032964,2,0.2177914110429447,0.0,5.4,mid,0.592101572722812,0.1580146126878848,0.0,0.2498838145893029,0.5921015727228119,0.0817156826484415,0.0446620947384153,0.2815206498903311,0
957,2018,00-0032964,3,0.2177914110429447,0.0,5.4,mid,0.724445374491503,0.0647028565646281,0.0,0.2108517689438688,0.7244453744915029,0.0735590978410271,0.035933879020624,0.1660616486468459,0
958,2018,00-0032972,2,0.5736196319018405,73.2,54.8,mid,0.2258890997222198,0.2076477910162655,0.2647843940763267,0.301678715185188,0.2258890997222198,0.2547936328453073,0.1297546939966498,0.389562573435823,3
959,2018,00-0032972,3,0.5736196319018405,107.1,54.8,mid,0.4472741573316606,0.1899558757032874,0.1791987663060495,0.1835712006590024,0.4472741573316604,0.1584930284690599,0.1018315012488073,0.2924013129504723,3
960,2018,00-0032975,2,0.0030674846625766,2.6,0.1,mid,0.887642747944022,0.0,0.0,0.112357252055978,0.7710820855169536,0.0223445182592107,0.0144538243308676,0.192119571892968,3
961,2018,00-0032975,3,0.0030674846625766,20.2,0.1,mid,0.8875810431640562,0.0,0.0,0.1124189568359436,0.8417200783388739,0.041093336464051,0.017488470175716,0.099698115021359,3
962,2018,00-0033025,2,0.7638036809815951,32.1,98.6,mid,0.1998966569342565,0.262045704683495,0.0,0.5380576383822484,0.1998966569342565,0.2803619947886621,0.1417885164304048,0.3779528318466765,1
963,2018,00-0033025,3,0.7638036809815951,11.2,98.6,mid,0.3584464341865223,0.2690957876170629,0.0,0.3724577781964148,0.3584464341865222,0.1899574180741985,0.1344912259655663,0.3171049217737128,1
964,2018,00-0033045,2,0.97239263803681,186.7,258.1,mid,0.0592404857019738,0.3091146137737729,0.0,0.6316449005242533,0.0592404857019738,0.3369939244650297,0.1700289503963472,0.4337366394366493,3
965,2018,00-0033045,3,0.97239263803681,212.06,258.1,mid,0.1153452760217182,0.4009393198109298,0.0,0.4837154041673521,0.1153452760217182,0.267502794153837,0.2005853908212419,0.4165665390032028,3
966,2018,00-0033049,2,0.0705521472392638,0.0,1.6,mid,0.7895799162467664,0.0,0.0,0.2104200837532336,0.7895799162467662,0.0265471776090344,0.0159970352956704,0.1678758708485289,0
967,2018,00-0033049,3,0.0705521472392638,0.0,1.6,mid,0.8473573821975614,0.0,0.0,0.1526426178024386,0.8473573821975612,0.039908659154334,0.0176238942168425,0.0951100644312622,0
968,2018,00-0033118,2,0.8742331288343558,172.2,156.2,mid,0.0684465301150595,0.1355820031717156,0.3555605825573825,0.4404108841558423,0.0684465301150595,0.3313192821201481,0.1672925310610364,0.4329416567037559,3
969,2018,00-0033118,3,0.8742331288343558,74.5,156.2,mid,0.1460949170197267,0.1938026035064244,0.2874908972145378,0.372611582259311,0.1460949170197267,0.2561023504492135,0.187897365559551,0.4099053669715087,2
970,2018,00-0033280,2,0.9846625766871164,74.9,284.5,mid,0.0421248747723649,0.2093802811164516,0.7484948441111834,0.0,0.0421248747723649,0.3433432346082812,0.1732208362469929,0.4413110543723609,1
971,2018,00-0033280,3,0.9846625766871164,93.5,284.5,mid,0.0779991809559155,0.2918605040337043,0.6301403150103801,0.0,0.0779991809559155,0.2790292318907814,0.2096885496235375,0.4332830375297655,1
972,2018,00-0033293,2,0.8619631901840491,213.9,147.4,mid,0.0664781254098924,0.1472126736101914,0.3422568915196095,0.4440523094603066,0.0664781254098924,0.3316144212990871,0.1674632956433627,0.4344441576476578,3
973,2018,00-0033293,3,0.8619631901840491,179.0,147.4,mid,0.1302471561980511,0.1716856143481094,0.3378516068723915,0.3602156225814479,0.1302471561980511,0.2605362061691413,0.190516762965902,0.4186998746669055,3
974,2018,00-0033295,2,0.6656441717791411,0.0,70.9,mid,0.2480871399253585,0.1080957885809181,0.1461260203148018,0.4976910511789215,0.2480871399253584,0.2572033186830406,0.1304181872290566,0.3642913541625443,0
975,2018,00-0033295,3,0.6656441717791411,0.0,70.9,mid,0.3819067897489936,0.0870389220692773,0.1462526465975033,0.3848016415842258,0.3819067897489935,0.1802772245776239,0.1221403449939239,0.3156756406794586,0
976,2018,00-0033296,2,0.3895705521472393,2.7,15.5,mid,0.4406659087653397,0.1225980991711426,0.0,0.4367359920635176,0.4406659087653395,0.1563363165897234,0.0812256112006913,0.3217721634442456,1
977,2018,00-0033296,3,0.3895705521472393,11.2,15.5,mid,0.596967707208813,0.0959561801987574,0.0,0.3070761125924296,0.5969677072088129,0.1111994584644945,0.0623734626505462,0.2294593716761463,3
978,2018,00-0033308,2,0.8496932515337423,38.5,142.5,mid,0.0581300109738366,0.1542961675519554,0.3564037408299704,0.4311700806442375,0.0581300109738366,0.3341413793757948,0.1687629667085238,0.4389656429418447,1
979,2018,00-0033308,3,0.8496932515337423,39.2,142.5,mid,0.114169746859953,0.1817063305134502,0.3364064657483822,0.3677174568782144,0.114169746859953,0.2650146054932963,0.1931205378186439,0.4276951098281067,1
980,2018,00-0033373,2,0.4325153374233129,0.0,18.9,mid,0.4249281166444775,0.1306907985037569,0.1758772672210758,0.2685038176306897,0.4249281166444774,0.1693649173192377,0.0874051633994692,0.3183018026368157,0
981,2018,00-0033373,3,0.4325153374233129,0.0,18.9,mid,0.5825467350539728,0.1016177210300384,0.091639534991567,0.2241960089244217,0.5825467350539727,0.1162320066036985,0.0674700899862357,0.2337511683560929,0
982,2018,00-0033374,2,0.1196319018404908,0.0,2.6,mid,0.6357233277447143,0.0,0.0,0.3642766722552858,0.6357233277447141,0.0545344254516959,0.0315638459082835,0.2781784008953065,0
983,2018,00-0033374,3,0.1196319018404908,0.0,2.6,mid,0.7189061287531804,0.0,0.0,0.2810938712468197,0.7189061287531802,0.0739401800647037,0.0336719988320853,0.1734816923500307,0
984,2018,00-0033376,2,0.1809815950920245,11.4,4.0,mid,0.4609286633483742,0.0,0.0,0.5390713366516258,0.4609286633483741,0.0976519336564876,0.054357861504467,0.3870615414906712,3
985,2018,00-0033376,3,0.1809815950920245,12.7,4.0,mid,0.5829826260858862,0.0,0.0,0.4170173739141136,0.5829826260858861,0.1106643236774617,0.0525920294847367,0.2537610207519154,3
986,2018,00-0033526,2,0.156441717791411,57.2,3.7,mid,0.5079976968650154,0.0,0.0,0.4920023031349847,0.5079976968650153,0.0828570102432844,0.0467830202841117,0.3623622726075886,3
987,2018,00-0033526,3,0.156441717791411,62.2,3.7,mid,0.5664716887699638,0.0,0.0,0.4335283112300362,0.5664716887699637,0.1146226369228726,0.0535236631415253,0.2653820111656384,3
988,2018,00-0033553,2,0.9662576687116564,135.1,232.0,mid,0.0763479676554624,0.4228611093956502,0.0,0.5007909229488874,0.0763479676554624,0.3307547232780358,0.1668869055242078,0.4260104035422939,2
989,2018,00-0033553,3,0.9662576687116564,223.7,232.0,mid,0.1589030797025465,0.5067295212099187,0.0,0.3343673990875346,0.1589030797025465,0.2542216179032853,0.1904097479592771,0.396465554434891,3
990,2018,00-0033556,2,0.9049079754601228,11.5,174.94,mid,0.0472676842429165,0.1193528136953046,0.316202870982318,0.5171766310794609,0.0472676842429165,0.3397652422184389,0.1715080978850942,0.4414589756535503,1
991,2018,00-0033556,3,0.9049079754601228,0.0,174.94,mid,0.0927786680061231,0.1584991359564944,0.3405947014389124,0.4081274945984699