horizon,position,a,b,metric,gain_a_over_b,ci_low,ci_high,reps
4,QB,base_linear,exposure_ablation,mae,-4.836376668702864,-10.47609414367541,0.36266942384997713,2500
4,QB,base_linear,exposure_ablation,mse,-1557.5253421758418,-2865.7855172889454,-437.8523295508015,2500
4,QB,base_linear,exposure_ablation,survival_brier,-0.012543057902549195,-0.028110802817940702,0.002328468522416635,2500
4,QB,base_linear,exposure_ablation,conditional_mae,-9.938740472156631,-19.140176346396125,-1.4796215106249344,2500
4,QB,base_linear,exposure_ablation,conditional_mse,-2821.074947020215,-4879.5779386343775,-955.3381941952908,2500
4,QB,base_linear,target_exposure_histgb,mae,2.5587691464171924,-7.164646709248399,12.095935670043342,2500
4,QB,base_linear,target_exposure_histgb,mse,-1602.2780286018324,-4225.282340125107,643.6352363416236,2500
4,QB,base_linear,target_exposure_histgb,survival_brier,-0.005856976099301232,-0.030875167402212127,0.01809843451313754,2500
4,QB,base_linear,target_exposure_histgb,conditional_mae,-5.420569923221187,-24.187348475545043,12.001551134236802,2500
4,QB,base_linear,target_exposure_histgb,conditional_mse,-4164.61856561806,-9194.199191955195,194.06837474026565,2500
4,QB,base_linear,target_poly,mae,-0.19170890174356764,-1.074240315970051,0.3916818603473894,2500
4,QB,base_linear,target_poly,mse,-119.4181040862875,-389.72816208600847,64.66808768754422,2500
4,QB,base_linear,target_poly,survival_brier,-0.003985016763501323,-0.009145519389325318,0.0011250631690392604,2500
4,QB,base_linear,target_poly,conditional_mae,-2.2024712377922095,-5.56154678900095,-0.028826509410411125,2500
4,QB,base_linear,target_poly,conditional_mse,-656.5215949472242,-1619.0954565804916,-98.36648295523419,2500
4,QB,base_linear,target_poly_exposure,mae,-3.1677210303825087,-9.674381977864769,3.3899040967737237,2500
4,QB,base_linear,target_poly_exposure,mse,-1133.1188266279248,-2676.064373699271,292.8202454749095,2500
4,QB,base_linear,target_poly_exposure,survival_brier,-0.015255573834764788,-0.03645715191536868,0.0072028874495568725,2500
4,QB,base_linear,target_poly_exposure,conditional_mae,-9.214558927321747,-17.41476424101704,-0.7065188486153327,2500
4,QB,base_linear,target_poly_exposure,conditional_mse,-2853.6028116069374,-5161.441772760954,-1005.381182448631,2500
4,QB,exposure_ablation,target_exposure_histgb,mae,7.395145815120054,0.1007743554214078,14.066852654704892,2500
4,QB,exposure_ablation,target_exposure_histgb,mse,-44.752686425990156,-1771.3735648833572,1553.6629892800058,2500
4,QB,exposure_ablation,target_exposure_histgb,survival_brier,0.006686081803247965,-0.01958713806846626,0.03200615540509844,2500
4,QB,exposure_ablation,target_exposure_histgb,conditional_mae,4.5181705489354425,-9.468620641318545,17.481599951539025,2500
4,QB,exposure_ablation,target_exposure_histgb,conditional_mse,-1343.543618597845,-4902.032696193328,1740.0247858551402,2500
4,QB,exposure_ablation,target_poly,mae,4.644667766959297,-0.4151874879393803,10.161104732200506,2500
4,QB,exposure_ablation,target_poly,mse,1438.1072380895546,312.00851007013796,2760.47233322945,2500
4,QB,exposure_ablation,target_poly,survival_brier,0.008558041139047871,-0.0055529949728030745,0.022546524668793765,2500
4,QB,exposure_ablation,target_poly,conditional_mae,7.736269234364421,-0.40409733859587277,16.02934008606834,2500
4,QB,exposure_ablation,target_poly,conditional_mse,2164.5533520729905,417.9017004596531,4022.0704712134548,2500
4,QB,exposure_ablation,target_poly_exposure,mae,1.668655638320354,-2.90178234616662,6.154190229884468,2500
4,QB,exposure_ablation,target_poly_exposure,mse,424.4065155479168,-800.2180920634993,1655.3094296607117,2500
4,QB,exposure_ablation,target_poly_exposure,survival_brier,-0.0027125159322155955,-0.017745159258907843,0.011346941841257598,2500
4,QB,exposure_ablation,target_poly_exposure,conditional_mae,0.724181544834886,-6.456923982180976,7.726142227552783,2500
4,QB,exposure_ablation,target_poly_exposure,conditional_mse,-32.527864586723005,-1814.4627337692332,1739.21544590066,2500
4,QB,target_exposure_histgb,target_poly,mae,-2.7504780481607596,-11.572746597476698,6.889862794218705,2500
4,QB,target_exposure_histgb,target_poly,mse,1482.859924515545,-695.8969612139667,4008.358727509715,2500
4,QB,target_exposure_histgb,target_poly,survival_brier,0.0018719593357999077,-0.022906722993013297,0.026260667469696245,2500
4,QB,target_exposure_histgb,target_poly,conditional_mae,3.2180986854289784,-13.733661157225482,20.781085563598015,2500
4,QB,target_exposure_histgb,target_poly,conditional_mse,3508.096970670836,-724.4809976580028,8065.773855037937,2500
4,QB,target_exposure_histgb,target_poly_exposure,mae,-5.726490176799702,-12.321061205594681,1.9916201692190922,2500
4,QB,target_exposure_histgb,target_poly_exposure,mse,469.1592019739073,-1196.3956393353963,2290.284578068041,2500
4,QB,target_exposure_histgb,target_poly_exposure,survival_brier,-0.009398597735463558,-0.03176792938061706,0.01322893163491924,2500
4,QB,target_exposure_histgb,target_poly_exposure,conditional_mae,-3.793989004100556,-17.806397391849806,9.881830459456197,2500
4,QB,target_exposure_histgb,target_poly_exposure,conditional_mse,1311.0157540111218,-1967.4911153238543,4936.603912392377,2500
4,QB,target_poly,target_poly_exposure,mae,-2.976012128638942,-8.91431380079451,3.3286683644539856,2500
4,QB,target_poly,target_poly_exposure,mse,-1013.7007225416376,-2445.3993328119327,424.62088682728876,2500
4,QB,target_poly,target_poly_exposure,survival_brier,-0.011270557071263466,-0.03245662411730203,0.010663160878468803,2500
4,QB,target_poly,target_poly_exposure,conditional_mae,-7.012087689529534,-15.233866652061751,1.1244646480157543,2500
4,QB,target_poly,target_poly_exposure,conditional_mse,-2197.0812166597134,-4284.514638281373,-305.1381957576221,2500
4,RB,base_linear,exposure_ablation,mae,-0.8235408408470553,-1.3842651765604583,-0.35248190773080695,2500
4,RB,base_linear,exposure_ablation,mse,-53.354639781514194,-166.65259432950748,36.94980916593553,2500
4,RB,base_linear,exposure_ablation,survival_brier,-0.0029079773504387054,-0.007476982856963181,0.0016960500763352172,2500
4,RB,base_linear,exposure_ablation,conditional_mae,-0.3411447706938377,-2.1125517249673695,1.3795485147254278,2500
4,RB,base_linear,exposure_ablation,conditional_mse,-5.6811698906499295,-417.82553142771485,326.7088474775936,2500
4,RB,base_linear,target_exposure_histgb,mae,2.0539349051285765,0.656732320870701,3.4167945363700207,2500
4,RB,base_linear,target_exposure_histgb,mse,-142.21107361491576,-499.0009919971755,157.07637696300927,2500
4,RB,base_linear,target_exposure_histgb,survival_brier,-0.0025204667098213487,-0.013055222845093056,0.008027652417982638,2500
4,RB,base_linear,target_exposure_histgb,conditional_mae,2.305254415949996,-4.454416114724321,8.622617634988787,2500
4,RB,base_linear,target_exposure_histgb,conditional_mse,-552.2435512599451,-1960.9417737842493,630.5674150312921,2500
4,RB,base_linear,target_poly,mae,0.042893019883440894,-0.019519604030727323,0.1271434066856716,2500
4,RB,base_linear,target_poly,mse,0.45618470760378754,-7.448897506406991,9.57688960297038,2500
4,RB,base_linear,target_poly,survival_brier,0.0003884893261940944,-0.0005749906656343045,0.0014150905083484496,2500
4,RB,base_linear,target_poly,conditional_mae,-0.03282475076287248,-0.21872451814788957,0.15983085527779928,2500
4,RB,base_linear,target_poly,conditional_mse,-20.752769863408947,-53.53825919517576,14.249625939352269,2500
4,RB,base_linear,target_poly_exposure,mae,-0.7453873564969569,-1.498979424246997,-0.03446538678442438,2500
4,RB,base_linear,target_poly_exposure,mse,-71.52779565087648,-242.35120846844305,56.6271870053806,2500
4,RB,base_linear,target_poly_exposure,survival_brier,-0.006649712411456333,-0.01668317917597147,0.003938805546214787,2500
4,RB,base_linear,target_poly_exposure,conditional_mae,0.8643509111967996,-1.5282728261857326,4.7889496948063695,2500
4,RB,base_linear,target_poly_exposure,conditional_mse,291.3742193653984,-387.61487774918146,1289.157603668598,2500
4,RB,exposure_ablation,target_exposure_histgb,mae,2.8774757459756315,1.4246852495954156,4.343164718231733,2500
4,RB,exposure_ablation,target_exposure_histgb,mse,-88.85643383340157,-398.7015681288493,178.86344168638192,2500
4,RB,exposure_ablation,target_exposure_histgb,survival_brier,0.0003875106406173543,-0.010175316802301616,0.011401876602046833,2500
4,RB,exposure_ablation,target_exposure_histgb,conditional_mae,2.646399186643834,-3.7783607453573462,8.65996106702828,2500
4,RB,exposure_ablation,target_exposure_histgb,conditional_mse,-546.562381369295,-1842.683797030343,593.5461503152965,2500
4,RB,exposure_ablation,target_poly,mae,0.8664338607304962,0.3718439126209519,1.419774780327169,2500
4,RB,exposure_ablation,target_poly,mse,53.81082448911798,-37.21421323589957,168.45436603732705,2500
4,RB,exposure_ablation,target_poly,survival_brier,0.0032964666766327993,-0.0012785057892915278,0.007969990335344686,2500
4,RB,exposure_ablation,target_poly,conditional_mae,0.30832001993096514,-1.425440060378991,2.1123135763598553,2500
4,RB,exposure_ablation,target_poly,conditional_mse,-15.071599972759039,-356.2976844538018,390.18813517942874,2500
4,RB,exposure_ablation,target_poly_exposure,mae,0.07815348435009842,-0.4272189832455155,0.5816140923626053,2500
4,RB,exposure_ablation,target_poly_exposure,mse,-18.17315586936229,-117.37524615459229,48.49821096463296,2500
4,RB,exposure_ablation,target_poly_exposure,survival_brier,-0.003741735061017629,-0.013851491726841235,0.006319768775574052,2500
4,RB,exposure_ablation,target_poly_exposure,conditional_mae,1.2054956818906375,-0.5075218623044128,4.797651726813855,2500
4,RB,exposure_ablation,target_poly_exposure,conditional_mse,297.0553892560483,-109.2147164960601,1229.2496221764202,2500
4,RB,target_exposure_histgb,target_poly,mae,-2.0110418852451355,-3.489649077686781,-0.6644563460000972,2500
4,RB,target_exposure_histgb,target_poly,mse,142.66725832251956,-152.40701722275517,482.46771488334394,2500
4,RB,target_exposure_histgb,target_poly,survival_brier,0.0029089560360154427,-0.00748870908730499,0.013047086998964537,2500
4,RB,target_exposure_histgb,target_poly,conditional_mae,-2.3380791667128684,-8.316440768555221,4.442696867728888,2500
4,RB,target_exposure_histgb,target_poly,conditional_mse,531.4907813965359,-618.7043573545224,1934.7344848321552,2500
4,RB,target_exposure_histgb,target_poly_exposure,mae,-2.7993222616255338,-4.218621031823761,-1.295904999575163,2500
4,RB,target_exposure_histgb,target_poly_exposure,mse,70.6832779640393,-180.44207197803505,364.51320377983893,2500
4,RB,target_exposure_histgb,target_poly_exposure,survival_brier,-0.004129245701634984,-0.013719374932052754,0.005209481729736438,2500
4,RB,target_exposure_histgb,target_poly_exposure,conditional_mae,-1.4409035047531964,-8.314867415138297,5.894893938705281,2500
4,RB,target_exposure_histgb,target_poly_exposure,conditional_mse,843.6177706253434,-333.8666185160496,2146.9080032694715,2500
4,RB,target_poly,target_poly_exposure,mae,-0.7882803763803977,-1.5491485150719437,-0.05704175461003624,2500
4,RB,target_poly,target_poly_exposure,mse,-71.98398035848028,-251.4621949759626,50.535658147051265,2500
4,RB,target_poly,target_poly_exposure,survival_brier,-0.007038201737650429,-0.016875734045353377,0.002856227017687815,2500
4,RB,target_poly,target_poly_exposure,conditional_mae,0.8971756619596725,-1.527364524714616,4.4978352306630915,2500
4,RB,target_poly,target_poly_exposure,conditional_mse,312.12698922880736,-395.16033054608107,1268.591176329417,2500
4,TE,base_linear,exposure_ablation,mae,-1.3483258288389275,-2.2931592295788934,-0.611276034420526,2500
4,TE,base_linear,exposure_ablation,mse,-118.25676145995925,-280.36380590699093,-28.53762904696278,2500
4,TE,base_linear,exposure_ablation,survival_brier,-0.006577182248192466,-0.017416239311579304,0.003909398456098982,2500
4,TE,base_linear,exposure_ablation,conditional_mae,-2.4023202085267332,-5.082451640396383,-0.3106781039997979,2500
4,TE,base_linear,exposure_ablation,conditional_mse,-292.1371221677981,-719.4606061038322,-62.24202389185311,2500
4,TE,base_linear,target_exposure_histgb,mae,-0.2757086728999282,-2.0532444388417503,1.2172639021706957,2500
4,TE,base_linear,target_exposure_histgb,mse,-161.01506527045788,-430.86764890090114,-7.638374549610285,2500
4,TE,base_linear,target_exposure_histgb,survival_brier,-0.01983744415070874,-0.03516658505016568,-0.004129517863460054,2500
4,TE,base_linear,target_exposure_histgb,conditional_mae,-0.6070859431862693,-5.394178172746526,3.7967295828982586,2500
4,TE,base_linear,target_exposure_histgb,conditional_mse,-271.3297043686839,-826.3809748937568,126.41313750413602,2500
4,TE,base_linear,target_poly,mae,0.10976714627311995,-0.06175520620459754,0.29565501986115084,2500
4,TE,base_linear,target_poly,mse,11.570387864867394,-2.3569714511588793,28.39452231539966,2500
4,TE,base_linear,target_poly,survival_brier,0.001948332291920755,0.0006786604173031517,0.0036632009565239817,2500
4,TE,base_linear,target_poly,conditional_mae,0.3132819427986831,-0.1529440206289078,0.9285172922712708,2500
4,TE,base_linear,target_poly,conditional_mse,25.10854891399244,-10.235142301749326,70.86400137593553,2500
4,TE,base_linear,target_poly_exposure,mae,-1.774123283448119,-3.115568270699542,-0.8154997463423433,2500
4,TE,base_linear,target_poly_exposure,mse,-139.3844149021037,-362.8175579805399,-20.79121808824815,2500
4,TE,base_linear,target_poly_exposure,survival_brier,-0.015336656464523488,-0.026739144334940165,-0.0037913429838959895,2500
4,TE,base_linear,target_poly_exposure,conditional_mae,-2.756189234368531,-6.716488918418393,-0.23168550785031525,2500
4,TE,base_linear,target_poly_exposure,conditional_mse,-313.81762824708517,-864.4088100061235,-34.8314121938167,2500
4,TE,exposure_ablation,target_exposure_histgb,mae,1.0726171559389992,-0.18760360059702602,2.2748610688415614,2500
4,TE,exposure_ablation,target_exposure_histgb,mse,-42.75830381049862,-168.41036190278172,60.5764424241489,2500
4,TE,exposure_ablation,target_exposure_histgb,survival_brier,-0.013260261902516276,-0.027806383850373,0.0005229894821178817,2500
4,TE,exposure_ablation,target_exposure_histgb,conditional_mae,1.7952342653404636,-1.8038328161448152,5.728836964503682,2500
4,TE,exposure_ablation,target_exposure_histgb,conditional_mse,20.807417799114198,-251.47552014372465,273.14150327386477,2500
4,TE,exposure_ablation,target_poly,mae,1.4580929751120475,0.7258310641306134,2.3873861225075714,2500
4,TE,exposure_ablation,target_poly,mse,129.82714932482668,33.968676983262895,313.16465420190974,2500
4,TE,exposure_ablation,target_poly,survival_brier,0.008525514540113221,-0.0017799989507181599,0.01978244886020974,2500
4,TE,exposure_ablation,target_poly,conditional_mae,2.715602151325416,0.7709545796591162,5.358219125172278,2500
4,TE,exposure_ablation,target_poly,conditional_mse,317.2456710817906,68.98484800955433,819.3225924453748,2500
4,TE,exposure_ablation,target_poly_exposure,mae,-0.42579745460919155,-1.0707919884265882,0.16580703334588426,2500
4,TE,exposure_ablation,target_poly_exposure,mse,-21.127653442144442,-95.72941492407239,31.473477864416306,2500
4,TE,exposure_ablation,target_poly_exposure,survival_brier,-0.008759474216331024,-0.018285664893163436,1.1203637938503881e-05,2500
4,TE,exposure_ablation,target_poly_exposure,conditional_mae,-0.3538690258417981,-1.773089828707202,0.7552567209355547,2500
4,TE,exposure_ablation,target_poly_exposure,conditional_mse,-21.68050607928699,-151.736195084036,83.3266448504993,2500
4,TE,target_exposure_histgb,target_poly,mae,0.385475819173048,-1.085134352663021,2.1411271452572036,2500
4,TE,target_exposure_histgb,target_poly,mse,172.58545313532528,8.048235059449716,413.8906155396653,2500
4,TE,target_exposure_histgb,target_poly,survival_brier,0.021785776442629495,0.005341814712328086,0.03765820985215273,2500
4,TE,target_exposure_histgb,target_poly,conditional_mae,0.9203678859849522,-3.799820528091928,5.889577511992865,2500
4,TE,target_exposure_histgb,target_poly,conditional_mse,296.4382532826764,-124.98401127115724,880.6685899652482,2500
4,TE,target_exposure_histgb,target_poly_exposure,mae,-1.498414610548191,-2.6394299518352016,-0.3553013412748884,2500
4,TE,target_exposure_histgb,target_poly_exposure,mse,21.63065036835419,-70.51976873631469,116.6740803144563,2500
4,TE,target_exposure_histgb,target_poly_exposure,survival_brier,0.00450078768618525,-0.005905195132400604,0.015586357366080201,2500
4,TE,target_exposure_histgb,target_poly_exposure,conditional_mae,-2.149103291182262,-6.231363132065036,1.7476492204006044,2500
4,TE,target_exposure_histgb,target_poly_exposure,conditional_mse,-42.487923878401205,-308.4766877438439,221.20646783042062,2500
4,TE,target_poly,target_poly_exposure,mae,-1.883890429721239,-3.2612017495479306,-0.791448495340228,2500
4,TE,target_poly,target_poly_exposure,mse,-150.9548027669711,-405.52666504445097,-20.41907688566717,2500
4,TE,target_poly,target_poly_exposure,survival_brier,-0.01728498875644425,-0.029283441593247802,-0.005227146486574121,2500
4,TE,target_poly,target_poly_exposure,conditional_mae,-3.0694711771672143,-7.089619197454331,-0.5736849885349969,2500
4,TE,target_poly,target_poly_exposure,conditional_mse,-338.92617716107753,-928.1305528331446,-37.80554485741336,2500
4,WR,base_linear,exposure_ablation,mae,-2.024021597264319,-2.8977313702690326,-1.1801892744876914,2500
4,WR,base_linear,exposure_ablation,mse,-99.7720172886753,-210.5203256665464,-4.586264972673015,2500
4,WR,base_linear,exposure_ablation,survival_brier,-0.005648898286515779,-0.013774433605156861,0.0032139390183128923,2500
4,WR,base_linear,exposure_ablation,conditional_mae,-1.8759358914513553,-3.9445655080357325,0.026670975600729036,2500
4,WR,base_linear,exposure_ablation,conditional_mse,-212.40545604967173,-458.7647533953944,4.64033178979699,2500
4,WR,base_linear,target_exposure_histgb,mae,-0.053437494618963376,-1.2615875589500138,1.1734114012886376,2500
4,WR,base_linear,target_exposure_histgb,mse,-63.67602051075059,-205.95355015613544,55.56700466027426,2500
4,WR,base_linear,target_exposure_histgb,survival_brier,-0.010336494073357983,-0.022977922391517035,0.0015761233119998019,2500
4,WR,base_linear,target_exposure_histgb,conditional_mae,5.295095065766285,1.2621632414970927,9.658201582866013,2500
4,WR,base_linear,target_exposure_histgb,conditional_mse,327.70806376067566,-62.41439696447955,729.9059305121843,2500
4,WR,base_linear,target_poly,mae,-0.004185862685492157,-0.1249378459446832,0.11389009435807886,2500
4,WR,base_linear,target_poly,mse,-6.949963031894512,-21.70340786893443,4.26526905512357,2500
4,WR,base_linear,target_poly,survival_brier,0.00012157891077957237,-0.00029231497826973237,0.0005860389205626548,2500
4,WR,base_linear,target_poly,conditional_mae,-0.10566097445319109,-0.4132503172841113,0.22439317103900266,2500
4,WR,base_linear,target_poly,conditional_mse,-11.221887049344295,-44.139983303843756,23.546901809299634,2500
4,WR,base_linear,target_poly_exposure,mae,-2.1509128192792755,-3.0089498498150284,-1.207611098864455,2500
4,WR,base_linear,target_poly_exposure,mse,-103.24197507503216,-225.01358895189415,-6.813959971573144,2500
4,WR,base_linear,target_poly_exposure,survival_brier,-0.010248199730273286,-0.023149186065966592,0.0015776190951188554,2500
4,WR,base_linear,target_poly_exposure,conditional_mae,-1.0403695987814727,-3.1260271902824077,0.9073548395038444,2500
4,WR,base_linear,target_poly_exposure,conditional_mse,-159.07326302819877,-409.3411867867812,45.08792219010184,2500
4,WR,exposure_ablation,target_exposure_histgb,mae,1.9705841026453557,0.701942684417641,3.3382473168003903,2500
4,WR,exposure_ablation,target_exposure_histgb,mse,36.09599677792471,-120.66885925191352,180.91070377017073,2500
4,WR,exposure_ablation,target_exposure_histgb,survival_brier,-0.004687595786842203,-0.012864358520560247,0.0037193613181630836,2500
4,WR,exposure_ablation,target_exposure_histgb,conditional_mae,7.171030957217642,3.49566910459914,11.12560793315011,2500
4,WR,exposure_ablation,target_exposure_histgb,conditional_mse,540.1135198103476,168.75266654660064,919.7908549945862,2500
4,WR,exposure_ablation,target_poly,mae,2.019835734578827,1.1490052934979145,2.8675175383448988,2500
4,WR,exposure_ablation,target_poly,mse,92.8220542567808,-2.888044592630937,202.32214207770983,2500
4,WR,exposure_ablation,target_poly,survival_brier,0.0057704771972953515,-0.002488161994090498,0.013977536919523265,2500
4,WR,exposure_ablation,target_poly,conditional_mae,1.7702749169981644,-0.1543954653268695,3.6826275003818574,2500
4,WR,exposure_ablation,target_poly,conditional_mse,201.18356900032748,-1.0491861166927372,467.892656344459,2500
4,WR,exposure_ablation,target_poly_exposure,mae,-0.1268912220149567,-0.5397759831281131,0.2617508859414808,2500
4,WR,exposure_ablation,target_poly_exposure,mse,-3.469957786356837,-48.789514972789256,45.535378509874484,2500
4,WR,exposure_ablation,target_poly_exposure,survival_brier,-0.004599301443757506,-0.011089343754712296,0.0021076265472927667,2500
4,WR,exposure_ablation,target_poly_exposure,conditional_mae,0.8355662926698829,-0.2468104791722697,1.9308889580334654,2500
4,WR,exposure_ablation,target_poly_exposure,conditional_mse,53.332193021472975,-49.630564833461264,163.5106542318402,2500
4,WR,target_exposure_histgb,target_poly,mae,0.049251631933471145,-1.239438089296102,1.2393898463702209,2500
4,WR,target_exposure_histgb,target_poly,mse,56.72605747885609,-65.1856618221255,193.02721478260696,2500
4,WR,target_exposure_histgb,target_poly,survival_brier,0.010458072984137555,-0.001967638632206978,0.022707611957798177,2500
4,WR,target_exposure_histgb,target_poly,conditional_mae,-5.400756040219475,-9.36180754578399,-1.5610912455454482,2500
4,WR,target_exposure_histgb,target_poly,conditional_mse,-338.92995081002005,-736.4201385662985,67.97196924560545,2500
4,WR,target_exposure_histgb,target_poly_exposure,mae,-2.097475324660312,-3.4824855020359187,-0.703458627780778,2500
4,WR,target_exposure_histgb,target_poly_exposure,mse,-39.56595456428153,-199.76169609004106,129.60645731990056,2500
4,WR,target_exposure_histgb,target_poly_exposure,survival_brier,8.829434308469613e-05,-0.006829704057296385,0.006720224571766434,2500
4,WR,target_exposure_histgb,target_poly_exposure,conditional_mae,-6.335464664547758,-9.705551267209565,-2.6366384963687852,2500
4,WR,target_exposure_histgb,target_poly_exposure,conditional_mse,-486.7813267888744,-849.4714030273487,-105.95214569227106,2500
4,WR,target_poly,target_poly_exposure,mae,-2.146726956593784,-3.0211938696833514,-1.1453868893766868,2500
4,WR,target_poly,target_poly_exposure,mse,-96.29201204313765,-215.25068657455296,1.794649164755691,2500
4,WR,target_poly,target_poly_exposure,survival_brier,-0.010369778641052858,-0.022358782981908888,0.00217860493239826,2500
4,WR,target_poly,target_poly_exposure,conditional_mae,-0.9347086243282817,-2.9494575475243443,1.2181564054315777,2500
4,WR,target_poly,target_poly_exposure,conditional_mse,-147.8513759788545,-386.6311189215006,44.834414648191434,2500
5,QB,base_linear,exposure_ablation,mae,-4.030574548099976,-9.64798840070493,1.4062823263965964,2500
5,QB,base_linear,exposure_ablation,mse,-1849.0095306505125,-3550.7669818140157,-435.07526813765884,2500
5,QB,base_linear,exposure_ablation,survival_brier,-0.014225715350464635,-0.030156778206924296,0.0005736991075730655,2500
5,QB,base_linear,exposure_ablation,conditional_mae,-12.26510758503462,-22.223279273885602,-2.3254968334244053,2500
5,QB,base_linear,exposure_ablation,conditional_mse,-4321.662232454792,-7515.988194702988,-1598.0336434350256,2500
5,QB,base_linear,target_exposure_histgb,mae,2.740143483317184,-6.4609449507837935,11.510170140358758,2500
5,QB,base_linear,target_exposure_histgb,mse,-1796.6984671086552,-4646.4330394264625,711.5512184090619,2500
5,QB,base_linear,target_exposure_histgb,survival_brier,-0.012770137999261584,-0.035582716950499485,0.007867632472844976,2500
5,QB,base_linear,target_exposure_histgb,conditional_mae,-14.414197579809581,-35.84849129405514,5.335836681810426,2500
5,QB,base_linear,target_exposure_histgb,conditional_mse,-7077.78621956341,-13801.855224485555,-1915.230384115717,2500
5,QB,base_linear,target_poly,mae,-0.14763718474491935,-0.619571662503109,0.27833104037171635,2500
5,QB,base_linear,target_poly,mse,-62.197814724001596,-219.7493986749884,65.65536682804024,2500
5,QB,base_linear,target_poly,survival_brier,-0.0016562082534719977,-0.005134458146709352,0.0016090881480017604,2500
5,QB,base_linear,target_poly,conditional_mae,-0.8279311663962182,-2.301664065700645,0.31273768582896716,2500
5,QB,base_linear,target_poly,conditional_mse,-342.1534398656658,-786.1587149256823,1.9791556433695137,2500
5,QB,base_linear,target_poly_exposure,mae,-2.4170292500994948,-8.774393655905797,3.6332778935943884,2500
5,QB,base_linear,target_poly_exposure,mse,-1492.1255950944262,-3460.2608891767813,15.559317278207667,2500
5,QB,base_linear,target_poly_exposure,survival_brier,-0.02015368880774512,-0.04162910555692042,0.0008621561148268415,2500
5,QB,base_linear,target_poly_exposure,conditional_mae,-12.868437446625927,-25.754989436648934,-2.09219438867712,2500
5,QB,base_linear,target_poly_exposure,conditional_mse,-4246.7106015347645,-7989.530145129105,-1357.3092954909282,2500
5,QB,exposure_ablation,target_exposure_histgb,mae,6.770718031417161,0.6148606420585999,12.833603027551495,2500
5,QB,exposure_ablation,target_exposure_histgb,mse,52.31106354185763,-1590.405022066605,1622.0900278943332,2500
5,QB,exposure_ablation,target_exposure_histgb,survival_brier,0.001455577351203049,-0.01766300145313398,0.02055596885698083,2500
5,QB,exposure_ablation,target_exposure_histgb,conditional_mae,-2.1490899947749607,-21.075711060292765,13.041061507073321,2500
5,QB,exposure_ablation,target_exposure_histgb,conditional_mse,-2756.123987108617,-7881.59747657188,976.1605863451244,2500
5,QB,exposure_ablation,target_poly,mae,3.882937363355057,-1.1471169296207584,8.836871105175625,2500
5,QB,exposure_ablation,target_poly,mse,1786.8117159265114,385.0432926441548,3380.9276428812436,2500
5,QB,exposure_ablation,target_poly,survival_brier,0.012569507096992637,-0.002276726743171388,0.027306176712262157,2500
5,QB,exposure_ablation,target_poly,conditional_mae,11.437176418638403,1.512330412326812,20.62683054451166,2500
5,QB,exposure_ablation,target_poly,conditional_mse,3979.5087925891266,1362.6968907807693,7000.921675296825,2500
5,QB,exposure_ablation,target_poly_exposure,mae,1.613545298000481,-3.274660098783167,6.003573273994121,2500
5,QB,exposure_ablation,target_poly_exposure,mse,356.8839355560864,-918.8804353845643,1617.5627268800272,2500
5,QB,exposure_ablation,target_poly_exposure,survival_brier,-0.005927973457280488,-0.018041401433317106,0.006952165517079187,2500
5,QB,exposure_ablation,target_poly_exposure,conditional_mae,-0.6033298615913056,-10.213955468409036,7.794712950154018,2500
5,QB,exposure_ablation,target_poly_exposure,conditional_mse,74.95163092002763,-1923.2014339736131,2217.9180162594325,2500
5,QB,target_exposure_histgb,target_poly,mae,-2.8877806680621028,-11.89944845963509,6.3468999139220665,2500
5,QB,target_exposure_histgb,target_poly,mse,1734.5006523846534,-615.4113009407354,4570.245208140735,2500
5,QB,target_exposure_histgb,target_poly,survival_brier,0.011113929745789584,-0.011311697435633023,0.0331817165805756,2500
5,QB,target_exposure_histgb,target_poly,conditional_mae,13.58626641341336,-6.2181570454359765,34.36949781113385,2500
5,QB,target_exposure_histgb,target_poly,conditional_mse,6735.632779697742,1432.1342068736694,13067.47506208541,2500
5,QB,target_exposure_histgb,target_poly_exposure,mae,-5.157172733416679,-11.668229083951182,1.5851026090139255,2500
5,QB,target_exposure_histgb,target_poly_exposure,mse,304.5728720142288,-1371.9847282370854,2062.492061838055,2500
5,QB,target_exposure_histgb,target_poly_exposure,survival_brier,-0.007383550808483539,-0.025547016480872257,0.011676902307053288,2500
5,QB,target_exposure_histgb,target_poly_exposure,conditional_mae,1.545760133183654,-11.938045249657646,17.76962763240402,2500
5,QB,target_exposure_histgb,target_poly_exposure,conditional_mse,2831.0756180286444,-871.438593645486,7704.967944323448,2500
5,QB,target_poly,target_poly_exposure,mae,-2.2693920653545754,-8.137585427517774,3.5908980100177312,2500
5,QB,target_poly,target_poly_exposure,mse,-1429.9277803704247,-3259.660101502164,91.88072635466143,2500
5,QB,target_poly,target_poly_exposure,survival_brier,-0.018497480554273124,-0.03941933400108818,0.002490674654283034,2500
5,QB,target_poly,target_poly_exposure,conditional_mae,-12.040506280229708,-24.548638784643007,-2.0555726759295747,2500
5,QB,target_poly,target_poly_exposure,conditional_mse,-3904.5571616690977,-7493.874494281606,-1001.1241693606572,2500
5,RB,base_linear,exposure_ablation,mae,-0.17334001517650965,-0.7132152277852869,0.3269438056325046,2500
5,RB,base_linear,exposure_ablation,mse,5.740466558995598,-83.09902550073775,93.00804474847979,2500
5,RB,base_linear,exposure_ablation,survival_brier,-0.002028998325634013,-0.006889450035561057,0.0028367090282079874,2500
5,RB,base_linear,exposure_ablation,conditional_mae,1.283194466882528,-1.803309007696911,4.380302697447438,2500
5,RB,base_linear,exposure_ablation,conditional_mse,296.3792260648227,-151.04057918048434,789.0509728031775,2500
5,RB,base_linear,target_exposure_histgb,mae,1.9289995142168774,0.7950797071299527,3.0451737035070825,2500
5,RB,base_linear,target_exposure_histgb,mse,33.14248249650299,-154.69777844780816,240.75995028801108,2500
5,RB,base_linear,target_exposure_histgb,survival_brier,0.0037739548541732794,-0.005270438728358428,0.013477351445351317,2500
5,RB,base_linear,target_exposure_histgb,conditional_mae,3.6382480378054693,-2.328305189912262,9.131255800168546,2500
5,RB,base_linear,target_exposure_histgb,conditional_mse,-93.97270871292378,-1244.2034324564813,815.2717180556779,2500
5,RB,base_linear,target_poly,mae,0.09038687535445328,0.018030761207887405,0.17522828934160842,2500
5,RB,base_linear,target_poly,mse,2.4053906558450904,-9.282843883819758,14.885138525453646,2500
5,RB,base_linear,target_poly,survival_brier,0.00041929105273073126,-0.00045882787593387917,0.0012483803867729321,2500
5,RB,base_linear,target_poly,conditional_mae,-0.04960418557553901,-0.3783831509064268,0.23792383438547832,2500
5,RB,base_linear,target_poly,conditional_mse,-33.57415176389273,-101.0462398526968,17.6699171739369,2500
5,RB,base_linear,target_poly_exposure,mae,-0.26827208233247496,-0.8424624331180337,0.29625752832852137,2500
5,RB,base_linear,target_poly_exposure,mse,27.138066145323027,-75.56529738344831,114.8297405419454,2500
5,RB,base_linear,target_poly_exposure,survival_brier,-0.004935436958318509,-0.012163146920202976,0.0016985852939021566,2500
5,RB,base_linear,target_poly_exposure,conditional_mae,1.1869806222937018,-2.5983171979309585,5.042728456750924,2500
5,RB,base_linear,target_poly_exposure,conditional_mse,428.81852272464255,-76.85249560665576,1009.8796650078017,2500
5,RB,exposure_ablation,target_exposure_histgb,mae,2.1023395293933866,0.9077361520196391,3.2968390559713785,2500
5,RB,exposure_ablation,target_exposure_histgb,mse,27.402015937507393,-166.71591746002287,230.4904281501296,2500
5,RB,exposure_ablation,target_exposure_histgb,survival_brier,0.005802953179807291,-0.0034336086569821526,0.014767853263296455,2500
5,RB,exposure_ablation,target_exposure_histgb,conditional_mae,2.3550535709229417,-4.097281199716422,8.508009592334036,2500
5,RB,exposure_ablation,target_exposure_histgb,conditional_mse,-390.3519347777465,-1579.654737004753,589.9902313540866,2500
5,RB,exposure_ablation,target_poly,mae,0.26372689053096293,-0.24750448394151756,0.8455806420212728,2500
5,RB,exposure_ablation,target_poly,mse,-3.335075903150499,-94.78516304704057,92.54457275425294,2500
5,RB,exposure_ablation,target_poly,survival_brier,0.002448289378364744,-0.002431681401797669,0.006958822186502612,2500
5,RB,exposure_ablation,target_poly,conditional_mae,-1.3327986524580675,-4.579308612466863,1.5577394454047138,2500
5,RB,exposure_ablation,target_poly,conditional_mse,-329.9533778287154,-807.5896903330896,124.76891474117721,2500
5,RB,exposure_ablation,target_poly_exposure,mae,-0.09493206715596529,-0.4292202459148021,0.19211698000610977,2500
5,RB,exposure_ablation,target_poly_exposure,mse,21.397599586327424,-12.249787626962553,66.67420011117854,2500
5,RB,exposure_ablation,target_poly_exposure,survival_brier,-0.002906438632684496,-0.008165915661752713,0.002610301472189429,2500
5,RB,exposure_ablation,target_poly_exposure,conditional_mae,-0.09621384458882634,-1.797719382025661,1.4659507672822403,2500
5,RB,exposure_ablation,target_poly_exposure,conditional_mse,132.43929665981992,-74.25181631568732,374.6000233969458,2500
5,RB,target_exposure_histgb,target_poly,mae,-1.838612638862424,-2.9513199701514763,-0.7624647408603306,2500
5,RB,target_exposure_histgb,target_poly,mse,-30.73709184065791,-236.5048009193181,163.88896796408147,2500
5,RB,target_exposure_histgb,target_poly,survival_brier,-0.0033546638014425477,-0.012584872959796937,0.004826764287409748,2500
5,RB,target_exposure_histgb,target_poly,conditional_mae,-3.6878522233810096,-9.470126495815155,2.385510865571517,2500
5,RB,target_exposure_histgb,target_poly,conditional_mse,60.39855694903105,-866.7376284598614,1079.7551010417988,2500
5,RB,target_exposure_histgb,target_poly_exposure,mae,-2.197271596549352,-3.3809103260343547,-1.0536404573157656,2500
5,RB,target_exposure_histgb,target_poly_exposure,mse,-6.004416351179986,-185.87312164065108,206.71114407205818,2500
5,RB,target_exposure_histgb,target_poly_exposure,survival_brier,-0.00870939181249179,-0.016811862288918216,-0.0003406725641312835,2500
5,RB,target_exposure_histgb,target_poly_exposure,conditional_mae,-2.451267415511769,-9.004896264495363,4.297810481474231,2500
5,RB,target_exposure_histgb,target_poly_exposure,conditional_mse,522.7912314375665,-554.4172920597433,1900.804921428241,2500
5,RB,target_poly,target_poly_exposure,mae,-0.3586589576869283,-0.9135823450031513,0.23142344895974962,2500
5,RB,target_poly,target_poly_exposure,mse,24.73267548947793,-82.63181261873237,116.896510479075,2500
5,RB,target_poly,target_poly_exposure,survival_brier,-0.005354728011049241,-0.012074249327037897,0.001268195458862977,2500
5,RB,target_poly,target_poly_exposure,conditional_mae,1.2365848078692405,-2.4725519785988666,5.1455460002700075,2500
5,RB,target_poly,target_poly_exposure,conditional_mse,462.39267448853536,-23.660682435879913,1130.4138289851544,2500
5,TE,base_linear,exposure_ablation,mae,-0.9525057918427337,-1.7623331085057508,-0.11333135231223213,2500
5,TE,base_linear,exposure_ablation,mse,-73.88021158988788,-224.6456151913385,29.929243307915673,2500
5,TE,base_linear,exposure_ablation,survival_brier,-0.004628591085549478,-0.015231940304921782,0.006196055468723074,2500
5,TE,base_linear,exposure_ablation,conditional_mae,-2.7688123855384976,-5.975291773849071,-0.19459371400066083,2500
5,TE,base_linear,exposure_ablation,conditional_mse,-340.1381199211372,-811.4330678447651,-56.29724898387245,2500
5,TE,base_linear,target_exposure_histgb,mae,1.289953490454763,-0.4052346397729435,3.0006516275637463,2500
5,TE,base_linear,target_exposure_histgb,mse,-51.06639597438794,-234.1641768287224,92.637389523031,2500
5,TE,base_linear,target_exposure_histgb,survival_brier,-0.008872595252919457,-0.02192396423207077,0.0035734665400406055,2500
5,TE,base_linear,target_exposure_histgb,conditional_mae,0.2743831883449926,-5.246277496193422,5.681541480398774,2500
5,TE,base_linear,target_exposure_histgb,conditional_mse,-300.1592207259897,-947.9563071273565,215.5363080395741,2500
5,TE,base_linear,target_poly,mae,0.04065329386207207,-0.06419768356583004,0.16088737357977298,2500
5,TE,base_linear,target_poly,mse,7.235962172524229,-1.8077338644061902,20.554759886408508,2500
5,TE,base_linear,target_poly,survival_brier,0.001268035160386774,0.00015692035458150447,0.002681240327653539,2500
5,TE,base_linear,target_poly,conditional_mae,0.12253805532798526,-0.1944525041439875,0.5172310432496185,2500
5,TE,base_linear,target_poly,conditional_mse,21.40552050896903,-10.663500976667514,69.83274814013022,2500
5,TE,base_linear,target_poly_exposure,mae,-1.000422020537298,-2.1482078902351818,-0.05112142141157072,2500
5,TE,base_linear,target_poly_exposure,mse,-78.04216067223753,-274.92379803735935,41.151803219304796,2500
5,TE,base_linear,target_poly_exposure,survival_brier,-0.006459867775630718,-0.01806938543316088,0.005921746580658085,2500
5,TE,base_linear,target_poly_exposure,conditional_mae,-2.766613418706433,-7.594725762916449,0.23107993032295504,2500
5,TE,base_linear,target_poly_exposure,conditional_mse,-355.7312578967133,-992.0276398642957,5.376979182324078,2500
5,TE,exposure_ablation,target_exposure_histgb,mae,2.2424592822974967,0.838165814715933,3.671342399610417,2500
5,TE,exposure_ablation,target_exposure_histgb,mse,22.813815615499927,-80.88277307755828,118.88447173229497,2500
5,TE,exposure_ablation,target_exposure_histgb,survival_brier,-0.004244004167369977,-0.018797016516224306,0.00967520347071319,2500
5,TE,exposure_ablation,target_exposure_histgb,conditional_mae,3.04319557388349,-1.7743233057778425,7.881036764400233,2500
5,TE,exposure_ablation,target_exposure_histgb,conditional_mse,39.978899195147484,-337.3958618183963,423.3646497467439,2500
5,TE,exposure_ablation,target_poly,mae,0.9931590857048055,0.16599953678944326,1.8420814211232481,2500
5,TE,exposure_ablation,target_poly,mse,81.1161737624121,-23.950148228984713,238.98933495516474,2500
5,TE,exposure_ablation,target_poly,survival_brier,0.0058966262459362526,-0.004777552261978309,0.01592438799140594,2500
5,TE,exposure_ablation,target_poly,conditional_mae,2.8913504408664834,0.23144151400523522,6.506619867024355,2500
5,TE,exposure_ablation,target_poly,conditional_mse,361.5436404301062,67.53170928537845,847.3373349917937,2500
5,TE,exposure_ablation,target_poly_exposure,mae,-0.0479162286945646,-0.6797898923703092,0.5704656974633342,2500
5,TE,exposure_ablation,target_poly_exposure,mse,-4.161949082349637,-87.83362310531304,52.24378413162898,2500
5,TE,exposure_ablation,target_poly_exposure,survival_brier,-0.0018312766900812406,-0.010920932777204866,0.007411884379122262,2500
5,TE,exposure_ablation,target_poly_exposure,conditional_mae,0.002198966832064987,-1.6854980118603695,1.2418730056294907,2500
5,TE,exposure_ablation,target_poly_exposure,conditional_mse,-15.593137975576138,-257.3373343609614,114.9467244700937,2500
5,TE,target_exposure_histgb,target_poly,mae,-1.2493001965926906,-2.892992178551013,0.3786352349124084,2500
5,TE,target_exposure_histgb,target_poly,mse,58.30235814691217,-91.52283831581576,257.29831827229384,2500
5,TE,target_exposure_histgb,target_poly,survival_brier,0.010140630413306229,-0.003383305540386014,0.02302375615389413,2500
5,TE,target_exposure_histgb,target_poly,conditional_mae,-0.1518451330170074,-5.970377325246401,5.5380982054442205,2500
5,TE,target_exposure_histgb,target_poly,conditional_mse,321.5647412349587,-190.37914240613983,971.8096675279699,2500
5,TE,target_exposure_histgb,target_poly_exposure,mae,-2.290375510992061,-3.6373180606666984,-0.978006121032006,2500
5,TE,target_exposure_histgb,target_poly_exposure,mse,-26.975764697849566,-119.46961929954601,76.36188033829308,2500
5,TE,target_exposure_histgb,target_poly_exposure,survival_brier,0.0024127274772887375,-0.01138997622377785,0.014206516537669819,2500
5,TE,target_exposure_histgb,target_poly_exposure,conditional_mae,-3.040996607051425,-8.089469523433635,1.7838414722788525,2500
5,TE,target_exposure_histgb,target_poly_exposure,conditional_mse,-55.572037170723625,-445.7492489342308,333.2209716188243,2500
5,TE,target_poly,target_poly_exposure,mae,-1.04107531439937,-2.251078174792341,0.01894078478920963,2500
5,TE,target_poly,target_poly_exposure,mse,-85.27812284476175,-296.59371097651973,42.761768940940065,2500
5,TE,target_poly,target_poly_exposure,survival_brier,-0.0077279029360174945,-0.020611125939900988,0.004688845764286078,2500
5,TE,target_poly,target_poly_exposure,conditional_mae,-2.8891514740344175,-7.31442757768932,0.18029678650430767,2500
5,TE,target_poly,target_poly_exposure,conditional_mse,-377.1367784056823,-1117.5152736920404,-15.349180663604836,2500
5,WR,base_linear,exposure_ablation,mae,-1.9769021503381894,-2.713390236416575,-1.2421584530440881,2500
5,WR,base_linear,exposure_ablation,mse,-61.86632859271147,-154.99250548164463,17.949703835255878,2500
5,WR,base_linear,exposure_ablation,survival_brier,-0.0036529148762567847,-0.01226469323838076,0.005787156559495397,2500
5,WR,base_linear,exposure_ablation,conditional_mae,-0.9542517053703905,-3.47379589010225,1.9088048220496414,2500
5,WR,base_linear,exposure_ablation,conditional_mse,-177.428585840449,-449.9608900585827,111.9608824058346,2500
5,WR,base_linear,target_exposure_histgb,mae,0.4338239204377907,-0.5157705066519346,1.3843194303180453,2500
5,WR,base_linear,target_exposure_histgb,mse,2.048454097530597,-100.05305177651833,110.72180220169265,2500
5,WR,base_linear,target_exposure_histgb,survival_brier,-0.0045577882216800945,-0.01458994602924227,0.006494757359493678,2500
5,WR,base_linear,target_exposure_histgb,conditional_mae,6.344998134850609,2.257004748993892,10.351045429263376,2500
5,WR,base_linear,target_exposure_histgb,conditional_mse,487.0908796398319,-18.38427138516903,1006.0051322802544,2500
5,WR,base_linear,target_poly,mae,-0.02992492500079644,-0.13814665182597866,0.07308820545426759,2500
5,WR,base_linear,target_poly,mse,-7.276413803781082,-20.91341008626622,4.275188885829619,2500
5,WR,base_linear,target_poly,survival_brier,-3.373860009986792e-05,-0.0002730817262743429,0.00019036900227583725,2500
5,WR,base_linear,target_poly,conditional_mae,0.006076556544287776,-0.3968681737209014,0.423969816620459,2500
5,WR,base_linear,target_poly,conditional_mse,-10.673203620656201,-57.62070088062599,32.92079875877385,2500
5,WR,base_linear,target_poly_exposure,mae,-2.1428431396634746,-2.836002014122379,-1.425747485340174,2500
5,WR,base_linear,target_poly_exposure,mse,-55.89157293690652,-139.72625201217093,37.25440703807504,2500
5,WR,base_linear,target_poly_exposure,survival_brier,-0.0069923360417623055,-0.018010780498166033,0.0046926530349370365,2500
5,WR,base_linear,target_poly_exposure,conditional_mae,-0.6587029290357695,-2.822574273969317,1.8068871020589294,2500
5,WR,base_linear,target_poly_exposure,conditional_mse,-169.8451663487087,-416.79083555838287,74.54260291301115,2500
5,WR,exposure_ablation,target_exposure_histgb,mae,2.41072607077598,1.3675758194697105,3.4939511403832317,2500
5,WR,exposure_ablation,target_exposure_histgb,mse,63.91478269024205,-42.93713879950874,185.55350031831568,2500
5,WR,exposure_ablation,target_exposure_histgb,survival_brier,-0.0009048733454233086,-0.009346161378760718,0.007552087283986017,2500
5,WR,exposure_ablation,target_exposure_histgb,conditional_mae,7.299249840221,2.8852507003223,11.814716922825346,2500
5,WR,exposure_ablation,target_exposure_histgb,conditional_mse,664.5194654802809,186.91098918941947,1183.5110660565697,2500
5,WR,exposure_ablation,target_poly,mae,1.946977225337393,1.19714015372482,2.6927705617912627,2500
5,WR,exposure_ablation,target_poly,mse,54.589914788930386,-34.970364072001736,146.10081100916494,2500
5,WR,exposure_ablation,target_poly,survival_brier,0.0036191762761569168,-0.006002163910425907,0.012589673567030769,2500
5,WR,exposure_ablation,target_poly,conditional_mae,0.9603282619146779,-2.0223358281295227,3.469099660703447,2500
5,WR,exposure_ablation,target_poly,conditional_mse,166.75538221979278,-111.93098258212227,442.2024141685157,2500
5,WR,exposure_ablation,target_poly_exposure,mae,-0.1659409893252853,-0.5488719438778883,0.14910529869958605,2500
5,WR,exposure_ablation,target_poly_exposure,mse,5.974755655804938,-24.728772801776607,40.532960172380115,2500
5,WR,exposure_ablation,target_poly_exposure,survival_brier,-0.003339421165505521,-0.008783543737764741,0.002346553662009059,2500
5,WR,exposure_ablation,target_poly_exposure,conditional_mae,0.29554877633462073,-0.7060701636790381,1.174319978231142,2500
5,WR,exposure_ablation,target_poly_exposure,conditional_mse,7.583419491740308,-83.806913929556,94.52207461805023,2500
5,WR,target_exposure_histgb,target_poly,mae,-0.46374884543858724,-1.3740918239325308,0.4542613940180151,2500
5,WR,target_exposure_histgb,target_poly,mse,-9.324867901311679,-120.88089533494293,101.70489117413887,2500
5,WR,target_exposure_histgb,target_poly,survival_brier,0.004524049621580226,-0.006091360277318138,0.014645883499505885,2500
5,WR,target_exposure_histgb,target_poly,conditional_mae,-6.338921578306322,-10.474298023021882,-2.1411989679426475,2500
5,WR,target_exposure_histgb,target_poly,conditional_mse,-497.7640832604881,-996.0822971007884,-39.157673195700994,2500
5,WR,target_exposure_histgb,target_poly_exposure,mae,-2.5766670601012653,-3.6456551377542183,-1.5396940769345246,2500
5,WR,target_exposure_histgb,target_poly_exposure,mse,-57.94002703443713,-192.59568325483588,65.34589892162113,2500
5,WR,target_exposure_histgb,target_poly_exposure,survival_brier,-0.002434547820082212,-0.012470254753300861,0.006694684373719927,2500
5,WR,target_exposure_histgb,target_poly_exposure,conditional_mae,-7.00370106388638,-11.22773204536234,-3.0254147786605112,2500
5,WR,target_exposure_histgb,target_poly_exposure,conditional_mse,-656.9360459885406,-1158.9788212726767,-202.11699004115982,2500
5,WR,target_poly,target_poly_exposure,mae,-2.112918214662678,-2.867389051548386,-1.3724707705563726,2500
5,WR,target_poly,target_poly_exposure,mse,-48.615159133125445,-132.6512130456676,40.659421861849744,2500
5,WR,target_poly,target_poly_exposure,survival_brier,-0.006958597441662439,-0.017749669741519515,0.004470524472435028,2500
5,WR,target_poly,target_poly_exposure,conditional_mae,-0.6647794855800572,-2.762826075988413,1.685107895487966,2500
5,WR,target_poly,target_poly_exposure,conditional_mse,-159.17196272805248,-393.8054216401574,85.08761251171333,2500
6,QB,base_linear,exposure_ablation,mae,0.26787538459929,-5.353405593101385,7.343376920450154,2500
6,QB,base_linear,exposure_ablation,mse,-706.2655777672386,-2453.283974405255,1082.2554263762013,2500
6,QB,base_linear,exposure_ablation,survival_brier,-0.011721806738888625,-0.027601359594587305,0.005175549599944479,2500
6,QB,base_linear,exposure_ablation,conditional_mae,-6.873279111919102,-19.407093370145176,7.311985407792063,2500
6,QB,base_linear,exposure_ablation,conditional_mse,-2516.258830857828,-5896.232421127246,1441.3175378627243,2500
6,QB,base_linear,target_exposure_histgb,mae,5.388348091509047,-4.473518202083879,14.391115936213444,2500
6,QB,base_linear,target_exposure_histgb,mse,-1485.0668972888784,-4020.995087909639,816.0714810692383,2500
6,QB,base_linear,target_exposure_histgb,survival_brier,-0.0014136615789552395,-0.02734966767676401,0.024985717456185864,2500
6,QB,base_linear,target_exposure_histgb,conditional_mae,-3.7598991395623367,-31.79416811899046,21.943749078445528,2500
6,QB,base_linear,target_exposure_histgb,conditional_mse,-4639.990552670574,-12114.47818529707,2368.7311572709496,2500
6,QB,base_linear,target_poly,mae,-0.05228768801129375,-0.5261896216662982,0.4175379330725221,2500
6,QB,base_linear,target_poly,mse,-14.550116403733897,-154.71073080938405,111.60316364482362,2500
6,QB,base_linear,target_poly,survival_brier,1.1383649438529426e-05,-0.0029280627352465884,0.002806669962582354,2500
6,QB,base_linear,target_poly,conditional_mae,0.000980151421093839,-1.2257913051938794,1.358444379286208,2500
6,QB,base_linear,target_poly,conditional_mse,-30.898669979427225,-453.109832569506,499.7718794301875,2500
6,QB,base_linear,target_poly_exposure,mae,-0.2984353198985138,-6.3378718927668185,6.1665696478182115,2500
6,QB,base_linear,target_poly_exposure,mse,-1011.20126493382,-2820.5198810938473,656.1386388027943,2500
6,QB,base_linear,target_poly_exposure,survival_brier,-0.018931742558796386,-0.0414801419525766,0.003705424524333749,2500
6,QB,base_linear,target_poly_exposure,conditional_mae,-6.3694543004074475,-19.554425403517257,7.7336362474390965,2500
6,QB,base_linear,target_poly_exposure,conditional_mse,-2746.817955614976,-6849.040843804896,1284.9585715137798,2500
6,QB,exposure_ablation,target_exposure_histgb,mae,5.120472706909757,-2.165256361514387,11.41052894227384,2500
6,QB,exposure_ablation,target_exposure_histgb,mse,-778.8013195216396,-2655.552920604507,720.3977305698696,2500
6,QB,exposure_ablation,target_exposure_histgb,survival_brier,0.010308145159933387,-0.009490116519622387,0.030972898017220606,2500
6,QB,exposure_ablation,target_exposure_histgb,conditional_mae,3.113379972356764,-16.487534149649456,22.330675322971057,2500
6,QB,exposure_ablation,target_exposure_histgb,conditional_mse,-2123.7317218127464,-7939.406655528084,2654.7911676131007,2500
6,QB,exposure_ablation,target_poly,mae,-0.320163072610584,-6.712197369895581,5.363550240150819,2500
6,QB,exposure_ablation,target_poly,mse,691.7154613635047,-1072.119578644378,2305.692514624948,2500
6,QB,exposure_ablation,target_poly,survival_brier,0.011733190388327156,-0.0042662484203825025,0.028162085358758856,2500
6,QB,exposure_ablation,target_poly,conditional_mae,6.874259263340195,-6.338085873910112,19.554004735062698,2500
6,QB,exposure_ablation,target_poly,conditional_mse,2485.3601608784,-1039.3510261209954,6170.571090212241,2500
6,QB,exposure_ablation,target_poly_exposure,mae,-0.5663107044978039,-4.403801230298866,2.5689189709390865,2500
6,QB,exposure_ablation,target_poly_exposure,mse,-304.9356871665813,-1307.6646710580476,451.8846169050717,2500
6,QB,exposure_ablation,target_poly_exposure,survival_brier,-0.007209935819907757,-0.021955307800070902,0.007076943110428867,2500
6,QB,exposure_ablation,target_poly_exposure,conditional_mae,0.5038248115116544,-5.996783657299213,7.044794566128249,2500
6,QB,exposure_ablation,target_poly_exposure,conditional_mse,-230.5591247571483,-1881.235510944961,1158.0376498882595,2500
6,QB,target_exposure_histgb,target_poly,mae,-5.440635779520341,-14.131834876118335,4.1271604895613905,2500
6,QB,target_exposure_histgb,target_poly,mse,1470.5167808851443,-713.7043178734635,3993.751053868173,2500
6,QB,target_exposure_histgb,target_poly,survival_brier,0.0014250452283937692,-0.0234170320415478,0.02647891410054458,2500
6,QB,target_exposure_histgb,target_poly,conditional_mae,3.7608792909834268,-22.740283224186268,29.37610931578053,2500
6,QB,target_exposure_histgb,target_poly,conditional_mse,4609.091882691147,-2240.3136338040085,12117.988335380134,2500
6,QB,target_exposure_histgb,target_poly_exposure,mae,-5.686783411407561,-11.361862314571127,0.5024895043251838,2500
6,QB,target_exposure_histgb,target_poly_exposure,mse,473.8656323550581,-799.8400274185418,1998.6818597578008,2500
6,QB,target_exposure_histgb,target_poly_exposure,survival_brier,-0.017518080979841148,-0.0372806704422614,0.0008108720502485085,2500
6,QB,target_exposure_histgb,target_poly_exposure,conditional_mae,-2.6095551608451117,-21.540506782717074,17.056149829264598,2500
6,QB,target_exposure_histgb,target_poly_exposure,conditional_mse,1893.1725970555983,-3063.453856755546,7961.553817058965,2500
6,QB,target_poly,target_poly_exposure,mae,-0.24614763188722022,-6.100790577878648,5.6531245395621355,2500
6,QB,target_poly,target_poly_exposure,mse,-996.6511485300862,-2592.8114619724515,631.2069441191542,2500
6,QB,target_poly,target_poly_exposure,survival_brier,-0.018943126208234913,-0.04087405480677979,0.0028999350795887056,2500
6,QB,target_poly,target_poly_exposure,conditional_mae,-6.370434451828541,-19.1603280468294,7.3429065937943365,2500
6,QB,target_poly,target_poly_exposure,conditional_mse,-2715.919285635549,-6549.267973735451,1149.2624844143022,2500
6,RB,base_linear,exposure_ablation,mae,-0.256269221434906,-0.853075645375679,0.3681655757898753,2500
6,RB,base_linear,exposure_ablation,mse,-21.11146507289617,-107.47409764830113,67.62765223544682,2500
6,RB,base_linear,exposure_ablation,survival_brier,-0.0026819447973266248,-0.006596558087283161,0.0010399343570324932,2500
6,RB,base_linear,exposure_ablation,conditional_mae,1.6261771501826825,-2.6276386383582593,5.981954144105612,2500
6,RB,base_linear,exposure_ablation,conditional_mse,335.11173693997966,-468.74867620132835,1132.3132174707528,2500
6,RB,base_linear,target_exposure_histgb,mae,2.3708906278268205,1.0901594160841337,3.701812129947233,2500
6,RB,base_linear,target_exposure_histgb,mse,16.018174544534293,-226.71908115148082,202.44432227571693,2500
6,RB,base_linear,target_exposure_histgb,survival_brier,0.003970237958746772,-0.007040519031448212,0.015526499541028265,2500
6,RB,base_linear,target_exposure_histgb,conditional_mae,5.277870306553338,-3.4237972397600243,14.282509796831992,2500
6,RB,base_linear,target_exposure_histgb,conditional_mse,-245.60511701333894,-2035.9046827459576,1233.229257437744,2500
6,RB,base_linear,target_poly,mae,0.06689646366470876,0.007249462595941356,0.1362047358217478,2500
6,RB,base_linear,target_poly,mse,-1.407990023308545,-12.284623160849172,7.708723523684724,2500
6,RB,base_linear,target_poly,survival_brier,0.00030623086247521993,-0.0002829746598102831,0.0009551865675730233,2500
6,RB,base_linear,target_poly,conditional_mae,-0.05424527428778282,-0.5621669558361813,0.4521000079086667,2500
6,RB,base_linear,target_poly,conditional_mse,-59.68527883676487,-169.38945318650985,12.97076028945438,2500
6,RB,base_linear,target_poly_exposure,mae,-0.26611494167584043,-0.8416464824289902,0.3679760530120831,2500
6,RB,base_linear,target_poly_exposure,mse,-15.460246144183197,-103.70920298317596,74.50394809604373,2500
6,RB,base_linear,target_poly_exposure,survival_brier,-0.004149972667007722,-0.009481023558576065,0.0012109169355016024,2500
6,RB,base_linear,target_poly_exposure,conditional_mae,2.9537587949189703,-1.7648802488999853,8.042144326133851,2500
6,RB,base_linear,target_poly_exposure,conditional_mse,533.6597093506169,-323.62723600265093,1421.8405742916689,2500
6,RB,exposure_ablation,target_exposure_histgb,mae,2.627159849261727,1.4406484409139386,3.87085622338769,2500
6,RB,exposure_ablation,target_exposure_histgb,mse,37.12963961743046,-210.76799972083003,230.43370497572207,2500
6,RB,exposure_ablation,target_exposure_histgb,survival_brier,0.006652182756073396,-0.0037824693827080273,0.016814228799519,2500
6,RB,exposure_ablation,target_exposure_histgb,conditional_mae,3.651693156370655,-5.989280030659568,13.214287635681053,2500
6,RB,exposure_ablation,target_exposure_histgb,conditional_mse,-580.716853953319,-2422.535519629024,1060.4007337702287,2500
6,RB,exposure_ablation,target_poly,mae,0.3231656850996148,-0.28542247279210126,0.9159968606076866,2500
6,RB,exposure_ablation,target_poly,mse,19.703475049587624,-66.36898852498906,106.17326814662611,2500
6,RB,exposure_ablation,target_poly,survival_brier,0.002988175659801845,-0.0009316045528740212,0.00712697121858255,2500
6,RB,exposure_ablation,target_poly,conditional_mae,-1.6804224244704649,-5.936184495397185,2.5198777775159265,2500
6,RB,exposure_ablation,target_poly,conditional_mse,-394.7970157767447,-1180.1910694624323,391.9558125711399,2500
6,RB,exposure_ablation,target_poly_exposure,mae,-0.009845720240934447,-0.3219056666196216,0.3023784197686732,2500
6,RB,exposure_ablation,target_poly_exposure,mse,5.651218928712976,-16.147165167391826,27.975694449789696,2500
6,RB,exposure_ablation,target_poly_exposure,survival_brier,-0.0014680278696810978,-0.005733589469426192,0.0017257597877259668,2500
6,RB,exposure_ablation,target_poly_exposure,conditional_mae,1.3275816447362883,-0.08419332523997167,3.2746538032063883,2500
6,RB,exposure_ablation,target_poly_exposure,conditional_mse,198.5479724106373,38.03070313971262,384.1571055001254,2500
6,RB,target_exposure_histgb,target_poly,mae,-2.3039941641621113,-3.7179994088750283,-1.0555315089106292,2500
6,RB,target_exposure_histgb,target_poly,mse,-17.426164567842864,-199.83681188358668,246.36892317276855,2500
6,RB,target_exposure_histgb,target_poly,survival_brier,-0.003664007096271551,-0.014415112687987206,0.006916422978045077,2500
6,RB,target_exposure_histgb,target_poly,conditional_mae,-5.33211558084112,-14.226731781487652,3.5587120175435105,2500
6,RB,target_exposure_histgb,target_poly,conditional_mse,185.91983817657422,-1338.4336460298762,1962.3471724539986,2500
6,RB,target_exposure_histgb,target_poly_exposure,mae,-2.6370055695026613,-3.877940649538132,-1.4807424116477679,2500
6,RB,target_exposure_histgb,target_poly_exposure,mse,-31.478420688717485,-205.54933290331914,227.33933766985413,2500
6,RB,target_exposure_histgb,target_poly_exposure,survival_brier,-0.008120210625754494,-0.018111453938711743,0.001227202912830175,2500
6,RB,target_exposure_histgb,target_poly_exposure,conditional_mae,-2.3241115116343676,-12.250208466083842,7.444246781804258,2500
6,RB,target_exposure_histgb,target_poly_exposure,conditional_mse,779.264826363956,-942.2167473446725,2755.5094974271105,2500
6,RB,target_poly,target_poly_exposure,mae,-0.3330114053405493,-0.9423089957434586,0.2871184524988118,2500
6,RB,target_poly,target_poly_exposure,mse,-14.052256120874647,-98.73921900265496,80.8709194171176,2500
6,RB,target_poly,target_poly_exposure,survival_brier,-0.004456203529482942,-0.010118272315625391,0.00024307187646745157,2500
6,RB,target_poly,target_poly_exposure,conditional_mae,3.0080040692067525,-1.665036487620368,7.840707448657308,2500
6,RB,target_poly,target_poly_exposure,conditional_mse,593.344988187382,-198.73522978548237,1485.932048070899,2500
6,TE,base_linear,exposure_ablation,mae,-0.260461753217102,-1.293503805415627,1.2744305961073552,2500
6,TE,base_linear,exposure_ablation,mse,-39.91780739861253,-149.47123748682168,76.60262864168686,2500
6,TE,base_linear,exposure_ablation,survival_brier,0.006835988648197212,-0.008689686989574742,0.03186057617114774,2500
6,TE,base_linear,exposure_ablation,conditional_mae,-2.5269683337711193,-5.748279091360694,-0.08504480872784716,2500
6,TE,base_linear,exposure_ablation,conditional_mse,-248.46088617812129,-568.9762391951747,-46.53529006375547,2500
6,TE,base_linear,target_exposure_histgb,mae,2.0217485984437884,0.5828220297724437,3.444057911887796,2500
6,TE,base_linear,target_exposure_histgb,mse,-20.614916632610775,-188.21544033045572,80.6299397091032,2500
6,TE,base_linear,target_exposure_histgb,survival_brier,-0.004076115799113424,-0.02100318998990892,0.011628749000350692,2500
6,TE,base_linear,target_exposure_histgb,conditional_mae,3.8832494181020927,-2.563437651722489,11.482156849915018,2500
6,TE,base_linear,target_exposure_histgb,conditional_mse,56.518571782356744,-638.5116373458862,642.8628264592177,2500
6,TE,base_linear,target_poly,mae,0.05220369302194253,-0.025723746014527985,0.13829512369149266,2500
6,TE,base_linear,target_poly,mse,6.412003242951943,-2.051842451215447,18.86324081188248,2500
6,TE,base_linear,target_poly,survival_brier,0.0010840068202863926,0.000267599032460989,0.0020822015642862107,2500
6,TE,base_linear,target_poly,conditional_mae,0.20613828315668573,-0.13096412440720895,0.5535222801487624,2500
6,TE,base_linear,target_poly,conditional_mse,25.063572425932385,-6.2290385838574025,82.91224579508936,2500
6,TE,base_linear,target_poly_exposure,mae,0.3606852776461382,-1.0453984638594094,2.303950383752902,2500
6,TE,base_linear,target_poly_exposure,mse,6.819957260993875,-159.42728615594078,159.42053403629316,2500
6,TE,base_linear,target_poly_exposure,survival_brier,0.010660582159721085,-0.007185304384635444,0.0401239914963539,2500
6,TE,base_linear,target_poly_exposure,conditional_mae,2.17829244841743,-4.912084300179946,21.66564559961808,2500
6,TE,base_linear,target_poly_exposure,conditional_mse,2301.3917273916027,-394.8398837754505,13563.265598834209,2500
6,TE,exposure_ablation,target_exposure_histgb,mae,2.2822103516608907,0.9159196405992885,3.7059843941654673,2500
6,TE,exposure_ablation,target_exposure_histgb,mse,19.302890766001756,-109.39559119371062,118.80001020576253,2500
6,TE,exposure_ablation,target_exposure_histgb,survival_brier,-0.010912104447310637,-0.03108168497163535,0.005397203352401012,2500
6,TE,exposure_ablation,target_exposure_histgb,conditional_mae,6.410217751873212,1.2044082120696986,12.51283669117924,2500
6,TE,exposure_ablation,target_exposure_histgb,conditional_mse,304.97945796047804,-128.0393416195789,786.7316269345037,2500
6,TE,exposure_ablation,target_poly,mae,0.3126654462390445,-1.2350400641113806,1.3207138120348658,2500
6,TE,exposure_ablation,target_poly,mse,46.32981064156447,-65.9855686562809,172.38704848922694,2500
6,TE,exposure_ablation,target_poly,survival_brier,-0.00575198182791082,-0.02890220830955401,0.009769651807647491,2500
6,TE,exposure_ablation,target_poly,conditional_mae,2.7331066169278055,0.06436917996113438,5.885940222492454,2500
6,TE,exposure_ablation,target_poly,conditional_mse,273.5244586040537,29.326468636812834,649.1444802649858,2500
6,TE,exposure_ablation,target_poly_exposure,mae,0.6211470308632404,-0.14590028656088266,1.5266148028484892,2500
6,TE,exposure_ablation,target_poly_exposure,mse,46.73776465960641,-30.102159234555593,139.87340893448768,2500
6,TE,exposure_ablation,target_poly_exposure,survival_brier,0.0038245935115238695,-0.0041591855733360645,0.012594303806154233,2500
6,TE,exposure_ablation,target_poly_exposure,conditional_mae,4.70526078218855,-1.2406485559578488,23.720549896803536,2500
6,TE,exposure_ablation,target_poly_exposure,conditional_mse,2549.8526135697243,-68.33829280832079,14171.219138977367,2500
6,TE,target_exposure_histgb,target_poly,mae,-1.9695449054218461,-3.4687618177703463,-0.6059892502866924,2500
6,TE,target_exposure_histgb,target_poly,mse,27.02691987556272,-80.32945189309454,198.7731434642739,2500
6,TE,target_exposure_histgb,target_poly,survival_brier,0.005160122619399818,-0.011353557244116392,0.021799034071796477,2500
6,TE,target_exposure_histgb,target_poly,conditional_mae,-3.677111134945407,-11.209456494335164,2.9086560301671756,2500
6,TE,target_exposure_histgb,target_poly,conditional_mse,-31.454999356424334,-602.0605014197525,664.920894008786,2500
6,TE,target_exposure_histgb,target_poly_exposure,mae,-1.6610633207976504,-2.9808891007678917,-0.16399103322468025,2500
6,TE,target_exposure_histgb,target_poly_exposure,mse,27.434873893604653,-74.65915399649316,168.19531225903452,2500
6,TE,target_exposure_histgb,target_poly_exposure,survival_brier,0.014736697958834508,-0.0030310713731694933,0.03947229231912489,2500
6,TE,target_exposure_histgb,target_poly_exposure,conditional_mae,-1.704956969684662,-10.98029750051223,19.58692866557346,2500
6,TE,target_exposure_histgb,target_poly_exposure,conditional_mse,2244.873155609246,-451.0944583584087,14507.089599140103,2500
6,TE,target_poly,target_poly_exposure,mae,0.3084815846241957,-1.1735539000992041,2.1539299324407586,2500
6,TE,target_poly,target_poly_exposure,mse,0.407954018041931,-173.30874480915298,164.19416038776896,2500
6,TE,target_poly,target_poly_exposure,survival_brier,0.00957657533943469,-0.009023635959136678,0.039012064431626955,2500
6,TE,target_poly,target_poly_exposure,conditional_mae,1.972154165260745,-5.188662519265133,23.587353655342365,2500
6,TE,target_poly,target_poly_exposure,conditional_mse,2276.32815496567,-473.78349589245516,13835.930845047369,2500
6,WR,base_linear,exposure_ablation,mae,-1.5138644681434132,-2.146807139446528,-0.8718275057922359,2500
6,WR,base_linear,exposure_ablation,mse,16.78768435545251,-58.797695336593996,103.00912466070447,2500
6,WR,base_linear,exposure_ablation,survival_brier,0.0002660071253500725,-0.006996098605623883,0.007918882036772264,2500
6,WR,base_linear,exposure_ablation,conditional_mae,0.16049843231723923,-2.3305651714060898,2.5111392982462437,2500
6,WR,base_linear,exposure_ablation,conditional_mse,80.99079555978658,-255.02412091237403,520.6995392693605,2500
6,WR,base_linear,target_exposure_histgb,mae,0.1598010004382821,-0.66980165412777,1.0332591024761104,2500
6,WR,base_linear,target_exposure_histgb,mse,52.9112028756557,-35.51526327169443,187.19461951776685,2500
6,WR,base_linear,target_exposure_histgb,survival_brier,0.004258053120229091,-0.006156811654127509,0.015557837144375383,2500
6,WR,base_linear,target_exposure_histgb,conditional_mae,6.095037020012954,-0.4856819927871247,12.064262112177966,2500
6,WR,base_linear,target_exposure_histgb,conditional_mse,464.60913541617276,-355.2118029616895,1175.17583956917,2500
6,WR,base_linear,target_poly,mae,0.017018745027588718,-0.0945504635021989,0.12579832399896446,2500
6,WR,base_linear,target_poly,mse,-4.649657095283212,-20.1455111572872,9.017407610942923,2500
6,WR,base_linear,target_poly,survival_brier,-6.677702702646265e-05,-0.00038370631490921306,0.00021183700237290213,2500
6,WR,base_linear,target_poly,conditional_mae,0.004526641056950414,-0.5625472208058742,0.5446316962854897,2500
6,WR,base_linear,target_poly,conditional_mse,-1.605065244566587,-85.01678293243509,91.3450804188777,2500
6,WR,base_linear,target_poly_exposure,mae,-1.4854845731118256,-2.2580231349167605,-0.488013879149162,2500
6,WR,base_linear,target_poly_exposure,mse,64.26081110109436,-47.16491853402663,370.40677352753573,2500
6,WR,base_linear,target_poly_exposure,survival_brier,-0.001920325497111202,-0.01189408127467779,0.0082782676276795,2500
6,WR,base_linear,target_poly_exposure,conditional_mae,0.8147718128622058,-1.9175010090213649,4.788104595310282,2500
6,WR,base_linear,target_poly_exposure,conditional_mse,477.225528336232,-173.69583638349718,2398.6554193822835,2500
6,WR,exposure_ablation,target_exposure_histgb,mae,1.6736654685816954,0.7373414329272951,2.644036680283438,2500
6,WR,exposure_ablation,target_exposure_histgb,mse,36.123518520203184,-80.27620910566677,156.6515078076325,2500
6,WR,exposure_ablation,target_exposure_histgb,survival_brier,0.003992045994879017,-0.0037761452668903235,0.012203088115180677,2500
6,WR,exposure_ablation,target_exposure_histgb,conditional_mae,5.934538587695715,-1.3193420933361217,12.445011966068314,2500
6,WR,exposure_ablation,target_exposure_histgb,conditional_mse,383.6183398563861,-642.5454787824341,1164.5406409162013,2500
6,WR,exposure_ablation,target_poly,mae,1.5308832131710017,0.8502260287321739,2.1977993624112893,2500
6,WR,exposure_ablation,target_poly,mse,-21.43734145073572,-116.17142932185435,52.650302555926444,2500
6,WR,exposure_ablation,target_poly,survival_brier,-0.00033278415237653536,-0.008243989255345323,0.007358650147213222,2500
6,WR,exposure_ablation,target_poly,conditional_mae,-0.15597179126028868,-2.5917421354344397,2.4256495905450297,2500
6,WR,exposure_ablation,target_poly,conditional_mse,-82.59586080435317,-482.58928155940686,237.26354019814244,2500
6,WR,exposure_ablation,target_poly_exposure,mae,0.028379895031587363,-0.543900410698271,0.728576295740416,2500
6,WR,exposure_ablation,target_poly_exposure,mse,47.47312674564184,-36.84316902385574,322.65829618755157,2500
6,WR,exposure_ablation,target_poly_exposure,survival_brier,-0.0021863326224612753,-0.008644376766246461,0.0058659479322701645,2500
6,WR,exposure_ablation,target_poly_exposure,conditional_mae,0.6542733805449666,-0.9763178483088292,3.760228836451293,2500
6,WR,exposure_ablation,target_poly_exposure,conditional_mse,396.23473277644547,-86.13053471712311,2152.3563401801403,2500
6,WR,target_exposure_histgb,target_poly,mae,-0.1427822554106933,-1.0091417775204583,0.7022800695103542,2500
6,WR,target_exposure_histgb,target_poly,mse,-57.5608599709389,-190.0410762219792,38.281768802476726,2500
6,WR,target_exposure_histgb,target_poly,survival_brier,-0.004324830147255554,-0.01634388640673037,0.006197660358778903,2500
6,WR,target_exposure_histgb,target_poly,conditional_mae,-6.090510378956004,-12.202564086665278,0.29686896353525055,2500
6,WR,target_exposure_histgb,target_poly,conditional_mse,-466.21420066073944,-1125.963991366469,254.36553973606541,2500
6,WR,target_exposure_histgb,target_poly_exposure,mae,-1.6452855735501077,-2.746858879431361,-0.4760039961754727,2500
6,WR,target_exposure_histgb,target_poly_exposure,mse,11.34960822543867,-147.0213144992088,297.1846485998309,2500
6,WR,target_exposure_histgb,target_poly_exposure,survival_brier,-0.006178378617340293,-0.016144093713420925,0.003867658164834544,2500
6,WR,target_exposure_histgb,target_poly_exposure,conditional_mae,-5.280265207150749,-12.193605810937784,3.511461917151867,2500
6,WR,target_exposure_histgb,target_poly_exposure,conditional_mse,12.616392920059251,-1086.5716229719112,2545.235783252413,2500
6,WR,target_poly,target_poly_exposure,mae,-1.5025033181394145,-2.3186500745172616,-0.5345106426952961,2500
6,WR,target_poly,target_poly_exposure,mse,68.9104681963776,-41.24302526216361,378.7950365093753,2500
6,WR,target_poly,target_poly_exposure,survival_brier,-0.0018535484700847402,-0.011669603407760734,0.008534000528921063,2500
6,WR,target_poly,target_poly_exposure,conditional_mae,0.8102451718052556,-1.7985148064552259,4.56749389034941,2500
6,WR,target_poly,target_poly_exposure,conditional_mse,478.8305935807986,-125.00606045076006,2539.02890789971,2500
7,QB,base_linear,exposure_ablation,mae,4.9701332523774955,-3.038302827635291,15.125264058905358,2500
7,QB,base_linear,exposure_ablation,mse,1552.0251426834973,-1483.1214999986137,7003.625983945679,2500
7,QB,base_linear,exposure_ablation,survival_brier,-0.010288233456066657,-0.02813820764616551,0.007362349789156565,2500
7,QB,base_linear,exposure_ablation,conditional_mae,-0.1599826629669486,-21.170557362413117,30.432634857629218,2500
7,QB,base_linear,exposure_ablation,conditional_mse,1671.4529942281633,-5482.106451299686,15952.75337443436,2500
7,QB,base_linear,target_exposure_histgb,mae,5.574268854994365,-2.5521804500318837,14.008529109622826,2500
7,QB,base_linear,target_exposure_histgb,mse,-740.7988449611707,-2950.8591359080156,1211.6333699403478,2500
7,QB,base_linear,target_exposure_histgb,survival_brier,-0.008997498068144089,-0.03275360449342801,0.015192710431443024,2500
7,QB,base_linear,target_exposure_histgb,conditional_mae,-6.786845381416432,-38.18955379610536,23.96778033206894,2500
7,QB,base_linear,target_exposure_histgb,conditional_mse,-3492.946743287198,-11768.449850320383,4019.3361825108987,2500
7,QB,base_linear,target_poly,mae,0.17394093026990254,-0.3400670021832313,0.6841937410696252,2500
7,QB,base_linear,target_poly,mse,2.596242401328037,-138.3759374090124,120.37825926653917,2500
7,QB,base_linear,target_poly,survival_brier,0.0006376798282030972,-0.0029730366881300244,0.0038284855419835496,2500
7,QB,base_linear,target_poly,conditional_mae,-0.09012459437691396,-1.5421924075041662,1.2831063290451552,2500
7,QB,base_linear,target_poly,conditional_mse,-130.12474653512882,-573.2149071817038,213.65755954877864,2500
7,QB,base_linear,target_poly_exposure,mae,3.8872025110100434,-4.5604847147857415,13.939216936071336,2500
7,QB,base_linear,target_poly_exposure,mse,693.1143745835637,-1859.5777396622111,4669.407228884923,2500
7,QB,base_linear,target_poly_exposure,survival_brier,-0.0118443998597943,-0.03435781386732189,0.010040090520821027,2500
7,QB,base_linear,target_poly_exposure,conditional_mae,-0.7593964999419834,-22.865500077829275,28.354509154014178,2500
7,QB,base_linear,target_poly_exposure,conditional_mse,484.41874975589764,-6793.6282162074995,12824.797277588224,2500
7,QB,exposure_ablation,target_exposure_histgb,mae,0.60413560261687,-8.424514602587717,7.595945156526211,2500
7,QB,exposure_ablation,target_exposure_histgb,mse,-2292.8239876446673,-7673.386171782825,121.99515694055573,2500
7,QB,exposure_ablation,target_exposure_histgb,survival_brier,0.001290735387922567,-0.01668844185773326,0.02024141994973172,2500
7,QB,exposure_ablation,target_exposure_histgb,conditional_mae,-6.626862718449481,-36.54956538086749,20.771122440206323,2500
7,QB,exposure_ablation,target_exposure_histgb,conditional_mse,-5164.399737515361,-18006.582591298746,3348.2516749954116,2500
7,QB,exposure_ablation,target_poly,mae,-4.796192322107593,-15.083284342408893,3.294921868397317,2500
7,QB,exposure_ablation,target_poly,mse,-1549.4289002821688,-6282.385829977463,1304.0167849844795,2500
7,QB,exposure_ablation,target_poly,survival_brier,0.010925913284269752,-0.006955909466496562,0.02868818962726295,2500
7,QB,exposure_ablation,target_poly,conditional_mae,0.0698580685900354,-30.837585608804808,20.741865905479116,2500
7,QB,exposure_ablation,target_poly,conditional_mse,-1801.577740763293,-14941.267669883686,5221.485893389115,2500
7,QB,exposure_ablation,target_poly_exposure,mae,-1.082930741367452,-5.048434476194029,2.5982965589024363,2500
7,QB,exposure_ablation,target_poly_exposure,mse,-858.9107680999332,-3019.1143422380574,314.0186869778568,2500
7,QB,exposure_ablation,target_poly_exposure,survival_brier,-0.0015561664037276437,-0.0133107862648301,0.009830071554573097,2500
7,QB,exposure_ablation,target_poly_exposure,conditional_mae,-0.5994138369750347,-10.132591110129129,8.502681249642077,2500
7,QB,exposure_ablation,target_poly_exposure,conditional_mse,-1187.0342444722658,-5670.31807184001,994.2652460182934,2500
7,QB,target_exposure_histgb,target_poly,mae,-5.400327924724463,-13.839515534846843,3.162544626038293,2500
7,QB,target_exposure_histgb,target_poly,mse,743.3950873624987,-1253.3903735148701,2873.6242019116585,2500
7,QB,target_exposure_histgb,target_poly,survival_brier,0.009635177896347182,-0.01378956572552088,0.03262737925455553,2500
7,QB,target_exposure_histgb,target_poly,conditional_mae,6.6967207870395145,-22.460032395526838,37.290530122002394,2500
7,QB,target_exposure_histgb,target_poly,conditional_mse,3362.8219967520695,-4158.896605826926,11315.46713360632,2500
7,QB,target_exposure_histgb,target_poly_exposure,mae,-1.6870663439843225,-8.398626033595258,6.136445758913457,2500
7,QB,target_exposure_histgb,target_poly_exposure,mse,1433.9132195447341,-496.66239954491607,4529.740387762505,2500
7,QB,target_exposure_histgb,target_poly_exposure,survival_brier,-0.00284690179165021,-0.022376484277969084,0.014858635945813348,2500
7,QB,target_exposure_histgb,target_poly_exposure,conditional_mae,6.027448881474446,-18.67117413252064,33.087458339302046,2500
7,QB,target_exposure_histgb,target_poly_exposure,conditional_mse,3977.3654930430957,-3986.3517220879653,13230.118921001367,2500
7,QB,target_poly,target_poly_exposure,mae,3.71326158074014,-4.2557073249164405,13.263931429427986,2500
7,QB,target_poly,target_poly_exposure,mse,690.5181321822356,-1931.7694190962593,4348.15862371712,2500
7,QB,target_poly,target_poly_exposure,survival_brier,-0.012482079687997397,-0.03371852008003446,0.007565629524170281,2500
7,QB,target_poly,target_poly_exposure,conditional_mae,-0.669271905565069,-23.589082024057863,27.458789916158327,2500
7,QB,target_poly,target_poly_exposure,conditional_mse,614.5434962910272,-6416.059651941077,12083.101973112109,2500
7,RB,base_linear,exposure_ablation,mae,-0.8377358822582459,-1.5411283647544138,-0.15781940024490348,2500
7,RB,base_linear,exposure_ablation,mse,-7.764824081197023,-59.0123576299432,49.59967468694984,2500
7,RB,base_linear,exposure_ablation,survival_brier,-0.003721035133720609,-0.009322805162269146,0.0012575056066479369,2500
7,RB,base_linear,exposure_ablation,conditional_mae,-1.2231614732656548,-6.133825309687954,4.642996144457159,2500
7,RB,base_linear,exposure_ablation,conditional_mse,125.23795716602945,-661.555352746218,1067.934003306445,2500
7,RB,base_linear,target_exposure_histgb,mae,0.9793641851355408,0.07149544145544467,1.879137649851783,2500
7,RB,base_linear,target_exposure_histgb,mse,-32.334735940052425,-205.66193052137035,80.61298457472387,2500
7,RB,base_linear,target_exposure_histgb,survival_brier,0.002762709561679838,-0.006116229191107636,0.013049767455349187,2500
7,RB,base_linear,target_exposure_histgb,conditional_mae,7.106113379881793,-7.801444032967417,23.293907264978913,2500
7,RB,base_linear,target_exposure_histgb,conditional_mse,70.07666861027487,-2382.383909078091,2595.494399191697,2500
7,RB,base_linear,target_poly,mae,0.06257825036223535,-0.006333882677947527,0.14065678242923346,2500
7,RB,base_linear,target_poly,mse,-0.549459811702761,-12.940108583904017,9.375175538776773,2500
7,RB,base_linear,target_poly,survival_brier,0.00018311345814199062,-9.949302448016477e-05,0.0005296026151389499,2500
7,RB,base_linear,target_poly,conditional_mae,-0.01209596843804005,-0.7193237470877237,0.7388874409296804,2500
7,RB,base_linear,target_poly,conditional_mse,-58.54700333403807,-214.83473030073233,54.75259630348545,2500
7,RB,base_linear,target_poly_exposure,mae,-1.2133895840382853,-2.099076151793932,-0.4314798352699639,2500
7,RB,base_linear,target_poly_exposure,mse,-6.109167965459558,-69.4096400322552,66.68710206543155,2500
7,RB,base_linear,target_poly_exposure,survival_brier,-0.004537961340305359,-0.010734999217152784,0.001218016549110371,2500
7,RB,base_linear,target_poly_exposure,conditional_mae,-1.4570699699113465,-6.798699285417755,5.041414089740514,2500
7,RB,base_linear,target_poly_exposure,conditional_mse,334.4638775971102,-457.35498788828073,1464.8876118259616,2500
7,RB,exposure_ablation,target_exposure_histgb,mae,1.8171000673937867,0.5787808162153025,3.139387270782438,2500
7,RB,exposure_ablation,target_exposure_histgb,mse,-24.569911858855413,-215.28126309587694,109.92260143289943,2500
7,RB,exposure_ablation,target_exposure_histgb,survival_brier,0.006483744695400449,-0.0017254800389747888,0.015295379977740211,2500
7,RB,exposure_ablation,target_exposure_histgb,conditional_mae,8.32927485314745,-7.813141308162444,25.681392885906824,2500
7,RB,exposure_ablation,target_exposure_histgb,conditional_mse,-55.161288555754545,-3024.69274829804,2530.0879415377576,2500
7,RB,exposure_ablation,target_poly,mae,0.9003141326204814,0.20922204900187738,1.6150842215216519,2500
7,RB,exposure_ablation,target_poly,mse,7.2153642694942635,-56.8294967788029,67.76725666042344,2500
7,RB,exposure_ablation,target_poly,survival_brier,0.0039041485918626002,-0.0017212535522606411,0.009526960258969989,2500
7,RB,exposure_ablation,target_poly,conditional_mae,1.2110655048276147,-4.467159754959114,5.9124649763120845,2500
7,RB,exposure_ablation,target_poly,conditional_mse,-183.7849605000674,-1167.3366445008444,614.2089942026957,2500
7,RB,exposure_ablation,target_poly_exposure,mae,-0.3756537017800395,-0.6964864954010366,-0.16245709131689995,2500
7,RB,exposure_ablation,target_poly_exposure,mse,1.6556561157374639,-15.818513575993745,25.194309119781277,2500
7,RB,exposure_ablation,target_poly_exposure,survival_brier,-0.0008169262065847495,-0.002816461052108135,0.0009704536756227469,2500
7,RB,exposure_ablation,target_poly_exposure,conditional_mae,-0.23390849664569183,-2.475156757611715,1.4313523211305046,2500
7,RB,exposure_ablation,target_poly_exposure,conditional_mse,209.22592043108077,-82.65915670451177,527.5393767185633,2500
7,RB,target_exposure_histgb,target_poly,mae,-0.9167859347733057,-1.816127460825427,-0.027125986236019913,2500
7,RB,target_exposure_histgb,target_poly,mse,31.785276128349675,-73.93164976502422,215.79375189622112,2500
7,RB,target_exposure_histgb,target_poly,survival_brier,-0.002579596103537848,-0.013307153392302273,0.007397855029895677,2500
7,RB,target_exposure_histgb,target_poly,conditional_mae,-7.118209348319836,-22.702489189994512,7.55702415351246,2500
7,RB,target_exposure_histgb,target_poly,conditional_mse,-128.62367194431312,-2446.942933397114,2241.3329053035013,2500
7,RB,target_exposure_histgb,target_poly_exposure,mae,-2.1927537691738266,-3.592718411689502,-0.9278821178800964,2500
7,RB,target_exposure_histgb,target_poly_exposure,mse,26.225567974592867,-106.89821209677247,259.94541947056075,2500
7,RB,target_exposure_histgb,target_poly_exposure,survival_brier,-0.007300670901985198,-0.015962616642775942,0.00022651629859846728,2500
7,RB,target_exposure_histgb,target_poly_exposure,conditional_mae,-8.56318334979314,-27.11482886696374,8.606371645289167,2500
7,RB,target_exposure_histgb,target_poly_exposure,conditional_mse,264.38720898683556,-2713.0120258712986,3577.2144099100856,2500
7,RB,target_poly,target_poly_exposure,mae,-1.2759678344005208,-2.187918693684448,-0.5132274967628755,2500
7,RB,target_poly,target_poly_exposure,mse,-5.559708153756793,-77.22618460547852,70.73336904832716,2500
7,RB,target_poly,target_poly_exposure,survival_brier,-0.004721074798447349,-0.01101317902675317,0.0008024392385443656,2500
7,RB,target_poly,target_poly_exposure,conditional_mae,-1.4449740014733068,-7.0648653757631,5.048904177536711,2500
7,RB,target_poly,target_poly_exposure,conditional_mse,393.0108809311483,-475.40843496915556,1634.381154334636,2500
7,TE,base_linear,exposure_ablation,mae,4.685366964908081,-0.039823263174088824,13.810470825165577,2500
7,TE,base_linear,exposure_ablation,mse,725.1101065769379,28.175443560798822,2498.4301895976355,2500
7,TE,base_linear,exposure_ablation,survival_brier,0.020824443161862976,-0.0008572560315810854,0.0625412820064995,2500
7,TE,base_linear,exposure_ablation,conditional_mae,13.400364155461581,-0.3694642194658694,49.88966266026718,2500
7,TE,base_linear,exposure_ablation,conditional_mse,2698.5964591445168,82.34827380617408,9911.927569292182,2500
7,TE,base_linear,target_exposure_histgb,mae,1.2988250888988269,-0.05970390122956389,2.487443940990473,2500
7,TE,base_linear,target_exposure_histgb,mse,-26.411516353084973,-159.70412562583215,49.50275568541828,2500
7,TE,base_linear,target_exposure_histgb,survival_brier,-0.00016547020514498187,-0.011859609443785769,0.012154071849248266,2500
7,TE,base_linear,target_exposure_histgb,conditional_mae,1.5446523630139162,-5.616459048262431,8.893207735830666,2500
7,TE,base_linear,target_exposure_histgb,conditional_mse,-97.14746341190362,-979.1568515684635,586.971043868341,2500
7,TE,base_linear,target_poly,mae,0.07768735527989701,-0.030950077681097483,0.20612886685670584,2500
7,TE,base_linear,target_poly,mse,9.496216304736448,1.2366571326722766,23.22238892842289,2500
7,TE,base_linear,target_poly,survival_brier,0.001274550744487338,0.00025229593742197645,0.0025908798492775957,2500
7,TE,base_linear,target_poly,conditional_mae,0.32089482810138414,-0.36224276763210583,0.8922085750534943,2500
7,TE,base_linear,target_poly,conditional_mse,55.16632720975939,2.940118451177749,151.0343261419868,2500
7,TE,base_linear,target_poly_exposure,mae,11.981458506112167,0.894654996031685,32.30443665874588,2500
7,TE,base_linear,target_poly_exposure,mse,3893.7026091598814,262.9832887220594,12980.492383372197,2500
7,TE,base_linear,target_poly_exposure,survival_brier,0.02269085603344771,-0.0005506949616521096,0.06467911233062691,2500
7,TE,base_linear,target_poly_exposure,conditional_mae,23.859679559457945,-0.1206214478947234,78.01411981847271,2500
7,TE,base_linear,target_poly_exposure,conditional_mse,7502.894646912331,368.01221998732666,26787.375697427517,2500
7,TE,exposure_ablation,target_exposure_histgb,mae,-3.3865418760092525,-11.76105918523585,0.8856478290487368,2500
7,TE,exposure_ablation,target_exposure_histgb,mse,-751.5216229300229,-2568.189495436854,-63.18163968581029,2500
7,TE,exposure_ablation,target_exposure_histgb,survival_brier,-0.020989913367007958,-0.06071484734463759,0.0024510098721779497,2500
7,TE,exposure_ablation,target_exposure_histgb,conditional_mae,-11.855711792447664,-47.62878058948153,3.7830814613897075,2500
7,TE,exposure_ablation,target_exposure_histgb,conditional_mse,-2795.7439225564203,-10385.048005264438,-132.08980715196842,2500
7,TE,exposure_ablation,target_poly,mae,-4.607679609628183,-13.295891057253334,0.09595287989665154,2500
7,TE,exposure_ablation,target_poly,mse,-715.6138902722015,-2617.575667721131,-17.88962688304331,2500
7,TE,exposure_ablation,target_poly,survival_brier,-0.019549892417375637,-0.060266165733422555,0.0031455333380002743,2500
7,TE,exposure_ablation,target_poly,conditional_mae,-13.079469327360199,-47.602255958984465,0.8861752347823656,2500
7,TE,exposure_ablation,target_poly,conditional_mse,-2643.4301319347564,-10081.255779746194,-2.1993807264367558,2500
7,TE,exposure_ablation,target_poly_exposure,mae,7.296091541204087,0.6667898359667613,20.199548525562566,2500
7,TE,exposure_ablation,target_poly_exposure,mse,3168.592502582943,203.35014527980414,10196.96992263757,2500
7,TE,exposure_ablation,target_poly_exposure,survival_brier,0.001866412871584728,-0.012322680406636095,0.014102085075298294,2500
7,TE,exposure_ablation,target_poly_exposure,conditional_mae,10.459315403996364,-1.706685899882272,39.97155659466679,2500
7,TE,exposure_ablation,target_poly_exposure,conditional_mse,4804.298187767817,84.44417093304897,19269.558801126557,2500
7,TE,target_exposure_histgb,target_poly,mae,-1.2211377336189302,-2.4486722125806124,0.06943291573215098,2500
7,TE,target_exposure_histgb,target_poly,mse,35.90773265782144,-45.778966469213195,179.76234063309246,2500
7,TE,target_exposure_histgb,target_poly,survival_brier,0.0014400209496323191,-0.011038882502192784,0.014060509996526985,2500
7,TE,target_exposure_histgb,target_poly,conditional_mae,-1.223757534912532,-8.51903569019283,6.442957415168957,2500
7,TE,target_exposure_histgb,target_poly,conditional_mse,152.313790621663,-500.19045777878364,1128.9288794695653,2500
7,TE,target_exposure_histgb,target_poly_exposure,mae,10.682633417213339,0.1863254963298363,31.16085977522864,2500
7,TE,target_exposure_histgb,target_poly_exposure,mse,3920.1141255129655,302.462284152102,12851.516266471577,2500
7,TE,target_exposure_histgb,target_poly_exposure,survival_brier,0.022856326238592684,-0.00038701198931787256,0.061138356706657127,2500
7,TE,target_exposure_histgb,target_poly_exposure,conditional_mae,22.315027196444028,-2.759978968757112,77.74156945384888,2500
7,TE,target_exposure_histgb,target_poly_exposure,conditional_mse,7600.042110324236,486.6161678536673,27478.306549002657,2500
7,TE,target_poly,target_poly_exposure,mae,11.90377115083227,0.8282636432587452,34.31284790449684,2500
7,TE,target_poly,target_poly_exposure,mse,3884.2063928551443,237.05527516890112,12119.363331899913,2500
7,TE,target_poly,target_poly_exposure,survival_brier,0.021416305288960366,-0.00194744640112685,0.06027473259260592,2500
7,TE,target_poly,target_poly_exposure,conditional_mae,23.53878473135656,-0.5613790659806956,76.04579160301267,2500
7,TE,target_poly,target_poly_exposure,conditional_mse,7447.728319702573,358.27812873016114,25091.41294121755,2500
7,WR,base_linear,exposure_ablation,mae,-1.5255538718596844,-2.520770221965265,-0.5694462782362059,2500
7,WR,base_linear,exposure_ablation,mse,60.1322992568575,-218.03432813733033,275.3731419100293,2500
7,WR,base_linear,exposure_ablation,survival_brier,0.004283370227651619,-0.00464791089606149,0.0150963264657041,2500
7,WR,base_linear,exposure_ablation,conditional_mae,1.6544017347030746,-2.674500743130105,7.18646673260411,2500
7,WR,base_linear,exposure_ablation,conditional_mse,53.233534975303805,-2153.3922064331596,1455.2196984871932,2500
7,WR,base_linear,target_exposure_histgb,mae,0.8053139711743141,-0.6130185954446984,1.8634658274593525,2500
7,WR,base_linear,target_exposure_histgb,mse,0.5705591720744391,-348.82586263391266,158.1393539589373,2500
7,WR,base_linear,target_exposure_histgb,survival_brier,0.0054121688349963535,-0.004806456181177107,0.017510098438200353,2500
7,WR,base_linear,target_exposure_histgb,conditional_mae,10.595573414621816,-1.3685685917213073,20.574595885872284,2500
7,WR,base_linear,target_exposure_histgb,conditional_mse,222.08683332457557,-3827.3920401211235,1897.599626682888,2500
7,WR,base_linear,target_poly,mae,0.035274902304036175,-0.07987045086067027,0.1772343006048631,2500
7,WR,base_linear,target_poly,mse,10.359821728527214,-14.74624204562183,82.39282570569723,2500
7,WR,base_linear,target_poly,survival_brier,-2.3297254248476497e-05,-0.0005275564235232994,0.00040626144314270644,2500
7,WR,base_linear,target_poly,conditional_mae,-0.07511186858390768,-0.7620016296995991,0.6843835985433897,2500
7,WR,base_linear,target_poly,conditional_mse,57.44512775775309,-110.1648823308373,519.6628052860984,2500
7,WR,base_linear,target_poly_exposure,mae,-1.37234479795194,-2.391778649707964,-0.43303917926767516,2500
7,WR,base_linear,target_poly_exposure,mse,150.44465579520326,20.872881662372016,383.75286967129824,2500
7,WR,base_linear,target_poly_exposure,survival_brier,0.007459477228901878,-0.003939863485077542,0.023292322641458307,2500
7,WR,base_linear,target_poly_exposure,conditional_mae,2.6895816946022397,-2.1805088078841663,8.421906524435437,2500
7,WR,base_linear,target_poly_exposure,conditional_mse,785.1927003844714,-3.1162597330738997,1863.222550906759,2500
7,WR,exposure_ablation,target_exposure_histgb,mae,2.330867843033998,1.1256575131191109,3.429800822915696,2500
7,WR,exposure_ablation,target_exposure_histgb,mse,-59.56174008478304,-268.8046436933743,68.07180960134892,2500
7,WR,exposure_ablation,target_exposure_histgb,survival_brier,0.0011287986073447362,-0.008459436289589627,0.011196292575141794,2500
7,WR,exposure_ablation,target_exposure_histgb,conditional_mae,8.941171679918742,-3.712847839829652,19.178975464116874,2500
7,WR,exposure_ablation,target_exposure_histgb,conditional_mse,168.85329834927174,-1802.754281172844,1646.0685233974432,2500
7,WR,exposure_ablation,target_poly,mae,1.5608287741637203,0.603496613033503,2.6605330500075683,2500
7,WR,exposure_ablation,target_poly,mse,-49.77247752833028,-296.71545138543803,272.8117115850601,2500
7,WR,exposure_ablation,target_poly,survival_brier,-0.004306667481900095,-0.015727633812123387,0.005327112902789457,2500
7,WR,exposure_ablation,target_poly,conditional_mae,-1.7295136032869824,-7.31039432312523,3.2270592702514937,2500
7,WR,exposure_ablation,target_poly,conditional_mse,4.211592782449299,-1430.734024021268,2595.1199418939395,2500
7,WR,exposure_ablation,target_poly_exposure,mae,0.15320907390774446,-0.3223451249838492,0.9441162662731014,2500
7,WR,exposure_ablation,target_poly_exposure,mse,90.31235653834577,-45.19107708783611,485.17372155131505,2500
7,WR,exposure_ablation,target_poly_exposure,survival_brier,0.0031761070012502595,-0.0038946006581134815,0.014105853323931042,2500
7,WR,exposure_ablation,target_poly_exposure,conditional_mae,1.0351799598991653,-1.7635945093079695,6.219912842048145,2500
7,WR,exposure_ablation,target_poly_exposure,conditional_mse,731.9591654091679,-167.05086110080592,3747.9997215802346,2500
7,WR,target_exposure_histgb,target_poly,mae,-0.7700390688702781,-1.8052899502084137,0.6689173567983457,2500
7,WR,target_exposure_histgb,target_poly,mse,9.78926255645277,-160.17113499486484,459.16528454049893,2500
7,WR,target_exposure_histgb,target_poly,survival_brier,-0.005435466089244832,-0.017636953853070264,0.00552267922277367,2500
7,WR,target_exposure_histgb,target_poly,conditional_mae,-10.670685283205723,-20.44172255783871,1.810878208125981,2500
7,WR,target_exposure_histgb,target_poly,conditional_mse,-164.6417055668225,-1924.0759272873504,4127.837560450814,2500
7,WR,target_exposure_histgb,target_poly_exposure,mae,-2.1776587691262543,-3.437020580236683,-0.3127895813023153,2500
7,WR,target_exposure_histgb,target_poly_exposure,mse,149.87409662312876,-59.673929216205586,683.2282370421883,2500
7,WR,target_exposure_histgb,target_poly_exposure,survival_brier,0.0020473083939055244,-0.01042958236502138,0.017758989981091083,2500
7,WR,target_exposure_histgb,target_poly_exposure,conditional_mae,-7.905991720019575,-19.06807562890926,7.437415698017561,2500
7,WR,target_exposure_histgb,target_poly_exposure,conditional_mse,563.1058670598958,-1463.5654285873202,4456.6682826902015,2500
7,WR,target_poly,target_poly_exposure,mae,-1.4076197002559763,-2.448476219886984,-0.43815498364988653,2500
7,WR,target_poly,target_poly_exposure,mse,140.08483406667605,15.84560335689869,351.24650864335894,2500
7,WR,target_poly,target_poly_exposure,survival_brier,0.007482774483150356,-0.004238705426025139,0.02323127387159758,2500
7,WR,target_poly,target_poly_exposure,conditional_mae,2.7646935631861473,-1.787187499727899,8.841642659390661,2500
7,WR,target_poly,target_poly_exposure,conditional_mse,727.7475726267184,70.08004672681709,1690.388368683517,2500
8,QB,base_linear,exposure_ablation,mae,6.450366335959125,-0.5640086318721899,15.600687329431812,2500
8,QB,base_linear,exposure_ablation,mse,762.9283373764083,-1268.7459942737632,2888.5187102475516,2500
8,QB,base_linear,exposure_ablation,survival_brier,-0.003291078588586431,-0.01835798474472478,0.012638027576666792,2500
8,QB,base_linear,exposure_ablation,conditional_mae,17.62045248555318,-10.18290762393567,51.84178332163967,2500
8,QB,base_linear,exposure_ablation,conditional_mse,3114.2560127220995,-4709.462393765852,13066.853421203905,2500
8,QB,base_linear,target_exposure_histgb,mae,10.821333778978042,1.009446286817408,20.69974274925775,2500
8,QB,base_linear,target_exposure_histgb,mse,181.3145609625839,-2537.9716898638117,2523.7509924881315,2500
8,QB,base_linear,target_exposure_histgb,survival_brier,0.0018582024687199565,-0.02790145722472603,0.03399740302588416,2500
8,QB,base_linear,target_exposure_histgb,conditional_mae,5.213500858351246,-38.84903120500736,49.31254034603864,2500
8,QB,base_linear,target_exposure_histgb,conditional_mse,44.0526714291103,-12014.710236301322,12410.375169633478,2500
8,QB,base_linear,target_poly,mae,0.04644547545011103,-0.5229859903600156,0.5378950551432212,2500
8,QB,base_linear,target_poly,mse,-71.01839251297251,-328.59582388698874,54.50808592992229,2500
8,QB,base_linear,target_poly,survival_brier,0.0011908626871783598,-0.003293858603971101,0.005151642587090164,2500
8,QB,base_linear,target_poly,conditional_mae,-0.4775877864744384,-2.390713274524422,1.3926751828231718,2500
8,QB,base_linear,target_poly,conditional_mse,-323.4512490155984,-964.8704121049785,84.0389209052849,2500
8,QB,base_linear,target_poly_exposure,mae,5.4185320293419785,-3.891815957674562,15.73612409845233,2500
8,QB,base_linear,target_poly_exposure,mse,430.0808737455305,-2416.7063676428047,3249.71080227534,2500
8,QB,base_linear,target_poly_exposure,survival_brier,-0.0044672361549378675,-0.026382180428155478,0.016180651806853786,2500
8,QB,base_linear,target_poly_exposure,conditional_mae,14.381412930663627,-25.38966373405326,61.46389380382143,2500
8,QB,base_linear,target_poly_exposure,conditional_mse,4327.344128376673,-7133.788425802244,18803.487242105206,2500
8,QB,exposure_ablation,target_exposure_histgb,mae,4.370967443018915,-4.632804275959197,13.109052144864851,2500
8,QB,exposure_ablation,target_exposure_histgb,mse,-581.6137764138242,-2378.887801423582,968.3192899575255,2500
8,QB,exposure_ablation,target_exposure_histgb,survival_brier,0.005149281057306386,-0.02505658777899724,0.0356069844054181,2500
8,QB,exposure_ablation,target_exposure_histgb,conditional_mae,-12.406951627201934,-45.2710462016857,21.873715264345275,2500
8,QB,exposure_ablation,target_exposure_histgb,conditional_mse,-3070.2033412929886,-12588.580700623645,7452.496926608982,2500
8,QB,exposure_ablation,target_poly,mae,-6.403920860509014,-15.65684926190893,0.6144730712830125,2500
8,QB,exposure_ablation,target_poly,mse,-833.9467298893809,-3042.5307587306766,1008.1519012387633,2500
8,QB,exposure_ablation,target_poly,survival_brier,0.004481941275764789,-0.00932276720659077,0.017247435980324785,2500
8,QB,exposure_ablation,target_poly,conditional_mae,-18.098040272027617,-50.564661106138885,9.902106866305324,2500
8,QB,exposure_ablation,target_poly,conditional_mse,-3437.7072617376984,-13654.957274449838,4148.032689517312,2500
8,QB,exposure_ablation,target_poly_exposure,mae,-1.0318343066171458,-5.690006655791635,2.4703860839221505,2500
8,QB,exposure_ablation,target_poly_exposure,mse,-332.8474636308781,-1605.4196849998823,694.0549410925454,2500
8,QB,exposure_ablation,target_poly_exposure,survival_brier,-0.0011761575663514383,-0.016061425862697126,0.014602413747560033,2500
8,QB,exposure_ablation,target_poly_exposure,conditional_mae,-3.2390395548895548,-21.162369493075975,14.41138046108585,2500
8,QB,exposure_ablation,target_poly_exposure,conditional_mse,1213.0881156545738,-3268.1552477860396,7164.299910953429,2500
8,QB,target_exposure_histgb,target_poly,mae,-10.774888303527927,-20.83755267746571,-0.9331947461680697,2500
8,QB,target_exposure_histgb,target_poly,mse,-252.3329534755563,-2450.6151851818586,2384.829488005465,2500
8,QB,target_exposure_histgb,target_poly,survival_brier,-0.0006673397815415978,-0.03264155848267076,0.03014995843324623,2500
8,QB,target_exposure_histgb,target_poly,conditional_mae,-5.691088644825687,-48.58039152322154,39.525830770591334,2500
8,QB,target_exposure_histgb,target_poly,conditional_mse,-367.50392044470914,-12639.044945233323,11455.649482289904,2500
8,QB,target_exposure_histgb,target_poly_exposure,mae,-5.402801749636061,-14.48820329371768,4.733436713736693,2500
8,QB,target_exposure_histgb,target_poly_exposure,mse,248.76631278294633,-1388.1267776281557,2258.907449241559,2500
8,QB,target_exposure_histgb,target_poly_exposure,survival_brier,-0.006325438623657827,-0.037075271174895445,0.021506523164811497,2500
8,QB,target_exposure_histgb,target_poly_exposure,conditional_mae,9.16791207231238,-30.86308624253633,48.90963654566423,2500
8,QB,target_exposure_histgb,target_poly_exposure,conditional_mse,4283.291456947562,-8080.510139125277,15518.298167825194,2500
8,QB,target_poly,target_poly_exposure,mae,5.372086553891869,-4.0053428850652955,15.494316835218436,2500
8,QB,target_poly,target_poly_exposure,mse,501.0992662585028,-2271.3797433355444,3079.482590087275,2500
8,QB,target_poly,target_poly_exposure,survival_brier,-0.00565809884211623,-0.025584384693641098,0.013092455697475941,2500
8,QB,target_poly,target_poly_exposure,conditional_mae,14.859000717138066,-26.51720447932481,60.510937046833355,2500
8,QB,target_poly,target_poly_exposure,conditional_mse,4650.795377392272,-6064.928611624497,19571.130019502885,2500
8,RB,base_linear,exposure_ablation,mae,-0.9886205764802428,-1.6290598700453398,-0.4154823278808852,2500
8,RB,base_linear,exposure_ablation,mse,39.98331284880653,-20.114167328902884,154.48118616507813,2500
8,RB,base_linear,exposure_ablation,survival_brier,-0.004676150751212987,-0.011273951606003994,0.001656545437886699,2500
8,RB,base_linear,exposure_ablation,conditional_mae,6.746423595444569,1.0637007414710116,13.872976996049028,2500
8,RB,base_linear,exposure_ablation,conditional_mse,1308.5856424411888,508.4980702193165,2760.8279841652607,2500
8,RB,base_linear,target_exposure_histgb,mae,0.4776229039065423,-0.05312642151796722,1.152797640588744,2500
8,RB,base_linear,target_exposure_histgb,mse,-10.227399893492155,-104.79371914446642,71.6268547658236,2500
8,RB,base_linear,target_exposure_histgb,survival_brier,-0.003522398165850052,-0.009924754599473316,0.003454535933148666,2500
8,RB,base_linear,target_exposure_histgb,conditional_mae,0.7321331256720239,-18.493564315745363,16.47129887571639,2500
8,RB,base_linear,target_exposure_histgb,conditional_mse,-2167.7647502901245,-7518.7696116086845,728.224395024637,2500
8,RB,base_linear,target_poly,mae,0.026739791572078085,-0.003053043181726188,0.06367854394752692,2500
8,RB,base_linear,target_poly,mse,0.31210563462712715,-2.7410500872674923,2.7153701708814286,2500
8,RB,base_linear,target_poly,survival_brier,0.00047066467343301213,4.5399543632470336e-05,0.0010741879105248503,2500
8,RB,base_linear,target_poly,conditional_mae,0.08816071754526016,-0.43516509007524057,0.6597803948170843,2500
8,RB,base_linear,target_poly,conditional_mse,27.876884477073197,-2.3051391274698108,94.37176091331992,2500
8,RB,base_linear,target_poly_exposure,mae,-1.5136545190110464,-2.371206938068584,-0.7016684255817107,2500
8,RB,base_linear,target_poly_exposure,mse,63.16518516107285,-15.183044244995317,214.8555703534767,2500
8,RB,base_linear,target_poly_exposure,survival_brier,-0.0032928870476381833,-0.012844792220856919,0.006869414051945483,2500
8,RB,base_linear,target_poly_exposure,conditional_mae,5.38422504626061,0.03602957802479578,14.201118115960746,2500
8,RB,base_linear,target_poly_exposure,conditional_mse,882.9377314971766,-195.64201114348268,3088.7407309911496,2500
8,RB,exposure_ablation,target_exposure_histgb,mae,1.4662434803867852,0.6590761578982446,2.37644134580682,2500
8,RB,exposure_ablation,target_exposure_histgb,mse,-50.21071274229869,-209.60552685102132,32.07972727371362,2500
8,RB,exposure_ablation,target_exposure_histgb,survival_brier,0.0011537525853629333,-0.0047722729221325345,0.005835949585824727,2500
8,RB,exposure_ablation,target_exposure_histgb,conditional_mae,-6.014290469772544,-30.939673933989347,13.314809552668597,2500
8,RB,exposure_ablation,target_exposure_histgb,conditional_mse,-3476.3503927313136,-10010.464762201624,-32.889004501706566,2500
8,RB,exposure_ablation,target_poly,mae,1.015360368052321,0.4190817486093064,1.6338249079388083,2500
8,RB,exposure_ablation,target_poly,mse,-39.671207214179404,-155.80269497639986,21.48680079528894,2500
8,RB,exposure_ablation,target_poly,survival_brier,0.005146815424645999,-0.0016827830347322535,0.011903623920369014,2500
8,RB,exposure_ablation,target_poly,conditional_mae,-6.6582628778993085,-13.706686540603044,-0.9153455457260141,2500
8,RB,exposure_ablation,target_poly,conditional_mse,-1280.7087579641159,-2833.3115758198164,-483.0334182380699,2500
8,RB,exposure_ablation,target_poly_exposure,mae,-0.5250339425308036,-0.9425660484602687,-0.20715133418679466,2500
8,RB,exposure_ablation,target_poly_exposure,mse,23.18187231226633,-0.9410273662381758,76.09657105487263,2500
8,RB,exposure_ablation,target_poly_exposure,survival_brier,0.001383263703574804,-0.003282428313926744,0.007259054136667059,2500
8,RB,exposure_ablation,target_poly_exposure,conditional_mae,-1.3621985491839586,-3.71043752144803,1.4486226825763953,2500
8,RB,exposure_ablation,target_poly_exposure,conditional_mse,-425.6479109440123,-1293.5525758401243,131.99125248041457,2500
8,RB,target_exposure_histgb,target_poly,mae,-0.45088311233446426,-1.1504219434533252,0.053029385299852745,2500
8,RB,target_exposure_histgb,target_poly,mse,10.539505528119276,-68.33330480455129,101.46113054034186,2500
8,RB,target_exposure_histgb,target_poly,survival_brier,0.0039930628392830635,-0.0029895240546516898,0.011143707128603226,2500
8,RB,target_exposure_histgb,target_poly,conditional_mae,-0.6439724081267646,-16.342051311770796,17.847459525026103,2500
8,RB,target_exposure_histgb,target_poly,conditional_mse,2195.641634767197,-576.3094784116273,7195.577985143664,2500
8,RB,target_exposure_histgb,target_poly_exposure,mae,-1.9912774229175891,-2.9515728502535077,-0.9967532279494216,2500
8,RB,target_exposure_histgb,target_poly_exposure,mse,73.39258505456503,-29.56745267580103,260.3639919165422,2500
8,RB,target_exposure_histgb,target_poly_exposure,survival_brier,0.000229511118211869,-0.006452889177327714,0.009138032305599517,2500
8,RB,target_exposure_histgb,target_poly_exposure,conditional_mae,4.652091920588586,-13.978939171874666,30.27235248914074,2500
8,RB,target_exposure_histgb,target_poly_exposure,conditional_mse,3050.702481787301,-213.64571895951795,9416.221543476559,2500
8,RB,target_poly,target_poly_exposure,mae,-1.5403943105831248,-2.4417182826922583,-0.7372529603534166,2500
8,RB,target_poly,target_poly_exposure,mse,62.85307952644572,-16.002721287434216,212.46127316013656,2500
8,RB,target_poly,target_poly_exposure,survival_brier,-0.0037635517210711958,-0.014367917540572117,0.00620491898726755,2500
8,RB,target_poly,target_poly_exposure,conditional_mae,5.29606432871535,-0.4506067900430568,14.072240265459385,2500
8,RB,target_poly,target_poly_exposure,conditional_mse,855.0608470201034,-113.06290340537699,2688.645540602537,2500
8,TE,base_linear,exposure_ablation,mae,2.374584638144561,-0.4678875859710428,5.805994459374614,2500
8,TE,base_linear,exposure_ablation,mse,92.09584629553538,13.452962401491998,203.24113636093205,2500
8,TE,base_linear,exposure_ablation,survival_brier,0.03172887127771361,-0.00048725005876796125,0.07275347378468026,2500
8,TE,base_linear,exposure_ablation,conditional_mae,13.375937166814706,1.4037397998034704,28.51974408091946,2500
8,TE,base_linear,exposure_ablation,conditional_mse,1713.318188570085,495.9170558902553,4170.0158931645365,2500
8,TE,base_linear,target_exposure_histgb,mae,1.6066585754662845,0.5808238003854385,2.629795057336163,2500
8,TE,base_linear,target_exposure_histgb,mse,37.943450909343014,-14.130991856661364,91.84052607039273,2500
8,TE,base_linear,target_exposure_histgb,survival_brier,0.0055281322166623875,-0.004035195713158342,0.019776366595636106,2500
8,TE,base_linear,target_exposure_histgb,conditional_mae,4.140286365068385,-8.497898150931823,16.322223295719123,2500
8,TE,base_linear,target_exposure_histgb,conditional_mse,198.87930968857583,-951.3447018863031,1427.8534842858382,2500
8,TE,base_linear,target_poly,mae,0.058663513955852495,-0.018662582320798596,0.15500543168168276,2500
8,TE,base_linear,target_poly,mse,4.353217969698047,-0.7285277322397296,11.722016295662067,2500
8,TE,base_linear,target_poly,survival_brier,0.0009056106925164805,-0.00024025623770290166,0.002400913137213635,2500
8,TE,base_linear,target_poly,conditional_mae,0.5539983559745215,0.11927190989622809,1.7275008582708673,2500
8,TE,base_linear,target_poly,conditional_mse,50.49279695333889,9.44664652298657,162.53756331437694,2500
8,TE,base_linear,target_poly_exposure,mae,5.344541976386452,0.5020268799052787,11.587209730886556,2500
8,TE,base_linear,target_poly_exposure,mse,352.61597906920946,55.08644704944534,858.7999506202397,2500
8,TE,base_linear,target_poly_exposure,survival_brier,0.09680255363951543,0.007886135769832952,0.20357422666042727,2500
8,TE,base_linear,target_poly_exposure,conditional_mae,12.49732655924773,1.1479598767832522,27.995713570739785,2500
8,TE,base_linear,target_poly_exposure,conditional_mse,1643.7208699014384,445.42992008170233,3939.141987402805,2500
8,TE,exposure_ablation,target_exposure_histgb,mae,-0.7679260626782772,-3.4640616985591968,1.5766002813507547,2500
8,TE,exposure_ablation,target_exposure_histgb,mse,-54.15239538619236,-152.26983572122478,30.54976160558129,2500
8,TE,exposure_ablation,target_exposure_histgb,survival_brier,-0.026200739061051217,-0.07162923868963594,0.013860416231860486,2500
8,TE,exposure_ablation,target_exposure_histgb,conditional_mae,-9.235650801746322,-28.309495857979734,11.323083093269606,2500
8,TE,exposure_ablation,target_exposure_histgb,conditional_mse,-1514.4388788815095,-3827.4814680435215,480.24109220828046,2500
8,TE,exposure_ablation,target_poly,mae,-2.315921124188709,-5.723552005234646,0.5673854644087785,2500
8,TE,exposure_ablation,target_poly,mse,-87.74262832583733,-200.338557115269,-7.370289380172857,2500
8,TE,exposure_ablation,target_poly,survival_brier,-0.03082326058519713,-0.07434350762464405,0.0013630245889164343,2500
8,TE,exposure_ablation,target_poly,conditional_mae,-12.821938810840185,-28.791072252278997,-0.5766264329928961,2500
8,TE,exposure_ablation,target_poly,conditional_mse,-1662.8253916167462,-4223.708504040129,-392.57788382875094,2500
8,TE,exposure_ablation,target_poly_exposure,mae,2.9699573382418905,0.7917735437462391,6.434358226524165,2500
8,TE,exposure_ablation,target_poly_exposure,mse,260.5201327736741,32.30333437720387,667.7435954885527,2500
8,TE,exposure_ablation,target_poly_exposure,survival_brier,0.06507368236180183,0.007314960826472796,0.1355746347363411,2500
8,TE,exposure_ablation,target_poly_exposure,conditional_mae,-0.878610607566977,-6.508687775367871,4.477692186278775,2500
8,TE,exposure_ablation,target_poly_exposure,conditional_mse,-69.5973186686469,-756.6805468664223,782.3077020995582,2500
8,TE,target_exposure_histgb,target_poly,mae,-1.547995061510432,-2.6552749553985864,-0.5390580373394468,2500
8,TE,target_exposure_histgb,target_poly,mse,-33.59023293964496,-96.09259871425984,22.25491242053781,2500
8,TE,target_exposure_histgb,target_poly,survival_brier,-0.004622521524145907,-0.018430300700944695,0.006307327119597282,2500
8,TE,target_exposure_histgb,target_poly,conditional_mae,-3.586288009093863,-15.066865596726306,9.138766440443957,2500
8,TE,target_exposure_histgb,target_poly,conditional_mse,-148.3865127352369,-1357.9414155794884,983.1961578877855,2500
8,TE,target_exposure_histgb,target_poly_exposure,mae,3.7378834009201674,-0.4028326907025396,9.052679759874378,2500
8,TE,target_exposure_histgb,target_poly_exposure,mse,314.67252815986643,42.21706374740769,765.4400146235959,2500
8,TE,target_exposure_histgb,target_poly_exposure,survival_brier,0.09127442142285305,-0.0011006718582885176,0.20285021652788862,2500
8,TE,target_exposure_histgb,target_poly_exposure,conditional_mae,8.357040194179342,-12.712849082572014,26.107214299816498,2500
8,TE,target_exposure_histgb,target_poly_exposure,conditional_mse,1444.8415602128625,-657.6842999591279,3637.3033025511336,2500
8,TE,target_poly,target_poly_exposure,mae,5.285878462430599,0.38828854351531356,11.267984296946983,2500
8,TE,target_poly,target_poly_exposure,mse,348.26276109951147,47.176796577891594,841.1497155057266,2500
8,TE,target_poly,target_poly_exposure,survival_brier,0.09589694294699895,0.007363055854301004,0.2013461601549296,2500
8,TE,target_poly,target_poly_exposure,conditional_mae,11.943328203273206,0.2180860961670864,27.760590681437858,2500
8,TE,target_poly,target_poly_exposure,conditional_mse,1593.2280729480992,376.6054091034394,3670.903417615511,2500
8,WR,base_linear,exposure_ablation,mae,-0.9709429050583547,-2.242110647071187,0.21054747848993577,2500
8,WR,base_linear,exposure_ablation,mse,127.23226469898653,12.22640090172798,341.80025814108916,2500
8,WR,base_linear,exposure_ablation,survival_brier,0.013204911594626076,0.0013106163930381178,0.02756498881612761,2500
8,WR,base_linear,exposure_ablation,conditional_mae,3.227127049656306,-4.683238085702169,15.601429037519445,2500
8,WR,base_linear,exposure_ablation,conditional_mse,935.8882787202823,-138.67477920559872,3506.6387783870973,2500
8,WR,base_linear,target_exposure_histgb,mae,0.3056790975251089,-1.0518492298339073,1.4532406071817412,2500
8,WR,base_linear,target_exposure_histgb,mse,43.392352304172285,-27.00189789633913,126.4780014118451,2500
8,WR,base_linear,target_exposure_histgb,survival_brier,0.0064646121637209316,-0.003572230172904215,0.020476724595641278,2500
8,WR,base_linear,target_exposure_histgb,conditional_mae,8.470076582859006,0.8357542249045389,16.110436420024918,2500
8,WR,base_linear,target_exposure_histgb,conditional_mse,626.953977645096,-333.8052690114075,1708.1452090702417,2500
8,WR,base_linear,target_poly,mae,0.03023484590129137,-0.10400300361586885,0.1702321710926727,2500
8,WR,base_linear,target_poly,mse,-1.0882554123478312,-18.978199627002763,14.316642206945598,2500
8,WR,base_linear,target_poly,survival_brier,1.8075532624228836e-05,-0.0007723290494440437,0.0007444143374589349,2500
8,WR,base_linear,target_poly,conditional_mae,0.5054830833536208,-0.3820500127081202,1.6062337372041142,2500
8,WR,base_linear,target_poly,conditional_mse,35.48445401132079,-73.37193165028437,167.79401666470503,2500
8,WR,base_linear,target_poly_exposure,mae,-1.0351860775792674,-2.749185442897056,0.34442706626247377,2500
8,WR,base_linear,target_poly_exposure,mse,153.3397290403218,36.608243402450675,386.91349582829974,2500
8,WR,base_linear,target_poly_exposure,survival_brier,0.02320378628621202,0.0068692144230378515,0.04759295371446093,2500
8,WR,base_linear,target_poly_exposure,conditional_mae,5.351213162446477,-4.157664219819586,21.051321083610674,2500
8,WR,base_linear,target_poly_exposure,conditional_mse,1501.6229757889087,-96.86770483299348,5755.830910511487,2500
8,WR,exposure_ablation,target_exposure_histgb,mae,1.276622002583464,-0.20843611246577773,3.0736465029289604,2500
8,WR,exposure_ablation,target_exposure_histgb,mse,-83.83991239481422,-287.4686814969521,12.69780873782278,2500
8,WR,exposure_ablation,target_exposure_histgb,survival_brier,-0.006740299430905144,-0.020048272994525565,0.006108479563160011,2500
8,WR,exposure_ablation,target_exposure_histgb,conditional_mae,5.242949533202699,-11.763123008075954,18.770264277808252,2500
8,WR,exposure_ablation,target_exposure_histgb,conditional_mse,-308.93430107518645,-3184.593067079241,1372.7906129673895,2500
8,WR,exposure_ablation,target_poly,mae,1.0011777509596462,-0.2548747425753002,2.2567312594749342,2500
8,WR,exposure_ablation,target_poly,mse,-128.32052011133433,-355.10928935502864,-7.85467718005825,2500
8,WR,exposure_ablation,target_poly,survival_brier,-0.013186836062001845,-0.028444782229883243,-0.0012721937647648019,2500
8,WR,exposure_ablation,target_poly,conditional_mae,-2.7216439663026857,-16.25426425277027,6.1769936201785,2500
8,WR,exposure_ablation,target_poly,conditional_mse,-900.4038247089618,-3368.962559159926,208.6602870401647,2500
8,WR,exposure_ablation,target_poly_exposure,mae,-0.0642431725209126,-0.8117428890973349,0.6190062482295324,2500
8,WR,exposure_ablation,target_poly_exposure,mse,26.10746434133528,-21.354275347822078,76.39611640357761,2500
8,WR,exposure_ablation,target_poly_exposure,survival_brier,0.00999887469158594,0.0013445667152547545,0.023546251142711215,2500
8,WR,exposure_ablation,target_poly_exposure,conditional_mae,2.124086112790172,-1.9258409561312004,8.261921223754117,2500
8,WR,exposure_ablation,target_poly_exposure,conditional_mse,565.7346970686262,-243.31740258677536,2889.175508578658,2500
8,WR,target_exposure_histgb,target_poly,mae,-0.2754442516238177,-1.433678175439447,1.1472198860173455,2500
8,WR,target_exposure_histgb,target_poly,mse,-44.48060771652012,-135.61600354651702,36.745516511873504,2500
8,WR,target_exposure_histgb,target_poly,survival_brier,-0.006446536631096703,-0.020413577057766287,0.003642831652056338,2500
8,WR,target_exposure_histgb,target_poly,conditional_mae,-7.964593499505386,-15.861314583262526,0.03285176959562268,2500
8,WR,target_exposure_histgb,target_poly,conditional_mse,-591.469523633775,-1650.9286124577957,364.34616343544633,2500
8,WR,target_exposure_histgb,target_poly_exposure,mae,-1.340865175104376,-3.5956966598807636,0.693583627297817,2500
8,WR,target_exposure_histgb,target_poly_exposure,mse,109.94737673614951,1.030556300451733,297.520731180068,2500
8,WR,target_exposure_histgb,target_poly_exposure,survival_brier,0.016739174122491082,-0.0013897754876223522,0.04178613944732861,2500
8,WR,target_exposure_histgb,target_poly_exposure,conditional_mae,-3.1188634204125294,-17.894666992783044,16.841936541898626,2500
8,WR,target_exposure_histgb,target_poly_exposure,conditional_mse,874.6689981438127,-1152.8995947796084,5430.75984405597,2500
8,WR,target_poly,target_poly_exposure,mae,-1.0654209234805587,-2.809099244599148,0.30369952057230415,2500
8,WR,target_poly,target_poly_exposure,mse,154.42798445266965,28.329173026643115,402.04775710701955,2500
8,WR,target_poly,target_poly_exposure,survival_brier,0.023185710753587788,0.00602399253383851,0.049702406810236494,2500
8,WR,target_poly,target_poly_exposure,conditional_mae,4.8457300790928555,-4.08990436559719,20.487654324462557,2500
8,WR,target_poly,target_poly_exposure,conditional_mse,1466.1385217775878,-153.28648279992717,5468.158616629892,2500
