position,horizon,career_stage,route,curve_mode,t,source_points,source_percentile,state_percentile,active_probability,conditional_points,expected_points,premium_mean,elite_mean
QB,2,developmental,D1,magnitude_only,0.00,3.5100000000000007,0.45081967213114754,0.75,0.45291738517530544,101.07803585966995,45.77999970021747,98.9339034444067,242.9637771722953
QB,2,developmental,D1,joint_evidence,0.00,3.5100000000000007,0.09344262295081969,0.155,0.45291738517530544,56.265434996363744,25.48359369430419,88.0350988256466,219.06192858941472
QB,2,developmental,D1,magnitude_only,0.05,18.3501,0.45081967213114754,0.75,0.5708543349131505,113.8097000484927,64.96876062784746,101.8056301284463,244.28244973862627
QB,2,developmental,D1,joint_evidence,0.05,18.3501,0.13295081967213115,0.19208333333333333,0.5708543349131505,68.23123675226184,38.95009727651414,92.11169335974179,223.02296148073384
QB,2,developmental,D1,magnitude_only,0.10,33.190200000000004,0.45081967213114754,0.75,0.6141040791769254,117.58041289892273,72.20661119253563,102.9280590080059,244.797859571797
QB,2,developmental,D1,joint_evidence,0.10,33.190200000000004,0.17245901639344263,0.22916666666666663,0.6141040791769254,74.31302119091956,45.635929449305,94.43899008935699,226.18073163889272
QB,2,developmental,D1,magnitude_only,0.15,48.0303,0.45081967213114754,0.75,0.6397897693086756,119.13346983873443,76.22037518506596,103.63889085267368,245.12426753326753
QB,2,developmental,D1,joint_evidence,0.15,48.0303,0.21196721311475408,0.26625,0.6397897693086756,78.95137775039764,50.512283757529005,96.35468978408034,229.1494999253514
QB,2,developmental,D1,magnitude_only,0.20,62.870400000000004,0.45081967213114754,0.75,0.6575422934167937,119.64853409449752,78.67397151245333,104.16026871923307,245.36367983289375
QB,2,developmental,D1,joint_evidence,0.20,62.870400000000004,0.2514754098360656,0.3033333333333333,0.6575422934167937,82.91304222748524,54.51883194042411,98.08093550069532,232.03127254996588
QB,2,developmental,D1,magnitude_only,0.25,77.71050000000001,0.45081967213114754,0.75,0.67080274906537,119.55987154152307,80.20109050795617,104.57221769919954,245.5528433147909
QB,2,developmental,D1,joint_evidence,0.25,77.71050000000001,0.29098360655737704,0.3404166666666666,0.67080274906537,86.46154128361545,57.998639581478216,99.69775233071738,234.86279635685116
QB,2,developmental,D1,magnitude_only,0.30,92.5506,0.45081967213114754,0.75,0.681188893576499,119.07704856656217,81.11396296341152,104.9127981945899,245.70923499314756
QB,2,developmental,D1,joint_evidence,0.30,92.5506,0.3304918032786885,0.37749999999999995,0.681188893576499,89.73914659077052,61.12930997666622,101.24320067616333,237.66154836019604
QB,2,developmental,D1,magnitude_only,0.35,107.39070000000001,0.45081967213114754,0.75,0.6895871553480996,118.31772066452744,81.59038042032253,105.2031253094699,245.8425507448805
QB,2,developmental,D1,joint_evidence,0.35,107.39070000000001,0.36999999999999994,0.4145833333333333,0.6895871553480996,92.82595202160572,64.01158419705826,102.73839564109892,240.43722443691712
QB,2,developmental,D1,magnitude_only,0.40,122.23080000000002,0.45081967213114754,0.75,0.6965340588229496,117.35480474110582,81.74161846869717,105.45613990827411,245.95873290531335
QB,2,developmental,D1,joint_evidence,0.40,122.23080000000002,0.40950819672131145,0.45166666666666655,0.6965340588229496,95.7715893345107,66.70817383909144,104.19627808995871,243.19576692233812
QB,2,developmental,D1,magnitude_only,0.45,137.0709,0.45081967213114754,0.75,0.7023780179811828,116.23678975573134,81.64216600512603,105.68034964892561,246.06168811889427
QB,2,developmental,D1,joint_evidence,0.45,137.0709,0.4490163934426229,0.4887499999999999,0.7023780179811828,98.6089690484049,69.26077223538644,105.62535568066582,245.94108246090724
QB,2,developmental,D1,magnitude_only,0.50,151.911,0.45081967213114754,0.75,0.7073575068161022,114.99768146806557,81.34447325288313,105.88164795084202,246.15412259389547
QB,2,developmental,D1,joint_evidence,0.50,151.911,0.48852459016393435,0.5258333333333333,0.7073575068161022,101.36104509377179,71.69849614580492,107.03152183263782,248.67587726089664
QB,2,developmental,D1,magnitude_only,0.55,166.7511,0.45081967213114754,0.75,0.7116425613324848,113.66234586202069,80.88696293630716,106.06428624398514,246.2379885509407
QB,2,developmental,D1,joint_evidence,0.55,166.7511,0.5280327868852459,0.5629166666666666,0.7116425613324848,104.0444676426211,74.04247144566972,108.41902797583651,251.4021035429301
QB,2,developmental,D1,magnitude_only,0.60,181.5912,0.45081967213114754,0.75,0.7153584544774308,112.24959041342296,80.29869351387089,106.2314324411281,246.31474066873938
QB,2,developmental,D1,joint_evidence,0.60,181.5912,0.5675409836065572,0.5999999999999999,0.7153584544774308,106.67169940424043,76.30850202229851,109.79104202303506,254.1212159857169
QB,2,developmental,D1,magnitude_only,0.65,196.43130000000002,0.45081967213114754,0.75,0.7185999897459556,110.77404266524734,79.60222592336478,106.38551047263866,246.38549199558275
QB,2,developmental,D1,joint_evidence,0.65,196.43130000000002,0.6070491803278688,0.6370833333333332,0.7185999897459556,109.25231172635175,78.50871008627831,111.14998790460122,256.8343276375484
QB,2,developmental,D1,magnitude_only,0.70,211.2714,0.45081967213114754,0.75,0.7214405372741898,109.24734843406699,78.8154657500539,106.52841643257733,246.45111320180115
QB,2,developmental,D1,joint_evidence,0.70,211.2714,0.6465573770491803,0.6741666666666666,0.7214405372741898,111.79381492964771,80.65258990677638,112.49776171459547,259.542309168755
QB,2,developmental,D1,magnitude_only,0.75,226.1115,0.45081967213114754,0.75,0.7239379683095477,107.67896518939536,77.95289128888538,106.6616615172503,246.51229821593682
QB,2,developmental,D1,joint_evidence,0.75,226.1115,0.6860655737704917,0.7112499999999999,0.7239379683095477,114.302210461375,82.74771001469814,113.83587464932403,262.24585450787885
QB,2,developmental,D1,magnitude_only,0.80,240.9516,0.45081967213114754,0.75,0.7261386800203341,106.07670424336737,77.02639800018616,106.78646963181161,246.56960904486846
QB,2,developmental,D1,joint_evidence,0.80,240.9516,0.7255737704918033,0.7483333333333332,0.7261386800203341,116.78236978290278,84.80019584380358,115.16555061394094,264.9455256617987
QB,2,developmental,D1,magnitude_only,0.85,255.7917,0.45081967213114754,0.75,0.7280804012297756,104.44711147211201,76.04589482790641,106.9038458927132,246.62350722955637
QB,2,developmental,D1,joint_evidence,0.85,255.7917,0.7650819672131146,0.7854166666666665,0.7280804012297756,119.2383014378444,86.81507035282267,116.48779472489812,267.64178417147474
QB,2,developmental,D1,magnitude_only,0.90,270.6318,0.45081967213114754,0.75,0.729794195396762,102.79574106063069,75.01973513755686,107.01462585635078,246.67437645041912
QB,2,developmental,D1,joint_evidence,0.90,270.6318,0.8045901639344262,0.8224999999999999,0.729794195396762,121.67334372530073,88.7964999852395,117.80344253859127,270.3350137173257
QB,2,developmental,D1,magnitude_only,0.95,285.4719,0.45081967213114754,0.75,0.7313059205579165,101.1273565005622,73.95503453923224,107.11951163611015,246.7225391119759
QB,2,developmental,D1,joint_evidence,0.95,285.4719,0.8440983606557376,0.8595833333333331,0.7313059205579165,124.09030655262369,90.74797586578053,119.11319616840623,273.0255367038706
QB,2,developmental,D1,magnitude_only,1.00,300.312,0.45081967213114754,0.75,0.73433922095868,101.34799348733353,74.42380658321387,107.219098887306,246.76826873410118
QB,2,developmental,D1,joint_evidence,1.00,300.312,0.8836065573770491,0.8966666666666665,0.73433922095868,128.63637881496214,94.46273820592495,120.41765126965768,275.7136266509841
QB,2,established,D1,magnitude_only,0.00,3.8900000000000006,0.6475409836065574,0.2833333333333333,0.8411938230213432,205.38994698943597,172.77275471819465,117.16328127005937,268.2645301390652
QB,2,established,D1,joint_evidence,0.00,3.8900000000000006,0.12295081967213116,0.1307692307692308,0.8411938230213432,158.32286514344,133.18021620170285,101.16503595811794,233.17924781557076
QB,2,established,D1,magnitude_only,0.05,19.3988,0.6475409836065574,0.2833333333333333,0.8949210216447196,218.89361655456497,195.89249895851881,119.97956759162369,269.55774496059405
QB,2,established,D1,joint_evidence,0.05,19.3988,0.16327868852459018,0.168448717948718,0.8949210216447196,181.51746233188044,162.44379283640336,105.21118738803776,237.16964371571817
QB,2,established,D1,magnitude_only,0.10,34.9076,0.6475409836065574,0.2833333333333333,0.911334207821421,223.78925933403997,203.94680737412986,121.09456561595978,270.06974260799444
QB,2,established,D1,joint_evidence,0.10,34.9076,0.2036065573770492,0.20612820512820518,0.911334207821421,194.4192729073681,177.18093406025298,107.55605052072936,240.3788224417372
QB,2,established,D1,magnitude_only,0.15,50.4164,0.6475409836065574,0.2833333333333333,0.9205176391202173,226.75791556872912,208.7346610911481,121.80245710523523,270.3948003831771
QB,2,established,D1,joint_evidence,0.15,50.4164,0.24393442622950823,0.24380769230769234,0.9205176391202173,201.4842798094256,185.46983357000974,109.4938071183603,243.40106129553857
QB,2,established,D1,magnitude_only,0.20,65.92520000000002,0.6475409836065574,0.2833333333333333,0.9261700289447761,227.58873463906275,210.7858649481657,122.32225917864821,270.6334890919394
QB,2,established,D1,joint_evidence,0.20,65.92520000000002,0.28426229508196726,0.28148717948717955,0.9261700289447761,206.43021862699246,191.18948156083806,111.24347430012877,246.33693108291948
QB,2,established,D1,magnitude_only,0.25,81.43400000000001,0.6475409836065574,0.2833333333333333,0.9300939661485506,227.52205077508842,211.6168865916539,122.73322592950736,270.8222015425511
QB,2,established,D1,joint_evidence,0.25,81.43400000000001,0.32459016393442625,0.3191666666666667,0.9300939661485506,210.50622433214653,195.79056908804267,112.88430615934341,249.22282461214985
QB,2,established,D1,magnitude_only,0.30,96.9428,0.6475409836065574,0.2833333333333333,0.9330799642211863,227.16173001543856,211.96005891522822,123.07313554015893,270.978285156319
QB,2,established,D1,joint_evidence,0.30,96.9428,0.3649180327868853,0.35684615384615387,0.9330799642211863,214.30181013222082,199.96072533070807,114.45408087835048,252.0760893045363
QB,2,established,D1,magnitude_only,0.35,112.45160000000001,0.6475409836065574,0.2833333333333333,0.9354391857410174,226.58875149120308,211.95999719300474,123.36297533293201,271.1113771338686
QB,2,established,D1,joint_evidence,0.35,112.45160000000001,0.4052459016393443,0.394525641025641,0.9354391857410174,217.9043084438429,203.8362288601679,115.97378577947907,254.90636236070452
QB,2,established,D1,magnitude_only,0.40,127.96040000000002,0.6475409836065574,0.2833333333333333,0.9373534963994392,225.85119916894112,211.70241120701309,123.61561990096541,271.2273893793061
QB,2,established,D1,joint_evidence,0.40,127.96040000000002,0.44557377049180336,0.4322051282051283,0.9373534963994392,221.3663622437411,207.49853363439553,117.45629545586796,257.71955568476073
QB,2,established,D1,magnitude_only,0.45,143.4692,0.6475409836065574,0.2833333333333333,0.9389376155429129,224.97977164481998,211.24197033357632,123.83953910528321,271.33021118106376
QB,2,established,D1,joint_evidence,0.45,143.4692,0.48590163934426234,0.46988461538461546,0.9389376155429129,224.72206604001286,211.0000008474867,118.91007976854125,260.519558565137
QB,2,established,D1,magnitude_only,0.50,158.978,0.6475409836065574,0.2833333333333333,0.940268140387125,223.9951706700782,210.61552258165113,124.04060323314486,271.4225381253228
QB,2,established,D1,joint_evidence,0.50,158.978,0.5262295081967213,0.5075641025641027,0.940268140387125,227.9947153796352,214.37616704810145,120.3410090047584,263.3090665880147
QB,2,established,D1,magnitude_only,0.55,174.48680000000002,0.6475409836065574,0.2833333333333333,0.9413985202074057,222.91197791646044,209.84900614706174,124.22304876377822,271.50631556745645
QB,2,established,D1,joint_evidence,0.55,174.48680000000002,0.5665573770491804,0.5452435897435899,0.9413985202074057,231.2009018921206,217.65218691185993,121.75331964374726,266.090025108767
QB,2,established,D1,magnitude_only,0.60,189.99560000000002,0.6475409836065574,0.2833333333333333,0.9423673897698114,221.74084461528736,208.96134094546167,124.39003351745797,271.5829935517844
QB,2,established,D1,joint_evidence,0.60,189.99560000000002,0.6068852459016394,0.5829230769230769,0.9423673897698114,234.35284099046217,220.8464750493215,123.15016950578249,268.86388417171355
QB,2,established,D1,magnitude_only,0.65,205.50440000000003,0.6475409836065574,0.2833333333333333,0.9432034924938736,220.48980249321372,207.96675177088358,124.5439743652017,271.6536818850042
QB,2,established,D1,joint_evidence,0.65,205.50440000000003,0.6472131147540985,0.6206025641025642,0.9432034924938736,237.4597733640481,223.97288756377387,124.53397546188174,271.631753583552
QB,2,established,D1,magnitude_only,0.70,221.01320000000004,0.6475409836065574,0.2833333333333333,0.9439287331574605,219.16508670693858,206.87622264762553,124.68676231503834,271.7192489019834
QB,2,established,D1,joint_evidence,0.70,221.01320000000004,0.6875409836065575,0.6582820512820513,0.9439287331574605,240.52884910785713,227.04209182620156,125.90662852007387,274.39450167914987
QB,2,established,D1,magnitude_only,0.75,236.52200000000005,0.6475409836065574,0.2833333333333333,0.9445601481743281,217.77167315502396,205.69844386348078,124.81990480608997,271.78038680599724
QB,2,established,D1,joint_evidence,0.75,236.52200000000005,0.7278688524590164,0.6959615384615385,0.9445601481743281,243.56570744157634,230.0624607112004,127.26963611948099,277.1528206617823
QB,2,established,D1,magnitude_only,0.80,252.03080000000006,0.6475409836065574,0.2833333333333333,0.9451112209013508,216.31364111355936,204.44044945045272,124.94462290779217,271.8376563017865
QB,2,established,D1,joint_evidence,0.80,252.03080000000006,0.7681967213114755,0.7336410256410257,0.9451112209013508,246.5748694019952,233.0406758641108,128.62421932953868,279.90727123619024
QB,2,established,D1,magnitude_only,0.85,267.5396,0.6475409836065574,0.2833333333333333,0.9455927853910372,214.79442496531982,203.1080585894229,125.06191955617209,271.8915179290788
QB,2,established,D1,joint_evidence,0.85,267.5396,0.8085245901639345,0.771320512820513,0.9455927853910372,249.5600113467712,235.98214625161222,129.9713810862741,282.6583139421012
QB,2,established,D1,magnitude_only,0.90,283.0484,0.6475409836065574,0.2833333333333333,0.9460136630397528,213.2169931749354,201.7061887357426,125.17262860354629,271.94235458579425
QB,2,established,D1,joint_evidence,0.90,283.0484,0.8488524590163935,0.8090000000000002,0.9460136630397528,253.00494643342032,239.34613614265638,131.31195524200382,285.4063316774352
QB,2,established,D1,magnitude_only,0.95,298.5572,0.6475409836065574,0.2833333333333333,0.9463811209491836,211.58397813516598,200.23908240244592,125.27745081222284,271.9904880560483
QB,2,established,D1,joint_evidence,0.95,298.5572,0.8891803278688525,0.8466794871794872,0.9463811209491836,257.8929829835019,244.06505032085528,132.64664255903585,288.15164622630795
QB,2,established,D1,magnitude_only,1.00,314.06600000000003,0.6475409836065574,0.2833333333333333,0.9467012083237546,209.89777195702464,198.71047433617912,125.37698075253506,272.0361913615013
QB,2,established,D1,joint_evidence,1.00,314.06600000000003,0.9295081967213116,0.8843589743589744,0.9467012083237546,262.65304300203786,248.65395317994032,133.97603760770357,290.8945306103796
QB,2,veteran,D1,magnitude_only,0.00,4.157,0.5327868852459017,0.05,0.6939967767236029,73.90095790900146,51.28702658563367,92.34448931062538,239.21375799049997
QB,2,veteran,D1,joint_evidence,0.00,4.157,0.1377049180327869,0.09333333333333332,0.6939967767236029,66.50834352489896,46.156576031505985,80.2958108100695,212.79015474061822
QB,2,veteran,D1,magnitude_only,0.05,18.61555,0.5327868852459017,0.05,0.7778730668737341,82.9643750494643,64.5357528609895,94.97874684584747,240.42338673534329
QB,2,veteran,D1,joint_evidence,0.05,18.61555,0.1719672131147541,0.13008333333333333,0.7778730668737341,83.44361134482912,64.90853786782215,83.97495374222775,216.29129098721478
QB,2,veteran,D1,magnitude_only,0.10,33.0741,0.5327868852459017,0.05,0.8064599240573804,85.92401090589973,69.29427130987743,96.06760287642324,240.92338020066308
QB,2,veteran,D1,joint_evidence,0.10,33.0741,0.2062295081967213,0.16683333333333333,0.8064599240573804,94.95808735242059,76.5798919148672,86.1086951697397,219.08279195428776
QB,2,veteran,D1,magnitude_only,0.15,47.532650000000004,0.5327868852459017,0.05,0.822739753784168,87.20741858939007,71.74901009838766,96.76502606722792,241.2436310218671
QB,2,veteran,D1,joint_evidence,0.15,47.532650000000004,0.24049180327868852,0.20358333333333334,0.822739753784168,104.72170727340243,86.15871165797682,87.85100375748056,221.694550277245
QB,2,veteran,D1,magnitude_only,0.20,61.991200000000006,0.5327868852459017,0.05,0.8336848104192435,87.68082077562747,73.09816844573265,97.2791885567018,241.47973008145857
QB,2,veteran,D1,joint_evidence,0.20,61.991200000000006,0.27475409836065573,0.24033333333333334,0.8336848104192435,109.19807669042059,91.0367778637993,89.41005164389061,224.22215683858974
QB,2,veteran,D1,magnitude_only,0.25,76.44975,0.5327868852459017,0.05,0.8416990955370917,87.67610906341746,73.79690169888988,97.68662955529527,241.6668235364973
QB,2,veteran,D1,joint_evidence,0.25,76.44975,0.30901639344262294,0.27708333333333335,0.8416990955370917,113.16462505131328,95.2505625524845,90.86237803942026,226.70075779538166
QB,2,veteran,D1,magnitude_only,0.30,90.9083,0.5327868852459017,0.05,0.8478820132880206,87.35756804260589,74.06891066790993,98.02412635674843,241.82179920872062
QB,2,veteran,D1,joint_evidence,0.30,90.9083,0.34327868852459015,0.31383333333333335,0.8478820132880206,116.79658852238227,99.02972662152999,92.2447602378096,229.14724096935822
QB,2,veteran,D1,magnitude_only,0.35,105.36684999999999,0.5327868852459017,0.05,0.8528226476554633,86.81913451226963,74.0413241619096,98.31221114706719,241.95408530401022
QB,2,veteran,D1,joint_evidence,0.35,105.36684999999999,0.3775409836065573,0.35058333333333336,0.8528226476554633,120.19249875446157,102.50288501610589,93.57773042506452,231.57103456640107
QB,2,veteran,D1,magnitude_only,0.40,119.8254,0.5327868852459017,0.05,0.8568709433410501,86.11981834401257,73.79356998479392,98.563521781992,242.06948501866424
QB,2,veteran,D1,joint_evidence,0.40,119.8254,0.41180327868852457,0.38733333333333336,0.8568709433410501,123.4132736044802,105.74924817427807,94.87392645692552,233.97794178280833
QB,2,veteran,D1,magnitude_only,0.45,134.28395,0.5327868852459017,0.05,0.8602505377926208,85.29924189558038,73.37871871397587,98.78639281626228,242.17182550961536
QB,2,veteran,D1,joint_evidence,0.45,134.28395,0.4460655737704918,0.42408333333333337,0.8602505377926208,126.49918723983481,108.82099385339734,96.14168288813195,236.3717897755127
QB,2,veteran,D1,magnitude_only,0.50,148.7425,0.5327868852459017,0.05,0.8631123749598998,84.38536665387088,72.83405422448442,98.98661159446416,242.26376427647176
QB,2,veteran,D1,joint_evidence,0.50,148.7425,0.480327868852459,0.4608333333333334,0.8631123749598998,129.47822928307625,111.7542619821184,97.38678706327002,238.75523604412228
QB,2,veteran,D1,magnitude_only,0.55,163.20105,0.5327868852459017,0.05,0.8655627561111946,83.39870064206218,72.18680918383579,99.16836092037882,242.34722202729625
QB,2,veteran,D1,joint_evidence,0.55,163.20105,0.5145901639344262,0.49758333333333343,0.8655627561111946,132.38823395669704,114.59032466025232,98.61342178612085,241.13020129670008
QB,2,veteran,D1,magnitude_only,0.60,177.6596,0.5327868852459017,0.05,0.8676791343872864,82.35475395453946,71.45750162395275,99.33476234343755,242.4236321511446
QB,2,veteran,D1,joint_evidence,0.60,177.6596,0.5488524590163935,0.5343333333333333,0.8676791343872864,135.24438239008745,117.34872864297424,99.82470860611576,243.49811892230167
QB,2,veteran,D1,magnitude_only,0.65,192.11815,0.5327868852459017,0.05,0.869519539563824,81.26555260696554,70.6619858852084,99.48820734295238,242.49409279505807
QB,2,veteran,D1,joint_evidence,0.65,192.11815,0.5831147540983606,0.5710833333333334,0.869519539563824,138.0427713677681,120.03088699981595,101.02303900256676,245.86008706796832
QB,2,veteran,D1,magnitude_only,0.70,206.5767,0.5327868852459017,0.05,0.8711284731268429,80.14061434091187,69.81277100624573,99.63056862001979,242.55946388751613
QB,2,veteran,D1,joint_evidence,0.70,206.5767,0.6173770491803278,0.6078333333333334,0.8711284731268429,140.7925385164407,122.6483891054792,102.21028567657034,248.21696566217963
QB,2,veteran,D1,magnitude_only,0.75,221.03525,0.5327868852459017,0.05,0.8725407423959964,78.98760131362162,68.9199002902664,99.7633400817406,242.62043141800427
QB,2,veteran,D1,joint_evidence,0.75,221.03525,0.651639344262295,0.6445833333333333,0.8725407423959964,143.50096552935287,125.21043899752385,103.38794253522734,250.56944069442096
QB,2,veteran,D1,magnitude_only,0.80,235.49380000000002,0.5327868852459017,0.05,0.8737840376878493,77.81277053409173,67.99155682095677,99.88773257896476,242.67755139897554
QB,2,veteran,D1,joint_evidence,0.80,235.49380000000002,0.6859016393442623,0.6813333333333333,0.8737840376878493,146.1739456223584,127.72446041066843,104.55722042938767,252.91806817714547
QB,2,veteran,D1,magnitude_only,0.85,249.95235,0.5327868852459017,0.05,0.8748807140633676,76.62129317853011,67.03449168849106,100.004741186914,242.73128076054212
QB,2,veteran,D1,joint_evidence,0.85,249.95235,0.7201639344262294,0.7180833333333334,0.8748807140633676,148.8163126466139,130.19652187254695,105.71911443427308,255.2633050404653
QB,2,veteran,D1,magnitude_only,0.90,264.41089999999997,0.5327868852459017,0.05,0.875849053540454,75.41748630296186,66.0543339988493,100.1151936119399,242.78199957844907
QB,2,veteran,D1,joint_evidence,0.90,264.41089999999997,0.7544262295081967,0.7548333333333335,0.875849053540454,151.43207824127109,132.63164240328126,106.87445225623516,257.6055313601255
QB,2,veteran,D1,magnitude_only,0.95,278.86945,0.5327868852459017,0.05,0.8767041785119546,74.20498447792339,65.05581995821017,100.21978574179256,242.83002739845625
QB,2,veteran,D1,joint_evidence,0.95,278.86945,0.7886885245901638,0.7915833333333333,0.8767041785119546,154.02460622404945,135.03401587028256,108.023929783024,259.94506668188586
QB,2,veteran,D1,magnitude_only,1.00,293.328,0.5327868852459017,0.05,0.877458725287742,72.98686926663883,64.04296526944799,100.3191082310533,242.87563544414377
QB,2,veteran,D1,joint_evidence,1.00,293.328,0.8229508196721311,0.8283333333333334,0.877458725287742,159.40905555912937,139.8748666902365,109.16813766922091,262.2821822293267
QB,3,developmental,D1,magnitude_only,0.00,3.5100000000000007,0.45081967213114754,0.75,0.4412252291900305,103.59309209512769,45.70788580217665,83.13565901159768,229.4988148141669
QB,3,developmental,D1,joint_evidence,0.00,3.5100000000000007,0.09344262295081969,0.155,0.4412252291900305,68.31777720828198,30.14352690647766,88.43334883502587,227.99540358738523
QB,3,developmental,D1,magnitude_only,0.05,18.3501,0.45081967213114754,0.75,0.5849546086591193,122.24066347907053,71.5052394676308,96.3629104295448,243.42847544693896
QB,3,developmental,D1,joint_evidence,0.05,18.3501,0.13295081967213115,0.19208333333333333,0.5849546086591193,85.51244770689925,50.02090038387266,101.07493821286005,242.09126702091615
QB,3,developmental,D1,magnitude_only,0.10,33.190200000000004,0.45081967213114754,0.75,0.6376163907584504,128.62224892675374,82.0116541319117,101.53284845714813,248.8729536640283
QB,3,developmental,D1,joint_evidence,0.10,33.190200000000004,0.17245901639344263,0.22916666666666663,0.6376163907584504,93.07178239455382,59.344093971871295,105.65921420035046,247.70194803876439
QB,3,developmental,D1,magnitude_only,0.15,48.0303,0.45081967213114754,0.75,0.668811637690219,132.0072860181195,88.28800914881964,104.80695931789265,252.3209302483671
QB,3,developmental,D1,joint_evidence,0.15,48.0303,0.21196721311475408,0.26625,0.668811637690219,98.25739108335212,65.71568664562506,108.34766302098203,251.31612742386204
QB,3,developmental,D1,magnitude_only,0.20,62.870400000000004,0.45081967213114754,0.75,0.690377338321807,133.99177954070234,92.50488811631244,107.2084399891078,254.84993719842785
QB,3,developmental,D1,joint_evidence,0.20,62.870400000000004,0.2514754098360656,0.3033333333333333,0.690377338321807,102.33013880969705,70.6464088615397,110.16348165208427,254.0113371746817
QB,3,developmental,D1,magnitude_only,0.25,77.71050000000001,0.45081967213114754,0.75,0.7065303974406403,135.1603214448529,95.49487562863662,109.10588822457791,256.84814598370036
QB,3,developmental,D1,joint_evidence,0.25,77.71050000000001,0.29098360655737704,0.3404166666666666,0.7065303974406403,105.75324340215585,74.71788109156194,111.47526784744143,256.17574876071313
QB,3,developmental,D1,magnitude_only,0.30,92.5506,0.45081967213114754,0.75,0.7192444570673292,135.79429089387824,97.66929102681041,110.67461127388995,258.500173227552
QB,3,developmental,D1,joint_evidence,0.30,92.5506,0.3304918032786885,0.37749999999999995,0.7192444570673292,108.74982215171015,78.21770678967538,112.45832885664055,257.99397880532365
QB,3,developmental,D1,magnitude_only,0.35,107.39070000000001,0.45081967213114754,0.75,0.7295958418171777,136.05137750743677,99.26251930292497,112.01186588217428,259.90844031830505
QB,3,developmental,D1,joint_evidence,0.35,107.39070000000001,0.36999999999999994,0.4145833333333333,0.7295958418171777,111.44477971280101,81.30964787069098,113.20992142481194,259.56844869683556
QB,3,developmental,D1,magnitude_only,0.40,122.23080000000002,0.45081967213114754,0.75,0.7382329933737717,136.0291444365843,100.42120248349276,113.17725802391055,261.13571849769005
QB,3,developmental,D1,joint_evidence,0.40,122.23080000000002,0.40950819672131145,0.45166666666666655,0.7382329933737717,113.91518346460064,84.09594687979451,113.78965152643526,260.9619296769795
QB,3,developmental,D1,magnitude_only,0.45,137.0709,0.45081967213114754,0.75,0.74557513469338,135.79234360072573,101.24339487044082,114.20997420349434,262.22327519840087
QB,3,developmental,D1,joint_evidence,0.45,137.0709,0.4490163934426229,0.4887499999999999,0.74557513469338,116.21195800282122,86.64474624093485,114.23670566590613,262.21568917844917
QB,3,developmental,D1,magnitude_only,0.50,151.911,0.45081967213114754,0.75,0.7519079981918981,135.38627642440218,101.7980240889272,115.13715967147516,263.19969717032217
QB,3,developmental,D1,joint_evidence,0.50,151.911,0.48852459016393435,0.5258333333333333,0.7519079981918981,118.3705157148934,89.00373751612811,114.57822909377404,263.3583139511294
QB,3,developmental,D1,magnitude_only,0.55,166.7511,0.45081967213114754,0.75,0.7574345066304323,134.8439700440454,102.13547592240032,115.97839663019244,264.08560649315984
QB,3,developmental,D1,joint_evidence,0.55,166.7511,0.5280327868852459,0.5629166666666666,0.7574345066304323,120.41647570049592,91.20759386238058,114.83380401237838,264.410426074726
QB,3,developmental,D1,magnitude_only,0.60,181.5912,0.45081967213114754,0.75,0.7623036019723676,134.19031596160272,102.29376120733984,116.74827657226746,264.8963695143066
QB,3,developmental,D1,joint_evidence,0.60,181.5912,0.5675409836065572,0.5999999999999999,0.7623036019723676,122.36896686284906,93.28230420918713,115.01802191434047,265.38739189663164
QB,3,developmental,D1,magnitude_only,0.65,196.43130000000002,0.45081967213114754,0.75,0.7666276015325454,133.44459455769655,102.30230946324986,117.45796418707405,265.64374380373187
QB,3,developmental,D1,joint_evidence,0.65,196.43130000000002,0.6070491803278688,0.6370833333333332,0.7666276015325454,124.24264561257975,95.24784141403003,115.14204748903413,266.30096898681575
QB,3,developmental,D1,magnitude_only,0.70,211.2714,0.45081967213114754,0.75,0.7704931397426766,132.62208655060144,102.1844078655979,118.11619293556095,266.33692659700034
QB,3,developmental,D1,joint_evidence,0.70,211.2714,0.6465573770491803,0.6741666666666666,0.7704931397426766,126.0489856329146,97.1198787016839,115.21461419740808,267.16035458084315
QB,3,developmental,D1,magnitude_only,0.75,226.1115,0.45081967213114754,0.75,0.7739683347470329,131.73514101333834,101.95882771775902,118.72992342912443,266.98324813616176
QB,3,developmental,D1,joint_evidence,0.75,226.1115,0.6860655737704917,0.7112499999999999,0.7739683347470329,127.7971339001413,98.91093491013595,115.24268265085864,267.97287892076343
QB,3,developmental,D1,magnitude_only,0.80,240.9516,0.45081967213114754,0.75,0.7771076360738556,130.7939059656229,101.64094307781139,119.30479300827957,267.58864512248283
QB,3,developmental,D1,joint_evidence,0.80,240.9516,0.7255737704918033,0.7483333333333332,0.7771076360738556,129.49449709183995,100.6311625196125,115.23189018990085,268.74447870784337
QB,3,developmental,D1,magnitude_only,0.85,255.7917,0.45081967213114754,0.75,0.7799551953759181,129.80684183773772,101.24352068668361,119.8454312668133,268.1579929959382
QB,3,developmental,D1,joint_evidence,0.85,255.7917,0.7650819672131146,0.7854166666666665,0.7799551953759181,131.14715430378115,102.2889043580013,115.18686640832166,269.48002938205764
QB,3,developmental,D1,magnitude_only,0.90,270.6318,0.45081967213114754,0.75,0.7825472668160836,128.78109087789196,100.77729068408803,120.35568680026952,268.69534472476334
QB,3,developmental,D1,joint_evidence,0.90,270.6318,0.8045901639344262,0.8224999999999999,0.7825472668160836,132.76015438551826,103.8910959564686,115.11145990166494,270.18358391164173
QB,3,developmental,D1,magnitude_only,0.95,285.4719,0.45081967213114754,0.75,0.7849139524844859,127.7227484209656,100.25136728528175,120.83879356204989,269.2041059955945
QB,3,developmental,D1,joint_evidence,0.95,285.4719,0.8440983606557376,0.8595833333333331,0.7849139524844859,134.33773456317257,105.44356220379152,115.00890462333237,270.85854798323174
QB,3,developmental,D1,magnitude_only,1.00,300.312,0.45081967213114754,0.75,0.7881675533515218,128.20931899427038,101.05042526857888,121.29749515677716,269.68716610720566
QB,3,developmental,D1,joint_evidence,1.00,300.312,0.8836065573770491,0.8966666666666665,0.7881675533515218,137.5759270314849,108.43288180847294,114.8819441779467,271.50781089560184
QB,3,established,D1,magnitude_only,0.00,3.8900000000000006,0.6475409836065574,0.2833333333333333,0.6560858815961662,168.19012036613165,110.34716339617879,95.27954541255149,245.42544158847295
QB,3,established,D1,joint_evidence,0.00,3.8900000000000006,0.12295081967213116,0.1307692307692308,0.6560858815961662,149.18313345540219,97.87694763236607,103.05597084143687,243.21859942071998
QB,3,established,D1,magnitude_only,0.05,19.3988,0.6475409836065574,0.2833333333333333,0.7723058952695255,189.41798059219096,146.28862308139765,108.25143700909281,259.0861819793116
QB,3,established,D1,joint_evidence,0.05,19.3988,0.16327868852459018,0.168448717948718,0.7723058952695255,177.72655848181478,137.25926886146965,115.43004973313265,257.0489908032047
QB,3,established,D1,magnitude_only,0.10,34.9076,0.6475409836065574,0.2833333333333333,0.8098776712303346,197.8290447495512,160.21732606348817,113.3871483148991,264.4946159265719
QB,3,established,D1,joint_evidence,0.10,34.9076,0.2036065573770492,0.20612820512820518,0.8098776712303346,192.5692882514488,155.9575667195664,119.96794833409336,262.627075742111
QB,3,established,D1,magnitude_only,0.15,50.4164,0.6475409836065574,0.2833333333333333,0.8311592632891796,203.16073231936082,168.85892460385014,116.6477158185238,267.9283299583557
QB,3,established,D1,joint_evidence,0.15,50.4164,0.24393442622950823,0.24380769230769234,0.8311592632891796,200.46535079192634,166.61863327922444,122.6307031328725,266.2304407655408
QB,3,established,D1,magnitude_only,0.20,65.92520000000002,0.6475409836065574,0.2833333333333333,0.8447876137857414,205.74722797781743,173.81270976641133,119.04193834353504,270.44969333151226
QB,3,established,D1,joint_evidence,0.20,65.92520000000002,0.28426229508196726,0.28148717948717955,0.8447876137857414,205.57206042518334,173.66473038760887,124.42711295303815,268.92145513034336
QB,3,established,D1,magnitude_only,0.25,81.43400000000001,0.6475409836065574,0.2833333333333333,0.8545150846474804,207.05293396363203,176.9298553924422,120.93486240495173,272.4431376946674
QB,3,established,D1,joint_evidence,0.25,81.43400000000001,0.32459016393442625,0.3191666666666667,0.8545150846474804,209.39179932512803,178.9284511248,125.72222430960929,271.0845504851446
QB,3,established,D1,magnitude_only,0.30,96.9428,0.6475409836065574,0.2833333333333333,0.8620132403916907,207.8175834708062,179.1415085380403,122.50049534086202,274.09191073024533
QB,3,established,D1,joint_evidence,0.30,96.9428,0.3649180327868853,0.35684615384615387,0.8620132403916907,212.66745628955985,183.32216312202172,126.69004454067402,272.9029745123684
QB,3,established,D1,magnitude_only,0.35,112.45160000000001,0.6475409836065574,0.2833333333333333,0.868016385650502,208.19535547581708,180.7169799693402,123.83550533023268,275.4978140056652
QB,3,established,D1,joint_evidence,0.35,112.45160000000001,0.4052459016393443,0.394525641025641,0.868016385650502,215.5576991642182,187.10761492766292,127.42724182519913,274.4785287794343
QB,3,established,D1,magnitude_only,0.40,127.96040000000002,0.6475409836065574,0.2833333333333333,0.8729560677576254,208.28062571356455,181.81983601301107,124.99919310014803,276.7232973056526
QB,3,established,D1,joint_evidence,0.40,127.96040000000002,0.44557377049180336,0.4322051282051283,0.8729560677576254,218.15996261209503,190.44406310400504,127.99311689026891,275.8736630710677
QB,3,established,D1,magnitude_only,0.45,143.4692,0.6475409836065574,0.2833333333333333,0.8771056093358075,208.13542388261425,182.55674778892694,126.03057106145593,277.80944472443116
QB,3,established,D1,joint_evidence,0.45,143.4692,0.48590163934426234,0.46988461538461546,0.8771056093358075,220.53840613010536,193.43547309069385,128.42668214673125,277.1294614814923
QB,3,established,D1,magnitude_only,0.50,158.978,0.6475409836065574,0.2833333333333333,0.8806480739075084,207.8027707054439,183.00110977439277,126.95667791735463,278.78473080653055
QB,3,established,D1,joint_evidence,0.50,158.978,0.5262295081967213,0.5075641025641027,0.8806480739075084,222.7375373598071,196.15338326281582,128.75497629778437,278.27439855523767
QB,3,established,D1,magnitude_only,0.55,174.48680000000002,0.6475409836065574,0.2833333333333333,0.8837115168673438,207.313797061257,183.2055900685321,127.7970270066954,279.66970511129756
QB,3,established,D1,joint_evidence,0.55,174.48680000000002,0.5665573770491804,0.5452435897435899,0.8837115168673438,224.78950591114574,198.64907524459935,128.9975126822796,279.3290238516507
QB,3,established,D1,magnitude_only,0.60,189.99560000000002,0.6475409836065574,0.2833333333333333,0.8863886854515447,206.69182675229203,183.20929660854256,128.5661633357763,280.4796850312298
QB,3,established,D1,joint_evidence,0.60,189.99560000000002,0.6068852459016394,0.5829230769230769,0.8863886854515447,226.71829855333286,200.96053462249955,129.16883630651492,280.3086547632289
QB,3,established,D1,magnitude_only,0.65,205.50440000000003,0.6475409836065574,0.2833333333333333,0.88874869627017,205.95485417199257,183.04210813587136,129.27521907841196,281.22639389405765
QB,3,established,D1,joint_evidence,0.65,205.50440000000003,0.6472131147540985,0.6206025641025642,0.88874869627017,228.54229252120751,203.116664520819,129.28007934430502,281.2250146177028
QB,3,established,D1,magnitude_only,0.70,221.01320000000004,0.6475409836065574,0.2833333333333333,0.8908442963124519,205.11711831239538,182.7274149246438,129.93290426915078,281.91900426492884
QB,3,established,D1,joint_evidence,0.70,221.01320000000004,0.6875409836065575,0.6582820512820513,0.8908442963124519,230.27588240602262,205.13995641972213,129.3399518301983,282.08727598022
QB,3,established,D1,magnitude_only,0.75,236.52200000000005,0.6475409836065574,0.2833333333333333,0.8927165602098053,204.19014119245335,182.2839204740814,130.5461622136967,282.5648281612136
QB,3,established,D1,joint_evidence,0.75,236.52200000000005,0.7278688524590164,0.6959615384615385,0.8927165602098053,231.9305568557576,207.0482489238166,129.35539706989863,282.90275086815075
QB,3,established,D1,magnitude_only,0.80,252.03080000000006,0.6475409836065574,0.2833333333333333,0.8943980321455486,203.1834349810942,181.72686441166366,131.1206171911681,283.1697885291798
QB,3,established,D1,joint_evidence,0.80,252.03080000000006,0.7681967213114755,0.7336410256410257,0.8943980321455486,233.51563429730206,208.85592379072654,129.33203934252447,283.677362227763
QB,3,established,D1,magnitude_only,0.85,267.5396,0.6475409836065574,0.2833333333333333,0.8959148882747561,202.10499660937808,181.06887545706093,131.66088875225591,283.738750232386
QB,3,established,D1,joint_evidence,0.85,267.5396,0.8085245901639345,0.771320512820513,0.8959148882747561,235.03877958318114,210.57474195050074,129.2744981987667,284.4159749226152
QB,3,established,D1,magnitude_only,0.90,283.0484,0.6475409836065574,0.2833333333333333,0.8972884622257586,200.9616617556943,180.3205804431,132.17081764346918,284.27575797322385
QB,3,established,D1,joint_evidence,0.90,283.0484,0.8488524590163935,0.8090000000000002,0.8972884622257586,236.7175800815133,212.40395341314394,129.18661438513442,285.1226336550991
QB,3,established,D1,magnitude_only,0.95,298.5572,0.6475409836065574,0.2833333333333333,0.8985363447654434,199.75936321538828,179.49104805622756,132.65363159510858,284.78421088476216
QB,3,established,D1,joint_evidence,0.95,298.5572,0.8891803278688525,0.8466794871794872,0.8985363447654434,238.9932334223419,214.74410638298548,129.07161563192824,285.8007375582834
QB,3,established,D1,magnitude_only,1.00,314.06600000000003,0.6475409836065574,0.2833333333333333,0.8996731917319845,198.5033226920175,178.58811789573144,133.11206921434302,285.26699300294035
QB,3,established,D1,joint_evidence,1.00,314.06600000000003,0.9295081967213116,0.8843589743589744,0.8996731917319845,241.18240885787986,216.98534756677722,128.93224054631713,286.45317066810753
QB,3,veteran,D1,magnitude_only,0.00,4.157,0.5327868852459017,0.05,0.36329940666999383,54.609756587085876,19.839692166481086,71.54792280595152,219.53561910679127
QB,3,veteran,D1,joint_evidence,0.00,4.157,0.1377049180327869,0.09333333333333332,0.36329940666999383,60.81665156076351,22.094653427681138,77.40454320708083,217.87359109920234
QB,3,veteran,D1,magnitude_only,0.05,18.61555,0.5327868852459017,0.05,0.4924837966668749,66.06102505319124,32.53398442990117,83.68138484872159,232.3134066618901
QB,3,veteran,D1,joint_evidence,0.05,18.61555,0.1719672131147541,0.13008333333333333,0.4924837966668749,78.62181084872961,38.719967907607256,89.03010746402681,230.79551303338252
QB,3,veteran,D1,magnitude_only,0.10,33.0741,0.5327868852459017,0.05,0.5461561769124458,70.67477350835476,38.59946410347604,88.6966854183822,237.59503567908192
QB,3,veteran,D1,joint_evidence,0.10,33.0741,0.2062295081967213,0.16683333333333333,0.5461561769124458,89.393072028492,48.82257846154008,93.53751024786337,236.22127642965572
QB,3,veteran,D1,magnitude_only,0.15,47.532650000000004,0.5327868852459017,0.05,0.5794182348683623,73.2533546814402,42.44432946770617,91.90903565378271,240.9779719519965
QB,3,veteran,D1,joint_evidence,0.15,47.532650000000004,0.24049180327868852,0.20358333333333334,0.5794182348683623,98.0782471713874,56.828324855028235,96.2419626974398,239.74834708165167
QB,3,veteran,D1,magnitude_only,0.20,61.991200000000006,0.5327868852459017,0.05,0.6030457675467117,74.99065995104742,45.222800089013845,94.27728210138054,243.471979835225
QB,3,veteran,D1,joint_evidence,0.20,61.991200000000006,0.27475409836065573,0.24033333333333334,0.6030457675467117,102.28302525637882,61.68134547273266,98.10231135921353,242.3864893439615
QB,3,veteran,D1,magnitude_only,0.25,76.44975,0.5327868852459017,0.05,0.6210838520788768,76.14207487732136,47.290613170085024,96.15396645171509,245.44832210687224
QB,3,veteran,D1,joint_evidence,0.25,76.44975,0.30901639344262294,0.27708333333333335,0.6210838520788768,105.81848480522524,65.72215216397939,99.47109792372403,244.50696599469012
QB,3,veteran,D1,magnitude_only,0.30,90.9083,0.5327868852459017,0.05,0.6354889604393416,76.88571370411087,48.86002227446225,97.70848592266076,247.0853915170695
QB,3,veteran,D1,joint_evidence,0.30,90.9083,0.34327868852459015,0.31383333333333335,0.6354889604393416,108.91194380777117,69.21233794982848,100.51771960884561,246.28816978396875
QB,3,veteran,D1,magnitude_only,0.35,105.36684999999999,0.5327868852459017,0.05,0.6473538214742067,77.34170989487745,50.06745145979839,99.03541232286838,248.4827819389737
QB,3,veteran,D1,joint_evidence,0.35,105.36684999999999,0.3775409836065573,0.35058333333333336,0.6473538214742067,111.69142430479765,72.30387034960785,101.33674822322916,247.82969458495427
QB,3,veteran,D1,magnitude_only,0.40,119.8254,0.5327868852459017,0.05,0.6573491433489923,77.58505754068025,51.00047111104844,100.19295596050955,249.70179483367744
QB,3,veteran,D1,joint_evidence,0.40,119.8254,0.41180327868852457,0.38733333333333336,0.6573491433489923,114.23625217142956,75.09310250428868,101.98639407504626,249.19284185873943
QB,3,veteran,D1,magnitude_only,0.45,134.28395,0.5327868852459017,0.05,0.6659151927994367,77.6658216431118,51.71885059339945,101.21950602199522,250.78285797576333
QB,3,veteran,D1,joint_evidence,0.45,134.28395,0.4460655737704918,0.42408333333333337,0.6659151927994367,116.59901548467414,77.64505587670128,102.50504635070783,250.4180393799067
QB,3,veteran,D1,magnitude_only,0.50,148.7425,0.5327868852459017,0.05,0.6733559125633892,77.61913836464285,52.265305745908066,102.1417191743086,251.75404358620506
QB,3,veteran,D1,joint_evidence,0.50,148.7425,0.480327868852459,0.4608333333333334,0.6733559125633892,118.81638176104076,80.00571316818564,102.91936171719715,251.53335936942975
QB,3,veteran,D1,magnitude_only,0.55,163.20105,0.5327868852459017,0.05,0.6798895495811484,77.47063931324,52.671478068442354,102.97886152572961,252.6356408650466
QB,3,veteran,D1,joint_evidence,0.55,163.20105,0.5145901639344262,0.49758333333333343,0.6798895495811484,120.91494021036313,82.20880423725528,103.24860628279407,252.55909102735268
QB,3,veteran,D1,magnitude_only,0.60,177.6596,0.5327868852459017,0.05,0.6856778454930431,77.23960725428861,52.96148748884944,103.74531101806292,253.44279126863518
QB,3,veteran,D1,joint_evidence,0.60,177.6596,0.5488524590163935,0.5343333333333333,0.6856778454930431,122.91458630220035,84.27980871536144,103.50715798930332,253.51037581002262
QB,3,veteran,D1,magnitude_only,0.65,192.11815,0.5327868852459017,0.05,0.690843817287985,76.94091652743863,53.15415647945193,104.45208287023455,254.18709495913498
QB,3,veteran,D1,joint_evidence,0.65,192.11815,0.5831147540983606,0.5710833333333334,0.690843817287985,124.83059423053683,86.23844423255159,103.70603205565087,254.39881387960375
QB,3,veteran,D1,magnitude_only,0.70,206.5767,0.5327868852459017,0.05,0.6954830826871979,76.5862810407088,53.26446282974025,105.10780279456304,254.8776357016848
QB,3,veteran,D1,joint_evidence,0.70,206.5767,0.6173770491803278,0.6078333333333334,0.6954830826871979,126.67494429088582,88.10028075465434,103.85385419415528,255.23348900123497
QB,3,veteran,D1,magnitude_only,0.75,221.03525,0.5327868852459017,0.05,0.6996713463925432,76.18508741087587,53.30452268380111,105.71935176789336,255.52165987493467
QB,3,veteran,D1,joint_evidence,0.75,221.03525,0.651639344262295,0.6445833333333333,0.6996713463925432,128.45720530584308,89.87782579016258,103.9575053816615,256.0216475535662
QB,3,veteran,D1,magnitude_only,0.80,235.49380000000002,0.5327868852459017,0.05,0.7034695060101481,75.74496892492049,53.284275872367836,106.29230700225979,256.12504085865635
QB,3,veteran,D1,joint_evidence,0.80,235.49380000000002,0.6859016393442623,0.6813333333333333,0.7034695060101481,130.18513995856813,91.58127609651592,104.02256283020387,256.7691629163692
QB,3,veteran,D1,magnitude_only,0.85,249.95235,0.5327868852459017,0.05,0.7069272291196017,75.27221173859274,53.21197607406732,106.83125184126916,256.69260538661246
QB,3,veteran,D1,joint_evidence,0.85,249.95235,0.7201639344262294,0.7180833333333334,0.7069272291196017,131.8651313355047,93.21905191250072,104.05360988338917,257.4808618234067
QB,3,veteran,D1,magnitude_only,0.90,264.41089999999997,0.5327868852459017,0.05,0.7100855181504666,74.77204913065636,53.09454925011426,107.33999872294815,257.22836834944195
QB,3,veteran,D1,joint_evidence,0.90,264.41089999999997,0.7544262295081967,0.7548333333333335,0.7100855181504666,133.50249054034208,94.79818516971658,104.05445897924407,258.16075916531753
QB,3,veteran,D1,magnitude_only,0.95,278.86945,0.5327868852459017,0.05,0.7129785872390741,74.2488790600385,52.93786089631113,107.82175292525045,257.7357052355752
QB,3,veteran,D1,joint_evidence,0.95,278.86945,0.7886885245901638,0.7915833333333333,0.7129785872390741,135.1016830806826,96.32460713648621,104.0283153957223,258.81223043053217
QB,3,veteran,D1,magnitude_only,1.00,293.328,0.5327868852459017,0.05,0.715635260481558,73.7064279434913,52.74691876050559,108.27923501928461,258.217481087119
QB,3,veteran,D1,joint_evidence,1.00,293.328,0.8229508196721311,0.8283333333333334,0.715635260481558,137.6737385962432,98.52418178179242,103.97789970393237,259.4381406611573
RB,2,developmental,D1,magnitude_only,0.00,18.099999999999998,0.3651685393258427,0.31666666666666665,0.7067540597758931,77.75818505537227,54.95591296868953,70.59666149212964,160.21595642285493
RB,2,developmental,D1,joint_evidence,0.00,18.099999999999998,0.07977528089887641,0.12166666666666667,0.7067540597758931,78.25754381014394,55.308836795909045,77.87792234728042,157.1132793757233
RB,2,developmental,D1,magnitude_only,0.05,26.999999999999996,0.3651685393258427,0.31666666666666665,0.7320448408282559,83.20669542037419,60.91103210485299,74.85994366078546,164.07133681736002
RB,2,developmental,D1,joint_evidence,0.05,26.999999999999996,0.11752808988764045,0.16041666666666668,0.7320448408282559,81.91470853301983,59.96523976954749,81.17801410360133,161.37909263945525
RB,2,developmental,D1,magnitude_only,0.10,35.89999999999999,0.3651685393258427,0.31666666666666665,0.749035140819457,86.81155109695403,65.02490240066246,77.93614271404843,166.853211685212
RB,2,developmental,D1,joint_evidence,0.10,35.89999999999999,0.1552808988764045,0.19916666666666666,0.749035140819457,83.78012973006119,62.75426127022876,83.29102274452939,164.5714003765341
RB,2,developmental,D1,magnitude_only,0.15,44.8,0.3651685393258427,0.31666666666666665,0.7615433334577001,89.37445861056358,68.06252313626584,80.34434991453324,169.03100674060767
RB,2,developmental,D1,joint_evidence,0.15,44.8,0.19303370786516855,0.23791666666666667,0.7615433334577001,87.59594057106685,66.70810457985284,84.73603953267929,167.15962830115663
RB,2,developmental,D1,magnitude_only,0.20,53.69999999999999,0.3651685393258427,0.31666666666666665,0.7712724406244175,91.26636330858412,70.39123077592646,82.32353947430975,170.82083165106565
RB,2,developmental,D1,joint_evidence,0.20,53.69999999999999,0.2307865168539326,0.27666666666666667,0.7712724406244175,90.8850823830804,70.09715930594967,85.7520386801209,169.35988608084148
RB,2,developmental,D1,magnitude_only,0.25,62.599999999999994,0.3651685393258427,0.31666666666666665,0.779123431118609,92.68971724812066,72.21673053176949,84.003700496116,172.34023843833108
RB,2,developmental,D1,joint_evidence,0.25,62.599999999999994,0.26853932584269663,0.3154166666666667,0.779123431118609,93.76729065226974,73.05629321969228,86.46900928959224,171.28972573733378
RB,2,developmental,D1,magnitude_only,0.30,71.49999999999999,0.3651685393258427,0.31666666666666665,0.7856277653079853,93.76726400554833,73.66616607972281,85.46344333038627,173.66031618163453
RB,2,developmental,D1,joint_evidence,0.30,71.49999999999999,0.30629213483146067,0.35416666666666663,0.7856277653079853,96.35404046645765,75.69840949005831,86.96556171152761,173.02023634986406
RB,2,developmental,D1,magnitude_only,0.35,80.39999999999998,0.3651685393258427,0.31666666666666665,0.791123723898916,94.57909701025238,74.8237674297477,86.75395071196326,174.82735056056345
RB,2,developmental,D1,joint_evidence,0.35,80.39999999999998,0.3440449438202247,0.3929166666666666,0.791123723898916,98.71789095496847,78.09806550774178,87.29287868076969,174.59770359801985
RB,2,developmental,D1,magnitude_only,0.40,89.29999999999998,0.3651685393258427,0.31666666666666665,0.7958391239397679,95.18041071568902,75.74829468020124,87.91041810381387,175.87316961101374
RB,2,developmental,D1,joint_evidence,0.40,89.29999999999998,0.38179775280898876,0.43166666666666664,0.7958391239397679,100.90866633559482,80.30706461445013,87.48615566028539,176.053955517697
RB,2,developmental,D1,magnitude_only,0.45,98.19999999999999,0.3651685393258427,0.31666666666666665,0.799934228226019,95.61088406316775,76.48241875307747,88.95808853244417,176.82060116038207
RB,2,developmental,D1,joint_evidence,0.45,98.19999999999999,0.4195505617977528,0.4704166666666666,0.799934228226019,102.96201287113004,82.36283830266484,87.57063567658079,177.4118199362922
RB,2,developmental,D1,magnitude_only,0.50,107.09999999999998,0.3651685393258427,0.31666666666666665,0.8035257649318647,95.9000239998453,77.05814014145987,89.91568386992269,177.68657581182023
RB,2,developmental,D1,joint_evidence,0.50,107.09999999999998,0.45730337078651684,0.5091666666666667,0.8035257649318647,104.90427375052978,84.29328681001617,87.5650406017244,178.68822745695724
RB,2,developmental,D1,magnitude_only,0.55,115.99999999999999,0.3651685393258427,0.31666666666666665,0.8067012015344476,96.07039140671047,77.500100179678,90.79747400904354,178.48399814511757
RB,2,developmental,D1,joint_evidence,0.55,115.99999999999999,0.49505617977528094,0.5479166666666666,0.8067012015344476,106.75543343175661,86.1197364197288,87.48364032851036,179.8960826594814
RB,2,developmental,D1,magnitude_only,0.60,124.89999999999998,0.3651685393258427,0.31666666666666665,0.8095276470759369,96.1396426065799,77.82769867002612,91.61458532588917,179.2229299883477
RB,2,developmental,D1,joint_evidence,0.60,124.89999999999998,0.5328089887640449,0.5866666666666666,0.8095276470759369,108.53098191757864,87.85883042657849,87.33756123302108,181.0454473719384
RB,2,developmental,D1,magnitude_only,0.65,133.79999999999998,0.3651685393258427,0.31666666666666665,0.8120576303008532,96.12187254205725,78.05650003658366,92.37586116642667,179.9113685749365
RB,2,developmental,D1,joint_evidence,0.65,133.79999999999998,0.5705617977528089,0.6254166666666666,0.8120576303008532,110.24314207892255,89.52378471353012,87.13564666122369,182.14431882775403
RB,2,developmental,D1,magnitude_only,0.70,142.69999999999996,0.3651685393258427,0.31666666666666665,0.8143329780044124,96.02852782418805,78.19919703645063,93.08844666779034,180.55577541048785
RB,2,developmental,D1,joint_evidence,0.70,142.69999999999996,0.608314606741573,0.6641666666666666,0.8143329780044124,111.90170456585356,91.12524832288149,86.88504175025244,183.19915853253227
RB,2,developmental,D1,magnitude_only,0.75,151.59999999999997,0.3651685393258427,0.31666666666666665,0.8163874938141157,95.86904489585743,78.26628929688198,93.7581975373489,181.1614459407387
RB,2,developmental,D1,joint_evidence,0.75,151.59999999999997,0.6460674157303371,0.7029166666666666,0.8163874938141157,113.51461188150695,92.6719095052255,86.59160220747609,184.21526193200998
RB,2,developmental,D1,magnitude_only,0.80,160.49999999999997,0.3651685393258427,0.31666666666666665,0.8182488547392304,95.65130689241857,78.26657231903215,94.38997278494875,181.7327742758036
RB,2,developmental,D1,joint_evidence,0.80,160.49999999999997,0.6838202247191011,0.7416666666666667,0.8182488547392304,115.08837697663624,94.17093265492942,86.26018704274105,185.1970231363018
RB,2,developmental,D1,magnitude_only,0.85,169.39999999999998,0.3651685393258427,0.31666666666666665,0.8199399831912824,95.38197761207084,78.20749711999264,94.98784882621334,182.2734468085256
RB,2,developmental,D1,joint_evidence,0.85,169.39999999999998,0.7215730337078651,0.7804166666666666,0.8199399831912824,116.62838965190255,95.6282798508073,85.89487267167071,186.14812853825063
RB,2,developmental,D1,magnitude_only,0.90,178.29999999999998,0.3651685393258427,0.31666666666666665,0.8214800585813722,95.06675017618898,78.09543950387639,95.55527901400427,182.7865864823064
RB,2,developmental,D1,joint_evidence,0.90,178.29999999999998,0.7593258426966292,0.8191666666666666,0.8214800585813722,118.52921084367163,97.36938306746319,85.49911244712675,187.0717010812583
RB,2,developmental,D1,magnitude_only,0.95,187.19999999999996,0.3651685393258427,0.31666666666666665,0.8228852758582882,94.71053520742458,77.9359048908477,96.09521448301251,183.27486207354383
RB,2,developmental,D1,joint_evidence,0.95,187.19999999999996,0.7970786516853932,0.8579166666666665,0.8228852758582882,120.77885605321309,99.38714228119673,85.07585750380008,187.97040954172257
RB,2,developmental,D1,magnitude_only,1.00,196.09999999999997,0.3651685393258427,0.31666666666666665,0.8241694229278695,94.31760531801044,77.73368634688322,96.61019704664037,183.74057220033768
RB,2,developmental,D1,joint_evidence,1.00,196.09999999999997,0.8348314606741573,0.8966666666666666,0.8241694229278695,122.97319842253759,101.35074997949721,84.62764965509304,188.8465525377433
RB,2,established,D1,magnitude_only,0.00,59.7,0.702247191011236,0.2638888888888889,0.8659332435743663,107.43110939247232,93.02816901701613,75.29469322374965,175.94549175244913
RB,2,established,D1,joint_evidence,0.00,59.7,0.3932584269662921,0.10416666666666666,0.8659332435743663,96.94668593047697,83.94935820156331,83.17794808660975,172.5862941620507
RB,2,established,D1,magnitude_only,0.05,67.77,0.702247191011236,0.2638888888888889,0.8701416928823961,108.58544119973584,94.48471962792001,76.68590113639067,177.20359184971943
RB,2,established,D1,joint_evidence,0.05,67.77,0.41910112359550555,0.1378472222222222,0.8701416928823961,101.57077939703606,88.38096993192136,83.90982922890247,174.12534533051794
RB,2,established,D1,magnitude_only,0.10,75.84,0.702247191011236,0.2638888888888889,0.8737080950774275,109.49895086757694,95.67011977548748,77.92256552348272,178.3219348174054
RB,2,established,D1,joint_evidence,0.10,75.84,0.44494382022471907,0.17152777777777778,0.8737080950774275,106.02746537726102,92.63705480065462,84.4871668456462,175.5246393694009
RB,2,established,D1,magnitude_only,0.15,83.91,0.702247191011236,0.2638888888888889,0.8767758254770863,110.2198671970474,96.63811504566607,79.03561443960776,179.32848957957975
RB,2,established,D1,joint_evidence,0.15,83.91,0.4707865168539326,0.20520833333333333,0.8767758254770863,109.98160246158322,96.42921028554738,84.94088899142294,176.81214520277223
RB,2,established,D1,magnitude_only,0.20,91.97999999999999,0.702247191011236,0.2638888888888889,0.8794463937023647,110.78325872728388,97.42793737030583,80.04753043199372,180.24358760114964
RB,2,established,D1,joint_evidence,0.20,91.97999999999999,0.49662921348314604,0.23888888888888887,0.8794463937023647,111.80458238165521,98.32613677494561,85.29347821346062,178.00819429553906
RB,2,established,D1,magnitude_only,0.25,100.05,0.702247191011236,0.2638888888888889,0.8817940829976731,111.21543392703335,98.06911157487667,80.97517056558449,181.08247309892317
RB,2,established,D1,joint_evidence,0.25,100.05,0.5224719101123595,0.2725694444444444,0.8817940829976731,113.51815668670838,100.09963887914219,85.56179157670309,179.12803086450953
RB,2,established,D1,magnitude_only,0.30,108.12,0.702247191011236,0.2638888888888889,0.883874750270605,111.53664517054133,98.5844243961333,81.83149956653594,181.85687036162074
RB,2,established,D1,joint_evidence,0.30,108.12,0.548314606741573,0.30624999999999997,0.883874750270605,115.14054903246061,101.76982402208648,85.75879380730623,180.18337919840405
RB,2,established,D1,magnitude_only,0.35,116.19,0.702247191011236,0.2638888888888889,0.8857313635549902,111.7628248879135,98.99183928272922,82.62670298580186,182.57599040833531
RB,2,established,D1,joint_evidence,0.35,116.19,0.5741573033707865,0.3399305555555555,0.8857313635549902,116.68603641087414,103.35248213803078,85.89467045622385,181.1834503163156
RB,2,established,D1,magnitude_only,0.40,124.25999999999999,0.702247191011236,0.2638888888888889,0.8873976215508148,111.9067416859972,99.30577640765534,83.36892883955545,183.2472016703754
RB,2,established,D1,joint_evidence,0.40,124.25999999999999,0.6,0.3736111111111111,0.8873976215508148,118.16600071209402,104.86022798008412,85.97756953962914,182.13561264955263
RB,2,established,D1,magnitude_only,0.45,132.32999999999998,0.702247191011236,0.2638888888888889,0.8889003968180605,111.97879429338607,99.53799468259885,84.06479725750714,183.8764908775151
RB,2,established,D1,joint_evidence,0.45,132.32999999999998,0.6258426966292134,0.4072916666666666,0.8889003968180605,119.5896517699773,106.30328891366649,86.01411118723254,183.0458529278893
RB,2,established,D1,magnitude_only,0.50,140.39999999999998,0.702247191011236,0.2638888888888889,0.8902614310028194,111.98757135022736,99.69821552478375,84.7197601183955,184.468788284326
RB,2,established,D1,joint_evidence,0.50,140.39999999999998,0.651685393258427,0.4409722222222222,0.8902614310028194,120.96453783435588,107.69006255300836,86.0097472777726,183.91910140589715
RB,2,established,D1,magnitude_only,0.55,148.47,0.702247191011236,0.2638888888888889,0.8914985395131686,111.94025521377942,99.79457403581571,85.33836072632066,185.02820250123096
RB,2,established,D1,joint_evidence,0.55,148.47,0.6775280898876405,0.4746527777777778,0.8914985395131686,122.29691431850108,109.02752050191083,85.96902111534948,184.7594666939991
RB,2,established,D1,magnitude_only,0.60,156.54,0.702247191011236,0.2638888888888889,0.8926264856865003,111.84291911648225,99.83395183986505,85.9244251192912,185.55819349905613
RB,2,established,D1,joint_evidence,0.60,156.54,0.7033707865168539,0.5083333333333333,0.8926264856865003,123.59201556880043,110.32150651608956,85.8957587379717,185.5704087630212
RB,2,established,D1,magnitude_only,0.65,164.60999999999999,0.702247191011236,0.2638888888888889,0.8936576269475286,111.7007497256503,99.82222692808445,86.4812055336654,186.06170234709924
RB,2,established,D1,joint_evidence,0.65,164.60999999999999,0.7292134831460675,0.5420138888888889,0.8936576269475286,124.8542587441643,111.57696058360258,85.79321238199762,186.35486868226133
RB,2,established,D1,magnitude_only,0.70,172.67999999999998,0.702247191011236,0.2638888888888889,0.8946024003407034,111.51821645878417,99.76446412574245,87.01148970141921,186.54125005306759
RB,2,established,D1,joint_evidence,0.70,172.67999999999998,0.7550561797752808,0.5756944444444444,0.8946024003407034,126.08739919867442,112.79808997585062,85.66416977940312,187.11536745942658
RB,2,established,D1,magnitude_only,0.75,180.75,0.702247191011236,0.2638888888888889,0.8954696927745055,111.29920210630526,99.66506231618077,87.51768530249339,186.99901393520378
RB,2,established,D1,joint_evidence,0.75,180.75,0.7808988764044944,0.6093749999999999,0.8954696927745055,127.29465059170099,113.98850165718851,85.511038610129,187.8540824127598
RB,2,established,D1,magnitude_only,0.80,188.82,0.702247191011236,0.2638888888888889,0.8962671271202841,111.04710487955101,99.52786966542007,88.00188605567601,187.43688738973367
RB,2,established,D1,joint_evidence,0.80,188.82,0.8067415730337079,0.6430555555555555,0.8962671271202841,128.4787789258783,115.15130608381904,85.33591259296334,188.5729069384866
RB,2,established,D1,magnitude_only,0.85,196.89,0.702247191011236,0.2638888888888889,0.8970012859599321,110.76491904728091,99.35627482465875,88.46592403958863,187.8565272058912
RB,2,established,D1,joint_evidence,0.85,196.89,0.8325842696629213,0.676736111111111,0.8970012859599321,129.64217703046754,116.28919951097454,85.14062380652766,189.2734978258411
RB,2,established,D1,magnitude_only,0.90,204.95999999999998,0.702247191011236,0.2638888888888889,0.8976778884935417,110.45529931572587,99.15327986266294,88.91141154921203,188.25939141770112
RB,2,established,D1,joint_evidence,0.90,204.95999999999998,0.8584269662921349,0.7104166666666666,0.8976778884935417,130.78692418306255,117.40452994321652,84.92678454580276,189.95731310884798
RB,2,established,D1,magnitude_only,0.95,213.02999999999997,0.702247191011236,0.2638888888888889,0.8983019318166507,110.12061271750405,98.92155913696712,89.33977490318186,188.64676987666445
RB,2,established,D1,joint_evidence,0.95,213.02999999999997,0.8842696629213482,0.7440972222222221,0.8983019318166507,131.9148342992764,118.49935048631338,84.6958211294243,190.62564263900828
RB,2,established,D1,magnitude_only,1.00,221.09999999999997,0.702247191011236,0.2638888888888889,0.8988778047820123,109.76298079719128,98.66350722530946,89.75228199075386,189.01980916308844
RB,2,established,D1,joint_evidence,1.00,221.09999999999997,0.9101123595505618,0.7777777777777777,0.8988778047820123,133.0274952309387,119.57546288883579,84.449001446648,191.27963299662923
RB,2,veteran,D1,magnitude_only,0.00,39.15,0.5898876404494382,0.9833333333333333,0.3888658620885441,75.84527442337638,29.49363802398846,69.8473041001791,166.85068932942409
RB,2,veteran,D1,joint_evidence,0.00,39.15,0.21910112359550563,0.2048245614035088,0.3888658620885441,51.963348279637806,20.20677222576862,79.3072099356112,162.81965222094598
RB,2,veteran,D1,magnitude_only,0.05,50.411249999999995,0.5898876404494382,0.9833333333333333,0.40721216853377795,78.60677737440113,32.0096362760818,72.60282358856487,169.34256657140097
RB,2,veteran,D1,joint_evidence,0.05,50.411249999999995,0.2564606741573034,0.2424305555555556,0.40721216853377795,54.830530101909694,22.327659064655236,81.10957224512389,165.71768698976194
RB,2,veteran,D1,magnitude_only,0.10,61.6725,0.5898876404494382,0.9833333333333333,0.421661381708903,80.62030058685458,33.99446733924019,74.81033838253518,171.33887104306498
RB,2,veteran,D1,joint_evidence,0.10,61.6725,0.29382022471910113,0.2800365497076024,0.421661381708903,57.05078147665221,24.05611134501786,82.36392986022112,168.12014898826504
RB,2,veteran,D1,magnitude_only,0.15,72.93375,0.5898876404494382,0.9833333333333333,0.43345171168300045,82.08914080936108,35.58167859440441,76.65207270564541,173.0043921416708
RB,2,veteran,D1,joint_evidence,0.15,72.93375,0.33117977528089887,0.31764254385964913,0.43345171168300045,58.83984774920167,25.504232722058603,83.25250700445825,170.19182761370996
RB,2,veteran,D1,magnitude_only,0.20,84.195,0.5898876404494382,0.9833333333333333,0.44331000045617364,83.16865693843025,36.86949734531486,78.23218807490073,174.43332543172414
RB,2,veteran,D1,joint_evidence,0.20,84.195,0.36853932584269666,0.3552485380116959,0.44331000045617364,60.32170079266851,26.741213205915045,83.87946519484049,172.0269184306024
RB,2,veteran,D1,magnitude_only,0.25,95.45625,0.5898876404494382,0.9833333333333333,0.45170026526280393,83.95655456555777,37.923197967813515,79.61584930228709,175.68460089454067
RB,2,veteran,D1,joint_evidence,0.25,95.45625,0.4058988764044944,0.39285453216374266,0.45170026526280393,61.574230147563206,27.81309609100724,84.30996924335376,173.68435142025797
RB,2,veteran,D1,magnitude_only,0.30,106.7175,0.5898876404494382,0.9833333333333333,0.45893717063134587,84.51835646959921,38.78861538456937,80.84654854679547,176.7975494518035
RB,2,veteran,D1,joint_evidence,0.30,106.7175,0.44325842696629214,0.43046052631578946,0.45893717063134587,62.64960883794644,28.752234221247697,84.58751130898906,175.2034575043599
RB,2,veteran,D1,magnitude_only,0.35,117.97874999999999,0.5898876404494382,0.9833333333333333,0.4652440686778184,84.90018726195694,39.49930855326154,81.95476385512526,177.79973307550023
RB,2,veteran,D1,joint_evidence,0.35,117.97874999999999,0.4806179775280899,0.46806652046783626,0.4652440686778184,63.584514742074944,29.582318343507673,84.7425694384458,176.6117986548957
RB,2,veteran,D1,magnitude_only,0.40,129.24,0.5898876404494382,0.9833333333333333,0.4707852761537793,85.13577426269586,40.08066899682909,82.96268370235218,178.71121729458406
RB,2,veteran,D1,joint_evidence,0.40,129.24,0.5179775280898877,0.505672514619883,0.4707852761537793,64.40572745890239,30.321268187624405,84.79733210679962,177.9294404008186
RB,2,veteran,D1,magnitude_only,0.45,140.50125,0.5898876404494382,0.9833333333333333,0.47568521860175983,85.2505465415564,40.552424867539756,83.88696485855354,179.5470651947836
RB,2,veteran,D1,joint_evidence,0.45,140.50125,0.5553370786516855,0.5432785087719298,0.47568521860175983,65.13340517854428,30.982998080632832,84.7684560841279,179.17144582785727
RB,2,veteran,D1,magnitude_only,0.50,151.7625,0.5898876404494382,0.9833333333333333,0.4800403826473105,85.26416605624536,40.930242899743845,84.74043091131765,180.31887343008975
RB,2,veteran,D1,joint_evidence,0.50,151.7625,0.5926966292134832,0.5808845029239766,0.4800403826473105,65.78310809572721,31.578548382002282,84.66876495801893,180.3494115900025
RB,2,veteran,D1,magnitude_only,0.55,163.02375,0.5898876404494382,0.9833333333333333,0.48392709723160876,85.19215991611097,41.226794655094594,85.53316509151225,181.03576048927775
RB,2,veteran,D1,joint_evidence,0.55,163.02375,0.630056179775281,0.6184904970760234,0.48392709723160876,66.36710323101893,32.116839618257515,84.50834195934044,181.47245617602954
RB,2,veteran,D1,magnitude_only,0.60,174.285,0.5898876404494382,0.9833333333333333,0.48740677911489405,85.04701168605467,41.45249003924666,86.27323942660335,181.70502608538683
RB,2,veteran,D1,joint_evidence,0.60,174.285,0.6674157303370787,0.6560964912280701,0.48740677911489405,66.89523677731175,32.60519189575773,84.29525911555845,182.5478792989777
RB,2,veteran,D1,magnitude_only,0.65,185.54625000000001,0.5898876404494382,0.9833333333333333,0.490529574888116,84.83891365430284,41.61599624881475,86.96721643071722,182.33260484514358
RB,2,veteran,D1,joint_evidence,0.65,185.54625000000001,0.7047752808988764,0.6937024853801169,0.490529574888116,67.37553538002504,33.0496927278229,84.03607894079924,183.5816155855735
RB,2,veteran,D1,magnitude_only,0.70,196.8075,0.5898876404494382,0.9833333333333333,0.4933369544899152,84.57629917422517,41.724613856640175,87.62050350366594,182.92338679984215
RB,2,veteran,D1,joint_evidence,0.70,196.8075,0.7421348314606742,0.7313084795321637,0.4933369544899152,67.81463155918651,33.45546380326476,83.73620883487489,184.5785550671112
RB,2,veteran,D1,magnitude_only,0.75,208.06875,0.5898876404494382,0.9833333333333333,0.49586359909231537,84.2662280587561,41.78455512714865,88.23760906515109,183.48144901317204
RB,2,veteran,D1,joint_evidence,0.75,208.06875,0.7794943820224719,0.7689144736842105,0.49586359909231537,68.2180716072886,33.82685851032742,83.40015721748695,185.54277480728015
RB,2,veteran,D1,magnitude_only,0.80,219.33,0.5898876404494382,0.9833333333333333,0.498138802042541,83.91467122932626,41.801153799970265,88.82233140864432,184.01022636596068
RB,2,veteran,D1,joint_evidence,0.80,219.33,0.8168539325842697,0.8065204678362573,0.498138802042541,68.73431400049763,34.239228835423745,83.03172238210709,186.47770968690787
RB,2,veteran,D1,magnitude_only,0.85,230.59125,0.5898876404494382,0.9833333333333333,0.5001875262886838,83.52672471600383,41.77902581469382,89.3779004280824,184.51263972275976
RB,2,veteran,D1,joint_evidence,0.85,230.59125,0.8542134831460674,0.844126461988304,0.5001875262886838,69.90564766361209,34.965932978470434,82.63413422267209,187.386280570546
RB,2,veteran,D1,magnitude_only,0.90,241.8525,0.5898876404494382,0.9833333333333333,0.5020312146955037,83.10677311275711,41.72219425522108,89.90708566136315,184.99119363796905
RB,2,veteran,D1,joint_evidence,0.90,241.8525,0.8915730337078652,0.8817324561403508,0.5020312146955037,71.04641440426127,35.66751772313142,82.21016227707977,188.2709920125944
RB,2,veteran,D1,magnitude_only,0.95,253.11374999999998,0.5898876404494382,0.9833333333333333,0.5036884194787424,82.6586162190375,41.63418775966694,90.4122798226157,185.44805189591673
RB,2,veteran,D1,joint_evidence,0.95,253.11374999999998,0.928932584269663,0.9193384502923976,0.5036884194787424,72.15784697933996,36.3450718980127,81.76219925945924,189.13400779738117
RB,2,veteran,D1,magnitude_only,1.00,264.375,0.5898876404494382,0.9833333333333333,0.5051752971502687,82.18556843444958,41.5181189553368,90.89556420748546,185.8850966583057
RB,2,veteran,D1,joint_evidence,1.00,264.375,0.9662921348314607,0.9569444444444444,0.5051752971502687,73.24090589628939,36.999496399712854,81.29232646545591,189.97721008660926
RB,3,developmental,D1,magnitude_only,0.00,18.099999999999998,0.3651685393258427,0.31666666666666665,0.5123530964089247,63.751818373446824,32.663441545334855,67.2663324507573,162.56351858900967
RB,3,developmental,D1,joint_evidence,0.00,18.099999999999998,0.07977528089887641,0.12166666666666667,0.5123530964089247,60.277942492717735,30.883590481303028,71.54418575771507,161.41016585164462
RB,3,developmental,D1,magnitude_only,0.05,26.999999999999996,0.3651685393258427,0.31666666666666665,0.550186730063734,67.55492962049425,37.16782582758542,71.27987705141342,166.76154740154223
RB,3,developmental,D1,joint_evidence,0.05,26.999999999999996,0.11752808988764045,0.16041666666666668,0.550186730063734,65.03207330116233,35.779783758831556,74.99184110201772,165.76076416014357
RB,3,developmental,D1,magnitude_only,0.10,35.89999999999999,0.3651685393258427,0.31666666666666665,0.5767816639567501,70.3068451358594,40.55169912501053,74.17587633373628,169.7906624701221
RB,3,developmental,D1,joint_evidence,0.10,35.89999999999999,0.1552808988764045,0.19916666666666666,0.5767816639567501,68.53097848547331,39.52741180343554,77.3219511279871,168.94244872468983
RB,3,developmental,D1,magnitude_only,0.15,44.8,0.3651685393258427,0.31666666666666665,0.5970165954598255,72.29437655729042,43.16094256312415,76.44301386402421,172.16200990016355
RB,3,developmental,D1,joint_evidence,0.15,44.8,0.19303370786516855,0.23791666666666667,0.5970165954598255,71.23900051224705,42.5308655497825,79.02319940192157,171.46636565069772
RB,3,developmental,D1,magnitude_only,0.20,53.69999999999999,0.3651685393258427,0.31666666666666665,0.6131742969976515,73.78607408448508,45.24372410497077,78.30626505338205,174.11090618915233
RB,3,developmental,D1,joint_evidence,0.20,53.69999999999999,0.2307865168539326,0.27666666666666667,0.6131742969976515,73.47755477504795,45.054547994296456,80.32056133492593,173.5678314356529
RB,3,developmental,D1,magnitude_only,0.25,62.599999999999994,0.3651685393258427,0.31666666666666665,0.6265054395101134,74.92988214902294,46.94397874821462,79.88800441065041,175.7653508400586
RB,3,developmental,D1,joint_evidence,0.25,62.599999999999994,0.26853932584269663,0.3154166666666667,0.6265054395101134,75.38550722614028,47.229430337405844,81.33641143584083,175.37484558252555
RB,3,developmental,D1,magnitude_only,0.30,71.49999999999999,0.3651685393258427,0.31666666666666665,0.6377681842837891,75.81623113669603,48.35318007129071,81.26223739337581,177.2027510014199
RB,3,developmental,D1,joint_evidence,0.30,71.49999999999999,0.30629213483146067,0.35416666666666663,0.6377681842837891,77.04658466064453,49.1378604042865,82.14475516221276,176.96481523985324
RB,3,developmental,D1,magnitude_only,0.35,80.39999999999998,0.3651685393258427,0.31666666666666665,0.6474559518443411,76.50455385248254,49.53332873498574,82.47714851784127,178.47350601043075
RB,3,developmental,D1,joint_evidence,0.35,80.39999999999998,0.3440449438202247,0.3929166666666666,0.6474559518443411,78.51566714913383,50.83543600873591,82.79377703032475,178.3881397448305
RB,3,developmental,D1,magnitude_only,0.40,89.29999999999998,0.3651685393258427,0.31666666666666665,0.6559072807536835,77.03606534857934,50.528516142749744,83.56587154221015,179.61227263194058
RB,3,developmental,D1,joint_evidence,0.40,89.29999999999998,0.38179775280898876,0.43166666666666664,0.6559072807536835,79.83070826709843,52.36154278011313,83.31661079834016,179.67947586230676
RB,3,developmental,D1,magnitude_only,0.45,98.19999999999999,0.3651685393258427,0.31666666666666665,0.663364145655888,77.44055656919542,51.37128864764079,84.55217078906999,180.6439075253014
RB,3,developmental,D1,joint_evidence,0.45,98.19999999999999,0.4195505617977528,0.4704166666666666,0.663364145655888,81.01906452481904,53.745142520345844,83.73702078884654,180.86368025163395
RB,3,developmental,D1,magnitude_only,0.50,107.09999999999998,0.3651685393258427,0.31666666666666665,0.6700052481946286,77.74028339444811,52.08639787041797,85.4536714273827,181.58684600754336
RB,3,developmental,D1,joint_evidence,0.50,107.09999999999998,0.45730337078651684,0.5091666666666667,0.6700052481946286,82.10111460962658,55.0081776710785,84.07263217080578,181.95918822984237
RB,3,developmental,D1,magnitude_only,0.55,115.99999999999999,0.3651685393258427,0.31666666666666665,0.6759661393503715,77.95232614872535,52.69313296013489,86.2838074380367,182.4551395579568
RB,3,developmental,D1,joint_evidence,0.55,115.99999999999999,0.49505617977528094,0.5479166666666666,0.6759661393503715,83.09245279319778,56.1676845237709,84.33687892510632,182.98005127622216
RB,3,developmental,D1,magnitude_only,0.60,124.89999999999998,0.3651685393258427,0.31666666666666665,0.6813519580817557,78.09008988987213,53.206835653244696,87.05305342836128,183.2597442534621
RB,3,developmental,D1,joint_evidence,0.60,124.89999999999998,0.5328089887640449,0.5866666666666666,0.6813519580817557,84.00528210203632,57.237163449432714,84.54023565907744,183.93722546769385
RB,3,developmental,D1,magnitude_only,0.65,133.79999999999998,0.3651685393258427,0.31666666666666665,0.686245810176787,78.16429602733055,53.639920654173665,87.76973471252846,184.00936808468717
RB,3,developmental,D1,joint_evidence,0.65,133.79999999999998,0.5705617977528089,0.6254166666666666,0.686245810176787,84.84933415687388,58.22750006144484,84.69102768689115,184.83941879488535
RB,3,developmental,D1,magnitude_only,0.70,142.69999999999996,0.3651685393258427,0.31666666666666665,0.6907144598164019,78.18365940580091,54.00258407294733,88.44057787475941,184.71104682603607
RB,3,developmental,D1,joint_evidence,0.70,142.69999999999996,0.608314606741573,0.6641666666666666,0.6907144598164019,85.63249658412865,59.1476036208363,84.79598159276864,185.69366703220064
RB,3,developmental,D1,magnitude_only,0.75,151.59999999999997,0.3651685393258427,0.31666666666666665,0.6948123035165857,78.15536362574701,54.303308232981664,89.0710956026416,185.3705465580259
RB,3,developmental,D1,joint_evidence,0.75,151.59999999999997,0.6460674157303371,0.7029166666666666,0.6948123035165857,86.36125300348856,60.00486113393254,84.86061006429735,186.50573626015688
RB,3,developmental,D1,magnitude_only,0.80,160.49999999999997,0.3651685393258427,0.31666666666666665,0.6985842115416686,78.08540281042184,54.54922955523213,89.66586227149479,185.99265191900068
RB,3,developmental,D1,joint_evidence,0.80,160.49999999999997,0.6838202247191011,0.7416666666666667,0.6985842115416686,87.04099905559677,60.80546769705319,84.88948747679706,187.28041111709805
RB,3,developmental,D1,magnitude_only,0.85,169.39999999999998,0.3651685393258427,0.31666666666666665,0.7020676021628545,77.9788325328803,54.74641197581806,90.22871550577545,186.58137693138778
RB,3,developmental,D1,joint_evidence,0.85,169.39999999999998,0.7215730337078651,0.7804166666666666,0.7020676021628545,87.67627418218596,61.55467158166028,84.88645145472427,188.02170562545157
RB,3,developmental,D1,magnitude_only,0.90,178.29999999999998,0.3651685393258427,0.31666666666666665,0.7052939838413091,77.83995746884993,54.90005370524324,90.76290636539095,187.14012209138696
RB,3,developmental,D1,joint_evidence,0.90,178.29999999999998,0.7593258426966292,0.8191666666666666,0.7052939838413091,87.90405474306115,61.99820096553813,84.85475305798629,188.73302028141714
RB,3,developmental,D1,magnitude_only,0.95,187.19999999999996,0.3651685393258427,0.31666666666666665,0.7082901206002994,77.67247404198768,55.01464600652308,91.27121311137019,187.67179336392658
RB,3,developmental,D1,joint_evidence,0.95,187.19999999999996,0.7970786516853932,0.8579166666666665,0.7082901206002994,87.71931247041464,62.130722408645326,84.79717054761207,189.41726104992318
RB,3,developmental,D1,magnitude_only,1.00,196.09999999999997,0.3651685393258427,0.31666666666666665,0.7110789255420583,77.47958045207741,55.09409681931267,91.75602866096641,188.17889365767593
RB,3,developmental,D1,joint_evidence,1.00,196.09999999999997,0.8348314606741573,0.8966666666666666,0.7110789255420583,87.50044885623511,62.219725157139486,84.71609684085482,190.07693083963895
RB,3,established,D1,magnitude_only,0.00,59.7,0.702247191011236,0.2638888888888889,0.6518243464250709,91.85168349043306,59.87116355919401,71.63190214027081,173.90155043450778
RB,3,established,D1,joint_evidence,0.00,59.7,0.3932584269662921,0.10416666666666666,0.6518243464250709,93.27460013512126,60.798655271135246,76.26343623244948,172.65284176216372
RB,3,established,D1,magnitude_only,0.05,67.77,0.702247191011236,0.2638888888888889,0.6622829679774137,92.73330348762642,61.41568746413547,72.9416148886369,175.27146466266493
RB,3,established,D1,joint_evidence,0.05,67.77,0.41910112359550555,0.1378472222222222,0.6622829679774137,93.37221540260575,61.83882794346412,77.18578431128792,174.1271934429169
RB,3,established,D1,magnitude_only,0.10,75.84,0.702247191011236,0.2638888888888889,0.6713267865545469,93.43831822756725,62.72764591677387,74.10583707175408,176.489200792498
RB,3,established,D1,joint_evidence,0.10,75.84,0.44494382022471907,0.17152777777777778,0.6713267865545469,93.27620584716304,62.618815533376406,77.96264182487742,175.44936702534602
RB,3,established,D1,magnitude_only,0.15,83.91,0.702247191011236,0.2638888888888889,0.6792512619531453,93.98518169502297,63.83955327124001,75.15368501867717,177.58521349698296
RB,3,established,D1,joint_evidence,0.15,83.91,0.4707865168539326,0.20520833333333333,0.6792512619531453,93.27729417374552,63.358719779091416,78.62312510227284,176.64981718242706
RB,3,established,D1,magnitude_only,0.20,91.97999999999999,0.702247191011236,0.2638888888888889,0.6862699259225707,94.40255253223799,64.78563273320056,76.10632427802949,178.5816412078042
RB,3,established,D1,joint_evidence,0.20,91.97999999999999,0.49662921348314604,0.23888888888888887,0.6862699259225707,94.51209937288351,64.86081143541541,79.18839969209749,177.75068234584433
RB,3,established,D1,magnitude_only,0.25,100.05,0.702247191011236,0.2638888888888889,0.6925418745380926,94.71203470355397,65.59205005491614,76.97962444964328,179.4950829774123
RB,3,established,D1,joint_evidence,0.25,100.05,0.5224719101123595,0.2725694444444444,0.6925418745380926,95.6418591211102,66.23599240004182,79.67433519418361,178.76856156804845
RB,3,established,D1,magnitude_only,0.30,108.12,0.702247191011236,0.2638888888888889,0.6981886608537325,94.930333533523,66.2792824441686,77.78579080274619,180.33830509520487
RB,3,established,D1,joint_evidence,0.30,108.12,0.548314606741573,0.30624999999999997,0.6981886608537325,96.68195486758245,67.5022445977184,80.09313687775885,179.7162211384371
RB,3,established,D1,magnitude_only,0.35,116.19,0.702247191011236,0.2638888888888889,0.7033051326170807,95.07064528665902,66.86367279132516,78.53441223186083,181.1213372131459
RB,3,established,D1,joint_evidence,0.35,116.19,0.5741573033707865,0.3399305555555555,0.7033051326170807,97.64450942674259,68.67388465170498,80.4543936373458,180.60369070897414
RB,3,established,D1,magnitude_only,0.40,124.25999999999999,0.702247191011236,0.2638888888888889,0.7079666399716965,95.14358582006854,67.35848476789268,79.23315945288732,181.85220263471538
RB,3,established,D1,joint_evidence,0.40,124.25999999999999,0.6,0.3736111111111111,0.7079666399716965,98.5392492014083,69.76250116245471,80.76577618884464,181.43899358313968
RB,3,established,D1,magnitude_only,0.45,132.32999999999998,0.702247191011236,0.2638888888888889,0.7122339771735015,95.15783049857075,67.77464007519896,79.88826479688048,182.53742016260273
RB,3,established,D1,joint_evidence,0.45,132.32999999999998,0.6258426966292134,0.4072916666666666,0.7122339771735015,99.3740985703761,70.77760945281054,81.03351686331011,182.2286485636231
RB,3,established,D1,magnitude_only,0.50,140.39999999999998,0.702247191011236,0.2638888888888889,0.7161568603819302,95.12056686354077,68.12124652274282,80.50486077855756,183.18235822965428
RB,3,established,D1,joint_evidence,0.50,140.39999999999998,0.651685393258427,0.4409722222222222,0.7161568603819302,100.15560053342584,71.72712042768502,81.26274817545952,182.9780240832707
RB,3,established,D1,magnitude_only,0.55,148.47,0.702247191011236,0.2638888888888889,0.7197764313181664,95.03782220370144,68.40598450603062,81.08722456112733,183.79149060062718
RB,3,established,D1,joint_evidence,0.55,148.47,0.6775280898876405,0.4746527777777778,0.7197764313181664,100.88922124654634,72.61768362730805,81.45774728850162,183.6915939068396
RB,3,established,D1,magnitude_only,0.60,156.54,0.702247191011236,0.2638888888888889,0.7231270958161086,94.91470535815724,68.63539523588588,81.63895805822901,184.3685847525879
RB,3,established,D1,joint_evidence,0.60,156.54,0.7033707865168539,0.5083333333333333,0.7231270958161086,101.57957492886636,73.45494301254593,81.62211611607563,184.3731255113964
RB,3,established,D1,magnitude_only,0.65,164.60999999999999,0.702247191011236,0.2638888888888889,0.7262378978751933,94.75558836648766,68.81509930720512,82.1631229944118,184.91684314350124
RB,3,established,D1,joint_evidence,0.65,164.60999999999999,0.7292134831460675,0.5420138888888889,0.7262378978751933,102.23059290605937,74.24373089063121,81.75891638273075,185.0258213549058
RB,3,established,D1,magnitude_only,0.70,172.67999999999998,0.702247191011236,0.2638888888888889,0.7291335627533664,94.56424507489606,68.94996492054145,82.6623437999098,185.4390108366057
RB,3,established,D1,joint_evidence,0.70,172.67999999999998,0.7550561797752808,0.5756944444444444,0.7291335627533664,102.84565266684291,74.98821714267042,81.87077251870109,185.6524265006063
RB,3,established,D1,magnitude_only,0.75,180.75,0.702247191011236,0.2638888888888889,0.7318352999947445,94.34395838500711,69.04423908738337,83.13888711587984,185.93745866014174
RB,3,established,D1,joint_evidence,0.75,180.75,0.7808988764044944,0.6093749999999999,0.7318352999947445,103.42767777953182,75.69202559554344,81.95995116514347,186.25531177673838
RB,3,established,D1,magnitude_only,0.80,188.82,0.702247191011236,0.2638888888888889,0.7343614295054584,94.09760428942646,69.10165119902216,83.59472401376513,186.41424828665419
RB,3,established,D1,joint_evidence,0.80,188.82,0.8067415730337079,0.6430555555555555,0.7343614295054584,103.97921622908068,76.35832586884484,82.02842339350107,186.8365388558469
RB,3,established,D1,magnitude_only,0.85,196.89,0.702247191011236,0.2638888888888889,0.7367278752937103,93.82771847253694,69.12549567392855,84.03157925138574,186.87118375315862
RB,3,established,D1,joint_evidence,0.85,196.89,0.8325842696629213,0.676736111111111,0.7367278752937103,104.50250253994435,76.98990665912876,82.077913961594,187.39791177494737
RB,3,established,D1,magnitude_only,0.90,204.95999999999998,0.702247191011236,0.2638888888888889,0.7389485589295125,93.53654964374202,69.11869856648197,84.45097067756302,187.3098526770155
RB,3,established,D1,joint_evidence,0.90,204.95999999999998,0.8584269662921349,0.7104166666666666,0.7389485589295125,104.99950755472659,77.58923479587368,82.10994071824362,187.94101815140033
RB,3,established,D1,magnitude_only,0.95,213.02999999999997,0.702247191011236,0.2638888888888889,0.7410357160971914,93.22610265311104,69.08387173849842,84.85424105902752,187.73165954577487
RB,3,established,D1,joint_evidence,0.95,213.02999999999997,0.8842696629213482,0.7440972222222221,0.7410357160971914,105.4719787015334,78.15850326527853,82.12584643018045,188.46726247275572
RB,3,established,D1,magnitude_only,1.00,221.09999999999997,0.702247191011236,0.2638888888888889,0.7430001535140258,92.89817365196,69.0233572845789,85.24258401371844,188.13785284251063
RB,3,established,D1,joint_evidence,1.00,221.09999999999997,0.9101123595505618,0.7777777777777777,0.7430001535140258,105.9214728519475,78.6996705894287,82.1268247153437,188.97789322208752
RB,3,veteran,D0,magnitude_only,0.00,39.15,0.5898876404494382,0.9833333333333333,0.14408171083069266,30.069863474972983,4.3325173739194645,30.06986347497299,30.06986347497299
RB,3,veteran,D0,joint_evidence,0.00,39.15,0.21910112359550563,0.2048245614035088,0.14408171083069266,2.523410215268327,0.363577260943507,2.5234102152683278,2.5234102152683278
RB,3,veteran,D0,magnitude_only,0.05,50.411249999999995,0.5898876404494382,0.9833333333333333,0.1561778493209367,33.96429835727858,5.304471071134392,33.96429835727858,33.96429835727858
RB,3,veteran,D0,joint_evidence,0.05,50.411249999999995,0.2564606741573034,0.2424305555555556,0.1561778493209367,9.193358948741148,1.4357990286497802,9.19335894874115,9.19335894874115
RB,3,veteran,D0,magnitude_only,0.10,61.6725,0.5898876404494382,0.9833333333333333,0.1662636686731085,37.08422643366462,6.1657595367653455,37.084226433664625,37.084226433664625
RB,3,veteran,D0,joint_evidence,0.10,61.6725,0.29382022471910113,0.2800365497076024,0.1662636686731085,15.088800876294398,2.5087193895707207,15.0888008762944,15.0888008762944
RB,3,veteran,D0,magnitude_only,0.15,72.93375,0.5898876404494382,0.9833333333333333,0.17490570499037583,39.687189113511884,6.941515790985165,39.68718911351188,39.68718911351188
RB,3,veteran,D0,joint_evidence,0.15,72.93375,0.33117977528089887,0.31764254385964913,0.17490570499037583,20.46727740730886,3.5798435841589478,20.467277407308856,20.467277407308856
RB,3,veteran,D0,magnitude_only,0.20,84.195,0.5898876404494382,0.9833333333333333,0.18245183801172815,41.92040010622384,7.648454049567583,41.92040010622384,41.92040010622384
RB,3,veteran,D0,joint_evidence,0.20,84.195,0.36853932584269666,0.3552485380116959,0.18245183801172815,25.476002251188035,4.648143435920181,25.476002251188035,25.476002251188035
RB,3,veteran,D0,magnitude_only,0.25,95.45625,0.5898876404494382,0.9833333333333333,0.18913297420970743,43.87595824033955,8.29839047829634,43.87595824033956,43.87595824033956
RB,3,veteran,D0,joint_evidence,0.25,95.45625,0.4058988764044944,0.39285453216374266,0.18913297420970743,30.207074236470977,5.713153792517183,30.207074236470973,30.207074236470973
RB,3,veteran,D0,magnitude_only,0.30,106.7175,0.5898876404494382,0.9833333333333333,0.19511119425773116,45.615331918385415,8.900061887058982,45.61533191838542,45.61533191838542
RB,3,veteran,D0,joint_evidence,0.30,106.7175,0.44325842696629214,0.43046052631578946,0.19511119425773116,34.72196176568402,6.7746434270738884,34.72196176568403,34.72196176568403
RB,3,veteran,D0,magnitude_only,0.35,117.97874999999999,0.5898876404494382,0.9833333333333333,0.20050517555959657,47.18159641843907,9.460154273061159,47.181596418439064,47.181596418439064
RB,3,veteran,D0,joint_evidence,0.35,117.97874999999999,0.4806179775280899,0.46806652046783626,0.20050517555959657,39.06374011690491,7.832482070154474,39.063740116904896,39.063740116904896
RB,3,veteran,D0,magnitude_only,0.40,129.24,0.5898876404494382,0.9833333333333333,0.2054047368179066,48.606111188939984,9.983925476506123,48.60611118893998,48.60611118893998
RB,3,veteran,D0,joint_evidence,0.40,129.24,0.5179775280898877,0.505672514619883,0.2054047368179066,43.26376873857303,8.886583031497368,43.26376873857302,43.26376873857302
RB,3,veteran,D0,magnitude_only,0.45,140.50125,0.5898876404494382,0.9833333333333333,0.20987968947600621,49.91241760083076,10.475602707059107,49.91241760083075,49.91241760083075
RB,3,veteran,D0,joint_evidence,0.45,140.50125,0.5553370786516855,0.5432785087719298,0.20987968947600621,47.34558900163101,9.936877517720932,47.345589001631005,47.345589001631005
RB,3,veteran,D0,magnitude_only,0.50,151.7625,0.5898876404494382,0.9833333333333333,0.2139854959558588,51.11863950590439,10.938647427259708,51.11863950590438,51.11863950590438
RB,3,veteran,D0,joint_evidence,0.50,151.7625,0.5926966292134832,0.5808845029239766,0.2139854959558588,51.32732475787185,10.983303044400639,51.32732475787185,51.32732475787185
RB,3,veteran,D0,magnitude_only,0.55,163.02375,0.5898876404494382,0.9833333333333333,0.21776703474040704,52.23902775093701,11.375938171043387,52.23902775093702,52.23902775093702
RB,3,veteran,D0,joint_evidence,0.55,163.02375,0.630056179775281,0.6184904970760234,0.21776703474040704,55.22322685407168,12.025798360808007,55.2232268540717,55.2232268540717
RB,3,veteran,D0,magnitude_only,0.60,174.285,0.5898876404494382,0.9833333333333333,0.22126119081407336,53.28499070573593,11.789900496067963,53.28499070573592,53.28499070573592
RB,3,veteran,D0,joint_evidence,0.60,174.285,0.6674157303370787,0.6560964912280701,0.22126119081407336,59.044703660037825,13.064301443084045,59.04470366003781,59.04470366003781
RB,3,veteran,D0,magnitude_only,0.65,185.54625000000001,0.5898876404494382,0.9833333333333333,0.2244986890092182,54.265803312480436,12.182601701683948,54.26580331248044,54.26580331248044
RB,3,veteran,D0,joint_evidence,0.65,185.54625000000001,0.7047752808988764,0.6937024853801169,0.2244986890092182,62.80103011794952,14.098748929908096,62.80103011794954,62.80103011794954
RB,3,veteran,D0,magnitude_only,0.70,196.8075,0.5898876404494382,0.9833333333333333,0.2275054233513938,55.18910796547756,12.555821372071751,55.18910796547757,55.18910796547757
RB,3,veteran,D0,joint_evidence,0.70,196.8075,0.7421348314606742,0.7313084795321637,0.2275054233513938,66.49984862211386,15.129076213577616,66.49984862211387,66.49984862211387
RB,3,veteran,D0,magnitude_only,0.75,208.06875,0.5898876404494382,0.9833333333333333,0.23030344142519832,56.061276511133684,12.911104911203722,56.06127651113369,56.06127651113369
RB,3,veteran,D0,joint_evidence,0.75,208.06875,0.7794943820224719,0.7689144736842105,0.23030344142519832,70.14753101893719,16.155217801142083,70.1475310189372,70.1475310189372
RB,3,veteran,D0,magnitude_only,0.80,219.33,0.5898876404494382,0.9833333333333333,0.23291168682397434,56.88767715920078,13.24980484664713,56.887677159200784,56.887677159200784
RB,3,veteran,D0,joint_evidence,0.80,219.33,0.8168539325842697,0.8065204678362573,0.23291168682397434,73.74944551817151,17.17710775797012,73.74944551817151,73.74944551817151
RB,3,veteran,D0,magnitude_only,0.85,230.59125,0.5898876404494382,0.9833333333333333,0.23534656831188439,57.67287478815875,13.573113166074158,57.67287478815875,57.67287478815875
RB,3,veteran,D0,joint_evidence,0.85,230.59125,0.8542134831460674,0.844126461988304,0.23534656831188439,77.31015699829669,18.19468014520214,77.31015699829669,77.31015699829669
RB,3,veteran,D0,magnitude_only,0.90,241.8525,0.5898876404494382,0.9833333333333333,0.23762240249939226,58.42078364540911,13.882086965719315,58.42078364540909,58.42078364540909
RB,3,veteran,D0,joint_evidence,0.90,241.8525,0.8915730337078652,0.8817324561403508,0.23762240249939226,80.83357970671427,19.207869412535565,80.83357970671425,80.83357970671425
RB,3,veteran,D0,magnitude_only,0.95,253.11374999999998,0.5898876404494382,0.9833333333333333,0.23975176263030273,59.13478540522666,14.177669033667792,59.13478540522665,59.13478540522665
RB,3,veteran,D0,joint_evidence,0.95,253.11374999999998,0.928932584269663,0.9193384502923976,0.23975176263030273,84.32309531769903,20.21661073286137,84.32309531769901,84.32309531769901
RB,3,veteran,D0,magnitude_only,1.00,264.375,0.5898876404494382,0.9833333333333333,0.2417457566191974,59.81782160745397,14.460704543806134,59.81782160745397,59.81782160745397
RB,3,veteran,D0,joint_evidence,1.00,264.375,0.9662921348314607,0.9569444444444444,0.2417457566191974,87.78164537109353,21.220840277513073,87.78164537109355,87.78164537109355
WR,2,developmental,D1,magnitude_only,0.00,23.080000000000002,0.3925619834710744,0.3522727272727273,0.5511925597939108,41.10928817580254,22.65913378092615,59.69027189055696,121.6131767749691
WR,2,developmental,D1,joint_evidence,0.00,23.080000000000002,0.07727272727272728,0.08831168831168831,0.5511925597939108,35.55423170524611,19.597227985120426,60.131941566808436,110.58315270601508
WR,2,developmental,D1,magnitude_only,0.05,28.466500000000003,0.3925619834710744,0.3522727272727273,0.567360102667485,42.594773125655884,24.166574853670355,61.11938022199444,122.82701548575687
WR,2,developmental,D1,joint_evidence,0.05,28.466500000000003,0.11311983471074381,0.12775974025974027,0.567360102667485,37.76483873873947,21.426262784032243,61.51083385052008,113.05106033945262
WR,2,developmental,D1,magnitude_only,0.10,33.85300000000001,0.3925619834710744,0.3522727272727273,0.5805208148687085,43.77286410700863,25.411058740537893,62.307884054994176,123.83649246428908
WR,2,developmental,D1,joint_evidence,0.10,33.85300000000001,0.14896694214876033,0.16720779220779222,0.5805208148687085,39.729109189425635,23.063574840653267,62.64912163579398,115.31460624063457
WR,2,developmental,D1,magnitude_only,0.15,39.23950000000001,0.3925619834710744,0.3522727272727273,0.591545838711912,44.7299848476428,26.459836402269975,63.3252444638796,124.70060571586174
WR,2,developmental,D1,joint_evidence,0.15,39.23950000000001,0.18481404958677689,0.20665584415584415,0.591545838711912,41.49901829178959,24.54857158113765,63.61626599695356,117.43278841485697
WR,2,developmental,D1,magnitude_only,0.20,44.626000000000005,0.3925619834710744,0.3522727272727273,0.600978280759072,45.5203974992117,27.356770228545805,64.21460287414162,125.45599818149438
WR,2,developmental,D1,joint_evidence,0.20,44.626000000000005,0.2206611570247934,0.24610389610389613,0.600978280759072,43.05432603453553,25.874714839475715,64.45540835948974,119.44224980313939
WR,2,developmental,D1,magnitude_only,0.25,50.01250000000001,0.3925619834710744,0.3522727272727273,0.6091792982270698,46.1804624706183,28.13218171965279,65.00459913650936,126.12699563042469
WR,2,developmental,D1,joint_evidence,0.25,50.01250000000001,0.25650826446280994,0.28555194805194806,0.6091792982270698,44.51683666266029,27.11873531744849,65.19518857413163,121.36731617471943
WR,2,developmental,D1,magnitude_only,0.30,55.399000000000015,0.3925619834710744,0.3522727272727273,0.6164010161119292,46.757083409819494,28.821113724242963,65.7152209466562,126.73057496931126
WR,2,developmental,D1,joint_evidence,0.30,55.399000000000015,0.29235537190082644,0.32499999999999996,0.6164010161119292,45.9352337620534,28.31452476626871,65.85559433655264,123.22496443625576
WR,2,developmental,D1,magnitude_only,0.35,60.78550000000001,0.3925619834710744,0.3522727272727273,0.6228262629419653,47.266658728209975,29.438916417444243,66.36097229136985,127.27905541863329
WR,2,developmental,D1,joint_evidence,0.35,60.78550000000001,0.32820247933884295,0.36444805194805197,0.6228262629419653,47.309762875573696,29.465762812464092,66.45112963354045,125.02751380822755
WR,2,developmental,D1,magnitude_only,0.40,66.17200000000001,0.3925619834710744,0.3522727272727273,0.628591733980184,47.70177749692554,29.984943030729344,66.95271240661336,127.78166046459653
WR,2,developmental,D1,joint_evidence,0.40,66.17200000000001,0.3640495867768595,0.403896103896104,0.628591733980184,48.63767873130886,30.57324281048455,66.99265370105812,126.78418777684053
WR,2,developmental,D1,magnitude_only,0.45,71.55850000000002,0.3925619834710744,0.3522727272727273,0.6338022358876011,48.07383416086312,30.469303578844784,67.49878314766104,128.2454754111132
WR,2,developmental,D1,joint_evidence,0.45,71.55850000000002,0.39989669421487606,0.4433441558441559,0.6338022358876011,49.9290612261576,31.645150640907616,67.48850839437996,128.50207164600698
WR,2,developmental,D1,magnitude_only,0.50,76.94500000000002,0.3925619834710744,0.3522727272727273,0.6385398370698613,48.39181276764519,30.900100240167394,68.00573158639372,128.6760611307334
WR,2,developmental,D1,joint_evidence,0.50,76.94500000000002,0.43574380165289256,0.4827922077922078,0.6385398370698613,51.19190892289215,32.68807318291873,67.9452407853868,130.18672628827687
WR,2,developmental,D1,magnitude_only,0.55,82.33150000000002,0.3925619834710744,0.3522727272727273,0.642869962548389,48.66292495867186,31.283932745676445,68.47879060795219,129.07786226800437
WR,2,developmental,D1,joint_evidence,0.55,82.33150000000002,0.4715909090909091,0.5222402597402598,0.642869962548389,52.432693760626826,33.70740387420532,68.36808375921943,131.84259634819762
WR,2,developmental,D1,magnitude_only,0.60,87.71800000000002,0.3925619834710744,0.3522727272727273,0.6468455799528136,48.89304950274165,31.626252961262544,68.922208687275,129.4544873410692
WR,2,developmental,D1,joint_evidence,0.60,87.71800000000002,0.5074380165289256,0.5616883116883117,0.6468455799528136,53.6567420948746,34.70762645873771,68.7612857908164,133.4732903439122
WR,2,developmental,D1,magnitude_only,0.65,93.10450000000002,0.3925619834710744,0.3522727272727273,0.6505101509763902,49.08704322118366,31.931619896796775,69.3394823028341,129.80890614642774
WR,2,developmental,D1,joint_evidence,0.65,93.10450000000002,0.5432851239669422,0.6011363636363637,0.6505101509763902,54.868503401704686,35.6925184316915,69.12834335864966,135.0817780719205
WR,2,developmental,D1,magnitude_only,0.70,98.49100000000001,0.3925619834710744,0.3522727272727273,0.6538997603023198,49.248966031749475,32.20388708329807,69.73352356699871,130.1435921387833
WR,2,developmental,D1,joint_evidence,0.70,98.49100000000001,0.5791322314049586,0.6405844155844156,0.6538997603023198,56.07174410059455,36.66530002711179,69.47216857508843,136.67053298692582
WR,2,developmental,D1,magnitude_only,0.75,103.87750000000003,0.3925619834710744,0.3522727272727273,0.6570446821438649,49.382247129163105,32.446342868530756,70.1067836028975,130.4606272233862
WR,2,developmental,D1,joint_evidence,0.75,103.87750000000003,0.6149793388429752,0.6800324675324676,0.6570446821438649,57.26969014046033,37.62874535481639,69.79521256326137,138.24163699417846
WR,2,developmental,D1,magnitude_only,0.80,109.26400000000002,0.3925619834710744,0.3522727272727273,0.6599705534310872,49.489809887520096,32.66181722066593,70.46134498669116,130.76178027353063
WR,2,developmental,D1,joint_evidence,0.80,109.26400000000002,0.6508264462809917,0.7194805194805196,0.6599705534310872,58.46513371367451,38.585266653436285,70.0995578993292,139.79685896697265
WR,2,developmental,D1,magnitude_only,0.85,114.65050000000002,0.3925619834710744,0.3522727272727273,0.6626992662835148,49.57416722485364,32.852764246526775,70.79899212004277,131.04856690267053
WR,2,developmental,D1,joint_evidence,0.85,114.65050000000002,0.6866735537190083,0.7589285714285714,0.6626992662835148,59.66051434014421,39.53697907931068,70.38698898495497,141.33771451876228
WR,2,developmental,D1,magnitude_only,0.90,120.03700000000003,0.3925619834710744,0.3522727272727273,0.6652496565284042,49.637495446634865,33.02132679680407,71.12126556845284,131.32229561765587
WR,2,developmental,D1,joint_evidence,0.90,120.03700000000003,0.7225206611570248,0.7983766233766234,0.6652496565284042,60.857981304831775,40.48575116005138,70.6590463856392,142.8655121563974
WR,2,developmental,D1,magnitude_only,0.95,125.42350000000002,0.3925619834710744,0.3522727272727273,0.66763804163066,49.6816921536627,33.16938765436869,71.4295045590404,131.58410391498276
WR,2,developmental,D1,joint_evidence,0.95,125.42350000000002,0.7583677685950413,0.8378246753246753,0.66763804163066,61.62730151604167,41.144730895152264,70.91706932850092,144.38138937637405
WR,2,developmental,D1,magnitude_only,1.00,130.81000000000003,0.3925619834710744,0.3522727272727273,0.6698786458098985,49.70842217686691,33.298610533186334,71.72488060503056,131.83498684035317
WR,2,developmental,D1,joint_evidence,1.00,130.81000000000003,0.7942148760330578,0.8772727272727273,0.6698786458098985,62.35625573944682,41.77112415251635,71.16222932676524,145.8863412243942
WR,2,established,D1,magnitude_only,0.00,36.254999999999995,0.640495867768595,0.03333333333333333,0.8849026196745029,83.56785468525436,73.94941353155977,69.24173278366685,139.72026238573307
WR,2,established,D1,joint_evidence,0.00,36.254999999999995,0.2115702479338843,0.14334415584415583,0.8849026196745029,86.95638579695064,76.94793358914836,69.8425887783576,124.71480369166457
WR,2,established,D1,magnitude_only,0.05,42.58924999999999,0.640495867768595,0.03333333333333333,0.8898290254632224,84.77320093499696,75.43365477338628,70.35335016232192,140.66443447969795
WR,2,established,D1,joint_evidence,0.05,42.58924999999999,0.24826446280991735,0.18106583694083694,0.8898290254632224,91.45079365928977,81.37557059968405,70.90280344764028,126.94267976639367
WR,2,established,D1,magnitude_only,0.10,48.9235,0.640495867768595,0.03333333333333333,0.8938702605895468,85.73874506526101,76.63931439410558,71.3138739094419,141.4802724964789
WR,2,established,D1,joint_evidence,0.10,48.9235,0.2849586776859504,0.21878751803751803,0.8938702605895468,94.8242782947682,84.76060234956016,71.81192448538786,129.04222176393887
WR,2,established,D1,magnitude_only,0.15,55.257749999999994,0.640495867768595,0.03333333333333333,0.8972631353610234,86.52178852007458,77.63281124456552,72.1595061493682,142.198525357604
WR,2,established,D1,joint_evidence,0.15,55.257749999999994,0.32165289256198343,0.2565091991341991,0.8972631353610234,97.10915580273675,87.1324656078257,72.60615401594178,131.04417860582825
WR,2,established,D1,magnitude_only,0.20,61.592,0.640495867768595,0.03333333333333333,0.9001630769876966,87.16129786075999,78.45938207658284,72.91481892263432,142.84006376499732
WR,2,established,D1,joint_evidence,0.20,61.592,0.35834710743801645,0.29423088023088023,0.9001630769876966,99.2855539982024,89.37318978744997,73.31006407983551,132.9694209939858
WR,2,established,D1,magnitude_only,0.25,67.92625,0.640495867768595,0.03333333333333333,0.9026771515664191,87.6849815038389,79.15122933903945,73.59725740458605,143.41970509022212
WR,2,established,D1,joint_evidence,0.25,67.92625,0.39504132231404954,0.33195256132756135,0.9026771515664191,101.37727964500452,91.51095402350501,73.94109985241485,134.83276629997482
WR,2,established,D1,magnitude_only,0.30,74.2605,0.640495867768595,0.03333333333333333,0.9048819846580117,88.11325068460846,79.73209315415741,74.21965464293913,143.94834931178406
WR,2,established,D1,joint_evidence,0.30,74.2605,0.4317355371900826,0.3696742424242424,0.9048819846580117,103.40170021117521,93.56633570410098,74.51209438139556,136.645114502301
WR,2,established,D1,magnitude_only,0.35,80.59474999999999,0.640495867768595,0.03333333333333333,0.9068341423924995,88.46157855453404,80.2199797231876,74.79172649139456,144.4342487637232
WR,2,established,D1,joint_evidence,0.35,80.59474999999999,0.46842975206611565,0.4073959235209235,0.9068341423924995,105.37183994581878,95.55478210958628,75.0327635204786,138.41471793500438
WR,2,established,D1,magnitude_only,0.40,86.929,0.640495867768595,0.03333333333333333,0.9085764681782842,88.7419769771052,80.62887202101685,75.32100599334069,144.88380177111657
WR,2,established,D1,joint_evidence,0.40,86.929,0.5051239669421487,0.44511760461760463,0.9085764681782842,107.29768810246831,97.48815449983576,75.51064031305233,140.147974923162
WR,2,established,D1,magnitude_only,0.45,93.26325,0.640495867768595,0.03333333333333333,0.910142120508796,88.96395957852806,80.96984681966033,75.81345193841827,145.30206953847636
WR,2,established,D1,joint_evidence,0.45,93.26325,0.5418181818181818,0.4828392857142857,0.910142120508796,109.18704973912156,99.37573298166348,75.95168354875753,141.84994667128603
WR,2,established,D1,magnitude_only,0.50,99.5975,0.640495867768595,0.03333333333333333,0.9115572400698206,89.13519161781488,81.25182926422994,76.27385908989531,145.69312458370462
WR,2,established,D1,joint_evidence,0.50,99.5975,0.5785123966942147,0.5205609668109668,0.9115572400698206,111.046118425132,101.22489323207978,76.36068799086219,143.52470569727853
WR,2,established,D1,magnitude_only,0.55,105.93175000000001,0.640495867768595,0.03333333333333333,0.9128427660952196,89.26194144211242,81.48211753304741,76.70614292191046,146.0602925847615
WR,2,established,D1,joint_evidence,0.55,105.93175000000001,0.6152066115702479,0.5582826479076479,0.9128427660952196,112.87987320967638,103.04157569719867,76.74156911350494,145.17557767909966
WR,2,established,D1,magnitude_only,0.60,112.26599999999999,0.640495867768595,0.03333333333333333,0.9140157062910945,89.3494020388576,81.6667568112334,77.11354228814298,146.4063245199235
WR,2,established,D1,joint_evidence,0.60,112.26599999999999,0.6519008264462809,0.596004329004329,0.9140157062910945,114.69236080782682,104.83061916995888,77.09756577036507,146.8053135950259
WR,2,established,D1,magnitude_only,0.65,118.60025,0.640495867768595,0.03333333333333333,0.9150900452578034,89.40192509324979,81.81081167971669,77.49876686653042,146.73352190259024
WR,2,established,D1,joint_evidence,0.65,118.60025,0.6885950413223139,0.63372601010101,0.9150900452578034,116.48690064993151,106.59600318768707,77.43138763938012,148.41621495845686
WR,2,established,D1,magnitude_only,0.70,124.93449999999999,0.640495867768595,0.03333333333333333,0.9160774075017754,89.42319463859133,81.9185683150474,77.86410650778012,147.04382965839778
WR,2,established,D1,joint_evidence,0.70,124.93449999999999,0.725289256198347,0.6714476911976912,0.9160774075017754,118.26623678749384,108.34102759127845,77.74532457125744,150.01022669502868
WR,2,established,D1,magnitude_only,0.75,131.26875,0.640495867768595,0.03333333333333333,0.9169875500185543,89.41635808268678,81.9936871298247,78.21151372131669,147.3389061861327
WR,2,established,D1,joint_evidence,0.75,131.26875,0.76198347107438,0.7091693722943723,0.9169875500185543,120.03265237450181,110.06844782312321,78.04132907542163,151.58900720352779
WR,2,established,D1,magnitude_only,0.80,137.603,0.640495867768595,0.03333333333333333,0.9178287341076599,89.38412657144843,82.03931974039136,78.54266684805812,147.6201770146589
WR,2,established,D1,joint_evidence,0.80,137.603,0.798677685950413,0.7468910533910534,0.9178287341076599,121.78805727579847,111.78057843887728,78.32107949279066,153.15398201281823
WR,2,established,D1,magnitude_only,0.85,143.93725,0.640495867768595,0.03333333333333333,0.9186080100527603,89.32885291016021,82.058199812098,78.85901910450099,147.8888764593883
WR,2,established,D1,joint_evidence,0.85,143.93725,0.8353719008264462,0.7846127344877345,0.9186080100527603,123.53405604024537,113.47937339287597,78.58602903986115,154.70638543831188
WR,2,established,D1,magnitude_only,0.90,150.2715,0.640495867768595,0.03333333333333333,0.9193314379063268,89.25259280209214,82.05271447761524,79.16183712820089,148.14608036157358
WR,2,established,D1,joint_evidence,0.90,150.2715,0.8720661157024792,0.8223344155844156,0.9193314379063268,127.36309708233401,117.08889917690522,78.83744435418868,156.24729332126142
WR,2,established,D1,magnitude_only,0.95,156.60575,0.640495867768595,0.03333333333333333,0.9200042607280238,89.1571535107843,82.02496110430404,79.45223161114569,148.39273210731145
WR,2,established,D1,joint_evidence,0.95,156.60575,0.9087603305785121,0.8600560966810966,0.9200042607280238,132.44735118961964,121.85212741659096,79.07643612776108,157.77764904776353
WR,2,established,D1,magnitude_only,1.00,162.94,0.640495867768595,0.03333333333333333,0.9206310419682042,89.04413292001412,81.97679287130788,79.73118189332035,148.62966351652673
WR,2,established,D1,joint_evidence,1.00,162.94,0.9454545454545453,0.8977777777777778,0.9206310419682042,137.2587813712125,126.36469491306532,79.30398370056335,159.29828443774304
WR,2,veteran,D1,magnitude_only,0.00,31.099999999999998,0.4834710743801653,0.6022727272727273,0.3029879343986167,42.65615681950056,12.924300844123943,56.59543136106656,121.51948041676079
WR,2,veteran,D1,joint_evidence,0.00,31.099999999999998,0.12479338842975206,0.18888888888888888,0.3029879343986167,33.968820151516134,10.29214265166598,57.09788126799484,108.97156312730851
WR,2,veteran,D1,magnitude_only,0.05,35.927,0.4834710743801653,0.6022727272727273,0.31249807863791634,43.65909741748108,13.643384058028452,57.587144137214565,122.36180939294164
WR,2,veteran,D1,joint_evidence,0.05,35.927,0.1574380165289256,0.2181547619047619,0.31249807863791634,35.475721480049096,11.086094800809201,58.0438641563003,110.95592605034045
WR,2,veteran,D1,magnitude_only,0.10,40.754000000000005,0.4834710743801653,0.6022727272727273,0.32086622301233403,44.49590404882359,14.277232671665246,58.456847923386405,123.10050785221955
WR,2,veteran,D1,joint_evidence,0.10,40.754000000000005,0.19008264462809915,0.24742063492063493,0.32086622301233403,36.82293071735622,11.815234699522946,58.867838054629594,112.83665845646942
WR,2,veteran,D1,magnitude_only,0.15,45.581,0.4834710743801653,0.6022727272727273,0.3283223133544606,45.20217853829484,14.840883826354311,59.231301703234905,123.7583040157549
WR,2,veteran,D1,joint_evidence,0.15,45.581,0.22272727272727272,0.27668650793650795,0.3283223133544606,38.07317745217603,12.500273697853324,59.59656194663554,114.63648856685586
WR,2,veteran,D1,magnitude_only,0.20,50.408,0.4834710743801653,0.6022727272727273,0.3350321517844097,45.80314745400801,15.345527050014912,59.929324846208054,124.35118245143957
WR,2,veteran,D1,joint_evidence,0.20,50.408,0.2553719008264463,0.305952380952381,0.3350321517844097,39.247055759281835,13.149025542234902,60.24885520176614,116.37140094939156
WR,2,veteran,D1,magnitude_only,0.25,55.235,0.4834710743801653,0.6022727272727273,0.3411194434208964,46.317352346241854,15.79974945307957,60.56465731906938,124.89081344568609
WR,2,veteran,D1,joint_evidence,0.25,55.235,0.2880165289256198,0.335218253968254,0.3411194434208964,40.35969740375906,13.767477515006087,60.838457786784915,118.05306589048918
WR,2,veteran,D1,magnitude_only,0.30,60.062,0.4834710743801653,0.6022727272727273,0.3466790650748657,46.758829535834096,16.21030730747798,61.14763767624486,125.38597823452804
WR,2,veteran,D1,joint_evidence,0.30,60.062,0.32066115702479336,0.364484126984127,0.3466790650748657,41.42256047511911,14.360334538521379,61.37570825611784,119.69026462618218
WR,2,veteran,D1,magnitude_only,0.35,64.889,0.4834710743801653,0.6022727272727273,0.351785457301658,47.1384663454067,16.58262693981771,61.686240695231604,125.84345033780492
WR,2,veteran,D1,joint_evidence,0.35,64.889,0.3533057851239669,0.39375,0.351785457301658,42.44454048097474,14.931372083058433,61.86858138726203,121.28977067631016
WR,2,veteran,D1,magnitude_only,0.40,69.71600000000001,0.4834710743801653,0.6022727272727273,0.35649815197217494,47.464881502455256,16.92114253920357,62.18674722135821,126.26856450378511
WR,2,veteran,D1,joint_evidence,0.40,69.71600000000001,0.3859504132231405,0.42301587301587307,0.35649815197217494,43.43269047830937,15.483673890696767,62.323358025546085,122.85691878914142
WR,2,veteran,D1,magnitude_only,0.45,74.543,0.4834710743801653,0.6022727272727273,0.3608655384257484,47.74501722242576,17.2295313471173,62.654192355163694,126.6655973851285
WR,2,veteran,D1,joint_evidence,0.45,74.543,0.418595041322314,0.45228174603174603,0.3608655384257484,44.39270460706518,16.019797250203776,62.745073271509014,124.39598561733587
WR,2,veteran,D1,magnitude_only,0.50,79.37,0.4834710743801653,0.6022727272727273,0.36492750413789987,47.98454949023598,17.51088188265335,63.09267456297103,127.03803008747855
WR,2,veteran,D1,joint_evidence,0.50,79.37,0.4512396694214876,0.48154761904761906,0.36492750413789987,45.32925262203342,16.54189102379501,63.1378255914738,125.91045226653698
WR,2,veteran,D1,magnitude_only,0.55,84.19700000000002,0.4834710743801653,0.6022727272727273,0.3687173323895775,48.18817975839684,17.767817093225517,63.505574486345694,127.38873401918774
WR,2,veteran,D1,joint_evidence,0.55,84.19700000000002,0.48388429752066114,0.5108134920634921,0.3687173323895775,46.24621735530075,17.051781896355074,63.50499562700592,127.40319014509724
WR,2,veteran,D1,magnitude_only,0.60,89.024,0.4834710743801653,0.6022727272727273,0.37226309545538516,48.359847008957544,18.002586343303385,63.89571336634593,127.72010545178678
WR,2,veteran,D1,joint_evidence,0.60,89.024,0.5165289256198347,0.5400793650793652,0.37226309545538516,47.146867069646184,17.55103867637005,63.8494046191636,128.87659552454735
WR,2,veteran,D1,magnitude_only,0.65,93.85100000000001,0.4834710743801653,0.6022727272727273,0.3755886967695884,48.502884960299816,18.217135351804277,64.26547003836087,128.0341648916421
WR,2,veteran,D1,joint_evidence,0.65,93.85100000000001,0.5491735537190082,0.5693452380952382,0.3755886967695884,48.03398301706488,18.04102108203194,64.173431403336,130.33268891125374
WR,2,veteran,D1,magnitude_only,0.70,98.678,0.4834710743801653,0.6022727272727273,0.378714663533976,48.62014063652629,18.413160202136645,64.61686885489205,128.33263175874202
WR,2,veteran,D1,joint_evidence,0.70,98.678,0.5818181818181817,0.5986111111111111,0.378714663533976,48.90995548304633,18.522917334223635,64.47910033202461,131.7731897252047
WR,2,veteran,D1,magnitude_only,0.75,103.50500000000001,0.4834710743801653,0.6022727272727273,0.38165875848634945,48.714065179570134,18.592149637257844,64.95164679632032,128.61698138842664
WR,2,veteran,D1,joint_evidence,0.75,103.50500000000001,0.6144628099173554,0.6278769841269841,0.38165875848634945,49.77685721710336,18.997773526831953,64.76814838561033,133.19957330174043
WR,2,veteran,D1,magnitude_only,0.80,108.33200000000002,0.4834710743801653,0.6022727272727273,0.38443645837565144,48.78678436580839,18.755418597127978,65.27130541503921,128.8884891510661
WR,2,veteran,D1,joint_evidence,0.80,108.33200000000002,0.6471074380165289,0.6571428571428573,0.38443645837565144,50.636500347432225,19.46651685810429,65.04207711648668,134.61311501123095
WR,2,veteran,D1,magnitude_only,0.85,113.159,0.4834710743801653,0.6022727272727273,0.38706133267493703,48.840154046371445,18.90413511323775,65.57715154878008,129.14826503265093
WR,2,veteran,D1,joint_evidence,0.85,113.159,0.6797520661157024,0.6864087301587302,0.38706133267493703,51.49048104058998,19.929974211644335,65.302193362385,136.01492483966683
WR,2,veteran,D1,magnitude_only,0.90,117.98600000000002,0.4834710743801653,0.6022727272727273,0.389545346589665,48.87580422699833,19.03934209745468,65.87032959659673,129.39728104897705
WR,2,veteran,D1,joint_evidence,0.90,117.98600000000002,0.712396694214876,0.7156746031746032,0.389545346589665,52.34021493672492,20.38888716810407,65.5496415223591,137.40597480284407
WR,2,veteran,D1,magnitude_only,0.95,122.813,0.4834710743801653,0.6022727272727273,0.3918991058923189,48.89517447570473,19.161975159477617,66.15184737251154,129.63639320490194
WR,2,veteran,D1,joint_evidence,0.95,122.813,0.7450413223140495,0.7449404761904762,0.3918991058923189,53.18696555065904,20.843924244428845,65.78542941043135,138.78712090562
WR,2,veteran,D1,magnitude_only,1.00,127.64000000000001,0.4834710743801653,0.6022727272727273,0.39413205654042005,48.8995426316579,19.27287730130127,66.42259701182506,129.86635925149272
WR,2,veteran,D1,joint_evidence,1.00,127.64000000000001,0.7776859504132231,0.7742063492063492,0.39413205654042005,54.03186724509768,21.295690956029308,66.01044916190233,140.15912089906186
WR,3,developmental,D1,magnitude_only,0.00,23.080000000000002,0.3925619834710744,0.3522727272727273,0.323544217136162,43.24022826774873,13.990125803677707,57.7530764889701,124.7403270422607
WR,3,developmental,D1,joint_evidence,0.00,23.080000000000002,0.07727272727272728,0.08831168831168831,0.323544217136162,40.31028008405637,13.042158012335442,60.53524731123153,121.52235292972952
WR,3,developmental,D1,magnitude_only,0.05,28.466500000000003,0.3925619834710744,0.3522727272727273,0.34124808834911946,44.93230122811335,15.333061899220475,59.79414280244203,126.8787546540236
WR,3,developmental,D1,joint_evidence,0.05,28.466500000000003,0.11311983471074381,0.12775974025974027,0.34124808834911946,42.20326352977357,14.401783001629344,62.25999210592079,124.02665112374942
WR,3,developmental,D1,magnitude_only,0.10,33.85300000000001,0.3925619834710744,0.3522727272727273,0.3561906403059766,46.29836355571048,16.491043760027406,61.49157544880272,128.65715686277443
WR,3,developmental,D1,joint_evidence,0.10,33.85300000000001,0.14896694214876033,0.16720779220779222,0.3561906403059766,43.789677266646926,15.597473184399036,63.64110323349881,126.17092391475725
WR,3,developmental,D1,magnitude_only,0.15,39.23950000000001,0.3925619834710744,0.3522727272727273,0.369097751195679,47.42974816818581,17.506213388654757,62.94457940487607,130.1794708410903
WR,3,developmental,D1,joint_evidence,0.15,39.23950000000001,0.18481404958677689,0.20665584415584415,0.369097751195679,45.21143023384602,16.6874372276529,64.77778567078948,128.0591084753301
WR,3,developmental,D1,magnitude_only,0.20,44.626000000000005,0.3925619834710744,0.3522727272727273,0.3804386598744811,48.383888803267304,18.407101815830924,64.2147696709722,131.5102506983072
WR,3,developmental,D1,joint_evidence,0.20,44.626000000000005,0.2206611570247934,0.24610389610389613,0.3804386598744811,46.73214080469035,17.778713020801952,65.73165441810295,129.75575891480398
WR,3,developmental,D1,magnitude_only,0.25,50.01250000000001,0.3925619834710744,0.3522727272727273,0.3905352427664578,49.199326118980395,19.214070769822136,65.34304995834945,132.69235130151156
WR,3,developmental,D1,joint_evidence,0.25,50.01250000000001,0.25650826446280994,0.28555194805194806,0.3905352427664578,48.12962198675176,18.796313606853943,66.54361318669751,131.3037301002653
WR,3,developmental,D1,magnitude_only,0.30,55.399000000000015,0.3925619834710744,0.3522727272727273,0.3996183884128779,49.90321570481956,19.94224263658021,66.35796688690046,133.75568097842304
WR,3,developmental,D1,joint_evidence,0.30,55.399000000000015,0.29235537190082644,0.32499999999999996,0.3996183884128779,49.428539498108165,19.752553295836265,67.24220859646584,132.7329303594338
WR,3,developmental,D1,magnitude_only,0.35,60.78550000000001,0.3925619834710744,0.3522727272727273,0.4078596127376892,50.51543330642728,20.603205065636,67.28023519055556,134.72194258049467
WR,3,developmental,D1,joint_evidence,0.35,60.78550000000001,0.32820247933884295,0.36444805194805197,0.4078596127376892,50.646909357234506,20.656828836802514,67.84815538133827,134.0650625437624
WR,3,developmental,D1,magnitude_only,0.40,66.17200000000001,0.3925619834710744,0.3522727272727273,0.4153899629332075,51.06499921789425,21.21188813230536,68.12536413493633,135.60738518382178
WR,3,developmental,D1,joint_evidence,0.40,66.17200000000001,0.3640495867768595,0.403896103896104,0.4153899629332075,51.816741273722165,21.524154237011054,68.37696280693638,135.31637572934648
WR,3,developmental,D1,magnitude_only,0.45,71.55850000000002,0.3925619834710744,0.3522727272727273,0.4223119111287079,51.56665537394278,21.777212781485233,68.90526763826554,136.42449101474054
WR,3,developmental,D1,joint_evidence,0.45,71.55850000000002,0.39989669421487606,0.4433441558441559,0.4223119111287079,52.93748643366708,22.356131066151995,68.84054479148293,136.49935214252224
WR,3,developmental,D1,magnitude_only,0.50,76.94500000000002,0.3925619834710744,0.3522727272727273,0.4287071544360399,52.009980591407235,22.29705078161586,69.62929629179924,137.18305669886587
WR,3,developmental,D1,joint_evidence,0.50,76.94500000000002,0.43574380165289256,0.4827922077922078,0.4287071544360399,54.00770435316831,23.15348925086971,69.24825192623395,137.62378840890455
WR,3,developmental,D1,magnitude_only,0.55,82.33150000000002,0.3925619834710744,0.3522727272727273,0.43464190987498585,52.40270073852195,22.77640993159851,70.30492375260607,137.89091239562512
WR,3,developmental,D1,joint_evidence,0.55,82.33150000000002,0.4715909090909091,0.5222402597402598,0.43464190987498585,55.03437583255789,23.920246220640728,69.6075578682581,138.69751468792077
WR,3,developmental,D1,magnitude_only,0.60,87.71800000000002,0.3925619834710744,0.3522727272727273,0.44017061509956434,52.751120765690814,23.219493274625528,70.93821773360179,138.55441525507945
WR,3,developmental,D1,joint_evidence,0.60,87.71800000000002,0.5074380165289256,0.5616883116883117,0.44017061509956434,56.02319353274047,24.65976355714831,69.92453033047116,139.7268881296321
WR,3,developmental,D1,magnitude_only,0.65,93.10450000000002,0.3925619834710744,0.3522727272727273,0.4453385803597655,53.06045502385844,23.629867713568302,71.53417193908993,139.17879718718544
WR,3,developmental,D1,joint_evidence,0.65,93.10450000000002,0.5432851239669422,0.6011363636363637,0.4453385803597655,56.97886338378748,25.37488612984894,70.20416301717663,140.71714064399504
WR,3,developmental,D1,magnitude_only,0.70,98.49100000000001,0.3925619834710744,0.3522727272727273,0.4501839305341433,53.33506655955922,24.010589899082518,72.09694547606549,139.76841569330387
WR,3,developmental,D1,joint_evidence,0.70,98.49100000000001,0.5791322314049586,0.6405844155844156,0.4501839305341433,57.90532259472627,26.06804572454141,70.4506150353695,141.67262973237047
WR,3,developmental,D1,magnitude_only,0.75,103.87750000000003,0.3925619834710744,0.3522727272727273,0.454739054515099,53.57864397146674,24.364301901785893,72.63003906224031,140.32693847955807
WR,3,developmental,D1,joint_evidence,0.75,103.87750000000003,0.6149793388429752,0.6800324675324676,0.454739054515099,58.80590052613309,26.74133960516272,70.66738710276165,142.59702310088167
WR,3,developmental,D1,magnitude_only,0.80,109.26400000000002,0.3925619834710744,0.3522727272727273,0.4590317051924888,53.79433444763295,24.693305071191993,73.13642705298928,140.8574817816229
WR,3,developmental,D1,joint_evidence,0.80,109.26400000000002,0.6508264462809917,0.7194805194805196,0.4590317051924888,59.68343951308296,27.396591011443235,70.85745357472794,143.4934369852035
WR,3,developmental,D1,magnitude_only,0.85,114.65050000000002,0.3925619834710744,0.3522727272727273,0.46308584680126774,53.98484542307029,24.99961785717805,73.61865794799158,141.36271566565281
WR,3,developmental,D1,joint_evidence,0.85,114.65050000000002,0.6866735537190083,0.7589285714285714,0.46308584680126774,60.54038704271264,28.03539639935108,71.02336295094757,144.36454145149037
WR,3,developmental,D1,magnitude_only,0.90,120.03700000000003,0.3925619834710744,0.3522727272727273,0.4669223164291638,54.15252335787854,25.28502164674505,74.07893199776538,141.84494533674078
WR,3,developmental,D1,joint_evidence,0.90,120.03700000000003,0.7225206611570248,0.7983766233766234,0.4669223164291638,61.378867070943144,28.659162792562498,71.16731548193872,145.2126417048353
WR,3,developmental,D1,magnitude_only,0.95,125.42350000000002,0.3925619834710744,0.3522727272727273,0.47055934669204735,54.29941556214426,25.551097512682592,74.51916189940903,142.30617472991864
WR,3,developmental,D1,joint_evidence,0.95,125.42350000000002,0.7583677685950413,0.8378246753246753,0.47055934669204735,60.061975989397425,28.262724182604288,71.29122386479969,146.03974168027017
WR,3,developmental,D1,magnitude_only,1.00,130.81000000000003,0.3925619834710744,0.3522727272727273,0.47401298323822294,54.42731927459776,25.799255979011313,74.94102081941872,142.7481568237207
WR,3,developmental,D1,joint_evidence,1.00,130.81000000000003,0.7942148760330578,0.8772727272727273,0.47401298323822294,58.66637955223684,27.808625587341666,71.3967612660267,146.8475943563292
WR,3,established,D1,magnitude_only,0.00,36.254999999999995,0.640495867768595,0.03333333333333333,0.7408770185560984,71.04212147479993,52.63347515014995,64.43136477128462,136.3474209606715
WR,3,established,D1,joint_evidence,0.00,36.254999999999995,0.2115702479338843,0.14334415584415583,0.7408770185560984,77.5606259053621,57.46288527810957,68.21628392398104,131.96962655856493
WR,3,established,D1,magnitude_only,0.05,42.58924999999999,0.640495867768595,0.03333333333333333,0.7523670085661215,72.48296570044175,54.53379207604215,66.01898744140135,138.01077512630042
WR,3,established,D1,joint_evidence,0.05,42.58924999999999,0.24826446280991735,0.18106583694083694,0.7523670085661215,81.64364807606043,61.42598727141076,69.48011004230639,134.00749723951853
WR,3,established,D1,magnitude_only,0.10,48.9235,0.640495867768595,0.03333333333333333,0.7619197815397565,73.66472114467751,56.126608241739774,67.39081672852363,139.44804230710903
WR,3,established,D1,joint_evidence,0.10,48.9235,0.2849586776859504,0.21878751803751803,0.7619197815397565,84.61191322745817,64.46749044192576,70.5281427776373,135.81928093565188
WR,3,established,D1,magnitude_only,0.15,55.257749999999994,0.640495867768595,0.03333333333333333,0.7700349841007885,74.64840313892276,57.48188192422964,68.59855685607806,140.71339307966832
WR,3,established,D1,joint_evidence,0.15,55.257749999999994,0.32165289256198343,0.2565091991341991,0.7700349841007885,86.4942451373852,66.60359467917613,71.41208635340037,137.45914822353592
WR,3,established,D1,magnitude_only,0.20,61.592,0.640495867768595,0.03333333333333333,0.7770454671588859,75.47570054968236,58.64805099277211,69.67730184953693,141.84359549633524
WR,3,established,D1,joint_evidence,0.20,61.592,0.35834710743801645,0.29423088023088023,0.7770454671588859,88.22475114195588,68.55464296607755,72.16703479506786,138.96386715552754
WR,3,established,D1,magnitude_only,0.25,67.92625,0.640495867768595,0.03333333333333333,0.7831833805530747,76.17638687231165,59.6600801889759,70.65196707671919,142.86475341769952
WR,3,established,D1,joint_evidence,0.25,67.92625,0.39504132231404954,0.33195256132756135,0.7831833805530747,89.83283187483326,70.35558095238791,72.81790347045876,140.35954159221657
WR,3,established,D1,magnitude_only,0.30,74.2605,0.640495867768595,0.03333333333333333,0.7886166366129502,76.77248326374779,60.54405753588079,71.54088082024391,143.79606940732816
WR,3,established,D1,joint_evidence,0.30,74.2605,0.4317355371900826,0.3696742424242424,0.7886166366129502,91.34017426836046,72.03238101915517,73.38302066219211,141.66537409716992
WR,3,established,D1,magnitude_only,0.35,80.59474999999999,0.640495867768595,0.03333333333333333,0.793470329536614,77.28074621744082,61.3199791679882,72.35791935614938,144.65208165618182
WR,3,established,D1,joint_evidence,0.35,80.59474999999999,0.46842975206611565,0.4073959235209235,0.793470329536614,92.76323556764027,73.60487509473808,73.8762626463062,142.8959028613483
WR,3,established,D1,magnitude_only,0.40,86.929,0.640495867768595,0.03333333333333333,0.7978399681959031,77.71422967402329,62.00351853149185,73.1138414497158,145.44406213548058
WR,3,established,D1,joint_evidence,0.40,86.929,0.5051239669421487,0.44511760461760463,0.7978399681959031,94.11480087625084,75.08854973787172,74.30838818808127,144.0623998559718
WR,3,established,D1,magnitude_only,0.45,93.26325,0.640495867768595,0.03333333333333333,0.8017999974067287,78.08330668344918,62.607195096298355,73.8171575018255,146.18092720238235
WR,3,established,D1,joint_evidence,0.45,93.26325,0.5418181818181818,0.4828392857142857,0.8017999974067287,95.40500043830605,76.49572910402274,74.6879076883996,145.1737814381983
WR,3,established,D1,magnitude_only,0.50,99.5975,0.640495867768595,0.03333333333333333,0.8054094791686354,78.39636073995797,63.141172072286,74.47471543965946,146.86985143836472
WR,3,established,D1,joint_evidence,0.50,99.5975,0.5785123966942147,0.5205609668109668,0.8054094791686354,96.64199711865625,77.83638056515369,75.02166907444219,146.2372221895054
WR,3,established,D1,magnitude_only,0.55,105.93175000000001,0.640495867768595,0.03333333333333333,0.8087159940147943,78.66026731744151,63.613816273094145,75.09210738117672,147.51669371208516
WR,3,established,D1,joint_evidence,0.55,105.93175000000001,0.6152066115702479,0.5582826479076479,0.8087159940147943,97.83246466602888,79.11867890930479,75.31526446416807,147.25858097855055
WR,3,established,D1,magnitude_only,0.60,112.26599999999999,0.640495867768595,0.03333333333333333,0.8117583891770417,78.88073772201659,64.0321005903209,75.67395908846512,148.126300440002
WR,3,established,D1,joint_evidence,0.60,112.26599999999999,0.6519008264462809,0.596004329004329,0.8117583891770417,98.98192883141594,80.34941110582679,75.57331961966511,148.24270422179214
WR,3,established,D1,magnitude_only,0.65,118.60025,0.640495867768595,0.03333333333333333,0.8145687578299584,79.06256999950897,64.40189943534415,76.22414054971038,148.70272621335457
WR,3,established,D1,joint_evidence,0.65,118.60025,0.6885950413223139,0.63372601010101,0.8145687578299584,100.09501600508057,81.53427285222828,75.799704529119,149.19364651046942
WR,3,established,D1,magnitude_only,0.70,124.93449999999999,0.640495867768595,0.03333333333333333,0.8171738926066584,79.20983553276817,64.72820963504537,76.74592215179555,149.249397420382
WR,3,established,D1,joint_evidence,0.70,124.93449999999999,0.725289256198347,0.6714476911976912,0.8171738926066584,101.17563793081933,82.67808988488952,75.99768957941279,150.11483423282158
WR,3,established,D1,magnitude_only,0.75,131.26875,0.640495867768595,0.03333333333333333,0.8195963716257302,79.32602016545776,65.01531830311869,77.24209248752749,149.76923567309512
WR,3,established,D1,joint_evidence,0.75,131.26875,0.76198347107438,0.7091693722943723,0.8195963716257302,102.22713126577656,83.7849858671377,76.17006336335335,151.00918900085944
WR,3,established,D1,magnitude_only,0.80,137.603,0.640495867768595,0.03333333333333333,0.8218553825451187,79.41413254640368,65.26693228341335,77.7150485796055,150.26475233503578
WR,3,established,D1,joint_evidence,0.80,137.603,0.798677685950413,0.7468910533910534,0.8218553825451187,103.25236462202834,84.85851162512517,76.31922290364,151.87922217812482
WR,3,established,D1,magnitude_only,0.85,143.93725,0.640495867768595,0.03333333333333333,0.8239673565529629,79.47678843486007,65.48627927399075,78.16686592585727,150.7381219077542
WR,3,established,D1,joint_evidence,0.85,143.93725,0.8353719008264462,0.7846127344877345,0.8239673565529629,104.25382178260351,85.90174594475552,76.4472436981004,152.72710826616796
WR,3,established,D1,magnitude_only,0.90,150.2715,0.640495867768595,0.03333333333333333,0.825946462269661,79.51627710165312,65.67618776496444,78.59935355026593,151.19123970783588
WR,3,established,D1,joint_evidence,0.90,150.2715,0.8720661157024792,0.8223344155844156,0.825946462269661,107.78135585344477,89.02162956578012,76.5559347707177,153.55474258157437
WR,3,established,D1,magnitude_only,0.95,156.60575,0.640495867768595,0.03333333333333333,0.8278049949081543,79.53461420767547,65.83915090920681,79.01409775384953,151.62576770474996
WR,3,established,D1,joint_evidence,0.95,156.60575,0.9087603305785121,0.8600560966810966,0.8278049949081543,112.91191626964331,93.46904827266202,76.64688242250992,154.3637870938132
WR,3,established,D1,magnitude_only,1.00,162.94,0.640495867768595,0.03333333333333333,0.829553686095737,79.53358433839377,65.97737805632073,79.41249723942771,152.04317132110936
WR,3,established,D1,joint_evidence,1.00,162.94,0.9454545454545453,0.8977777777777778,0.829553686095737,117.82626145014412,97.74320950484709,76.72148535629674,155.1557072254973
WR,3,veteran,D0,magnitude_only,0.00,31.099999999999998,0.4834710743801653,0.6022727272727273,0.09450515594592956,17.865291887001717,1.6883621958006476,17.865291887001717,17.865291887001717
WR,3,veteran,D0,joint_evidence,0.00,31.099999999999998,0.12479338842975206,0.18888888888888888,0.09450515594592956,7.3792276956575495,0.6973750641386391,7.379227695657548,7.379227695657548
WR,3,veteran,D0,magnitude_only,0.05,35.927,0.4834710743801653,0.6022727272727273,0.09929105636031343,21.352111125546653,2.1200736691783284,21.352111125546642,21.352111125546642
WR,3,veteran,D0,joint_evidence,0.05,35.927,0.1574380165289256,0.2181547619047619,0.09929105636031343,11.82042374424417,1.1736623601925351,11.820423744244167,11.820423744244167
WR,3,veteran,D0,magnitude_only,0.10,40.754000000000005,0.4834710743801653,0.6022727272727273,0.10363040219847375,24.409952031094022,2.5296131466277245,24.409952031094022,24.409952031094022
WR,3,veteran,D0,joint_evidence,0.10,40.754000000000005,0.19008264462809915,0.24742063492063493,0.10363040219847375,15.832641459833237,1.6407430023467489,15.83264145983324,15.83264145983324
WR,3,veteran,D0,magnitude_only,0.15,45.581,0.4834710743801653,0.6022727272727273,0.10760352069223011,27.132898033089027,2.919595354943665,27.13289803308902,27.13289803308902
WR,3,veteran,D0,joint_evidence,0.15,45.581,0.22272727272727272,0.27668650793650795,0.10760352069223011,19.50996427186993,2.099340844232826,19.50996427186992,19.50996427186992
WR,3,veteran,D0,magnitude_only,0.20,50.408,0.4834710743801653,0.6022727272727273,0.11126964799110572,29.587117220747356,3.2921481182241408,29.587117220747373,29.587117220747373
WR,3,veteran,D0,joint_evidence,0.20,50.408,0.2553719008264463,0.305952380952381,0.11126964799110572,22.918560269569966,2.550140133657991,22.91856026956998,22.91856026956998
WR,3,veteran,D0,magnitude_only,0.25,55.235,0.4834710743801653,0.6022727272727273,0.11467390062626048,31.82091872308337,3.649028871487174,31.820918723083352,31.820918723083352
WR,3,veteran,D0,joint_evidence,0.25,55.235,0.2880165289256198,0.335218253968254,0.11467390062626048,26.106738581947667,2.9937615458220272,26.106738581947653,26.106738581947653
WR,3,veteran,D0,magnitude_only,0.30,60.062,0.4834710743801653,0.6022727272727273,0.11785154794487462,33.87065245041194,3.991708821183908,33.870652450411924,33.870652450411924
WR,3,veteran,D0,joint_evidence,0.30,60.062,0.32066115702479336,0.364484126984127,0.11785154794487462,29.11084911931793,3.430758630701308,29.11084911931792,29.11084911931792
WR,3,veteran,D0,magnitude_only,0.35,64.889,0.4834710743801653,0.6022727272727273,0.12083075965596513,35.76435737557776,4.32143447029848,35.76435737557776,35.76435737557776
WR,3,veteran,D0,joint_evidence,0.35,64.889,0.3533057851239669,0.39375,0.12083075965596513,31.958930854525434,3.861621892944771,31.958930854525434,31.958930854525434
WR,3,veteran,D0,magnitude_only,0.40,69.71600000000001,0.4834710743801653,0.6022727272727273,0.12363444370898735,37.524116679167754,4.639273291300039,37.52411667916776,37.52411667916776
WR,3,veteran,D0,joint_evidence,0.40,69.71600000000001,0.3859504132231405,0.42301587301587307,0.12363444370898735,34.67306696815714,4.2867853462925725,34.673066968157144,34.673066968157144
WR,3,veteran,D0,magnitude_only,0.45,74.543,0.4834710743801653,0.6022727272727273,0.12628151671169952,39.167633556955685,4.946148171580422,39.16763355695569,39.16763355695569
WR,3,veteran,D0,joint_evidence,0.45,74.543,0.418595041322314,0.45228174603174603,0.12628151671169952,37.270960655986755,4.706633440940086,37.270960655986755,37.270960655986755
WR,3,veteran,D0,magnitude_only,0.50,79.37,0.4834710743801653,0.6022727272727273,0.12878780685899704,40.70931803931238,5.242863789008447,40.70931803931238,40.70931803931238
WR,3,veteran,D0,joint_evidence,0.50,79.37,0.4512396694214876,0.48154761904761906,0.12878780685899704,39.767021948385135,5.121507542046121,39.767021948385135,39.767021948385135
WR,3,veteran,D0,magnitude_only,0.55,84.19700000000002,0.4834710743801653,0.6022727272727273,0.13116671117735956,42.161056315800685,5.5301270967070195,42.161056315800664,42.161056315800664
WR,3,veteran,D0,joint_evidence,0.55,84.19700000000002,0.48388429752066114,0.5108134920634921,0.13116671117735956,42.173137034915136,5.53171168490192,42.173137034915115,42.173137034915115
WR,3,veteran,D0,magnitude_only,0.60,89.024,0.4834710743801653,0.6022727272727273,0.13342968395101773,43.532767747988714,5.808563442127192,43.53276774798873,43.53276774798873
WR,3,veteran,D0,joint_evidence,0.60,89.024,0.5165289256198347,0.5400793650793652,0.13342968395101773,44.499225277144866,5.937517564794579,44.49922527714487,44.49922527714487
WR,3,veteran,D0,magnitude_only,0.65,93.85100000000001,0.4834710743801653,0.6022727272727273,0.13558660634398934,44.832816218242236,6.078729403875231,44.83281621824223,44.83281621824223
WR,3,veteran,D0,joint_evidence,0.65,93.85100000000001,0.5491735537190082,0.5693452380952382,0.13558660634398934,46.75365055744008,6.339168813276066,46.75365055744007,46.75365055744007
WR,3,veteran,D0,magnitude_only,0.70,98.678,0.4834710743801653,0.6022727272727273,0.1376460706416497,46.06831926242197,6.341123127537406,46.068319262421966,46.068319262421966
WR,3,veteran,D0,joint_evidence,0.70,98.678,0.5818181818181817,0.5986111111111111,0.1376460706416497,48.943530411661506,6.736884644495289,48.94353041166149,48.94353041166149
WR,3,veteran,D0,magnitude_only,0.75,103.50500000000001,0.4834710743801653,0.6022727272727273,0.1396156019804542,47.2453840284388,6.596192731928219,47.24538402843879,47.24538402843879
WR,3,veteran,D0,joint_evidence,0.75,103.50500000000001,0.6144628099173554,0.6278769841269841,0.1396156019804542,51.07497198772001,7.130862960200365,51.07497198772002,51.07497198772002
WR,3,veteran,D0,magnitude_only,0.80,108.33200000000002,0.4834710743801653,0.6022727272727273,0.14150183354325985,48.36928990958012,6.844343209391084,48.36928990958013,48.36928990958013
WR,3,veteran,D0,joint_evidence,0.80,108.33200000000002,0.6471074380165289,0.6571428571428573,0.14150183354325985,53.153254678903025,7.521282995856634,53.15325467890304,53.15325467890304
WR,3,veteran,D0,magnitude_only,0.85,113.159,0.4834710743801653,0.6022727272727273,0.14331064659379267,49.44463169080076,7.085942138200589,49.44463169080076,49.44463169080076
WR,3,veteran,D0,joint_evidence,0.85,113.159,0.6797520661157024,0.6864087301587302,0.14331064659379267,55.18297327016536,7.908307580315375,55.18297327016536,55.18297327016536
WR,3,veteran,D0,magnitude_only,0.90,117.98600000000002,0.4834710743801653,0.6022727272727273,0.14504728358392083,50.47543302968921,7.321324448678535,50.4754330296892,50.4754330296892
WR,3,veteran,D0,joint_evidence,0.90,117.98600000000002,0.712396694214876,0.7156746031746032,0.14504728358392083,57.1681514190955,8.292085070854071,57.1681514190955,57.1681514190955
WR,3,veteran,D0,magnitude_only,0.95,122.813,0.4834710743801653,0.6022727272727273,0.14671644038576737,51.46523735676947,7.550796428593836,51.46523735676948,51.46523735676948
WR,3,veteran,D0,joint_evidence,0.95,122.813,0.7450413223140495,0.7449404761904762,0.14671644038576737,59.112332556217474,8.672751015547936,59.11233255621747,59.11233255621747
WR,3,veteran,D0,magnitude_only,1.00,127.64000000000001,0.4834710743801653,0.6022727272727273,0.14832234215912832,52.41718138118188,7.774639111836748,52.41718138118188,52.41718138118188
WR,3,veteran,D0,joint_evidence,1.00,127.64000000000001,0.7776859504132231,0.7742063492063492,0.14832234215912832,61.01865339067156,9.050429586300442,61.01865339067156,61.01865339067156
TE,2,developmental,D1,magnitude_only,0.00,13.430000000000001,0.4765625,0.7,0.7747905360979277,35.71051038170187,27.668165482969407,36.69505477091363,82.55470940656485
TE,2,developmental,D1,joint_evidence,0.00,13.430000000000001,0.04843750000000001,0.20600000000000002,0.7747905360979277,37.23770178501643,28.851418929067638,47.32217157849435,77.60464180930684
TE,2,developmental,D1,magnitude_only,0.05,18.347500000000004,0.4765625,0.7,0.7913689778761257,39.31031175409344,31.108961232828776,40.108207240743035,85.6551463126147
TE,2,developmental,D1,joint_evidence,0.05,18.347500000000004,0.09281250000000002,0.24299090909090912,0.7913689778761257,40.28136432310053,31.877422111827904,49.6338272697278,81.21815141521847
TE,2,developmental,D1,magnitude_only,0.10,23.265,0.4765625,0.7,0.8034022356989671,42.109492189986604,33.83086016958343,42.74408980970177,88.04952736328649
TE,2,developmental,D1,joint_evidence,0.10,23.265,0.13718750000000002,0.2799818181818182,0.8034022356989671,42.528879490891946,34.167796864754536,51.16821306009058,84.12560516575205
TE,2,developmental,D1,magnitude_only,0.15,28.182499999999997,0.4765625,0.7,0.8127022126237585,44.37877903136116,36.06673191232807,44.89186550461163,90.00052225416175
TE,2,developmental,D1,joint_evidence,0.15,28.182499999999997,0.18156250000000002,0.3169727272727273,0.8127022126237585,44.283965525074166,35.98967676598202,52.21449197640448,86.58967275648908
TE,2,developmental,D1,magnitude_only,0.20,33.1,0.4765625,0.7,0.8201928160655563,46.25270074143808,37.93613287175754,46.70437028994088,91.64696400515322
TE,2,developmental,D1,joint_evidence,0.20,33.1,0.2259375,0.35396363636363637,0.8201928160655563,45.70783607368745,37.48923878554053,52.92549998313778,88.74918720734233
TE,2,developmental,D1,magnitude_only,0.25,38.0175,0.4765625,0.7,0.826405438992886,47.837318704403664,39.533020364155306,48.27228018380353,93.0712208302623
TE,2,developmental,D1,joint_evidence,0.25,38.0175,0.2703125,0.3909545454545455,0.826405438992886,46.896531635561075,38.755548813529614,53.391913098404466,90.68651673231321
TE,2,developmental,D1,magnitude_only,0.30,42.934999999999995,0.4765625,0.7,0.831672094864332,49.200982684621515,40.9190843387029,49.65382946206653,94.3261915377582
TE,2,developmental,D1,joint_evidence,0.30,42.934999999999995,0.3146875,0.42794545454545463,0.831672094864332,47.91200012661158,39.847073514439195,53.67196559807151,92.45456013967087
TE,2,developmental,D1,magnitude_only,0.35,47.85249999999999,0.4765625,0.7,0.8362132065435196,50.39034539635948,42.137072302725244,50.88865036906755,95.44787723632274
TE,2,developmental,D1,joint_evidence,0.35,47.85249999999999,0.3590625,0.4649363636363637,0.8362132065435196,48.79660391925025,40.80436463175033,53.805289726476566,94.08931853809719
TE,2,developmental,D1,magnitude_only,0.40,52.77,0.4765625,0.7,0.8401820824648507,51.4386820251908,43.21785898317209,52.004938974904995,96.46189065117449
TE,2,developmental,D1,joint_evidence,0.40,52.77,0.40343750000000006,0.5019272727272728,0.8401820824648507,49.580644216451276,41.65676890772689,53.820081553718055,95.61640465281071
TE,2,developmental,D1,magnitude_only,0.45,57.6875,0.4765625,0.7,0.8436893557422177,52.370566652337146,44.1844896387652,53.023471629725584,97.38710458783186
TE,2,developmental,D1,joint_evidence,0.45,57.6875,0.44781250000000006,0.5389181818181819,0.8436893557422177,50.28658397301036,42.42625563466604,53.737117429942685,97.05469128932987
TE,2,developmental,D1,magnitude_only,0.50,62.605,0.4765625,0.7,0.8468172910948694,53.204667380854026,45.05463230505836,53.95999961837745,98.23782718672882
TE,2,developmental,D1,joint_evidence,0.50,62.605,0.49218750000000006,0.5759090909090909,0.8468172910948694,50.93156804358816,43.12973248188534,53.572148639998595,98.41848658808863
TE,2,developmental,D1,magnitude_only,0.55,67.52250000000001,0.4765625,0.7,0.8496285974997412,53.9555014426428,45.84213701810786,54.82674946398732,99.02516476786423
TE,2,developmental,D1,joint_evidence,0.55,67.52250000000001,0.5365625,0.6129000000000001,0.8496285974997412,51.52900309602979,43.78051463103961,53.337401707012496,99.7188968690858
TE,2,developmental,D1,magnitude_only,0.60,72.44,0.4765625,0.7,0.852172088510021,54.634582832267824,46.55806655704741,55.6334019937913,99.75791119389417
TE,2,developmental,D1,joint_evidence,0.60,72.44,0.5809375,0.6498909090909092,0.852172088510021,52.0895889425932,44.389293798838146,53.04255745822053,100.96471599497752
TE,2,developmental,D1,magnitude_only,0.65,77.3575,0.4765625,0.7,0.8544864475614552,55.25119861630936,47.21140042916257,56.38775342630382,100.44314838800355
TE,2,developmental,D1,joint_evidence,0.65,77.3575,0.6253125,0.6868818181818183,0.8544864475614552,52.62201490194502,44.964798577088956,52.69541211213708,102.16302588894867
TE,2,developmental,D1,magnitude_only,0.70,82.27499999999999,0.4765625,0.7,0.8566028085073867,55.81294942385959,47.809529227558855,57.09617488353483,101.08666374527279
TE,2,developmental,D1,joint_evidence,0.70,82.27499999999999,0.6696875,0.7238727272727274,0.8566028085073867,53.13344365237078,45.514257058289786,52.30233679077213,103.3196139460797
TE,2,developmental,D1,magnitude_only,0.75,87.1925,0.4765625,0.7,0.8585465701929048,56.32613520986322,48.35861019664988,57.76393986359492,101.69324760199964
TE,2,developmental,D1,joint_evidence,0.75,87.1925,0.7140625,0.7608636363636365,0.8585465701929048,53.62985579712055,46.04372875455792,51.868604992236264,104.43927050266834
TE,2,developmental,D1,magnitude_only,0.80,92.11000000000001,0.4765625,0.7,0.8603387012836905,56.79603659720306,48.86382836409864,58.395462739311014,102.26690988289471
TE,2,developmental,D1,joint_evidence,0.80,92.11000000000001,0.7584375000000001,0.7978545454545456,0.8603387012836905,54.116300527944325,46.558347714489514,51.3986310893564,105.52600548342517
TE,2,developmental,D1,magnitude_only,0.85,97.0275,0.4765625,0.7,0.8619966971732311,57.227123993278305,49.329591870928866,58.994475802772016,102.81104092467417
TE,2,developmental,D1,joint_evidence,0.85,97.0275,0.8028125,0.8348454545454547,0.8619966971732311,54.99533464311063,47.405796822297944,50.89614737422144,106.58320922506641
TE,2,developmental,D1,magnitude_only,0.90,101.94500000000001,0.4765625,0.7,0.8635352940688571,57.623215656252064,49.759680476914795,59.564162930026896,103.3285328942992
TE,2,developmental,D1,joint_evidence,0.90,101.94500000000001,0.8471875000000001,0.8718363636363637,0.8635352940688571,55.979858712110875,48.34058375489574,50.364337722880364,107.61377389455323
TE,2,developmental,D1,magnitude_only,0.95,106.8625,0.4765625,0.7,0.8649670102211507,57.987598977483,50.157360117456534,60.1072620271198,103.82187284882909
TE,2,developmental,D1,joint_evidence,0.95,106.8625,0.8915625,0.9088272727272728,0.8649670102211507,57.05146783642379,49.347637563199626,49.80594004137731,108.6201865489449
TE,2,developmental,D1,magnitude_only,1.00,111.78,0.4765625,0.7,0.8663025619052545,58.32312480027767,50.52547243280043,60.62614461806584,104.29321503148765
TE,2,developmental,D1,joint_evidence,1.00,111.78,0.9359375000000001,0.9458181818181819,0.8663025619052545,58.2122691643161,50.429437911365284,49.22332585372739,109.60460143146524
TE,2,established,D1,magnitude_only,0.00,21.335,0.5234375,0.82,0.7360462583296354,39.91928453965469,29.3824400206089,34.853974311926805,81.95332334700626
TE,2,established,D1,joint_evidence,0.00,21.335,0.1546875,0.08800000000000001,0.7360462583296354,36.70703961903122,27.018079165945615,44.00725740166787,77.68976147491541
TE,2,established,D1,magnitude_only,0.05,25.101750000000003,0.5234375,0.82,0.7458267373696584,41.81738102379395,31.18852085432011,36.66786688888387,83.60102573912607
TE,2,established,D1,joint_evidence,0.05,25.101750000000003,0.1884375,0.12294545454545455,0.7458267373696584,37.91955307403088,28.281416551720053,44.98339186532661,79.72768817397235
TE,2,established,D1,magnitude_only,0.10,28.8685,0.5234375,0.82,0.7540154285267173,43.4298614113084,32.746785562903646,38.23681465060566,85.02622534187034
TE,2,established,D1,joint_evidence,0.10,28.8685,0.2221875,0.1578909090909091,0.7540154285267173,38.867486732013425,29.3066846639956,45.71458151375006,81.54311208365377
TE,2,established,D1,magnitude_only,0.15,32.63525,0.5234375,0.82,0.7610157924342366,44.82403071261201,34.11179525285498,39.61916940267126,86.28192772506094
TE,2,established,D1,joint_evidence,0.15,32.63525,0.25593750000000004,0.19283636363636364,0.7610157924342366,39.611482409505044,30.144963675364302,46.25917815251732,83.18903877378148
TE,2,established,D1,magnitude_only,0.20,36.402,0.5234375,0.82,0.7670980045677944,46.045843223574245,35.321674455445304,40.854633585209584,87.40419776178038
TE,2,established,D1,joint_evidence,0.20,36.402,0.2896875,0.2277818181818182,0.7670980045677944,40.545877737697545,31.102661906037547,46.65688422175731,84.70153311743806
TE,2,established,D1,magnitude_only,0.25,40.16875,0.5234375,0.82,0.772451391491079,47.12808395431483,36.40415402881889,41.97144777950926,88.41868861028917
TE,2,established,D1,joint_evidence,0.25,40.16875,0.32343750000000004,0.26272727272727275,0.772451391491079,41.46201536908686,32.02739146587565,46.93594030275865,86.10624827288396
TE,2,established,D1,magnitude_only,0.30,43.935500000000005,0.5234375,0.82,0.7772134865468354,48.10671970933691,37.3891913516251,42.99041792524462,89.34429995461882
TE,2,established,D1,joint_evidence,0.30,43.935500000000005,0.3571875,0.29767272727272726,0.7772134865468354,42.29393893729329,32.87141974125268,47.117152335195684,87.42208392415074
TE,2,established,D1,magnitude_only,0.35,47.70225000000001,0.5234375,0.82,0.7814871650645261,49.01394102105245,38.30376581718217,43.927315744423105,90.19535849989494
TE,2,established,D1,joint_evidence,0.35,47.70225000000001,0.3909375,0.3326181818181818,0.7814871650645261,43.058760292225465,33.649868511964264,47.21629204107583,88.66336677636399
TE,2,established,D1,magnitude_only,0.40,51.46900000000001,0.5234375,0.82,0.7853512685774827,49.83620446467536,39.1389263974196,44.79438232962763,90.98298380070815
TE,2,established,D1,joint_evidence,0.40,51.46900000000001,0.4246875,0.3675636363636364,0.7853512685774827,43.76986042310414,34.374715408744194,47.24560051298202,89.84121638411433
TE,2,established,D1,magnitude_only,0.45,55.23575,0.5234375,0.82,0.7888674691114826,50.585254280767415,39.90506151882978,45.60130917466019,91.71597940900173
TE,2,established,D1,joint_evidence,0.45,55.23575,0.45843750000000005,0.4025090909090909,0.7888674691114826,44.437920244799464,35.05562967609287,47.214769244716244,90.96443629934504
TE,2,established,D1,magnitude_only,0.50,59.002500000000005,0.5234375,0.82,0.7920848599580442,51.27055743456409,40.61063230552756,46.35590048657217,92.40143450458186
TE,2,established,D1,joint_evidence,0.50,59.002500000000005,0.4921875,0.4374545454545455,0.7920848599580442,45.071616651902275,35.70054516380467,47.13160244332988,92.04011570186229
TE,2,established,D1,magnitude_only,0.55,62.76925000000001,0.5234375,0.82,0.7950431174440143,51.899857182633355,41.26262424937994,47.06453348870214,93.04514202484933
TE,2,established,D1,joint_evidence,0.55,62.76925000000001,0.5259375000000001,0.47240000000000004,0.7950431174440143,45.67810620259543,36.31606395425024,47.00247733216152,93.07404752906689
TE,2,established,D1,magnitude_only,0.60,66.536,0.5234375,0.82,0.7977747343152405,52.479567992052246,41.86687341183808,47.732486419494336,93.65189661212267
TE,2,established,D1,joint_evidence,0.60,66.536,0.5596875,0.5073454545454545,0.7977747343152405,46.26336959143118,36.907747384331785,46.83267214965538,94.07102642327735
TE,2,established,D1,magnitude_only,0.65,70.30275,0.5234375,0.82,0.8003066324853668,53.01506343875602,42.428306891668925,48.364177390558055,94.22571158734476
TE,2,established,D1,joint_evidence,0.65,70.30275,0.5934375000000001,0.5422909090909092,0.8003066324853668,46.83246225804502,37.48033016073405,46.626605007420764,95.03506570543658
TE,2,established,D1,magnitude_only,0.70,74.0695,0.5234375,0.82,0.8026613503965159,53.510890112225354,42.95112331839837,48.963341682455805,94.76998000189931
TE,2,established,D1,joint_evidence,0.70,74.0695,0.6271875,0.5772363636363637,0.8026613503965159,47.38970013212106,38.03788070293423,46.388011186020194,95.96955842692826
TE,2,established,D1,magnitude_only,0.75,77.83625,0.5234375,0.82,0.8048579323298193,53.970929239974474,43.43893051400484,49.5331655886269,95.2875962186547
TE,2,established,D1,joint_evidence,0.75,77.83625,0.6609375000000001,0.6121818181818182,0.8048579323298193,47.938799575582756,38.583923104777156,46.12007697889294,96.87739895062077
TE,2,established,D1,magnitude_only,0.80,81.60300000000001,0.5234375,0.82,0.8069126047646703,54.3985206556058,43.8948519975596,50.07638899161688,95.78104909008306
TE,2,established,D1,joint_evidence,0.80,81.60300000000001,0.6946875,0.6471272727272728,0.8069126047646703,48.48298435698283,39.121531194257784,45.825542268584584,97.76107612898625
TE,2,established,D1,magnitude_only,0.85,85.36975000000001,0.5234375,0.82,0.8088392979056689,54.79655917295033,44.32161044909559,50.5953850471831,96.25249434164905
TE,2,established,D1,joint_evidence,0.85,85.36975000000001,0.7284375,0.6820727272727273,0.8088392979056689,49.025068489025855,39.653401976441,45.50678021085247,98.62274568748937
TE,2,established,D1,magnitude_only,0.90,89.13650000000001,0.5234375,0.82,0.8106500528498465,55.16757042459026,44.72159388029172,51.09222284587097,96.70381149228587
TE,2,established,D1,joint_evidence,0.90,89.13650000000001,0.7621875,0.7170181818181818,0.8106500528498465,49.567521123910446,40.18191361873389,45.16585989624201,99.46428714506332
TE,2,established,D1,magnitude_only,0.95,92.90325000000001,0.5234375,0.82,0.8123553430768659,55.51377120224256,45.09690865048839,51.568717237571136,97.13664911398953
TE,2,established,D1,joint_evidence,0.95,92.90325000000001,0.7959375,0.7519636363636363,0.8123553430768659,50.11251792850493,40.70917169425621,44.80459617464384,100.28734907370412
TE,2,established,D1,magnitude_only,1.00,96.67000000000002,0.5234375,0.82,0.8139643309151225,55.83711795107059,45.44942235327195,52.02646885102735,97.55246118470973
TE,2,established,D1,joint_evidence,1.00,96.67000000000002,0.8296875,0.7869090909090909,0.8139643309151225,50.66198214647343,41.23704640068813,44.42458967480172,101.09338545136146
TE,2,veteran,D1,magnitude_only,0.00,34.29,0.6015625,0.019230769230769232,0.6637426552192247,50.621316081342336,33.5995267465218,42.66870296987929,92.12280100835213
TE,2,veteran,D1,joint_evidence,0.00,34.29,0.3046875,0.09615384615384616,0.6637426552192247,57.094215039469724,37.895865887955026,50.0378715590776,88.69027238251628
TE,2,veteran,D1,magnitude_only,0.05,37.627,0.6015625,0.019230769230769232,0.6700986154780622,51.70456141245431,34.64715501638607,43.720299531434414,93.07804951205686
TE,2,veteran,D1,joint_evidence,0.05,37.627,0.331875,0.12894615384615385,0.6700986154780622,58.928523074004794,39.48792172405765,50.41460741825351,89.95986824458704
TE,2,veteran,D1,magnitude_only,0.10,40.964,0.6015625,0.019230769230769232,0.6758246628221714,52.68144566807406,35.60342025561069,44.68470580095469,93.95409616302759
TE,2,veteran,D1,joint_evidence,0.10,40.964,0.3590625,0.16173846153846155,0.6758246628221714,60.716210093126385,41.033512214027255,50.70415298539457,91.15026225392378
TE,2,veteran,D1,magnitude_only,0.15,44.301,0.6015625,0.019230769230769232,0.681021334309835,53.56819986598112,36.48108694930639,45.575279599231045,94.76307492859532
TE,2,veteran,D1,joint_evidence,0.15,44.301,0.38625,0.19453076923076923,0.681021334309835,62.469370581834085,42.5429741071362,50.919866081291715,92.27358837785752
TE,2,veteran,D1,magnitude_only,0.20,47.638000000000005,0.6015625,0.019230769230769232,0.6857673197293905,54.37760351600592,37.29038341647886,46.40252627165763,95.51452864660824
TE,2,veteran,D1,joint_evidence,0.20,47.638000000000005,0.4134375,0.22732307692307696,0.6857673197293905,63.701767541715576,43.68459038910698,51.072252051339085,93.33938945423648
TE,2,veteran,D1,magnitude_only,0.25,50.975,0.6015625,0.019230769230769232,0.6901253186931166,55.11989928676459,38.0396380616109,47.174857166043765,96.21609801094343
TE,2,veteran,D1,joint_evidence,0.25,50.975,0.440625,0.26011538461538464,0.6901253186931166,64.79401675239995,44.71599146065715,51.169722243346015,94.35530617693767
TE,2,veteran,D1,magnitude_only,0.30,54.312,0.6015625,0.019230769230769232,0.6941460647365411,55.80342333336755,38.73572670568436,47.89911164783112,96.87399575930206
TE,2,veteran,D1,joint_evidence,0.30,54.312,0.46781249999999996,0.2929076923076923,0.6941460647365411,65.85034291957146,45.70975639917228,51.21911602275415,95.32755128366233
TE,2,veteran,D1,magnitude_only,0.35,57.649,0.6015625,0.019230769230769232,0.6978711630601958,56.435051200060045,39.3843948183476,48.58092594756751,97.49334172660393
TE,2,veteran,D1,joint_evidence,0.35,57.649,0.495,0.3257,0.6978711630601958,66.87666199363915,46.671293887084545,51.226069620111325,96.26124460933022
TE,2,veteran,D1,magnitude_only,0.40,60.986000000000004,0.6015625,0.019230769230769232,0.7013351374443988,57.020520500338066,39.99049458225576,49.224999794462825,98.07840504937883
TE,2,veteran,D1,joint_evidence,0.40,60.986000000000004,0.5221875,0.3584923076923077,0.7013351374443988,67.87783247159325,47.605108965892725,51.19528276462742,97.16065529047114
TE,2,veteran,D1,magnitude_only,0.45,64.32300000000001,0.6015625,0.019230769230769232,0.7045669362853549,57.564669114087714,40.55816255599298,49.8352930486982,98.63278278247765
TE,2,veteran,D1,joint_evidence,0.45,64.32300000000001,0.549375,0.3912846153846154,0.7045669362853549,68.85787478925488,48.514981879385886,51.13071531648359,98.02938038193598
TE,2,veteran,D1,magnitude_only,0.50,67.66,0.6015625,0.019230769230769232,0.7075910602595575,58.07161413437687,41.09095501632764,50.41517329012051,99.15953396558102
TE,2,veteran,D1,joint_evidence,0.50,67.66,0.5765625,0.4240769230769231,0.7075910602595575,69.82013624971785,49.40410423640462,51.035734855526684,98.87047892340537
TE,2,veteran,D1,magnitude_only,0.55,70.99700000000001,0.6015625,0.019230769230769232,0.7104284199529719,58.54488841805224,41.591952575159894,50.96752834731943,99.66128184227883
TE,2,veteran,D1,joint_evidence,0.55,70.99700000000001,0.60375,0.4568692307692308,0.7104284199529719,70.76741703196465,50.275184266171685,50.91322921034639,99.6865741584692
TE,2,veteran,D1,magnitude_only,0.60,74.334,0.6015625,0.019230769230769232,0.7130969973030312,58.98754625229493,42.06384211078519,51.4948533095035,100.14029289985358
TE,2,veteran,D1,joint_evidence,0.60,74.334,0.6309374999999999,0.4896615384615384,0.7130969973030312,71.70206788425381,51.1305293086795,50.76569347015125,100.47993257440996
TE,2,veteran,D1,magnitude_only,0.65,77.671,0.6015625,0.019230769230769232,0.7156123622036495,59.40224615907736,42.508981694100015,51.99931866453373,100.5985387644567
TE,2,veteran,D1,joint_evidence,0.65,77.671,0.658125,0.5224538461538462,0.7156123622036495,72.6260668826288,51.972111279438245,50.59529812280226,101.25252579737912
TE,2,veteran,D1,magnitude_only,0.70,81.00800000000001,0.6015625,0.019230769230769232,0.7179880806243967,59.79131652869363,42.9294525924425,52.48282427226103,101.0377452293688
TE,2,veteran,D1,joint_evidence,0.70,81.00800000000001,0.6853125,0.5552461538461538,0.7179880806243967,73.54108048364681,52.80161922349785,50.40394302815034,102.00607962065722
TE,2,veteran,D1,magnitude_only,0.75,84.345,0.6015625,0.019230769230769232,0.7202360403970808,60.1568081860727,43.3271013308637,52.94704256607818,101.45943149839333
TE,2,veteran,D1,joint_evidence,0.75,84.345,0.7124999999999999,0.5880384615384615,0.7202360403970808,74.44851263651434,53.62050195477512,50.193300619588285,102.74211324804777
TE,2,veteran,D1,magnitude_only,0.80,87.68200000000002,0.6015625,0.019230769230769232,0.7223667137650356,60.500536892906695,43.70357401634931,53.39345346371943,101.86494189810276
TE,2,veteran,D1,joint_evidence,0.80,87.68200000000002,0.7396875,0.6208307692307693,0.7223667137650356,75.34954470570239,54.43000299274986,49.964850814850315,103.46197100612322
TE,2,veteran,D1,magnitude_only,0.85,91.019,0.6015625,0.019230769230769232,0.7243893708258707,60.824118012972335,44.06034457845554,53.823372826223974,102.25547172937078
TE,2,veteran,D1,joint_evidence,0.85,91.019,0.766875,0.6536230769230769,0.7243893708258707,76.24516824110688,55.23118945068808,49.71990947497565,104.16684819575727
TE,2,veteran,D1,magnitude_only,0.90,94.35600000000001,0.6015625,0.019230769230769232,0.7263122544543297,61.12899501323757,44.398738180592055,54.2379758450384,102.63208851173098
TE,2,veteran,D1,joint_evidence,0.90,94.35600000000001,0.7940624999999999,0.6864153846153846,0.7263122544543297,77.13621212261107,56.02497612684104,49.45965179141086,104.85781233648349
TE,2,veteran,D1,magnitude_only,0.95,97.69300000000001,0.6015625,0.019230769230769232,0.7281427247271806,61.416463071090746,44.71995076369028,54.638316404698436,102.99574957203535
TE,2,veteran,D1,joint_evidence,0.95,97.69300000000001,0.8212499999999999,0.7192076923076923,0.7281427247271806,78.02336523634912,56.81214575557923,49.18513164869168,105.53582075515388
TE,2,veteran,D1,magnitude_only,1.00,101.03,0.6015625,0.019230769230769232,0.7298873789926928,61.68768876268744,45.02506546711493,55.0253432245356,103.34731670724575
TE,2,veteran,D1,joint_evidence,1.00,101.03,0.8484375,0.752,0.7298873789926928,78.90719556893993,57.59336615747739,48.897297766149634,106.2017352487303
TE,3,developmental,D1,magnitude_only,0.00,13.430000000000001,0.4765625,0.7,0.6195955259099806,36.64490900843094,22.705021669002157,35.35896709499837,84.73210404299013
TE,3,developmental,D1,joint_evidence,0.00,13.430000000000001,0.04843750000000001,0.20600000000000002,0.6195955259099806,43.6558483013185,27.04896828730177,51.37642504867997,92.60208472078241
TE,3,developmental,D1,magnitude_only,0.05,18.347500000000004,0.4765625,0.7,0.6469225078466688,40.76801605803615,26.373747188198013,39.87689670854975,89.39146742315229
TE,3,developmental,D1,joint_evidence,0.05,18.347500000000004,0.09281250000000002,0.24299090909090912,0.6469225078466688,46.98091575040547,30.393011838185373,54.23415099111983,96.44572747594714
TE,3,developmental,D1,magnitude_only,0.10,23.265,0.4765625,0.7,0.6672448985865281,44.06634680302397,29.403045103662507,43.36596788875922,92.989763961258
TE,3,developmental,D1,joint_evidence,0.10,23.265,0.13718750000000002,0.2799818181818182,0.6672448985865281,49.3323670688806,32.91677026190862,56.06301850021777,99.22830338905538
TE,3,developmental,D1,magnitude_only,0.15,28.182499999999997,0.4765625,0.7,0.6832385431377885,46.74091162466104,31.935192363365534,46.208940624689795,95.92173594613845
TE,3,developmental,D1,joint_evidence,0.15,28.182499999999997,0.18156250000000002,0.3169727272727273,0.6832385431377885,51.06888476324178,34.892230425308924,57.24578756503683,101.34455474893838
TE,3,developmental,D1,magnitude_only,0.20,33.1,0.4765625,0.7,0.6963083338370828,48.96654692866616,34.09581470565486,48.60812118188065,98.39602284008254
TE,3,developmental,D1,joint_evidence,0.20,33.1,0.2259375,0.35396363636363637,0.6963083338370828,52.38145848306868,36.473646080301876,57.984764451116156,103.00312101788504
TE,3,developmental,D1,magnitude_only,0.25,38.0175,0.4765625,0.7,0.7072803334089491,50.8627471809381,35.97422078422899,50.6835358032545,100.53640830701795
TE,3,developmental,D1,joint_evidence,0.25,38.0175,0.2703125,0.3909545454545455,0.7072803334089491,53.38407575015387,37.757506895297425,58.399975401378484,104.327785859823
TE,3,developmental,D1,magnitude_only,0.30,42.934999999999995,0.4765625,0.7,0.7166797742376803,52.50670686576056,37.630494822517335,52.51226817077072,102.42238913322751
TE,3,developmental,D1,joint_evidence,0.30,42.934999999999995,0.3146875,0.42794545454545463,0.7166797742376803,54.15030716139319,38.80842991132831,58.568504097783176,105.3980460610351
TE,3,developmental,D1,magnitude_only,0.35,47.85249999999999,0.4765625,0.7,0.7248603931213214,53.95123209309399,39.107111304379764,54.14677878595313,104.10806809600373
TE,3,developmental,D1,joint_evidence,0.35,47.85249999999999,0.3590625,0.4649363636363637,0.7248603931213214,54.7304376523914,39.671926552414405,58.542811041854065,106.2680043988139
TE,3,developmental,D1,magnitude_only,0.40,52.77,0.4765625,0.7,0.7320712011270756,55.23406346464672,40.43526718369304,55.62439028856352,105.63193622018139
TE,3,developmental,D1,joint_evidence,0.40,52.77,0.40343750000000006,0.5019272727272728,0.7320712011270756,55.16037772901899,40.38132397870612,58.36021887335293,106.9761518979941
TE,3,developmental,D1,magnitude_only,0.45,57.6875,0.4765625,0.7,0.738493754102614,56.38312549474099,41.63858601465007,56.97260396617079,107.02235572101537
TE,3,developmental,D1,joint_evidence,0.45,57.6875,0.44781250000000006,0.5389181818181819,0.738493754102614,55.4666782133143,40.96179542135215,58.04822887984867,107.5508507738306
TE,3,developmental,D1,magnitude_only,0.50,62.605,0.4765625,0.7,0.7442642658128815,57.41966914371198,42.735407898463365,58.212269516201566,108.30082899561816
TE,3,developmental,D1,joint_evidence,0.50,62.605,0.49218750000000006,0.5759090909090909,0.7442642658128815,55.66953064076756,41.43284235049858,57.627690758767926,108.01360342343597
TE,3,developmental,D1,magnitude_only,0.55,67.52250000000001,0.4765625,0.7,0.7494873883438613,58.36024792875404,43.740269803222105,59.359570971274735,109.48404671767838
TE,3,developmental,D1,joint_evidence,0.55,67.52250000000001,0.5365625,0.6129000000000001,0.7494873883438613,55.78465299744103,41.80989388472063,57.11478854272958,108.38110052049873
TE,3,developmental,D1,magnitude_only,0.60,72.44,0.4765625,0.7,0.7542451541094727,59.218011816297484,44.66489844843987,60.42732267134154,110.5852243800029
TE,3,developmental,D1,joint_evidence,0.60,72.44,0.5809375,0.6498909090909092,0.7542451541094727,55.82452381047704,42.10537656452118,56.52233657168486,108.6665575578258
TE,3,developmental,D1,magnitude_only,0.65,77.3575,0.4765625,0.7,0.7586029784176881,60.0035835805439,45.51889721993529,61.42584433308949,111.61500475796456
TE,3,developmental,D1,joint_evidence,0.65,77.3575,0.6253125,0.6868818181818183,0.7586029784176881,55.79921759053266,42.32945265755473,55.86065456232129,108.88061731079
TE,3,developmental,D1,magnitude_only,0.70,82.27499999999999,0.4765625,0.7,0.7626138069039801,60.725669686107786,46.31023413611628,62.363569298144796,112.58208519891193
TE,3,developmental,D1,joint_evidence,0.70,82.27499999999999,0.6696875,0.7238727272727274,0.7626138069039801,55.71698691395271,42.49054349966872,55.13817585626507,109.03197712673995
TE,3,developmental,D1,magnitude_only,0.75,87.1925,0.4765625,0.7,0.7663210534140944,61.391496791990185,47.04559649230592,63.247478002773164,113.49366466163727
TE,3,developmental,D1,joint_evidence,0.75,87.1925,0.7140625,0.7608636363636365,0.7663210534140944,55.58467815315622,42.59570911601007,54.36188088978191,109.1278359644678
TE,3,developmental,D1,magnitude_only,0.80,92.11000000000001,0.4765625,0.7,0.7697607267347647,62.00713044835855,47.730653796665834,64.08341367428316,114.3557692956542
TE,3,developmental,D1,joint_evidence,0.80,92.11000000000001,0.7584375000000001,0.7978545454545456,0.7697607267347647,55.40803486782764,42.650929186804184,53.537612890180384,109.17421997348731
TE,3,developmental,D1,magnitude_only,0.85,97.0275,0.4765625,0.7,0.7729629997948523,62.577712227423824,48.37025616360852,64.87631668176289,115.17349412828332
TE,3,developmental,D1,joint_evidence,0.85,97.0275,0.8028125,0.8348454545454547,0.7729629997948523,55.720612690714276,43.06997193582162,52.67031222654859,109.17622418111895
TE,3,developmental,D1,magnitude_only,0.90,101.94500000000001,0.4765625,0.7,0.7759533872532296,63.10763914666228,48.968586357407105,65.63040146567894,115.95118553303146
TE,3,developmental,D1,joint_evidence,0.90,101.94500000000001,0.8471875000000001,0.8718363636363637,0.7759533872532296,56.029464578168884,43.47625282541499,51.76419333935311,109.13819496086967
TE,3,developmental,D1,magnitude_only,0.95,106.8625,0.4765625,0.7,0.7787536426586498,63.60070147297265,49.529277947722804,66.34929214388286,116.69258108074348
TE,3,developmental,D1,joint_evidence,0.95,106.8625,0.8915625,0.9088272727272728,0.7787536426586498,56.30511172311912,43.847810854681256,50.822880346445515,109.06386988358423
TE,3,developmental,D1,magnitude_only,1.00,111.78,0.4765625,0.7,0.7813824513047875,64.06018999161651,50.05550828669972,67.03612786080836,117.40091818675575
TE,3,developmental,D1,joint_evidence,1.00,111.78,0.9359375000000001,0.9458181818181819,0.7813824513047875,56.550293105933406,44.187406649118465,49.8495123922595,108.95648636459907
TE,3,established,D1,magnitude_only,0.00,21.335,0.5234375,0.82,0.5347124201026433,40.192416700166426,21.491384403519888,38.64956476368464,89.12544807795446
TE,3,established,D1,joint_evidence,0.00,21.335,0.1546875,0.08800000000000001,0.5347124201026433,41.84130366353272,22.373064742177178,52.44562343911842,95.90397158145439
TE,3,established,D1,magnitude_only,0.05,25.101750000000003,0.5234375,0.82,0.5500608827700698,42.29470856356474,23.26466472897725,41.05058231613079,91.60162947428223
TE,3,established,D1,joint_evidence,0.05,25.101750000000003,0.1884375,0.12294545454545455,0.5500608827700698,43.633200964345654,24.00091704053183,53.583950875507924,97.75974574186861
TE,3,established,D1,magnitude_only,0.10,28.8685,0.5234375,0.82,0.5631841868751568,44.22062512335454,24.904356803207556,43.12737074485055,93.74343175559645
TE,3,established,D1,joint_evidence,0.10,28.8685,0.2221875,0.1578909090909091,0.5631841868751568,45.14371628357904,25.42422714769024,54.398049188171036,99.28114078726927
TE,3,established,D1,magnitude_only,0.15,32.63525,0.5234375,0.82,0.5746069856391046,45.91401479524302,26.382513640083843,44.95716930380647,95.63051215036401
TE,3,established,D1,joint_evidence,0.15,32.63525,0.25593750000000004,0.19283636363636364,0.5746069856391046,46.445241334037895,26.687760120232262,54.9651576310703,100.54781394612328
TE,3,established,D1,magnitude_only,0.20,36.402,0.5234375,0.82,0.5846894552400066,47.40908952916099,27.719594730229836,46.59253141145087,97.31706926157
TE,3,established,D1,joint_evidence,0.20,36.402,0.2896875,0.2277818181818182,0.5846894552400066,47.35734749361476,27.689341707653305,55.337829622658056,101.61396382141572
TE,3,established,D1,magnitude_only,0.25,40.16875,0.5234375,0.82,0.5936894486500636,48.743351329714685,28.938413376294655,48.07083862622151,98.84165487717402
TE,3,established,D1,joint_evidence,0.25,40.16875,0.32343750000000004,0.26272727272727275,0.5936894486500636,48.066987738748004,28.536863448886667,55.55344672137204,102.5181422011062
TE,3,established,D1,magnitude_only,0.30,43.935500000000005,0.5234375,0.82,0.6017978164607621,49.944541454038706,30.05651599117451,49.41963140282215,100.23267160569276
TE,3,established,D1,joint_evidence,0.30,43.935500000000005,0.3571875,0.29767272727272726,0.6017978164607621,48.656989747780734,29.281670185768135,55.63954938191603,103.28875169371139
TE,3,established,D1,magnitude_only,0.35,47.70225000000001,0.5234375,0.82,0.6091597006059591,51.03376667279738,31.087714027195627,50.65978649098606,101.51164974341782
TE,3,established,D1,joint_evidence,0.35,47.70225000000001,0.3909375,0.3326181818181818,0.6091597006059591,49.14687236853411,29.938294057735526,55.61701435402328,103.94732259552288
TE,3,established,D1,magnitude_only,0.40,51.46900000000001,0.5234375,0.82,0.6158879967088429,52.02746468276823,32.0430909973102,51.80750720866387,102.69529985309666
TE,3,established,D1,joint_evidence,0.40,51.46900000000001,0.4246875,0.3675636363636364,0.6158879967088429,49.55182920949734,30.51837682509604,55.50204495564444,104.51056546928817
TE,3,established,D1,magnitude_only,0.45,55.23575,0.5234375,0.82,0.6220722050844341,52.938690738526915,32.931688081998345,52.87562201495156,103.79685198868069
TE,3,established,D1,joint_evidence,0.45,55.23575,0.45843750000000005,0.4025090909090909,0.6220722050844341,49.88392227368261,31.031401527050257,55.30746964587548,104.99171036895865
TE,3,established,D1,magnitude_only,0.50,59.002500000000005,0.5234375,0.82,0.6277844441908436,53.777988945504255,33.76098489985472,53.874461200821884,104.82695983085597
TE,3,established,D1,joint_evidence,0.50,59.002500000000005,0.4921875,0.4374545454545455,0.6277844441908436,50.15288986894383,31.485204090939494,55.04361871568915,105.40141097522039
TE,3,established,D1,magnitude_only,0.55,62.76925000000001,0.5234375,0.82,0.6330836520464305,54.55399952258478,34.5372452514972,54.81246618412192,105.794329056018
TE,3,established,D1,joint_evidence,0.55,62.76925000000001,0.5259375000000001,0.47240000000000004,0.6330836520464305,50.36670942144892,31.886340342092236,54.718933582932536,105.74837296446884
TE,3,established,D1,magnitude_only,0.60,66.536,0.5234375,0.82,0.6380185932436917,55.27389266376215,35.26577124043634,55.69662367581327,106.70616509408421
TE,3,established,D1,joint_evidence,0.60,66.536,0.5596875,0.5073454545454545,0.6380185932436917,50.531999390486185,32.24035516490908,54.34040095856724,106.03980176662151
TE,3,established,D1,magnitude_only,0.65,70.30275,0.5234375,0.82,0.6426300567957761,55.94368526988483,35.95109364235111,56.53278185216466,107.56849919845561
TE,3,established,D1,joint_evidence,0.65,70.30275,0.5934375000000001,0.5422909090909092,0.6426300567957761,50.65431254261659,32.55198374621269,53.91386901886197,106.28172863507936
TE,3,established,D1,magnitude_only,0.70,74.0695,0.5234375,0.82,0.6469524925115349,56.5684765936852,36.59711692986506,57.3258850380539,108.38643047607849
TE,3,established,D1,joint_evidence,0.70,74.0695,0.6271875,0.5772363636363637,0.6469524925115349,50.7383540456674,32.82530461577724,53.44428208869456,106.47925267678866
TE,3,established,D1,magnitude_only,0.75,77.83625,0.5234375,0.82,0.6510152494568785,57.152626522640986,37.20723141275293,58.08015087380443,109.16430860048797
TE,3,established,D1,joint_evidence,0.75,77.83625,0.6609375000000001,0.6121818181818182,0.6510152494568785,50.78814639932784,33.06385779761088,52.935857808388434,106.6367235652846
TE,3,established,D1,magnitude_only,0.80,81.60300000000001,0.5234375,0.82,0.6548435270731531,57.699892496118835,37.784401113900216,58.79920609352781,109.90587384069099
TE,3,established,D1,joint_evidence,0.80,81.60300000000001,0.6946875,0.6471272727272728,0.6548435270731531,50.807156042214096,33.27073726323954,52.39222291205516,106.7578815695741
TE,3,established,D1,magnitude_only,0.85,85.36975000000001,0.5234375,0.82,0.6584591152845833,58.21353607593686,38.33123346214856,59.486192001566124,110.61436583954821
TE,3,established,D1,joint_evidence,0.85,85.36975000000001,0.7284375,0.6820727272727273,0.6584591152845833,50.79839185441644,33.44866415833863,51.81651870403683,106.84596633251775
TE,3,established,D1,magnitude_only,0.90,89.13650000000001,0.5234375,0.82,0.6618809772892364,58.69640690783724,38.850035167526,60.143847416513296,111.2926091543575
TE,3,established,D1,joint_evidence,0.90,89.13650000000001,0.7621875,0.7170181818181818,0.6618809772892364,50.76448272884708,33.60004544015187,51.21148400292735,106.9038024114135
TE,3,established,D1,magnitude_only,0.95,92.90325000000001,0.5234375,0.82,0.6651257134489995,59.151009601732724,39.3428574625811,60.77457462310097,111.94308127336348
TE,3,established,D1,joint_evidence,0.95,92.90325000000001,0.7959375,0.7519636363636363,0.6651257134489995,50.70773933456231,33.72702130228665,50.57952109345837,106.93386729450589
TE,3,established,D1,magnitude_only,1.00,96.67000000000002,0.5234375,0.82,0.6682079341879695,59.579557542282345,39.81153306516175,61.38049234531398,112.56796724719592
TE,3,established,D1,joint_evidence,1.00,96.67000000000002,0.8296875,0.7869090909090909,0.6682079341879695,50.63020378877414,33.831503881212676,49.92274869961473,106.93834603242482
TE,3,veteran,D0,magnitude_only,0.00,34.29,0.6015625,0.019230769230769232,0.3341102023558473,34.16234773247984,11.41398891384966,34.162347732479844,34.162347732479844
TE,3,veteran,D0,joint_evidence,0.00,34.29,0.3046875,0.09615384615384616,0.3341102023558473,32.407175212173804,10.82756786792079,32.40717521217381,32.40717521217381
TE,3,veteran,D0,magnitude_only,0.05,37.627,0.6015625,0.019230769230769232,0.34197369785595044,36.490535558463584,12.478803381671842,36.49053555846359,36.49053555846359
TE,3,veteran,D0,joint_evidence,0.05,37.627,0.331875,0.12894615384615385,0.34197369785595044,34.89609989001715,11.933548320139789,34.896099890017155,34.896099890017155
TE,3,veteran,D0,magnitude_only,0.10,40.964,0.6015625,0.019230769230769232,0.34922371764113747,38.62568797155162,13.489006349871822,38.62568797155161,38.62568797155161
TE,3,veteran,D0,joint_evidence,0.10,40.964,0.3590625,0.16173846153846155,0.34922371764113747,37.191989154964794,12.988324719165671,37.19198915496479,37.19198915496479
TE,3,veteran,D0,magnitude_only,0.15,44.301,0.6015625,0.019230769230769232,0.35594518119634155,40.597378590452934,14.450441278475246,40.597378590452934,40.597378590452934
TE,3,veteran,D0,joint_evidence,0.15,44.301,0.38625,0.19453076923076923,0.35594518119634155,39.32441662572571,13.997336601284363,39.3244166257257,39.3244166257257
TE,3,veteran,D0,magnitude_only,0.20,47.638000000000005,0.6015625,0.019230769230769232,0.3622062353597424,42.42886578073144,15.367999745022534,42.42886578073144,42.42886578073144
TE,3,veteran,D0,joint_evidence,0.20,47.638000000000005,0.4134375,0.22732307692307696,0.3622062353597424,41.31664066786383,14.96514487401819,41.31664066786382,41.31664066786382
TE,3,veteran,D0,magnitude_only,0.25,50.975,0.6015625,0.019230769230769232,0.3680624482481386,44.138771890810226,16.245824444797734,44.13877189081023,44.13877189081023
TE,3,veteran,D0,joint_evidence,0.25,50.975,0.440625,0.26011538461538464,0.3680624482481386,43.187283629802224,15.895617345971765,43.187283629802224,43.187283629802224
TE,3,veteran,D0,magnitude_only,0.30,54.312,0.6015625,0.019230769230769232,0.37355975949006237,45.74223897035059,17.087459788301125,45.7422389703506,45.7422389703506
TE,3,veteran,D0,joint_evidence,0.30,54.312,0.46781249999999996,0.2929076923076923,0.37355975949006237,44.951487561202185,16.79206688208322,44.951487561202185,44.951487561202185
TE,3,veteran,D0,magnitude_only,0.35,57.649,0.6015625,0.019230769230769232,0.3787366069197844,47.25174538208745,17.895965717049393,47.25174538208745,47.25174538208745
TE,3,veteran,D0,joint_evidence,0.35,57.649,0.495,0.3257,0.3787366069197844,46.621730824798654,17.657356141311762,46.62173082479865,46.62173082479865
TE,3,veteran,D0,magnitude_only,0.40,60.986000000000004,0.6015625,0.019230769230769232,0.383625492473316,48.67769611661502,18.67400514520286,48.677696116615024,48.677696116615024
TE,3,veteran,D0,joint_evidence,0.40,60.986000000000004,0.5221875,0.3584923076923077,0.383625492473316,48.20841841118584,18.493978254350843,48.20841841118583,48.20841841118583
TE,3,veteran,D0,magnitude_only,0.45,64.32300000000001,0.6015625,0.019230769230769232,0.38825415678902564,50.028858127538285,19.42391212742517,50.02885812753827,50.02885812753827
TE,3,veteran,D0,joint_evidence,0.45,64.32300000000001,0.549375,0.3912846153846154,0.38825415678902564,49.72031727396869,19.30411985848754,49.720317273968675,49.720317273968675
TE,3,veteran,D0,magnitude_only,0.50,67.66,0.6015625,0.019230769230769232,0.3926464748781622,51.31268708625171,20.147745700942927,51.3126870862517,51.3126870862517
TE,3,veteran,D0,joint_evidence,0.50,67.66,0.5765625,0.4240769230769231,0.3926464748781622,51.16488308454172,20.089710980698616,51.164883084541714,51.164883084541714
TE,3,veteran,D0,magnitude_only,0.55,70.99700000000001,0.6015625,0.019230769230769232,0.39682314915888095,52.535576516290675,20.847332916071817,52.53557651629067,52.53557651629067
TE,3,veteran,D0,joint_evidence,0.55,70.99700000000001,0.60375,0.4568692307692308,0.39682314915888095,52.548509366440285,20.852464970395786,52.548509366440285,52.548509366440285
TE,3,veteran,D0,magnitude_only,0.60,74.334,0.6015625,0.019230769230769232,0.40080225276866277,53.70305043373932,21.52430359439183,53.70305043373932,53.70305043373932
TE,3,veteran,D0,joint_evidence,0.60,74.334,0.6309374999999999,0.4896615384615384,0.40080225276866277,53.87672013574856,21.5939108021948,53.87672013574855,53.87672013574855
TE,3,veteran,D0,magnitude_only,0.65,77.671,0.6015625,0.019230769230769232,0.4045996605595712,54.819914201794155,22.18011867795073,54.81991420179415,54.81991420179415
TE,3,veteran,D0,joint_evidence,0.65,77.671,0.658125,0.5224538461538462,0.4045996605595712,55.15432075566298,22.315419456134954,55.15432075566298,55.15432075566298
TE,3,veteran,D0,magnitude_only,0.70,81.00800000000001,0.6015625,0.019230769230769232,0.40822939467281316,55.890374025322714,22.816093556394613,55.890374025322714,55.890374025322714
TE,3,veteran,D0,joint_evidence,0.70,81.00800000000001,0.6853125,0.5552461538461538,0.40822939467281316,56.385517431051156,23.01822564919137,56.385517431051156,56.385517431051156
TE,3,veteran,D0,magnitude_only,0.75,84.345,0.6015625,0.019230769230769232,0.41170390433458814,56.91813259717061,23.433417417688933,56.91813259717061,56.91813259717061
TE,3,veteran,D0,joint_evidence,0.75,84.345,0.7124999999999999,0.5880384615384615,0.41170390433458814,57.57401285475865,23.703445880513904,57.57401285475866,57.57401285475866
TE,3,veteran,D0,magnitude_only,0.80,87.68200000000002,0.6015625,0.019230769230769232,0.41503429442053075,57.906466389112495,24.033169420191484,57.906466389112495,57.906466389112495
TE,3,veteran,D0,joint_evidence,0.80,87.68200000000002,0.7396875,0.6208307692307693,0.41503429442053075,58.723083498560136,24.37209352602282,58.72308349856014,58.72308349856014
TE,3,veteran,D0,magnitude_only,0.85,91.019,0.6015625,0.019230769230769232,0.4182305137020509,58.85828865872661,24.616332301362824,58.8582886587266,58.8582886587266
TE,3,veteran,D0,joint_evidence,0.85,91.019,0.766875,0.6536230769230769,0.4182305137020509,59.83564262003385,25.02509155066909,59.83564262003385,59.83564262003385
TE,3,veteran,D0,magnitude_only,0.90,94.35600000000001,0.6015625,0.019230769230769232,0.42130151105863056,59.77620122739493,25.18380390244625,59.776201227394935,59.776201227394935
TE,3,veteran,D0,joint_evidence,0.90,94.35600000000001,0.7940624999999999,0.6864153846153846,0.42130151105863056,60.9142920405618,25.663283281755398,60.91429204056179,60.91429204056179
TE,3,veteran,D0,magnitude_only,0.95,97.69300000000001,0.6015625,0.019230769230769232,0.4242553660128334,60.66253734841616,25.736406986019475,60.66253734841615,60.66253734841615
TE,3,veteran,D0,joint_evidence,0.95,97.69300000000001,0.8212499999999999,0.7192076923076923,0.4242553660128334,61.96136501344263,26.287441592432874,61.96136501344262,61.96136501344262
TE,3,veteran,D0,magnitude_only,1.00,101.03,0.6015625,0.019230769230769232,0.4270993985149054,61.51939744402311,26.27489764534168,61.51939744402311,61.51939744402311
TE,3,veteran,D0,joint_evidence,1.00,101.03,0.8484375,0.752,0.4270993985149054,62.97896196090919,26.898276772597423,62.97896196090919,62.97896196090919
