index,source_season,player_id,position,horizon,career_stage,source_points,source_percentile,target_points,target_state,p_active,pred_D1,cond_D1,pred_D1R,cond_D1R,crps_D1,crps_D1R,d1r_mean_depth,d1r_mean_usable,d1r_mean_starter,d1r_mean_premium,d1r_mean_elite
0,2021,00-0019596,QB,2,veteran,382.74,0.9657534246575342,0.0,out,0.7594173475937828,175.72636653225075,231.3963028222104,172.60170463571706,227.28175117753935,121.77442883761682,119.88868245799864,1.2511652308223045,11.792833433103391,38.24615799637909,102.10687389183975,248.9905144451361
1,2021,00-0022924,QB,2,veteran,238.1,0.7465753424657534,0.0,out,0.8244671266932906,144.17503107719114,174.87056355471356,146.0935114296389,177.19749726781654,86.58583378001032,88.09742674672675,1.5947002821760976,12.18123438652038,39.37602881895604,103.9195304842555,251.86940982820337
2,2021,00-0023459,QB,2,veteran,336.3,0.910958904109589,0.0,out,0.8860793975661433,240.78451481397377,271.74146636898854,235.5165771187133,265.7962455346815,201.3230368371332,195.42847333567195,1.649136108657549,13.658456793364085,43.94900321629406,116.7677957549376,284.10404379728243
3,2021,00-0023682,QB,2,veteran,0.72,0.047945205479452,0.0,out,0.109047761874333,5.594310794121678,51.30147284057583,4.890995406752287,44.85186419863145,0.2921524053348889,0.1938543979364348,1.3158032419336478,11.771495826393052,37.00073098403919,94.74123633477625,223.7186991152828
4,2021,00-0024243,TE,2,veteran,21.4,0.5236220472440944,8.9,usable,0.1673215596389953,3.291253320989428,19.670228559251257,3.530313967518917,21.0989783691698,6.9329448443551325,6.687492702331758,1.752185595181048,7.8730776148465775,18.43445931280517,41.23238475621212,91.1401499453988
5,2021,00-0025394,RB,2,veteran,24.6,0.4428571428571428,0.0,out,0.1284765117609514,3.903171973755145,30.3804323471791,4.197763581883023,32.67339317005703,0.1754289030894686,0.2585517361322202,1.7229530094668422,8.538522045449296,23.135827517081207,59.01068050926311,132.2107170724455
6,2021,00-0026035,WR,2,veteran,45.8,0.5794979079497908,0.0,out,0.187706827017193,7.29499398506391,38.86376484535496,7.964224244734521,42.42906010022235,0.65096156806087,0.8220076322637437,2.0159977789139885,10.532430402740491,27.70090381349505,62.13487628007012,124.40461550343495
7,2021,00-0026143,QB,2,veteran,236.92,0.7328767123287672,0.0,out,0.8865686110735083,169.45236158329936,191.13282318682215,170.96584410407283,192.8399471497841,115.92013453352422,116.3886902835563,1.6825756851068925,12.489824080461204,40.32452302046724,106.30766098677046,257.5423017542184
8,2021,00-0026158,QB,2,veteran,25.82,0.3082191780821918,104.84,premium,0.2618529395697031,13.447194919196706,51.35399641223876,12.079114241687144,46.12938186424973,85.2918779996863,87.02937556447449,1.5027397605165786,10.91413798961537,35.06602701160915,90.82181885769243,217.08478004191292
9,2021,00-0026189,WR,2,veteran,59.3,0.6589958158995816,0.0,out,0.3073436424361793,9.264769399881905,30.144659334561503,10.307054847816254,33.53592989956361,1.2415577211815094,1.6481646740158509,1.959555035958844,10.66318170255412,28.059165808657617,63.1713270370164,126.76262591675211
10,2021,00-0026197,QB,2,veteran,7.28,0.1301369863013698,0.0,out,0.2507034599820987,2.6172767352178266,10.439731208355523,2.745041618413789,10.949356736479809,0.1883319274375501,0.2346844235148935,1.421787030919382,10.64873432199314,34.02282821360898,87.45750381293492,207.7182876576096
11,2021,00-0026293,WR,2,veteran,7.0,0.2280334728033473,4.5,depth,0.0847058347717704,0.3851471563289984,4.546878705188735,0.8888176033542291,10.492991489299884,4.373361719764054,3.956143858281918,1.8395619574715547,9.322910160260896,24.446284423446667,54.06561519180259,107.0969257116179
12,2021,00-0026300,QB,2,veteran,51.32,0.4315068493150685,0.0,out,0.2591675628293984,12.99308008706721,50.13389771936903,11.016749130825362,42.508209787338735,1.4762715215576243,0.9762453576987972,1.5885194190487024,11.464859506317016,36.87290836122605,95.97243945694905,230.2951329849372
13,2021,00-0026498,QB,2,veteran,339.74,0.9246575342465754,243.1,elite,0.8973116763929891,189.69055078624848,211.39873220948823,183.832612650492,204.87041179432973,30.162327359253176,28.261793968513736,1.3905493614553246,12.353854599860774,39.94683632322409,106.35791084314737,258.98892626079737
14,2021,00-0026625,QB,2,veteran,12.28,0.1986301369863013,4.94,depth,0.319912420420693,10.275252388613016,32.118954228475395,8.075651735667117,25.243320422031218,3.2927155747101207,3.359501891660962,1.3874181547022373,10.40793694563928,33.3939252119028,86.13391316740015,205.1245758036446
15,2021,00-0027061,TE,2,veteran,85.4,0.8700787401574803,0.0,out,0.7224999445715269,47.25518403845821,65.40510403289032,44.98593371677276,62.2642728968669,23.8118121621359,22.88867784455224,1.622632918054059,8.344577494082511,19.603998049814187,44.52390945884982,99.39521898515667
16,2021,00-0027656,TE,2,veteran,116.2,0.9488188976377953,0.0,out,0.7593177026054021,61.61257622945284,81.14202529197625,57.96715522334924,76.34110863535771,36.15346035630384,34.181909516526446,1.6189799062101982,8.548387299208624,20.085002500489228,45.76300677826328,102.37975904263452
17,2021,00-0027685,WR,2,veteran,92.7,0.801255230125523,0.0,out,0.3367467497818786,20.92438643611189,62.136862344373846,20.88283995199194,62.01348629353783,4.189777712827812,4.466447541500582,1.8007320906709765,10.66856021273384,28.128861343302344,63.7741247927604,128.50160058488214
18,2021,00-0027688,QB,2,veteran,50.3,0.4178082191780822,0.0,out,0.4023377569785858,5.593505769139604,13.90251268273913,9.665288068764324,24.02282137611746,0.3176386657940586,1.38521148650538,1.3124495942898855,10.043703742637788,32.55404429530808,84.8543220624452,203.70449931570357
19,2021,00-0027691,WR,2,veteran,13.4,0.3535564853556485,0.0,out,0.1708904715613378,1.869762907510809,10.941294095731331,2.495239726963098,14.601397633029991,0.0946399380431404,0.1953036674362178,1.9688392800537204,10.050268646559646,26.32410982192805,58.47932472187803,116.24215768880424
20,2021,00-0027696,TE,2,veteran,37.7,0.6653543307086615,27.9,premium,0.4304586245083091,16.753833247450864,38.92089109978436,16.213840140325438,37.66643114386587,13.809212903144898,13.933832221886624,1.7414993124273417,8.214124778410133,19.23574910073697,43.27379565693838,96.01869912161672
21,2021,00-0027793,WR,2,veteran,79.1,0.7552301255230126,0.0,out,0.2687991125189343,17.059311203759624,63.46490895708579,16.953155738266826,63.069984046441526,2.68802810222992,2.8071575091084497,1.9058287109040728,10.912228554279585,28.71555519545115,64.9313549717114,130.63347898975866
22,2021,00-0027939,QB,2,veteran,90.36,0.5136986301369864,0.0,out,0.7225670499312229,70.63056935723228,97.74950208974408,69.1157869340139,95.65311197153626,26.361573921358705,27.153486405830776,1.4719772946455736,10.824178049377675,35.043402881115185,91.626802043861,220.60829353413789
23,2021,00-0027942,WR,2,veteran,103.8,0.8179916317991632,0.0,out,0.6493283348825106,46.456129755579305,71.54489841258055,45.7925102991927,70.52288932913791,19.08109424850723,19.144128334924936,2.0283480498182915,11.602174056757557,30.480004876167325,69.05475816597684,139.14603673286098
24,2021,00-0027944,WR,2,veteran,51.4,0.6171548117154811,25.4,starter,0.3483588696994986,17.98605282781399,51.63081635707776,18.30481565157896,52.54585786022633,14.59503643048212,14.382677972735843,2.1300743979279715,11.151833017278408,29.25712946387769,65.68110580332142,131.59369323356825
25,2021,00-0027948,QB,2,veteran,1.98,0.0890410958904109,5.9,usable,0.3098379589539809,13.395187852463566,43.23288178661512,10.588199966804272,34.17334661818147,4.47009687027642,4.164880581444175,1.4867236591032815,12.201516289339914,38.41950680759625,98.46638948443416,232.9575572066025
26,2021,00-0027966,RB,2,veteran,85.6,0.7,0.0,out,0.3999347737278466,19.915145319604324,49.79598331491042,19.072183599272936,47.6882353127199,3.9145005141692977,4.04054922643752,1.9250379102513653,9.733166993373088,26.335135569201192,67.79113817103477,152.9973987621538
27,2021,00-0027973,QB,2,veteran,91.7,0.541095890410959,23.64,starter,0.6339374380808097,87.6982880265732,138.33902646935022,82.65694963726348,130.38660390132532,31.106268773536183,29.492586370876666,1.4653168251143835,11.02730926982204,35.65806348615372,93.3404078827729,224.8549580478829
28,2021,00-0027981,TE,2,veteran,35.7,0.6338582677165354,0.0,out,0.5220180677311312,13.446238285336833,25.758185619472474,14.893789509127894,28.5311762749159,3.402923768630112,4.411253219946199,1.564565929252956,7.465485839856512,17.58949381251171,39.60726781396143,87.9105839182179
29,2021,00-0028002,WR,2,veteran,67.6,0.7175732217573222,11.9,usable,0.4367022321475313,23.800944002634623,54.50153960878757,23.796976130730847,54.492453619269575,8.82408221317463,8.505831305382085,1.9076546725090555,10.803364523610384,28.420958790395392,64.16058384590677,128.94032393428816
30,2021,00-0028042,TE,2,veteran,3.2,0.1141732283464567,0.0,out,0.1496706509925147,2.455414946079409,16.405453773313297,1.7356566584120536,11.596506375180104,0.2339907010669133,0.1253999310719933,2.019997958371804,7.738980680342784,17.980087847520764,39.44683655942102,86.11533041223198
31,2021,00-0028063,RB,2,veteran,3.0,0.1457142857142857,0.0,out,0.1373068164135477,1.0979692959353835,7.99646605037046,1.6491598557588074,12.010764642534449,0.0340233851123561,0.0977069825428189,1.9178181210289056,9.26039630952483,24.68751766493287,62.01662870328588,137.38942192866747
32,2021,00-0028097,TE,2,veteran,13.5,0.437007874015748,0.0,out,0.2599327647827286,4.022090024706019,15.473578438901246,4.052252350121191,15.589617390129206,0.5215608837695047,0.5393009815896064,1.7955696951287343,7.900976737263593,18.44973814497249,41.09520594102382,90.57495239056308
33,2021,00-0028118,QB,2,veteran,85.74,0.5,93.34,premium,0.5235898974945056,23.722301578919605,45.30702691636357,26.068808989093142,49.78860194560324,64.31093726689264,60.12272111313443,1.4862355059821353,10.843202523495894,35.09226300276331,91.69129992409192,220.66904614557464
34,2021,00-0028237,WR,2,veteran,11.1,0.3054393305439331,0.0,out,0.0960582588385008,1.1743374602213472,12.225262818845351,1.6398271920162808,17.071173388362798,0.028494820838649,0.0702463570914495,1.93259256395134,9.746251870203803,25.55030917897214,56.66080803390419,112.49129609107906
35,2021,00-0028986,QB,2,veteran,30.68,0.363013698630137,9.74,usable,0.3308943347959621,6.942974789429598,20.9824528839722,8.724094578108646,26.36519777072686,7.463371392423399,6.023486631783477,1.4072373520856083,10.712506906135244,34.48127541400852,89.5757084981301,214.46941084736235
36,2021,00-0029000,WR,2,veteran,77.3,0.7510460251046025,0.0,out,0.425868667788985,27.007540850653207,63.41753430904021,26.927616073619184,63.22985960301177,6.876751203128293,7.249260715243359,1.87197247535258,10.768923803283055,28.354381830092752,64.11742524221461,128.98975642793968
37,2021,00-0029119,TE,2,veteran,3.3,0.1299212598425196,0.0,out,0.1214726999515979,2.366216423276902,19.47940915300101,1.7849532187638302,14.694274676326971,0.1825116752650428,0.0995693747934052,2.261083525296021,8.525706082314212,19.689508645857934,43.12489394042457,94.07588509543004
38,2021,00-0029239,RB,2,veteran,94.1,0.7657142857142857,14.6,usable,0.4080902296437583,21.029557022477256,51.531635640566485,20.029396201409345,49.08080308341117,9.219310822977953,8.743885415936408,1.813175123438009,9.741801586139475,26.360335886803863,68.08497973240516,153.91642630858797
39,2021,00-0029263,QB,2,veteran,250.82,0.7876712328767124,271.9,elite,0.9226537761612922,236.02699211232044,255.81317522409375,237.64986044196897,257.5720888833436,7.064964044850477,9.787333490506242,1.7772764597667805,13.47675613850631,43.34554948632239,114.47648905436508,277.60285719659373
40,2021,00-0029269,WR,2,veteran,1.0,0.0502092050209205,0.0,out,0.0707430514910387,0.7445617473674493,10.524874622658384,0.8875949477966799,12.546743872210746,0.0161255515081364,0.0264441496669247,1.975347227444359,10.231179489084974,26.455962314317592,57.95785349332758,113.92772560105846
41,2021,00-0029293,WR,2,veteran,108.2,0.8514644351464435,3.5,depth,0.7428298351490739,73.05108581114659,98.3416152051653,70.86938920146316,95.40460795740768,38.26898506803413,37.5143171109144,1.964098299006385,11.598007532524084,30.47001943397195,69.15235552399808,139.45997971004
42,2021,00-0029567,QB,2,veteran,16.8,0.2671232876712329,0.0,out,0.195031111713029,15.04482462641695,77.14063922557175,15.321098847472705,78.55720409375681,1.265478651316915,1.3966329552948515,1.4188880633902274,10.749722800511831,34.47759851318927,89.17223160504719,212.77808425417197
43,2021,00-0029604,QB,2,veteran,313.34,0.8561643835616438,161.74,premium,0.9156200392192424,214.80850488973203,234.60441633944717,210.7261237391978,230.14581891292585,65.31943028869541,63.26521296910246,1.52431366095863,12.49875011247078,40.39101743428407,107.1431201602493,260.4398001580844
44,2021,00-0029608,WR,2,veteran,51.1,0.6129707112970711,0.0,out,0.408286056552643,21.53374427558145,52.741806706310975,21.839133810858264,53.489786046716,5.028014770080098,5.360278539006831,2.0834987644592893,10.940380792196114,28.73045373160371,64.5064572064829,129.24400003303464
45,2021,00-0029632,WR,2,veteran,18.7,0.3933054393305439,0.0,out,0.1805928855988393,3.689643763695165,20.43072600263539,4.623482281919384,25.601685617836424,0.2429842387010206,0.4206948084102411,2.03242103224058,10.18737488235205,26.71528152048927,59.43473094230493,118.3134407015471
46,2021,00-0029664,WR,2,veteran,9.2,0.2698744769874477,0.0,out,0.1659435530921525,2.6054988268817496,15.70111509806501,2.690992326622015,16.216311369008952,0.1654181707257414,0.1983036178408519,2.112962254079659,10.337503454720611,26.985567236946316,59.67656575926495,118.28698670590973
47,2021,00-0029701,QB,2,veteran,280.86,0.8424657534246576,85.04,premium,0.9238094858623356,228.648414495729,247.50602585802176,218.7269133697808,236.76625615681877,127.15603501021477,119.2536224632288,1.4990969137036945,12.406592361413717,40.08145503699984,106.27082277846532,258.1894666079121
48,2021,00-0029738,TE,2,established,4.3,0.1653543307086614,0.0,out,0.115488373734927,1.9847862833963927,17.186026776616874,1.6769030072042972,14.520102352927609,0.1309380583306221,0.0956492964043111,1.9643539689426888,7.668619165027403,17.850228250180244,39.26724695088787,85.87266157140436
49,2021,00-0029892,RB,2,established,45.8,0.5742857142857143,25.5,starter,0.5547941339680583,17.865877670994966,32.20271552478883,18.684748995593,33.678706842038736,12.190923776799522,10.526188785094815,1.9836307351688176,9.729505129544211,26.235670255184274,67.13889828525298,150.90189394158236
50,2021,00-0030035,WR,2,established,134.8,0.8891213389121339,128.0,elite,0.7573783921253202,85.41529942961084,112.77757633132676,83.16300929708156,109.8037786154862,27.900250290828986,27.072507917704613,2.066225792130437,12.0545849676539,31.65060499109937,71.90956266894305,145.17379795537423
51,2021,00-0030061,TE,2,established,106.7,0.9173228346456692,25.7,starter,0.814632256082257,57.95426173468101,71.14162409109063,54.0038007785002,66.29224459907367,20.719354168232137,18.86731245651556,1.6123515878421382,8.39192251904445,19.73252226413472,44.90982349860965,100.40283412342036
52,2021,00-0030068,WR,2,established,37.7,0.5167364016736402,10.0,usable,0.2713979761381635,7.5443540852696,27.798122125379862,7.534201599747432,27.76071401472764,6.521004184623322,6.444317788479922,2.233882453399993,11.059009511740529,28.98673943262266,64.76098951766085,129.38205103959638
53,2021,00-0030085,WR,2,established,12.9,0.3368200836820084,0.0,out,0.1896924126519709,4.903674216801986,25.850660805283592,4.997419944140362,26.34485941885899,0.3979276491101862,0.4467118377267205,2.095328840294301,10.42171206332499,27.23944666621629,60.42037890968626,120.01320881525258
54,2021,00-0030108,TE,2,established,43.6,0.7519685039370079,0.0,out,0.5055223414812691,13.712706452232442,27.125816857177487,15.795004350879422,31.244918482924597,3.0512855381753194,4.464718583593946,1.3169355240622438,7.187119002297381,16.985401230445675,38.523065684017816,85.80460554825869
55,2021,00-0030155,TE,2,established,6.0,0.2677165354330709,0.0,out,0.3032393255080179,2.2442785674243804,7.401014243995341,3.397916824605064,11.205396328172547,0.1966539047743096,0.5142554893298414,1.560860029037539,6.8335014949723965,16.053272782791513,35.61305662315913,78.21974735007203
56,2021,00-0030181,TE,2,established,52.2,0.7834645669291339,0.0,out,0.5772710251119169,21.83045396381977,37.81664593262316,22.708029592581862,39.33686016577639,6.660947743061504,7.679298255595937,1.4603300026114756,7.713093998150456,18.15970468799709,41.16460063589653,91.70755957784029
57,2021,00-0030279,WR,2,established,153.8,0.9351464435146444,174.86,elite,0.802326465110538,92.8111902897671,115.677588021455,89.12759291853983,111.08644273158878,48.08699075688351,53.169516812594885,2.019252137713137,12.10756866951296,31.800948323605105,72.41126167034555,146.37458640861632
58,2021,00-0030288,RB,2,established,81.3,0.6885714285714286,0.0,out,0.4674392426019753,24.76787660141513,52.98630141437437,24.90183706185636,53.2728850989096,5.8347481844397,6.383953787697841,2.023175758734096,10.065823208056257,27.174875458970888,69.86609762260716,157.58398637035626
59,2021,00-0030431,WR,2,established,93.2,0.805439330543933,50.8,premium,0.5158028543773194,43.11719072706551,83.59238488340058,41.32146377503823,80.11096376138083,21.406638142656803,21.03200355364233,1.972163433524449,11.415222322878954,29.992886190954515,67.93388811449775,136.83275057484713
60,2021,00-0030456,RB,2,established,39.1,0.5285714285714286,0.0,out,0.4052107447230328,16.400554200721196,40.47413454431274,16.547855937135978,40.83765337576788,3.1864428221301235,3.437360755888518,2.1786804121855594,10.246987912604808,27.52891010636863,70.21610861762532,157.5449180919431
61,2021,00-0030496,RB,2,established,33.1,0.5057142857142857,0.0,out,0.3089592538311375,13.346050503853254,43.196798083761465,12.82921506804932,41.5239709086725,1.9978457067884747,2.0030052787358006,2.084216505745377,9.943005751528528,26.73133848741236,68.15521954658715,152.8233320458875
62,2021,00-0030506,TE,2,established,173.8,0.9881889763779528,129.4,elite,0.8372059936723253,93.56400858615696,111.7574519214169,85.81868055848291,102.50605132680352,13.397917406821126,22.33418734302008,1.97075687338846,9.6139421308835,22.49656601028467,51.1948879758948,114.5908976953704
63,2021,00-0030513,RB,2,established,94.1,0.7657142857142857,66.9,premium,0.4859235354875753,32.91030225183127,67.72732713761044,31.082189250186488,63.96518583731213,31.365384416875628,30.22489211617664,1.7383936273701213,9.45625662081424,25.63302714818732,66.24852166864441,149.79834562874424
64,2021,00-0030520,QB,2,established,41.9,0.3904109589041096,0.0,out,0.4026212530414039,13.413777715112296,33.316119339911936,16.390020163350133,40.70828362770171,1.4886469929977189,2.669674461942682,1.354157160329985,10.257924840893317,33.16950722351646,86.32167336544704,206.9936769663381
65,2021,00-0030525,WR,2,established,31.4,0.4707112970711297,0.0,out,0.1995178620344795,4.224381627914207,21.172949553680432,5.068382151878724,25.40314987438485,0.3102009201670461,0.489378182358795,2.123328541035103,10.490641644945937,27.548450412515884,61.46868014272843,122.67813923947212
66,2021,00-0030564,WR,2,established,105.2,0.8263598326359832,151.6,elite,0.7875207917758622,79.74641778273632,101.26261886103076,77.65893694022536,98.6119195216474,38.6827578358788,41.514264859167135,2.1327410285583164,12.10056739836878,31.7257826773241,71.85795413013888,144.78564326168822
67,2021,00-0030565,QB,2,established,56.28,0.4589041095890411,236.26,elite,0.3839791756110388,27.82195844184445,72.45694612883744,24.34671198199744,63.40633432334894,186.6579387727086,191.32160150038905,1.5786487256781538,11.541898997842402,37.12271314144622,96.74222516772112,232.32134900037815
68,2021,00-0030578,RB,2,established,189.1,0.94,27.9,starter,0.7495245601831007,79.27321709946507,105.7646691125098,74.05387218459587,98.8011282332167,28.416794730413827,26.327859036494267,1.8641336516543712,10.480607298350664,28.343121839307656,73.71213156883593,167.4484594886616
69,2021,00-0030663,WR,2,established,3.8,0.1527196652719665,1.4,depth,0.2173146797191301,4.776480661480724,21.979558250064468,4.870987772573365,22.41444424678953,1.2659203231204923,1.2759763837945712,2.305327891984462,11.090207897562266,28.713964367981436,63.08533738494577,124.45030170319184
70,2021,00-0030669,WR,2,established,23.0,0.4372384937238494,0.0,out,0.2436175777393145,7.06380718896949,28.99547419574209,7.1230762772572485,29.23876160068945,0.7814467709553989,0.8379396586795114,2.1704789076259825,10.806134258016703,28.278325969807437,62.97570937151936,125.48377189467097
71,2021,00-0030874,RB,2,established,49.7,0.6028571428571429,5.5,usable,0.4648595653605051,13.72260404282972,29.51989173802985,13.743208096157414,29.564214916174443,3.9391437786020376,3.9132614752165047,1.979371516019801,9.846334840008735,26.541279826804736,68.0004677463429,152.9486235489362
72,2021,00-0030968,RB,2,established,16.2,0.3542857142857142,15.8,starter,0.3723750043115689,4.341100282944245,11.657872393905404,5.773377007981711,15.504201251787256,11.702903993734646,10.056603623271403,2.09448223797372,9.637897440719303,25.861853397730087,65.50963087218396,146.21489083932724
73,2021,00-0031045,RB,2,established,37.8,0.5171428571428571,0.0,out,0.2791838459702495,11.93218110454943,42.73951117437129,12.095808894461754,43.32560450417576,1.5618467797010285,1.7593659232952152,2.058314638949258,9.769470251344394,26.31387520094713,67.14476612514778,150.65733867153324
74,2021,00-0031062,RB,2,established,19.2,0.3971428571428571,0.0,out,0.2038922742128118,6.84227467393474,33.55828316865571,6.963696838486965,34.15380433305987,0.58016799474363,0.6744026756353438,2.0181366150284976,9.512951633298687,25.567074843438597,64.91556069090308,145.09219405787246
75,2021,00-0031235,WR,2,established,87.1,0.7803347280334728,75.0,premium,0.5643904791891434,36.43074396718673,64.54882800207149,35.66011079582445,63.18340246819388,31.42397468662348,31.11010412546629,1.9325300133788288,11.113177977732413,29.23086497728511,66.15569617958032,133.18165775688544
76,2021,00-0031236,WR,2,established,142.8,0.910041841004184,119.2,elite,0.8469991429791088,97.44622377844286,115.04878675048003,93.947189236839,110.9176910219804,23.38156461663285,22.50107895125442,2.084961931651069,12.25510275653804,32.15977538451817,73.12297301434211,147.69522607814127
77,2021,00-0031237,QB,2,established,204.68,0.678082191780822,-0.2,out,0.931142088974204,183.19945390612344,196.74704438282427,182.04079385777595,195.502701481706,136.93922001006712,136.00525908999865,1.6606458856841062,12.055448399730077,38.9708898550437,102.51210567424982,248.01029471938847
78,2021,00-0031260,TE,2,established,39.6,0.6889763779527559,77.3,elite,0.5042760642914882,23.340863709768943,46.2858845830072,23.875782836799708,47.34665102605131,42.812500446311375,41.80063347521012,1.6176309895028211,7.908249624356123,18.566792620201845,41.86091446500274,92.98250694320416
79,2021,00-0031273,TE,2,established,49.5,0.7755905511811023,0.0,out,0.6150730931705046,24.89017957510112,40.46702717363269,24.778171976244472,40.28492263987836,8.652264257454469,9.03766289857422,1.5257965623741605,7.949170383058627,18.67287380019364,42.27866721370003,94.1293980775992
80,2021,00-0031280,QB,2,established,276.96,0.8287671232876712,247.62,elite,0.9320922024941722,212.9433392928837,228.45737655896235,211.5485213863981,226.9609388645441,17.410418932154464,17.203475485547855,1.55073396539983,12.56083497545373,40.554718191671846,107.43034515359636,260.90213856292326
81,2021,00-0031285,RB,2,established,113.6,0.8142857142857143,0.0,out,0.534633362850591,32.4449644588104,60.68638194559789,31.03356018483285,58.04643395123381,9.363240885351996,9.40737227723304,1.8622193422223832,10.087243832883496,27.266054422834067,70.53857436513992,159.65945048433218
82,2021,00-0031325,WR,2,established,45.4,0.5753138075313807,0.0,out,0.5337118438907259,26.042246480348417,48.79458227964752,25.72506177659337,48.20028273882641,7.814570496620082,7.824138162387747,2.2125602699986584,11.25707061867262,29.50353249676682,66.08614625614617,132.23793597932115
83,2021,00-0031345,QB,2,established,239.5,0.773972602739726,66.1,premium,0.913366779003194,158.25823362558484,173.26909327521253,151.55905990809265,165.93450012874035,62.22986977530827,58.8114899589875,1.461877934080863,11.769989053731663,38.10907279852231,100.77287224840308,244.4405514562989
84,2021,00-0031376,RB,2,established,27.9,0.4714285714285714,59.36,premium,0.3947619896040727,13.189352431012445,33.410897650608995,12.982325577251029,32.88646303123478,41.23042304190141,40.72284601440876,2.087199910176782,9.890155794138968,26.57301476389038,67.65000429785502,151.52662531581151
85,2021,00-0031381,WR,2,established,222.3,0.9811715481171548,163.4,elite,0.8481445060521906,121.71245867702316,143.504388472138,118.40702780261329,139.60713882797597,11.793243344335366,15.382637378173715,2.2956274061570405,13.155018718507396,34.5003410790854,78.61086032752212,159.11377368319373
86,2021,00-0031382,WR,2,established,86.0,0.7719665271966527,0.0,out,0.5641390240650133,42.41351868999176,75.18274198507474,40.82923279189655,72.3744166778139,15.493840450006909,15.076948732490614,2.0053772537658663,11.35234409503579,29.82715183561813,67.45122781074446,135.7406378179192
87,2021,00-0031384,TE,2,established,3.1,0.1023622047244094,0.0,out,0.1352357513316515,3.7845846932895535,27.985090155696,3.193607639301978,23.615113665246614,0.3142889359403851,0.2061664654087081,2.227818745162978,8.282430197864803,19.15893984030862,41.93356366330463,91.4417992537592
88,2021,00-0031387,TE,2,established,20.5,0.515748031496063,0.0,out,0.4673598255154374,14.585903801329588,31.209151931797354,14.594266082116928,31.227044528316785,3.7679775156555433,3.8331429033234894,1.7491983383098273,7.855049305698873,18.39062201636804,41.121725328259664,90.87420621513512
89,2021,00-0031395,QB,2,established,7.76,0.1438356164383561,0.0,out,0.1713290013572372,7.049461760222145,41.14575877042174,6.809974802576985,39.74793962860694,0.3884813807969252,0.3815382417370339,1.4298588589692238,10.729377851706214,34.275322428299305,88.15346316567891,209.4512448902428
90,2021,00-0031408,WR,2,established,190.5,0.9728033472803348,206.5,elite,0.8616548222206026,112.85108188423526,130.9701738724128,108.89643681445342,126.38058072235047,63.080199593658925,67.8523932892309,2.1220303000563003,12.586321722142676,33.03949277730245,75.31502416152709,152.4050696250952
91,2021,00-0031428,WR,2,established,51.0,0.608786610878661,30.0,starter,0.594566810754692,36.75840207048906,61.82383780189666,36.43299637631788,61.27653901514107,12.780474228836386,12.538184184659285,2.199969515826516,11.353633040455652,29.760061401509887,66.76030284325064,133.71193900780972
92,2021,00-0031484,TE,2,established,15.1,0.4448818897637795,2.6,depth,0.4532623539642449,3.759055421502448,8.293332522821819,5.822034775091623,12.844734896185283,2.0954214856392617,1.8077151632009416,1.506080980502453,6.921873379442082,16.32194178450992,36.50091514721301,80.61344499576265
93,2021,00-0031503,QB,2,established,122.4,0.5684931506849316,11.96,usable,0.7088494827408034,74.09683437103166,104.53112568345595,60.63099132649331,85.53436632564141,24.7996880477275,16.843637543765894,1.7914415004182436,12.41436295592598,39.9590248427506,104.5254830955558,251.945705181421
94,2021,00-0031544,WR,2,established,136.5,0.893305439330544,160.0,elite,0.8824931369090762,95.52810187032468,108.2479827604223,92.20795452200926,104.4857468750032,33.20016747981706,37.316819425820725,2.115275835174192,12.286023606839525,32.231220330436415,73.22131494812184,147.821764010844
95,2021,00-0031545,WR,2,established,9.3,0.2740585774058577,0.0,out,0.1755422583186885,1.6082453395408685,9.161585107451314,2.263835302226337,12.8962411894944,0.0693575476209713,0.1706150924214187,1.979461680363186,9.873528441446329,25.8412077448758,57.20755918379198,113.44628596288126
96,2021,00-0031547,WR,2,established,65.5,0.702928870292887,41.4,starter,0.5515543324770564,35.528312937090725,64.41489232353847,34.525694860056795,62.59708758881519,17.510960693115756,17.225512892640843,2.034863227276013,11.227002245728151,29.47391787045868,66.44321851927216,133.4387003020477
97,2021,00-0031549,WR,2,established,67.4,0.7133891213389121,63.1,premium,0.6614531318786829,41.833309922258735,63.24455642600447,41.147886865382304,62.20831814419353,19.522114786355957,18.972261529654425,1.9924144827991424,11.111970847998728,29.19061078687336,65.85072429305825,132.29728095757298
98,2021,00-0031558,TE,2,established,25.8,0.5551181102362205,0.0,out,0.4398468450199397,10.377814788197986,23.59415534224765,11.577677525649404,26.32206563883515,2.011863733453872,2.6580818877085743,1.6142376718896312,7.443752433233602,17.51272306362448,39.287526399486005,86.99373760148156
99,2021,00-0031585,TE,2,established,35.5,0.6181102362204725,17.0,starter,0.651991533930527,13.556879922705678,20.79303061034874,14.865573571952348,22.80025552223865,6.788616708368588,5.474406241559679,1.597401269889337,7.474022491651914,17.609945888323765,39.6186035320063,87.90271220903787
100,2021,00-0031588,WR,2,established,185.5,0.9686192468619248,171.8,elite,0.8829683514248727,113.2372782048194,128.24613478171102,109.26258189030308,123.74461860833712,28.368172305451843,32.96691525058754,2.1475927928277456,12.698861418071049,33.31623119587476,75.92093821164943,153.59956978917515
101,2021,00-0031595,RB,2,established,14.2,0.3342857142857143,11.2,usable,0.3189524464522443,5.084258040004139,15.940489237681357,5.541035601751385,17.372607306779276,7.949747561541384,7.0919439183677335,1.9431093872026568,9.118409118216803,24.532028176842285,62.15977514095978,138.69960623045708
102,2021,00-0031598,TE,2,established,0.2,0.0039370078740157,0.0,out,0.1692492149569906,1.4817279877678369,8.754711140872184,1.5962297907237797,9.431238963970443,0.1007381587182716,0.1192934269527565,1.701044489655032,7.414447777953256,17.13087127572313,37.47045370517235,81.42833470454103
103,2021,00-0031610,TE,2,established,79.5,0.8622047244094488,62.2,premium,0.8708802204501428,71.22219354643603,81.78184769154882,66.81199677447782,76.71777955864455,16.85570965392255,16.488975142191165,1.7708750022683797,8.901091531702653,20.821588655503337,47.19819488407564,105.2577015681806
104,2021,00-0031687,RB,2,established,2.0,0.1057142857142857,246.7,elite,0.1353550669554077,2.452284894638196,18.11742219776739,2.715603608044588,20.0628145597182,241.901306991967,241.4154677826065,2.0001541468692574,9.606667612834295,25.50933027593906,63.91808730646312,141.34760860463356
105,2021,00-0031690,TE,2,established,4.7,0.2007874015748031,0.0,out,0.3079341763945343,1.2565833845749312,4.0806882798386095,2.424213886555707,7.872506764074582,0.0667603026663656,0.3537255799805834,1.5283801318965875,6.5325316768939725,15.383376575441108,34.059827840283816,74.71067829326486
106,2021,00-0031763,WR,2,established,66.5,0.7092050209205021,9.7,usable,0.5974173732649313,16.406329783997002,27.46209018719219,17.42126906111294,29.16096826227932,5.370495020651644,4.968414812404982,1.9198190565346285,10.799245718826024,28.40937228408697,64.10754009897136,128.80545317346838
107,2021,00-0031787,WR,2,established,8.8,0.2552301255230125,0.0,out,0.2472428182649736,2.613254287302275,10.569586229605315,3.564919475911552,14.418697784341616,0.1809197165662208,0.396648241478625,2.0088542245713388,9.888277436289597,25.872361307463613,57.22092263925358,113.41153396054742
108,2021,00-0031800,QB,2,established,238.86,0.7602739726027398,68.0,premium,0.9145031043634932,149.72091305275296,163.71832128110793,142.4991280079445,155.82137154922606,51.20734240926594,49.80634683601645,1.6463961769154825,12.584295928742524,40.60688196803097,107.19536737076778,259.8471085028294
109,2021,00-0031806,RB,2,established,19.5,0.4028571428571428,0.0,out,0.3594208242084521,11.2558112485961,31.31652506051821,11.342062054829746,31.556496704964783,1.7284388597784055,1.943441077431821,2.0537409781677765,9.66481310328638,25.95237167740848,65.89043445012908,147.27673844238672
110,2021,00-0031868,WR,2,established,40.9,0.5418410041841004,0.0,out,0.4394900910066834,20.427254098973474,46.47944178259716,19.77040159322518,44.98486313522943,4.998801554860933,4.73831449508609,2.3157515238498307,11.483586040369952,30.05348363893343,67.18385421476806,134.28577392936774
111,2021,00-0031941,WR,2,established,61.7,0.6799163179916318,23.9,starter,0.6186206573356391,36.06163699928714,58.29361915362215,35.878520779559274,57.99761187103878,12.173059571327403,12.01399845530418,2.012746993074902,11.009973155225678,28.926272730831982,65.15577203458405,130.78699882628547
112,2021,00-0031951,TE,2,established,27.4,0.5866141732283464,0.0,out,0.5249242371341366,17.263154059978223,32.88694413164786,17.743865130792233,33.80271642183299,5.49880824734716,5.643128526761764,1.8910040504052887,8.501512564453968,19.834936259517697,44.41310947473876,98.27183150855026
113,2021,00-0032009,WR,2,established,38.8,0.5334728033472803,0.0,out,0.4693694181453725,17.209473128648426,36.66509249079012,17.149131946350273,36.53653451499234,4.08527731887769,4.192910658407415,2.220125318305128,11.12353359763475,29.148980005662555,65.17274156446713,130.25601131825633
114,2021,00-0032054,WR,2,established,22.4,0.4309623430962343,0.0,out,0.3482778080530557,12.06708070756254,34.64785992257156,12.436159652003218,35.70758562402783,2.061964939252274,2.276775330510823,2.167389139986392,10.774587705808674,28.196390697701343,62.77754143236676,125.0671856411368
115,2021,00-0032058,RB,2,established,42.0,0.5571428571428572,0.0,out,0.3716461197708303,14.101794310207788,37.94414514243668,13.605906247811385,36.60984340749003,2.4170033448869788,2.4490203814516818,2.064243251575529,9.990198906301284,26.884695908143687,68.70678240337774,154.30849064158494
116,2021,00-0032062,TE,2,established,9.7,0.3346456692913386,9.1,usable,0.3667190976745403,6.573280445632107,17.924565388917458,5.082990786993159,13.86072015127029,4.635477657435484,5.136764748274443,1.875508524709089,7.781393335165684,18.163534598803533,40.26811383589702,88.5093113198546
117,2021,00-0032063,RB,2,established,103.2,0.7857142857142857,0.0,out,0.6809127514063201,51.027521715981365,74.93988269509111,47.73100726917565,70.0985657422256,20.8313485537391,19.821949521690662,1.9340594654920436,10.248810354910995,27.665477763421062,71.44877726102446,161.56504043164094
118,2021,00-0032098,TE,2,established,4.4,0.1771653543307086,0.0,out,0.2496826606349919,1.828113646979331,7.32174850400136,2.368828678801119,9.487357563303451,0.1391959541036775,0.2724847530382046,1.629293554758779,6.742150598852438,15.83616511105301,34.98639460054804,76.66100669816683
119,2021,00-0032104,RB,2,established,51.5,0.6142857142857143,34.0,starter,0.6267564487812058,21.058995578332688,33.59996633346834,21.43764103560011,34.20410125382494,16.01499775536439,14.62609217906102,2.0019194743267126,9.978095326183572,26.88007901651673,68.88835381346601,154.98166991558602
120,2021,00-0032128,WR,2,established,45.1,0.5669456066945606,6.9,usable,0.6323895454484623,19.739082893518272,31.21348705965751,21.7983713513237,34.46984775161846,5.683421373240659,6.46887794844934,2.0920792879493346,10.729573518306587,28.19146202785515,63.17280584572015,126.42594472872712
121,2021,00-0032134,TE,2,established,79.3,0.8503937007874016,13.8,starter,0.8731549290722211,40.6964586855369,46.60851966875948,40.73348363514109,46.6509233114252,13.455002236581244,14.255387110364044,1.480806838136528,7.785242880258029,18.36385697544883,41.74331597416472,93.20622876151587
122,2021,00-0032135,TE,2,established,16.2,0.4606299212598425,0.0,out,0.4894671479536202,8.910840962711395,18.20518700788423,9.300877998774284,19.002047507498084,2.06429488790565,2.296176961629332,1.81145468961122,7.92224842129232,18.5159195041175,41.28242222141046,91.0653980412104
123,2021,00-0032141,TE,2,established,41.5,0.7204724409448819,10.4,usable,0.7108206049016967,17.647202376523907,24.826520580343104,20.24589548107671,28.482426285147756,5.048558217674481,5.659426786216066,1.3741105683435977,7.234191277732202,17.087363838251264,38.68369012782868,86.08628098630905
124,2021,00-0032144,RB,2,established,173.1,0.9057142857142856,18.7,starter,0.869029671272926,101.18434741028308,116.43370848554756,96.14035690185544,110.62954474388916,49.32804111913028,46.59994496130683,2.0361249885954,10.97980761063838,29.60870407599874,76.80232447441107,174.24648218059278
125,2021,00-0032156,QB,2,established,94.16,0.5547945205479452,34.96,starter,0.5622766148099301,62.1791806999917,110.5846820981707,58.45478907628297,103.96091094068142,21.70450964905668,21.2231725060429,1.4769362281911222,11.174238366194457,36.1085445210777,94.56551925897286,227.87174045241548
126,2021,00-0032160,WR,2,established,1.4,0.0732217573221757,0.0,out,0.0616199223303901,1.129200918473205,18.325257088425406,1.212805957230515,19.68204293942082,0.0230887552135665,0.0286370683086043,2.0578758161504718,10.482350085798792,27.1007771055871,59.40258384299998,116.8517618565456
127,2021,00-0032187,RB,2,established,52.3,0.62,0.0,out,0.5835081183129038,28.54931495751322,48.92702271231087,28.559599518973798,48.94464810797855,8.281986646633975,9.161432120382106,1.904729547863927,9.649953842684743,26.04833651616469,66.82253160405577,150.3955313689529
128,2021,00-0032200,WR,2,established,22.4,0.4309623430962343,12.4,usable,0.4254677319488432,7.064879184247189,16.604970609373137,8.500438062118011,19.97904288342147,7.823110727710567,6.4138765255323404,2.091431152548607,10.492218238239316,27.49622441568455,61.24807552943281,122.04393548776682
129,2021,00-0032208,WR,2,established,11.5,0.3158995815899582,0.0,out,0.2031600011887182,4.039793019892443,19.884785372391395,3.939738626914216,19.39229476207049,0.3254177417841588,0.3331927012956033,2.127383753175217,10.506843998846092,27.43353892446232,60.78229990581668,120.64076850855578
130,2021,00-0032211,WR,2,established,169.4,0.9518828451882844,126.4,elite,0.8626134074983001,99.87304552662998,115.7796118846284,96.21474289424208,111.5386592161584,22.72378795787184,21.428154862336346,2.0352907848060435,12.188791492753804,32.02200766373204,72.9626829762902,147.56864553199964
131,2021,00-0032214,TE,2,established,26.3,0.5708661417322834,0.0,out,0.4722043419217274,10.742036761283432,22.74870391400177,12.199318308076537,25.83482874898828,2.1896478347923924,3.0816242374700167,1.5064066557165567,7.177191010161955,16.92829742416966,38.047125156593154,84.31829185290042
132,2021,00-0032245,QB,2,established,12.96,0.2260273972602739,0.0,out,0.1597826803515876,9.080680986969863,56.83144735705166,8.485443223933125,53.10615146311015,0.5334867503848777,0.4894009802036194,1.409440234301641,10.68943368750093,34.24704916407958,88.41855080697178,210.6830185913924
133,2021,00-0032257,RB,2,established,57.1,0.6257142857142857,0.0,out,0.4938697167183044,25.44507703006878,51.521841021449504,24.48306672683124,49.57393802057315,6.296507201752139,6.363997494524348,2.022824974758996,10.010530923603472,26.979819466648586,69.17216392502087,155.68995683213006
134,2021,00-0032268,QB,2,established,14.86,0.2397260273972602,13.76,usable,0.681909830648322,17.44286869721476,25.579435745384476,21.32859989241912,31.277742208439893,8.552137332570265,6.036350944535526,1.3844278250659616,10.503863705001416,33.714825383918104,87.11856883238887,207.72782532547288
135,2021,00-0032355,WR,2,established,43.0,0.5543933054393305,0.0,out,0.4737957704190516,15.225696686784373,32.13556903076174,14.256036072363306,30.088989734447114,3.529856900304184,3.1416431244541982,2.2652544823086016,11.338092153774904,29.698969818939226,66.44603501589798,132.87398942546088
136,2021,00-0032385,WR,2,established,44.7,0.5627615062761506,13.3,usable,0.5142176264932417,27.766060280510235,53.99671043924272,28.08116230836668,54.60948995441671,9.307791381100373,9.294303326529723,2.27709607957409,11.404339541689447,29.869925863867977,66.84842686756569,133.70923115046216
137,2021,00-0032392,TE,2,established,56.5,0.7913385826771654,24.4,starter,0.7775385009106088,39.0737823006262,50.253180073868,39.550453539751466,50.86623169583529,11.69666309418951,11.411037391922942,1.5751883529683142,8.085615542956806,18.98852532323951,43.00277092924143,95.78267117029412
138,2021,00-0032394,TE,2,established,19.3,0.5,0.3,depth,0.4445778865186085,8.8328154833101,19.8678696155536,9.729781427698423,21.885437226512096,1.7950277582850165,2.2793654586569376,1.5628024975437351,7.213104393383331,16.97995550880888,38.02771089428103,84.08479249839614
139,2021,00-0032398,WR,2,established,38.2,0.5251046025104602,51.8,premium,0.4050252886806229,9.158323611634664,22.611732816654648,9.825438569813914,24.258827397717447,38.5325372088184,37.43795031855461,2.193147398204291,10.966204726003564,28.756601430455213,64.28399519591001,128.46440766061497
140,2021,00-0032426,RB,2,established,61.8,0.6428571428571429,0.0,out,0.6152763787990233,26.699022545463247,43.393543886046594,25.652385190806616,41.69245899034559,8.104568940010779,7.896670067560883,2.1186644654150983,10.3998782961007,27.98102520836033,71.74198058721912,161.5185144522379
141,2021,00-0032434,QB,2,established,15.86,0.2534246575342466,0.0,out,0.5223403121687586,27.38748147537387,52.43225697373607,24.963040329278467,47.790759678554856,5.569330192660129,4.799703215357017,1.411591658907562,10.669374981250566,34.22549306592585,88.47276498561511,211.02923133742323
142,2021,00-0032450,RB,2,established,9.3,0.2714285714285714,2.0,depth,0.3781897008667603,4.485001821903779,11.85913263006569,4.995657089666189,13.20939485717567,1.6431708275872965,1.3012812622110896,2.033689040595052,9.433562994557985,25.26869934343381,63.797472446104734,141.99788450242693
143,2021,00-0032464,WR,2,established,84.4,0.7677824267782427,65.4,premium,0.6759691796511254,34.912413302905804,51.64793655374119,34.61166940305443,51.203028843589976,23.752940836182454,22.948320612827857,1.9195450680633583,10.98855855381106,28.916385261988086,65.41573330237607,131.6565821473902
144,2021,00-0032543,WR,2,established,6.5,0.2133891213389121,31.2,starter,0.3797693908470763,3.609440731484645,9.504296076715876,4.957445725551647,13.053831733236994,25.77959402877021,23.57466370086711,2.013355196595484,9.918982022078266,25.90661986716941,57.18540905393581,113.1675015440255
145,2021,00-0032602,RB,2,established,85.9,0.7057142857142857,0.0,out,0.6610571031532563,43.48539553858443,65.78160242308596,41.61510899940991,62.95236644596202,16.287618146716767,15.82649120339858,2.1127703708605114,10.46851817966547,28.207253926783977,72.52423870010188,163.61551028202527
146,2021,00-0032688,WR,2,established,86.5,0.7761506276150628,18.6,starter,0.6768536072880177,46.18726286336683,68.23818676009955,45.11402375377824,66.65255716747791,15.78533291804479,15.4671569255777,1.9455449821287336,11.13750413012452,29.291162984253827,66.27540010110722,133.4061367536924
147,2021,00-0032725,TE,2,established,27.0,0.5787401574803149,0.5,depth,0.5786285262121824,12.215356203299388,21.11087796390465,11.838732719993022,20.45998802978437,3.523326768813238,3.476231828227551,1.697945385326067,7.828184593495591,18.357783912907976,41.17667617616559,91.17784100036542
148,2021,00-0032741,RB,2,established,41.9,0.5514285714285714,0.0,out,0.4630233173730567,22.806119987010145,49.25479804429658,21.48533147651809,46.40226673337796,5.455997045405418,5.212120991128288,2.104861646414117,10.0891380591133,27.13659510970209,69.31557690305597,155.64388436938026
149,2021,00-0032764,RB,2,established,177.3,0.9228571428571428,220.66,elite,0.8537424121827897,126.72393874981864,148.4334583142234,123.95522067577632,145.19042149827857,56.56779390807295,60.37479236205803,2.0837843343800078,11.295771180171087,30.41683008272886,78.92613257230963,179.10931970039002
150,2021,00-0032775,WR,2,established,44.4,0.5585774058577406,63.9,premium,0.6868426979850832,35.46935687342757,51.64116467639566,36.05108231620048,52.48812052884841,22.69707857948449,21.953434403084195,2.214568626957788,11.137842074663022,29.2063509682583,65.37589560300916,130.77126447379462
151,2021,00-0032778,WR,2,established,24.0,0.4456066945606695,0.0,out,0.4290971231834098,6.859490320519493,15.985868815968562,8.65689952332855,20.174685532972717,1.0098004255163149,1.7777998253595833,2.027493158859583,10.289045782862168,27.002115203313185,60.21104609642252,120.05146086571824
152,2021,00-0032780,RB,2,established,63.5,0.6542857142857142,0.0,out,0.5797216240472063,34.906646992881434,60.21277376059896,33.85297712999798,58.395229237199125,11.00566057572408,10.933247883034994,2.1040618202730768,10.410036345332314,28.009576100548703,71.85507420618572,161.82264661330925
153,2021,00-0032782,RB,2,established,4.7,0.1914285714285714,0.0,out,0.1500437258919373,4.119308287130911,27.45405222806629,3.5425863196248337,23.610359570624308,0.2929491326986952,0.2018043341030257,2.29069225230594,10.46348076765858,27.760472270804605,69.69548130543271,154.5325555431035
154,2021,00-0032791,WR,2,established,35.5,0.5,0.0,out,0.5356793775463038,15.074646112164556,28.14117314206577,15.993212101359244,29.855941392809733,3.717726552458565,4.364324718211774,2.227761515132793,10.967922029071172,28.75206163318397,64.19349022551886,128.19163333350613
155,2021,00-0032813,RB,2,established,31.9,0.4885714285714285,0.0,out,0.4875829034035285,10.265893648992586,21.05466286314069,10.857980060703698,22.26899258548761,1.9345643031841817,2.422959234305728,2.075304176018279,9.814488564453988,26.40261138562218,67.27683230023062,150.7989198511903
156,2021,00-0032881,WR,2,established,0.7,0.0292887029288702,0.0,out,0.1007259783802778,0.7114438032060189,7.063161010162196,1.0821961751505067,10.74396290363957,0.0159377793967779,0.0450956652657863,1.8740885971285135,9.896269865415348,25.611300503392577,56.09217009826885,110.19914610559972
157,2021,00-0032897,RB,2,established,12.6,0.3114285714285714,0.0,out,0.3962338524508817,5.802037690965463,14.642963126641735,6.431023792309666,16.230374443099542,0.7861881138848874,1.128509615407447,2.039640560173817,9.411128040428812,25.254999386021453,63.87875825673818,142.39307013979936
158,2021,00-0032918,RB,2,established,16.4,0.3657142857142857,8.7,usable,0.5094079962961354,6.809754260975804,13.36797677007228,8.227605343504498,16.151307799105542,4.972114761128546,3.8898215436590498,2.085468673494022,9.687051741537015,25.98562443591096,65.85528907611997,147.0219082251339
159,2021,00-0032950,QB,2,established,270.02,0.815068493150685,26.12,starter,0.9484229865568188,200.034059595306,210.9122853733387,190.2437268833864,200.5895360824736,131.4687341838602,123.67471856550472,1.501618910073348,12.19959722190614,39.445135006945335,104.46230408224154,253.64036256779292
160,2021,00-0032951,WR,2,established,50.9,0.604602510460251,3.1,depth,0.6478237373262374,33.29115038603447,51.389210471720304,32.53478319591651,50.221659567766544,11.793455324666311,11.552003506268504,2.212526310474133,11.364319301827727,29.787316992857967,66.80559806727783,133.78868356407912
161,2021,00-0032956,RB,2,established,10.9,0.2857142857142857,0.0,out,0.3197396018538792,4.157582599593957,13.00302676142685,4.868246002558915,15.2256585494333,0.407146280598416,0.663064438431249,2.0791464908271093,9.513320304992629,25.49336670335036,64.38966264954068,143.39652053213393
162,2021,00-0032972,RB,2,established,107.1,0.8028571428571428,0.0,out,0.6188789905396781,39.58868343431375,63.96837514195048,38.75490288457704,62.62113188037258,13.63185926368552,14.13917541426201,1.8760925438610117,10.124055907044465,27.350897419168597,70.71515472241532,159.99405325238766
163,2021,00-0032975,RB,2,established,20.2,0.4142857142857143,-0.2,out,0.3329481894951306,5.11120299281486,15.351346407875909,5.97621368712067,17.949380341075777,0.7357321398881451,1.0491014814733477,2.067756617831267,9.764270221881825,26.20759806620538,66.56173474224262,148.8143951325838
164,2021,00-0032977,WR,2,established,33.5,0.4832635983263598,0.0,out,0.5172457969629292,26.59729371777117,51.42099534484451,25.805594561797925,49.89039004921562,8.279078467844123,7.843428810234045,2.402126755082743,11.539395071949093,30.1646512343206,67.23330505759401,134.14789907084926
165,2021,00-0032980,WR,2,established,15.8,0.3640167364016736,0.0,out,0.3611133177003685,9.37795936455953,25.969574936421573,8.874687814469478,24.575908390709632,1.5968250099559764,1.4670226712069263,2.2388271943810456,10.917047567670323,28.496931283041743,63.23283769499368,125.68424630849412
166,2021,00-0032986,TE,2,established,2.0,0.0905511811023622,0.0,out,0.3052492326410094,4.470693544150767,14.646043514902322,3.4632315728272247,11.345586499475932,0.8520639694815384,0.4991926376275599,2.178008585385614,8.4246220774399,19.42465707755867,42.48838536855212,92.54806913008672
167,2021,00-0033006,WR,2,established,2.0,0.0983263598326359,0.0,out,0.2951215862555695,3.051744896122361,10.340635989532837,3.7710030466982136,12.77779472028386,0.2860998478129564,0.4893316631950668,2.079141925961483,10.460570770987992,27.085855919584077,59.434373434906,117.03775775369483
168,2021,00-0033009,WR,2,established,119.84,0.8640167364016736,78.8,premium,0.8921222978104504,97.13781285555864,108.88396478147163,93.66087935278613,104.98659161715771,21.26801222110542,20.21255489230414,2.052260965568347,11.932624164446,31.325645698836414,71.09867176874083,143.429566848375
169,2021,00-0033025,RB,2,established,11.2,0.2971428571428571,0.0,out,0.3795832321560525,7.228932841478293,19.044394559837585,7.254895039186863,19.112791147223973,1.0650540008271872,1.222173842863386,2.0515278875432124,9.479799126432376,25.41103869784331,64.22369416944495,143.074990977993
170,2021,00-0033040,WR,2,established,191.5,0.9769874476987448,264.4,elite,0.8975908249380434,124.9624543351617,139.21984367853503,120.75764784998084,134.535296590533,112.42426050679028,116.94995536293663,2.2028977566417085,12.974951091790873,34.01324943978273,77.51491222638963,156.84388955158704
171,2021,00-0033045,RB,2,established,212.06,0.9685714285714284,126.5,elite,0.9154232371777088,137.32989116470284,150.01792131484132,131.08035217079575,143.19098188387963,31.746238965666663,29.26005688181008,2.070885662947979,11.4069810650269,30.728860747718414,79.89709279634172,181.5561668908098
172,2021,00-0033077,QB,2,established,347.56,0.9383561643835616,349.84,elite,0.937744598031353,229.56108672671155,244.80128940080152,224.86775028005871,239.7963696641208,76.81078666624077,78.78828098561178,1.6061630185213738,13.673601935659525,43.99567704745405,117.05525944283173,284.9972867907815
173,2021,00-0033090,TE,2,established,114.3,0.9409448818897638,77.9,elite,0.9268763832946868,75.53550728429389,81.49469405595858,71.47358761318382,77.11231929237736,16.439715808919576,13.859931025643878,1.5479590378564418,8.251343675022936,19.4280365901186,44.28810458727401,99.09781220110128
174,2021,00-0033094,WR,2,established,1.0,0.0502092050209205,0.0,out,0.1277275129017953,2.0218356701742253,15.829288649257078,2.223218871107942,17.405951314634056,0.0922028409522186,0.1188392523119845,2.0714993848083947,10.594129442507988,27.34323691026276,59.86315205970887,117.64176228745082
175,2021,00-0033095,TE,2,established,5.4,0.2244094488188976,0.0,out,0.3362095052678214,4.364688475904712,12.98204960751434,3.942751025043804,11.72706590167058,0.6993023583094797,0.6026592601648657,1.7779033783025144,7.307135986653813,17.079399206612088,37.73202530907876,82.70634487199975
176,2021,00-0033106,QB,2,established,212.5,0.6917808219178082,302.1,elite,0.9460110155181866,188.67580023603048,199.44355524515908,188.57262003515063,199.33448653540063,67.78248371289104,67.1892253555121,1.7115194217147864,12.385328334427395,39.98700961195463,105.21527676597694,254.61285048490672
177,2021,00-0033110,TE,2,established,86.0,0.8779527559055118,63.5,premium,0.890380554550168,58.56525635078124,65.7755339011971,56.04416906835463,62.94406226859804,16.06093324900668,14.737067496417367,1.5174542289432162,8.017666667374483,18.882863745387912,42.948395556676346,95.9393899695932
178,2021,00-0033111,WR,2,established,4.6,0.1715481171548117,0.0,out,0.2981196393787175,6.471497171788912,21.70771836862388,6.345833067217638,21.286195973007278,0.8808101103318746,0.8211583711721309,2.353256106668306,11.205225665370373,29.02462272521808,63.80771673225931,125.96078493109678
179,2021,00-0033114,WR,2,established,10.7,0.2866108786610878,0.0,out,0.3529868375380482,7.139462620029373,20.22586074263977,6.736149622649288,19.08328840143565,1.1696250059389444,1.084199547886298,2.2284225174353813,10.706354597683276,27.920035964989555,61.74768272930911,122.44205110187109
180,2021,00-0033118,RB,2,established,74.5,0.6771428571428572,3.1,depth,0.7029250728386638,47.359805193174495,67.3753249431246,45.69733193130915,65.01024603769918,18.0279063779442,17.597055709424925,2.1510421371442257,10.5575383772147,28.41171237039112,72.94009422027688,164.38933482984382
181,2021,00-0033119,QB,2,established,82.32,0.4863013698630137,22.86,starter,0.7500873007680422,55.85781962590685,74.46842463365525,44.08615780387882,58.77470230296843,12.418813473773533,13.017371350855036,1.6288248701783543,11.452000190868697,36.94110462471096,96.3739714205216,231.77518658937564
182,2021,00-0033127,WR,2,established,4.6,0.1715481171548117,0.0,out,0.1938472985078422,8.48673022429511,43.78049263323509,8.185536987202418,42.22672717242571,0.9153902682987748,0.7907962752975228,2.494220280891541,11.718308920092785,30.28679776171708,66.532103412504,131.29796218127936
183,2021,00-0033215,WR,2,established,34.6,0.4916317991631799,0.0,out,0.2487932779747858,6.200798485278173,24.923496871593933,7.142114570166379,28.70702387260722,0.5487708154627615,0.8134378862297424,2.0846201702647438,10.398418536117392,27.33325297420317,61.05909838755361,121.95041717684477
184,2021,00-0033217,TE,2,established,58.1,0.7992125984251969,37.1,premium,0.7746349098079527,33.90247773960177,43.76574991696006,31.914692701767866,41.19965715162533,11.44539751953494,11.005003834900087,1.530425462496587,7.951709994616592,18.6964633952665,42.37636365751653,94.42755928837929
185,2021,00-0033246,TE,2,established,1.9,0.0826771653543307,24.7,starter,0.3037763151611787,4.696888544525271,15.461668043583906,4.223742446291838,13.904120352670644,17.970142606298698,18.840061160299403,1.9035310143314597,7.594643034689354,17.622716545822044,38.6368563887964,84.24159653406765
186,2021,00-0033251,WR,2,established,59.5,0.6652719665271967,5.9,usable,0.7241214439515076,49.734817850513295,68.68297889247967,47.87408886361448,66.11334226254523,21.094131470154604,20.205789331017087,2.1589744393413275,11.505501925616343,30.15694253165705,67.82625583340595,136.05082512306703
187,2021,00-0033258,TE,2,established,4.5,0.1850393700787401,0.5,depth,0.4948864303452183,5.430755266441713,10.973740505783068,6.315944647641363,12.762412263426873,1.2577204497482528,1.5705698414440628,1.7640849496951456,7.170483255065612,16.76876604058437,36.99466906203305,81.01284511608988
188,2021,00-0033275,QB,2,established,20.28,0.2945205479452055,24.96,starter,0.4891428917851969,28.71595418136957,58.70667787191303,24.623144524423257,50.339369002292095,12.03048042972371,13.976618579385605,1.515276046588817,11.201999273533636,35.88133034668844,92.85539975522072,221.73400899307865
189,2021,00-0033280,RB,2,established,93.5,0.7514285714285714,332.3,elite,0.6819245672743204,61.482580217083935,90.16038307995304,57.62393978094059,84.50192667389264,236.20470133620057,242.08870357587816,2.089935639969397,10.675921603480507,28.741809417556663,74.04245833105179,167.21888605199987
190,2021,00-0033282,WR,2,established,4.8,0.1778242677824267,98.2,premium,0.40240638824828,16.401163719555164,40.757712100325406,15.52771244943413,38.5871420109109,70.85913831390347,72.55986481678323,2.4881471395047883,11.70188087988234,30.25250320610684,66.4775444534968,131.2198806882129
191,2021,00-0033288,TE,2,established,131.0,0.9724409448818898,139.2,elite,0.9049443966397702,80.42552235441272,88.87344090205752,78.20514269159456,86.41983196093048,36.9589932219528,39.52818482955237,1.8178373525665847,9.308069648923654,21.77721752377204,49.57171939330057,110.88826193274484
192,2021,00-0033292,WR,2,established,4.1,0.1631799163179916,1.8,depth,0.242144109587679,4.572554594030696,18.88360861561656,4.519799426911616,18.66574179569304,1.4109336300682616,1.384800910813638,2.334841492315936,11.203905780047036,29.00363995982357,63.74105450390523,125.78051331083545
193,2021,00-0033293,RB,2,established,179.0,0.9285714285714286,108.9,premium,0.9082625372495772,130.8416968674881,144.05713271374833,126.55658683464314,139.3392126662902,33.44183734262386,31.442051085478624,2.0634814469627587,11.25504511399574,30.31338855318093,78.68599282568955,178.59505625386643
194,2021,00-0033296,RB,2,established,11.2,0.2971428571428571,2.3,depth,0.4124623060859604,5.630780538439089,13.65162453721429,6.309277632661445,15.296616295760469,1.8678280606555484,1.5971239631929377,2.1057105176573687,9.66587741267583,25.879990512617,65.38179969103894,145.63317239810308
195,2021,00-0033307,WR,2,established,127.5,0.8765690376569037,66.0,premium,0.9118569163239152,99.08994221657277,108.66830139979268,95.9134794401514,105.1847913012708,25.179968761158523,23.57331872127012,2.116546946877093,12.23161201983818,32.083894703271184,72.83320350737799,146.96587772561125
196,2021,00-0033308,RB,2,established,39.2,0.5342857142857143,32.9,starter,0.5309071358000808,24.829218176535573,46.76753522839313,24.205662550180108,45.59302544257953,15.108736165494584,14.987784285761354,2.243341948373748,10.523909359635764,28.23047637385124,71.9890969036876,161.51389242234148
197,2021,00-0033319,QB,2,established,9.88,0.1712328767123287,67.74,premium,0.3185818721727917,23.03873281247008,72.31652151248072,22.207675280009067,69.70790625514347,46.88214535306769,47.10689639310537,1.5048548379089854,11.01667436160685,35.18647515631166,90.56472940567548,215.3786079030109
198,2021,00-0033338,TE,2,established,7.6,0.2795275590551181,0.0,out,0.5355657085373795,5.711880978464674,10.665135738551522,7.693230352152993,14.36468061624608,1.028067989289629,2.054192114561853,1.5987216549345014,6.81460731778621,16.035213702559947,35.58816705617178,78.22235815960855
199,2021,00-0033357,TE,2,established,123.22,0.9645669291338582,113.52,elite,0.92233079514929,79.57220586837632,86.27295790931129,76.9503680886907,83.430335941711,15.42934960208168,15.67748952238458,1.9272564760120048,9.725316263083329,22.69056913817127,51.581604471149504,115.2990592635216
200,2021,00-0033367,WR,2,established,6.7,0.2238493723849372,0.0,out,0.2970705600452495,3.311458376806085,11.147043235457886,4.420518529607867,14.88036555670322,0.2933862252161368,0.5990005124181712,1.994987113613138,9.905415875310068,25.87585712291421,57.14902487912855,113.12958885027663
201,2021,00-0033375,WR,2,established,105.4,0.8305439330543933,0.0,out,0.8783762714444687,75.04331948220037,85.43413787669085,73.53570145343646,83.71776861926013,45.39616821332004,45.31117703212017,1.9807391343220844,11.503089444460562,30.23259079015023,68.54876072064052,138.17781321985916
202,2021,00-0033376,RB,2,established,12.7,0.3171428571428571,11.2,usable,0.4010623505773008,7.777893067773154,19.393226655599637,7.976512102551708,19.888458966716986,6.637810327729635,6.154027976418993,2.1279272104374782,9.751785251475845,26.114196347658275,66.02145265558167,147.1502667099215
203,2021,00-0033386,WR,2,established,3.3,0.1317991631799163,0.0,out,0.1497249068757915,1.656688388161777,11.0648817403248,2.191892564520065,14.639465204933543,0.0658596519682137,0.1330298192024792,2.1321792428719117,10.42958343561474,27.07341036781136,59.4883930121796,117.32493248069862
204,2021,00-0033387,TE,2,established,13.0,0.4291338582677165,0.0,out,0.4840201270821409,10.507078210232416,21.70793655539309,10.81953107692598,22.3534734849773,2.5662798767471404,2.794180504529184,1.7144110769198302,7.6278330095659905,17.849443643774755,39.78079428962155,87.69302169451048
205,2021,00-0033421,TE,2,established,11.7,0.4015748031496063,0.0,out,0.3504263552525998,3.970926139083762,11.331699455714102,4.390537538566241,12.529130508466992,0.5492098830793886,0.7336380928463155,1.6990529235860017,7.500223401198711,17.562112258520877,39.10565254537009,86.15197005700145
206,2021,00-0033439,TE,2,established,18.1,0.484251968503937,32.3,premium,0.5620319686443505,9.366131089645911,16.66476572896288,11.92299623422424,21.21408905437018,19.61619955277764,16.909885003471597,1.5581224896880934,7.160482206986945,16.85940038782177,37.73674928379633,83.40927297443352
207,2021,00-0033455,TE,2,established,46.1,0.7598425196850394,0.0,out,0.7858552224736668,37.64865747859209,47.90787972380455,36.756842050206224,46.77304546568424,18.4412199108059,18.287088507620656,1.5860404220346036,8.130832830907634,19.06496122799615,43.10833665074653,95.90393683256704
208,2021,00-0033460,WR,2,established,32.0,0.4748953974895397,0.0,out,0.4881330547393036,11.909149248844578,24.397342350037896,13.048402144092767,26.731240626721146,2.4236363910855303,3.088318271164427,2.1983317387433616,10.777702435530152,28.264429098906568,63.04805425094615,125.82208240107504
209,2021,00-0033466,WR,2,established,37.5,0.5125523012552301,11.6,usable,0.6352913109451983,26.80694121432837,42.19629759211487,26.23118212049318,41.29000612564012,7.889540534237735,7.720482364265351,2.3460343006109845,11.444396859225757,29.945008619630784,66.84797999630406,133.5056284988956
210,2021,00-0033471,WR,2,established,29.1,0.4665271966527197,0.0,out,0.5805766012230831,18.346968209208868,31.601287703565504,19.02976964876904,32.77736238194856,5.157036480592586,5.758222826515828,2.2278647404958027,10.948433503358917,28.67143397235943,63.917277484403314,127.49331963680376
211,2021,00-0033481,WR,2,established,12.4,0.3305439330543933,0.0,out,0.4670527704494598,9.1760845047836,19.64678315889907,9.487671710205566,20.313918063424133,1.7425008429866926,2.041312199386081,2.116307428415666,10.496257899015252,27.41788261627117,60.79075592155444,120.71601600030654
212,2021,00-0033526,RB,2,established,62.2,0.6485714285714286,75.8,premium,0.776891393234301,37.49028149711354,48.25678572784359,35.49079316915073,45.683081931694325,27.804011560310816,29.729133087837354,2.0799589207883216,10.300021901820156,27.727097665167445,71.12572757897738,160.16471952587483
213,2021,00-0033528,TE,2,established,5.1,0.2086614173228346,0.0,out,0.4075219830782544,2.736865929259423,6.715873113362517,4.014954700584764,9.852118087611958,0.3139015822905628,0.7798379967806377,1.595766658366438,6.714046407442675,15.785114982465478,34.9315378133237,76.61832418475984
214,2021,00-0033536,WR,2,established,170.6,0.9602510460251046,31.2,starter,0.891491922598544,108.42367131094018,121.6204752533304,103.4430901442721,116.03368187874712,56.70542139392133,53.52027553348321,1.9499743154206064,11.891313086336606,31.27654784960234,71.32417999482541,144.30706928824915
215,2021,00-0033553,RB,2,established,223.7,0.9742857142857144,178.5,elite,0.9075056603981476,133.25211698343918,146.8333728353582,125.17315169146164,137.93098726959423,21.18727595591203,19.40083990115657,2.0021953688581053,11.101380541327485,29.95749508537602,77.94916598483951,177.2039298076015
216,2021,00-0033555,WR,2,established,55.3,0.6380753138075314,28.6,starter,0.6919244619427474,24.16859982771304,34.929535168989084,25.10849188747723,36.28790896766244,10.133231283122822,9.123330702943978,2.0816125345469514,11.051168705123535,29.016497227763065,65.2179428725157,130.75545616730906
217,2021,00-0033567,RB,2,established,0.5,0.0114285714285714,0.0,out,0.2709517338838388,4.367010372937136,16.117299971991837,4.533382923507944,16.731330183889778,0.4067897670556752,0.4828446141468134,1.9394840567341496,9.544722086551568,25.246341488001256,63.00849835686919,138.844220067918
218,2021,00-0033572,WR,2,established,58.0,0.6464435146443515,31.3,starter,0.6542497563143693,35.55349434083266,54.34238835810751,36.050913970084686,55.10267848347825,12.952270055473882,12.051065510601967,2.032452442260415,10.86590765924142,28.562785075208065,64.24211906183177,128.85156394341928
219,2021,00-0033576,TE,2,established,12.7,0.421259842519685,1.2,depth,0.5150815097175419,5.932888402159525,11.51834863071085,6.735371634369528,13.076321916628384,1.543857133313974,1.699966636385712,1.6276517699100423,7.323473668591713,17.18290617219661,38.32347488439172,84.50431008916085
220,2021,00-0033591,WR,2,established,19.4,0.399581589958159,69.6,premium,0.4960332384181317,12.948273344056554,26.103640524875058,13.317668695317495,26.8483393124784,48.44183711944401,47.97603926060063,2.2211907918153684,10.889375427566655,28.460128360732853,63.25801741348689,125.88916723210468
221,2021,00-0033594,RB,2,established,44.1,0.5628571428571428,0.0,out,0.5625062744251816,45.652152524860426,81.15847698145555,44.03397427503175,78.28174773699996,15.89717101626583,15.628983840504151,2.136955574600799,10.23287985542997,27.508680543491664,70.28404516303274,157.85959448535093
222,2021,00-0033611,TE,2,established,41.1,0.7086614173228346,0.0,out,0.6457549136224527,17.894065241454012,27.710304426604736,19.236237295410188,29.788758690974284,5.312272790491992,6.850377282957211,1.364701939021869,7.135406921515358,16.87092552958731,38.18494977706818,84.96708350660748
223,2021,00-0033658,TE,2,established,22.6,0.5393700787401575,0.0,out,0.473798147804864,10.227121140399026,21.58539704678439,10.331305910636596,21.805289781106517,2.346276170248008,2.45747575795241,1.7602939195561371,7.95028434291538,18.60823121651421,41.6426484993425,92.0788748541722
224,2021,00-0033662,QB,2,established,26.08,0.3219178082191781,3.26,depth,0.4337297584803428,14.245895088067927,32.84509492265694,14.342110853254692,33.0669283645768,3.1274198895629706,3.052189842740793,1.4308455625477798,10.68307239294927,34.36495500168251,89.10070081586238,213.06769526551312
225,2021,00-0033681,WR,2,established,52.9,0.6255230125523012,0.0,out,0.6581908020961194,33.02843483464635,50.18063869847731,34.055832363990746,51.74158048932652,12.309834477288655,13.581211818305787,2.026490415276971,10.784723644252551,28.346870300909373,63.70135166769227,127.68920125420284
226,2021,00-0033699,RB,2,established,279.8,0.9914285714285714,145.4,elite,0.9053930478188416,134.64301138586623,148.71222140509158,131.32066008069492,145.04270868553283,28.28332553459832,27.142255736065096,2.199813220879103,11.705012979095631,31.54825131861114,82.05908686872179,186.6440817747056
227,2021,00-0033720,TE,2,established,1.0,0.0590551181102362,0.0,out,0.2478340130021583,2.8312172767481645,11.423844703364052,2.559894498452301,10.329068506145717,0.3626347726233425,0.2885177824687179,1.8472763947241784,7.67641750963295,17.754325443091144,38.88481678595026,84.66007717996591
228,2021,00-0033725,RB,2,established,26.9,0.46,0.0,out,0.5358028396333918,16.347063741296573,30.509475747611933,16.20331434025959,30.24118788050145,4.01013216466488,4.176441312522567,2.1734087734380214,10.144074215184796,27.21157023696974,69.20060377368311,154.91957871523513
229,2021,00-0033733,WR,2,established,27.58,0.4623430962343096,0.0,out,0.6105167046713014,23.70387682739732,38.825926704428745,23.47755271005157,38.4552175729438,7.921131788081485,7.87983555131458,2.296031729168988,11.241676087398874,29.38957520041794,65.47789954745939,130.55510692771648
230,2021,00-0033757,TE,2,established,32.4,0.594488188976378,14.7,starter,0.7175362697981854,28.23064950244349,39.34386412325004,28.38570298234288,39.55995561078279,8.312748432430576,8.370842067484816,1.7550100907118753,7.923392320207489,18.588368193456247,41.705572057163685,92.40265819625525
231,2021,00-0033839,WR,2,established,9.8,0.2782426778242677,0.0,out,0.3467236697743645,3.536513959168316,10.199805399699866,4.436385604311654,12.79516223163736,0.3906781938788661,0.704376035610379,2.0495376203735187,10.098359792810632,26.404421653694797,58.43870252742858,115.88998633804164
232,2021,00-0033854,RB,2,established,41.6,0.5457142857142857,19.3,starter,0.5502168838284744,18.69311655113757,33.974087492678606,18.05813474509418,32.820030202351354,8.881965775277845,8.739274510700838,2.1291090104388712,10.135524086330811,27.254226835753588,69.58894494271955,156.2301809046092
233,2021,00-0033856,RB,2,established,187.1,0.9342857142857144,4.0,depth,0.8868068664201701,116.52804471906362,131.4018295657315,112.02548189995512,126.32455401724113,74.89132609427571,72.00226214629703,2.055879350092367,11.210697150530516,30.208293398708115,78.43829191271313,178.0769906933036
234,2021,00-0033857,WR,2,established,19.8,0.403765690376569,36.0,starter,0.4894991068045395,25.39327616939509,51.87604188935692,24.67411547580313,50.40686516646839,16.052653545525814,16.364686728478652,2.3169887468634287,11.252860963293443,29.363903002014997,65.24236574621958,129.82549675405494
235,2021,00-0033858,TE,2,established,43.4,0.7440944881889764,79.2,elite,0.820539670561401,37.6715522043253,45.91070189031932,38.9296101281864,47.44390981310063,29.735680022271804,27.8127601081086,1.4608935245773391,7.646979055862796,17.996252935664085,40.72738488548058,90.62876176024564
236,2021,00-0033869,QB,2,established,8.12,0.1575342465753424,52.68,starter,0.6383689618621406,33.01250787752692,51.7138361195201,24.985625752112732,39.13978787319005,22.56842040023918,29.385593979530963,1.4095040879335123,10.696835581456922,34.18346845281075,87.98110606425345,209.1277474337864
237,2021,00-0033871,WR,2,established,75.2,0.7384937238493724,0.0,out,0.6792760958456843,57.57754904607643,84.76310207029088,55.57016270100555,81.80791734150733,27.09728748440177,26.34531728635114,2.043209669999676,11.390961833679595,29.903164935093034,67.51013338037428,135.71556628193065
238,2021,00-0033873,QB,2,established,374.66,0.952054794520548,295.22,elite,0.9584491185718818,266.3931498226712,277.9418799190979,261.40415612081665,272.7366023460033,3.5540750188247863,6.943608465980553,1.6587571709985507,13.987641056257663,44.97774421543544,119.7081422629328,291.562076185242
239,2021,00-0033879,TE,2,established,19.5,0.5078740157480315,0.0,out,0.5696447427566623,17.75321708717005,31.165418996509143,16.36697501273866,28.731898645346075,5.828066436591557,5.240786939168377,1.6724974845821934,7.607148964941133,17.842666312303024,39.91677512681282,88.22093156425841
240,2021,00-0033881,TE,2,established,59.5,0.8070866141732284,125.3,elite,0.7786546410193322,46.337735172689,59.5099967708772,45.55486285617522,58.50458015191384,56.22238015403397,57.22441318672034,1.7459768880561504,8.745432358658865,20.4450392747272,46.24538569919568,102.96313652360476
241,2021,00-0033885,TE,2,established,75.6,0.8385826771653543,126.2,elite,0.9322379093476864,58.98600510076558,63.2735533593992,59.131767758576416,63.42991114784488,46.96274668049765,46.514952051841625,1.86566781676402,9.115105992256565,21.28980924954627,48.174201797172266,107.33990029328764
242,2021,00-0033891,WR,2,established,64.4,0.696652719665272,46.1,premium,0.6848757050020874,38.229122661710925,55.81906670436559,38.32562200726885,55.95996722814403,16.178365283694088,15.30363423528734,1.944760521095741,10.830718415326404,28.48430076096755,64.23282407250423,129.00944803652214
243,2021,00-0033893,RB,2,established,176.3,0.9114285714285716,29.2,starter,0.9136116667063524,140.06489203809275,153.3090011241194,137.08483286760858,150.0471566456797,84.24372015749535,82.02709083535953,2.16793411447406,11.527034341531913,31.009483976128717,80.38556050776543,182.34847805267705
244,2021,00-0033895,TE,2,established,73.8,0.8307086614173228,60.1,premium,0.9110767995910374,49.12006045352987,53.91429183091788,45.84754272380762,50.32236881060695,14.16915945163312,14.909124746618025,1.583553807565759,8.090562413886788,19.03005110507888,43.17184564567424,96.29645418278574
245,2021,00-0033896,TE,2,established,11.0,0.374015748031496,0.0,out,0.4433975416676419,13.803494505369146,31.13119313529224,12.860918084196053,29.00538878908857,3.610389010302878,3.068472388675124,1.942972015514787,8.13539742425072,18.94571923474045,42.03563827525711,92.44930698009604
246,2021,00-0033897,RB,2,established,252.4,0.9857142857142858,215.0,elite,0.9147135048943928,133.51373711686733,145.9623547728007,129.9222292238391,142.0359801496963,44.27678921188901,48.08195823595538,2.2139823730422634,11.872316902228684,31.95452447179444,83.08070868123345,188.88531249351945
247,2021,00-0033906,RB,2,established,190.7,0.9457142857142856,158.5,elite,0.913361639853866,145.8867082663212,159.7250222701081,138.59191779909983,151.73827293784086,22.238107337831664,18.000474430109456,2.0332376526132463,11.200218824083509,30.18273765365552,78.41912515959267,178.08737682940694
248,2021,00-0033908,WR,2,established,295.5,0.997907949790795,108.9,elite,0.8703290176810653,115.94984436281234,133.2252998661967,112.99599762051804,129.83135725106408,27.37443628077256,26.12708681574487,2.2953962465337887,12.829825408611924,33.74944137377881,76.96960157719059,155.96859846113907
249,2021,00-0033921,WR,2,established,149.4,0.9225941422594144,127.7,elite,0.904784373682926,113.76481498670566,125.73693610956808,109.44858764464556,120.96648751694828,20.047105329681607,18.682001881173417,2.1417896011266544,12.555277115520326,32.91793120668498,74.86370567379181,151.2452158261193
250,2021,00-0033923,RB,2,established,88.0,0.7228571428571429,105.5,premium,0.724649367508355,72.08928893000696,99.48161436734546,68.6315116288837,94.70995864505797,32.253948469106696,33.29069318183245,2.17585465818872,10.823883846886172,29.113080839752108,74.87064661116712,168.9435516131739
251,2021,00-0033925,RB,2,established,88.9,0.7285714285714285,80.2,premium,0.6655513395601671,47.48589962140411,71.34821432826715,44.44639580569301,66.78131823018435,26.456088974330505,28.885912971345817,2.1723862530278057,10.84899740989956,29.17775692426471,75.05552105182478,169.38336545857982
252,2021,00-0033932,WR,2,established,54.1,0.6338912133891214,0.0,out,0.6264371175396652,30.254014578386062,48.2953735200252,30.221111136033844,48.24284878700579,10.647590312945209,11.013528685256784,2.1013963048081856,11.122046605166606,29.18949014423547,65.58662155783226,131.47031524759785
253,2021,00-0033936,QB,2,established,1.52,0.0753424657534246,21.46,starter,0.4077833482069458,16.323871969888383,40.0307468209913,16.271858239808186,39.90319445695067,13.783225818066448,14.398460831568173,1.3353977419302974,11.53159614616959,36.37911285794755,93.26856757879854,220.58247372261215
254,2021,00-0033943,WR,2,established,53.6,0.6297071129707112,90.8,premium,0.6830549509733558,44.88313789306528,65.70941009812849,44.009095936560215,64.42980301050024,34.31005924800459,34.85794874416213,2.2198458865141872,11.558246048464817,30.27489806145524,67.96620405033325,136.18867948904852
255,2021,00-0033948,RB,2,established,93.8,0.7571428571428571,44.8,premium,0.7205290984075972,60.887798056416685,84.50428746178545,59.36814446804311,82.39520735421993,18.83425907656712,18.245480784899836,2.110341859246111,10.801297976663982,29.06042945683074,74.86885690533174,169.09450953817972
256,2021,00-0033950,RB,2,established,12.5,0.3057142857142857,0.0,out,0.4332520853766528,16.2919165881243,37.603781119624,15.034613990413218,34.70176947294483,3.532582208541092,3.264147317629579,2.1286105193641265,9.67779755971586,25.92736216686613,65.52084728924049,146.00103378452795
257,2021,00-0033951,RB,2,established,10.9,0.2857142857142857,0.0,out,0.3168845857375856,9.705177155907084,30.626851518565218,8.639655573830696,27.26436047282293,1.459919302623227,1.2155352717567824,2.1777742990885627,9.850071330746369,26.34197286716965,66.48415186247433,148.02166986591533
258,2021,00-0033955,RB,2,established,45.6,0.5685714285714286,0.5,depth,0.7234040674946605,39.26342025563378,54.27591856320823,37.37626833287953,51.66720787501711,15.365022561663093,14.510615342917577,2.215559353015232,10.517898249580588,28.237417719809084,72.12534431796362,161.9956083542844
259,2021,00-0033958,QB,2,established,0.2,0.0136986301369863,-0.4,out,0.2937147869325777,6.024758072199825,20.512273607739097,4.404226048663847,14.994907456514396,1.281909945840792,0.7534371485551308,1.219707786769224,11.478538781664726,36.04531928902745,92.20565569643752,217.4276246034885
260,2021,00-0034011,TE,2,established,42.8,0.7283464566929134,0.0,out,0.7500436559883628,37.36059052710862,49.81122129201542,38.16351939044867,50.881730797601456,17.870776502787766,18.579396532571007,1.712880752938437,8.43122963620745,19.719855402629577,44.47657509151027,98.8231032244839
261,2021,00-0034052,WR,2,developmental,36.5,0.50418410041841,0.0,out,0.4162580977538156,8.14135573736703,19.558432091288733,9.846070296688996,23.65376277319218,1.2682259025448754,1.9946076118565808,2.155811397629974,10.699177635076186,28.088509978515813,62.75148871444156,125.3534148411792
262,2021,00-0034054,WR,2,established,2.5,0.1108786610878661,18.1,starter,0.2407106441039855,4.308639430344662,17.899663084626017,4.548459941012072,18.895965144969512,14.010912381512313,13.750186464542224,2.216774758519659,10.85518184026,28.08151975740764,61.60678882243407,121.35637849782243
263,2021,00-0034073,TE,2,developmental,12.1,0.4133858267716535,1.7,depth,0.4926275525203301,11.580605981712932,23.50783248412606,11.67390753719307,23.69722821524747,3.1956299979392124,3.148590967046893,1.915871284223002,8.23217032649157,19.16292323096019,42.58983968726515,93.75496516189872
264,2021,00-0034104,WR,2,developmental,38.8,0.5334728033472803,0.0,out,0.6189382696333872,27.725022282157006,44.794487014963934,26.914817128562856,43.485462846731366,9.839147046389163,9.423158217043005,2.295744425277628,11.408233941063244,29.85697696814101,66.7266946341138,133.33833308512564
265,2021,00-0034109,RB,2,developmental,41.4,0.54,0.0,out,0.5314456649632169,24.130703508251848,45.40577729601391,23.79698833730131,44.77783883879904,6.648824774955212,6.740757295552154,2.2218330018814965,10.420856041110554,27.97860832813674,71.37738278807377,160.1912998489968
266,2021,00-0034115,RB,2,developmental,47.5,0.5914285714285714,27.3,starter,0.6812799235135162,48.26420120005949,70.84342211517107,46.18491618934836,67.79139469010359,14.330720226384578,13.689385616319704,2.142780688165308,10.403300959178146,27.949212806160755,71.48807925864357,160.67261791729678
267,2021,00-0034132,WR,2,developmental,6.5,0.2133891213389121,0.0,out,0.4184326866342089,7.559920111521849,18.067231248907376,7.843394271096587,18.744697825084657,1.377577242856626,1.6046372150753436,2.141016939641877,10.381568138313629,27.04652730178264,59.65045225497799,118.0042437451536
268,2021,00-0034159,TE,2,developmental,34.1,0.610236220472441,23.2,starter,0.7948818245597031,28.47354629454475,35.82110625100363,28.99423416917117,36.47615692462399,7.655786642485792,7.260580597023594,1.7504369488147855,7.962619160742349,18.67880990654472,41.93574604676478,92.94960534839198
269,2021,00-0034164,RB,2,developmental,7.9,0.2542857142857143,0.0,out,0.4391285546427939,4.766279682232491,10.853950698126631,5.917748548852114,13.476118749931592,0.6661390934089564,1.1804594975027447,2.0242382563230588,9.455528086255184,25.300598491632364,63.82886044355394,141.96647722150286
270,2021,00-0034171,RB,2,developmental,16.4,0.3657142857142857,3.0,depth,0.5506441849358026,9.55427347399578,17.35108394018485,10.309388611511524,18.72241438945452,2.626716113883753,2.5704395136825404,2.1166756310116863,9.795142409432067,26.25856165371308,66.53147489643071,148.51902710413856
271,2021,00-0034177,QB,2,developmental,26.34,0.3356164383561644,10.9,usable,0.4286504307701799,14.14028713937695,32.987922382278526,13.133327135610662,30.638782077072182,5.715375757237181,5.746707630619211,1.4210981708838473,10.748164034199409,34.56035807444834,89.66271136212382,214.47410152368417
272,2021,00-0034193,TE,2,developmental,3.3,0.1299212598425196,2.6,depth,0.288821794174634,6.266541786218308,21.69691454249913,4.856606990321314,16.815237244128472,2.236900930025981,1.8384803078491707,2.15806380762044,8.224782924827315,19.03591381364665,41.73096027360903,91.07237697786408
273,2021,00-0034208,RB,2,developmental,7.2,0.2457142857142857,8.3,usable,0.3265174216112797,6.4104174159446,19.63269642492837,6.5516077998460185,20.06510944351917,5.294282479858095,5.050158893545813,2.0327068911977277,9.524191313582016,25.45989182228281,64.19840246067031,142.728063494394
274,2021,00-0034253,RB,2,developmental,60.2,0.6371428571428571,0.0,out,0.5699550352152292,26.852302119057285,47.11301850139317,26.460927515097183,46.426342220320734,7.503519315001537,7.91194979969179,2.026893613725454,10.051209895938278,27.090842848960158,69.48861001550961,156.45494581307975
275,2021,00-0034270,TE,2,developmental,79.3,0.8503937007874016,62.1,premium,0.9128878463477376,60.354695860289794,66.11403153383583,57.67085230721922,63.17408270681613,13.265164434820957,13.808479185779705,1.7813279767367034,8.849473739617235,20.70956493484965,46.92117576825969,104.61822694510086
276,2021,00-0034272,WR,2,developmental,61.0,0.6757322175732218,37.5,starter,0.6685483072430559,45.912474777770726,68.67488000546068,45.49574498124245,68.05154465031369,15.495264710396398,14.941053135377174,2.011145397780197,10.98129941997732,28.85349130879299,64.98124875174152,130.4237131116935
277,2021,00-0034279,WR,2,developmental,16.2,0.3765690376569037,6.2,usable,0.516929530497263,15.897519745838832,30.75374651269416,14.601371190346931,28.24634757527021,4.619296450657542,4.426840557064185,2.2338683097246466,10.980920605580437,28.656875551722838,63.62193391738446,126.49430049763866
278,2021,00-0034297,WR,2,developmental,87.8,0.7845188284518828,19.1,starter,0.6631343607914351,35.935876054684414,54.19094255920595,36.09734171241412,54.43443116012387,11.5196401774186,11.479440912014423,1.897049562080676,10.99397885256199,28.93401584075887,65.51026194733718,131.90687939065958
279,2021,00-0034301,RB,2,developmental,152.0,0.8771428571428571,0.0,out,0.888009984264815,89.18153698433521,100.42852959380716,85.2709479866465,96.02476266890451,52.73034496620111,50.63652198200273,2.037365770995712,10.91355363074901,29.418866010292334,76.2155420816575,172.76388067127473
280,2021,00-0034311,RB,2,developmental,7.2,0.2457142857142857,0.0,out,0.2546752895082792,4.661219972348031,18.30260007300983,4.8188601346380215,18.92158498746446,0.3951764784149532,0.4987897252898969,1.9994209424218576,9.408681405918962,25.16947714146817,63.48280719794533,141.15055365557137
281,2021,00-0034317,WR,2,developmental,1.7,0.0815899581589958,10.2,usable,0.1455210963031045,1.9721085338067152,13.55204560649426,2.34671605839317,16.126294523683477,8.762824651935059,8.300620890324964,2.0712027263222823,10.434671107116388,27.00542905305912,59.21579726196509,116.5395369539864
282,2021,00-0034331,RB,2,developmental,2.3,0.1285714285714285,0.0,out,0.2533597581060089,5.6491195476366425,22.29683036432715,5.176562055990358,20.431666396778045,0.6752328378593422,0.5498609411689719,2.16328452871759,10.248392464656163,27.126799860029266,67.9541018545143,150.3068390800873
283,2021,00-0034348,WR,2,developmental,92.24,0.797071129707113,137.2,elite,0.6824698218868128,40.93392151907271,59.97909388272054,40.00839948568866,58.62295767903424,73.2501820612053,74.1703156660062,1.90776311711688,11.082207828836127,29.16146850679009,66.05599586440529,133.04959639542574
284,2021,00-0034351,TE,2,developmental,111.0,0.9251968503937008,77.3,elite,0.9188722704584226,72.71246096581496,79.13228345604436,70.03002762618382,76.21301662661564,16.39602484445371,14.68402355294938,1.623902518328154,8.444647637700367,19.853316097054385,45.19428873977728,101.05795605867652
285,2021,00-0034353,WR,2,developmental,8.5,0.2489539748953975,0.0,out,0.2406648328580416,8.199239543453926,34.069121965527565,8.310039147782451,34.5295116411304,0.9946084264429436,1.059889696479842,2.1759506173282883,10.481926686021376,27.332745348309675,60.36695593105461,119.56866668133917
286,2021,00-0034364,TE,2,developmental,22.7,0.547244094488189,13.2,starter,0.4864756288686545,14.41715715279469,29.635928908346685,13.407441431337483,27.560355824027138,6.2809111795324295,6.169751006787681,1.682367294432662,7.7470204168994385,18.162245617265096,40.689775645215,90.01600222663515
287,2021,00-0034365,TE,2,developmental,21.8,0.531496062992126,6.6,usable,0.6432690699225144,17.6725540869349,27.473035644421177,17.69722322781342,27.511385290054683,5.302447720797138,5.230993068059364,1.6097136366502296,7.4469402147117405,17.502208676200603,39.22233539112653,86.77372200425499
288,2021,00-0034366,WR,2,developmental,0.5,0.0104602510460251,0.0,out,0.2019837724073875,4.069093055208228,20.14564341832939,4.250971668706635,21.04610493229483,0.3520437041935715,0.3909480390853384,2.013087385473165,10.437072245584975,26.91174953544044,58.83175056079799,115.45390379590144
289,2021,00-0034367,RB,2,developmental,78.6,0.6828571428571428,0.0,out,0.8211572258289329,62.1261909300346,75.65687663202394,58.28345896850309,70.97722230924502,32.05219150551468,29.416892277634865,2.248913404651581,10.889403975478144,29.26611179199764,75.10615426643119,169.27587555982083
290,2021,00-0034378,RB,2,developmental,6.4,0.2314285714285714,0.0,out,0.3047638596691818,6.492453285621205,21.303225693061837,6.698453756236424,21.97916040145813,0.7120462952765507,0.8717087594298771,1.9789446880187676,9.357327466075368,25.02457625797707,63.085372939222,140.1974123742712
291,2021,00-0034383,TE,2,developmental,131.8,0.9803149606299212,93.5,elite,0.9394645953571206,85.21649563844008,90.707511554543,81.18874073592355,86.42022396284248,11.416429742803132,8.213353432477621,1.5592289304172298,8.413040042251541,19.799048500843465,45.19840705879014,101.2319771320264
292,2021,00-0034395,WR,2,developmental,1.0,0.0502092050209205,0.0,out,0.1697519521142311,2.291928122387988,13.501630431004893,2.684728175952491,15.815595299580757,0.1283241117534301,0.1926771499752733,1.9955412489992372,10.307406787397346,26.64230906728513,58.35800718069948,114.70775320477269
293,2021,00-0034400,RB,2,developmental,1.0,0.0371428571428571,0.0,out,0.2479359125519338,2.7646281567506152,11.15057568020334,3.2878560571013216,13.260910947754017,0.2067121342692872,0.3397260136722217,2.0112931176908906,9.624204367292144,25.49229475714318,63.67385568396051,140.46816728836853
294,2021,00-0034401,QB,2,developmental,44.02,0.4041095890410959,4.06,depth,0.3711428099031952,28.2686641710208,76.16654133322449,26.51183639068239,71.43297858201117,5.7978288911414495,5.642952847519261,1.4966375713050435,10.994488303931115,35.413359730594344,92.11764136396388,220.89109173554317
295,2021,00-0034407,WR,2,developmental,35.2,0.4958158995815899,17.5,usable,0.5613304100886016,22.979779197666367,40.93806211931256,22.355200866334656,39.82538708851719,8.468317578784005,8.470373680790853,2.3433111932133643,11.368620882780933,29.74746546693889,66.36049496362307,132.47090401307963
296,2021,00-0034411,WR,2,developmental,102.0,0.8138075313807531,0.0,out,0.8892034206655699,80.88535859198413,90.96384102013612,78.84098375773044,88.66473286699444,51.52275285884832,50.59093636886281,2.0601482527843684,11.72080615029357,30.773559693416782,69.6939267816703,140.4060286570086
297,2021,00-0034414,RB,2,developmental,89.1,0.7342857142857143,14.3,usable,0.7046447255866374,53.87758801859285,76.46064188409015,52.45426847871971,74.44073101526446,18.827853743574085,18.480919760943504,2.124653733582122,10.720067875718229,28.84844857052982,74.24795942308356,167.59680350973466
298,2021,00-0034418,WR,2,developmental,105.82,0.8389121338912134,47.6,premium,0.8873152558582986,83.61648322394443,94.235372007734,81.57902780374404,91.939169607574,24.682624522631382,24.03342737209572,2.108565870935406,12.118951240456564,31.76965024773071,72.0032190462127,145.11958973389972
299,2021,00-0034419,WR,2,developmental,77.1,0.7468619246861925,34.9,starter,0.7380001343714007,51.653665591306286,69.99140404669822,49.9926292954116,67.74067776829519,15.259176017777056,14.806963603015433,2.0268987334502984,11.36699744936642,29.846624719453363,67.41287149066842,135.55457838368247
300,2021,00-0034433,RB,2,developmental,2.0,0.1057142857142857,8.5,usable,0.2063749356804052,5.130124116289046,24.858271181892068,4.387581728239396,21.260245163851,5.897900744970426,6.315186268120065,2.186350651018739,10.264941932587544,27.154560615144995,67.94705392644421,150.18203037055508
301,2021,00-0034440,RB,2,developmental,72.7,0.66,0.0,out,0.7580421847044382,46.60265153347793,61.47764923089126,44.11775804210101,58.19960805915121,20.5549122096283,19.13574303125122,2.24427833574595,10.776166511705268,28.9672241653567,74.27097616256097,167.29225271418846
302,2021,00-0034449,RB,2,developmental,3.1,0.1628571428571428,0.0,out,0.3376455685447515,8.08408703032772,23.942523709610764,7.223227157844918,21.39292746822339,1.351823666919695,1.0581482499837245,2.163148426531501,10.238787108090689,27.13789204853483,68.08805376489664,150.7896443985947
303,2021,00-0034487,WR,2,developmental,18.7,0.3933054393305439,17.1,usable,0.5318968636205813,12.060839083566226,22.675146082774425,13.123562568866882,24.67313395972256,8.570210698142617,7.785922995950631,2.1995280180806054,10.803875188930828,28.24258169000916,62.76509490576795,124.88842129753198
304,2021,00-0034521,WR,2,developmental,104.5,0.8221757322175732,38.1,starter,0.8956796966747532,79.93708568993102,89.24740170699488,77.90417906182093,86.97772133391358,26.08911784221188,25.415668358612564,2.100621803508414,11.934517091418977,31.31059185000153,70.91836254347817,142.8898949003012
305,2021,00-0034577,QB,2,developmental,9.9,0.184931506849315,-1.3,out,0.4204611854862671,16.075136241383653,38.232152684421074,15.832270146613157,37.65453433782002,3.516982687034785,3.677473164957229,1.3764016494098763,10.521511022800848,33.691880997442155,86.84584400510086,206.65551607766972
306,2021,00-0034578,RB,2,developmental,1.6,0.0885714285714285,0.0,out,0.1800320863284418,3.4567655805609467,19.200830535589034,3.5228921139678917,19.568134690951133,0.2336831204052711,0.2544747434107153,2.055567965364243,9.85498125321726,26.106395883170723,65.33160076200616,144.3456489677925
307,2021,00-0034597,RB,2,developmental,4.8,0.1971428571428571,0.0,out,0.3946882456062308,11.922455170712068,30.207271950547927,10.48772632400258,26.57217801835904,2.44600585660441,1.8543226768916607,2.275529910913396,10.436641416163184,27.695301894472323,69.55501909140338,154.2494272907832
308,2021,00-0034614,RB,2,developmental,29.3,0.4828571428571429,0.5,depth,0.5321899954212292,16.106168435944152,30.26394440804189,15.772211922882525,29.63643070816991,3.844770402761093,3.920018806998488,2.144769717623333,10.12592259629514,27.176701925901583,69.19126380277177,155.0072647982987
309,2021,00-0034646,WR,2,developmental,6.0,0.202928870292887,40.1,starter,0.4045590515636006,6.955663400157653,17.19319682324338,7.58899239557251,18.758676554736404,29.95431250853116,28.92996136469196,2.0902265354346063,10.204277304963751,26.59859148563273,58.65383497346959,116.00359218980688
310,2021,00-0034652,WR,2,developmental,9.0,0.2656903765690376,0.0,out,0.3451304048987517,8.11601905725615,23.515804293270207,8.193022579072203,23.73891857333093,1.250655161541589,1.355805744594159,2.160896106040183,10.503349206944904,27.391955825133877,60.54557482274176,119.97878352994204
311,2021,00-0034669,WR,2,developmental,2.0,0.0983263598326359,0.0,out,0.1755573722773786,4.179794755954113,23.80871108819107,3.94585969156026,22.47618337170054,0.3356387329743961,0.2848580489330734,2.206414184106986,10.934278302739566,28.24674761953991,61.9323483128478,121.91669231954911
312,2021,00-0034672,TE,2,developmental,0.8,0.0236220472440944,0.0,out,0.1557467306009767,2.974709632767793,19.099660206601712,2.709703886126719,17.39814297013388,0.2497763983583345,0.1879172877416719,1.9045679657668144,7.724280200424251,17.849286425449947,39.01718892783771,84.8559868196182
313,2021,00-0034676,WR,2,developmental,41.8,0.5502092050209205,0.0,out,0.614448666943229,35.42096758446704,57.64674819896665,33.88030158194411,55.1393524059422,13.593442710999168,12.569967101358689,2.361448779842093,11.704722564370552,30.60612416756055,68.42605563524,136.7828587566519
314,2021,00-0034681,RB,2,developmental,105.8,0.7971428571428572,29.7,starter,0.7503808524542053,69.68455799407297,92.86558654336896,65.15737576904671,86.83240724485727,22.74436059054265,20.99670396949135,2.0293047489363296,10.682095239656338,28.77198756082804,74.28835317126584,167.98931032560958
315,2021,00-0034686,WR,2,developmental,10.9,0.2928870292887029,0.0,out,0.4033127718286583,10.4592676566602,25.933390626924336,10.074776717144076,24.98005870596184,2.011105031225883,1.9366554120724613,2.222945472840188,10.71895713789361,27.9531308123211,61.83894797640056,122.64366813597088
316,2021,00-0034750,RB,2,developmental,115.7,0.82,3.8,depth,0.8410701094115779,57.83030766316645,68.75801079606215,56.20505906694363,66.82565274643433,23.71746622545754,23.166190487696177,2.087184522612924,10.984729818486732,29.55659642559548,76.35727316528111,172.75620039601878
317,2021,00-0034753,TE,2,developmental,202.6,0.9960629921259844,92.4,elite,0.9325747141057728,99.97882361714996,107.207306937351,93.05712443796968,99.78516791247154,18.53144338301116,13.952201985480292,1.912062746393436,9.266223661514717,21.749803789700927,49.547927244608886,111.00046644028156
318,2021,00-0034764,WR,2,developmental,56.5,0.6422594142259415,55.8,premium,0.6802475239964962,48.09355935074991,70.7000873273265,47.15731631194078,69.32376032019732,16.394314498622315,16.007975548407376,2.140589975537825,11.289101639422377,29.612627253558124,66.5462090930687,133.41718969595954
319,2021,00-0034765,WR,2,developmental,58.7,0.6548117154811716,0.0,out,0.6873609761569051,45.32214164868415,65.93644856314681,44.45121431315906,64.66938894565948,20.039915263503417,19.899299814529083,2.121776359433347,11.277696175923156,29.589146450931747,66.5359328687135,133.4458011410841
320,2021,00-0034766,TE,2,developmental,10.0,0.3425196850393701,0.0,out,0.5241689068004829,11.561862036532723,22.05751216169252,11.546097692047171,22.027437229202192,3.1713565731059337,3.2263987804808743,1.8038225886607655,7.585289611940153,17.73801641499068,39.36715409727172,86.57598245257219
321,2021,00-0034771,QB,2,developmental,18.38,0.2808219178082192,43.56,starter,0.3207417888241921,31.22195149283884,97.34294869182916,26.619357753546105,82.99310748103655,26.60090727110142,29.233575462176606,1.5363244573925343,11.318835785497448,36.21411986742898,93.64453676281056,223.4917442962999
322,2021,00-0034775,WR,2,developmental,132.62,0.8849372384937239,98.26,premium,0.9183901762641616,105.33675382797448,114.69716962398766,101.16386843852196,110.15347403871148,21.300868682541548,21.060202144866484,2.195434972625099,12.58807127225378,32.98219285128901,74.86779580468486,151.08494190756676
323,2021,00-0034777,WR,2,developmental,27.4,0.4581589958158996,85.0,premium,0.4082425704804919,23.463868946771736,57.47531160005021,22.939130749677187,56.18995275940568,50.29891539143914,50.9567067658628,2.29454038526438,11.2057285656978,29.300034005186195,65.26795567811352,130.12545043923294
324,2021,00-0034791,RB,2,developmental,200.3,0.9628571428571427,19.1,starter,0.9124646594802928,136.4083585164009,149.49440189178858,132.44887601586495,145.15507492783675,86.60713763071695,83.79379698834839,2.080747072712722,11.481440890088548,30.9079981234544,80.33482114929434,182.49768880349552
325,2021,00-0034796,QB,2,developmental,250.98,0.8013698630136986,351.72,elite,0.942384019381049,257.87523500829394,273.6413497097123,251.77778602146415,267.1711116099252,59.78667185537064,63.07592062533455,1.9250692161702443,14.41143496063584,46.20354288556385,122.00709823429172,295.8637599721192
326,2021,00-0034798,TE,2,developmental,37.5,0.6535433070866141,38.6,premium,0.7775441895468819,23.721977137936165,30.50884754442095,26.316815496637098,33.84607055191727,12.400430733246557,9.470139901039245,1.485421869762085,7.281534157099109,17.188736876454385,38.77070729610786,86.12669362380025
327,2021,00-0034799,RB,2,developmental,5.4,0.2142857142857142,0.0,out,0.4391762907706743,7.493327154692219,17.062230617100926,7.9233714138218625,18.041437072838768,1.2483131165252257,1.5817865737698291,1.9646832571863648,9.36051241208228,25.00960263597684,63.00173755322936,139.91418880571428
328,2021,00-0034808,RB,2,developmental,1.3,0.0685714285714285,0.0,out,0.1809068982021022,3.8102963521672346,21.06219491923695,3.251946208926365,17.975799934911354,0.320996589127108,0.2199488588070042,2.119651706315957,10.08217273120592,26.65436046595189,66.61117824358986,147.0431839271888
329,2021,00-0034816,RB,2,developmental,73.2,0.6714285714285714,0.0,out,0.8322639186805039,67.17045426381111,80.70811764891256,63.06514317534921,75.7754142163637,35.99244009893607,32.75725792588737,2.3059146581379006,11.098005574927836,29.784778301618253,76.3702918051094,172.03315114370503
330,2021,00-0034827,WR,2,developmental,154.0,0.9393305439330544,198.5,elite,0.9229628827969072,116.35320661311304,126.06488167814642,112.02700987621792,121.37758946138338,55.32169745823098,60.4083769861285,2.085916685844502,12.439019860696924,32.629528726866624,74.28211707819129,150.14507717591425
331,2021,00-0034829,TE,2,developmental,94.0,0.9015748031496064,40.4,premium,0.9280424184272694,72.95444378925706,78.61110908366791,69.58757392913081,74.98318239273928,23.286210810164015,21.224073078627647,1.5737602408390412,8.287275391947613,19.486034251478785,44.33315816253432,99.06629535045104
332,2021,00-0034830,TE,2,developmental,41.1,0.7086614173228346,25.4,starter,0.734245932077521,28.86821992972807,39.31682651349057,28.83659635912871,39.27375706057595,9.125166708977131,8.498466227142927,1.5173283210520667,7.660495392195059,18.024379443631226,40.71408760024041,90.51570877425058
333,2021,00-0034837,WR,2,developmental,41.1,0.5460251046025104,154.9,elite,0.4209395883101199,33.22762329333881,78.93679809668778,32.41038861297009,76.99534449369087,98.11718070692858,99.39224085274566,2.3406681231998907,11.611246725068057,30.3710140707116,67.89580350896821,135.71270977830622
334,2021,00-0034838,RB,2,developmental,25.6,0.4485714285714285,48.7,premium,0.5366806599880436,20.548801028689336,38.28869299882565,20.125498634655813,37.49995133997222,26.01342897118246,25.80132897908825,2.226466248203742,10.29770058486359,27.59355188063809,70.1123963137404,156.88761543606037
335,2021,00-0034844,RB,2,developmental,109.6,0.8085714285714286,188.2,elite,0.7102864468547025,50.847020401382274,71.5866403287625,48.18035374107666,67.83228647319595,108.2439204694173,112.1849930336116,2.07457952972031,10.91047135949102,29.358629183591464,75.81481376828724,171.47313893940054
336,2021,00-0034845,RB,2,developmental,128.3,0.8371428571428572,0.0,out,0.8845834861201859,81.99262477078219,92.69065730630436,79.53489706479883,89.91225623444731,46.52056676114924,45.2545035256605,2.1004464566769423,11.040600405069688,29.71691502284144,76.8238347098329,173.91074947187343
337,2021,00-0034854,WR,2,developmental,21.7,0.4205020920502092,31.7,starter,0.4500838040759156,7.293645893953583,16.205084093013404,9.692506924812369,21.534893806526604,22.744857052743072,19.279271560838488,2.0162310400115557,10.16398512632121,26.678795074310116,59.43140358372223,118.4168850672602
338,2021,00-0034855,QB,2,developmental,186.9,0.6506849315068494,286.06,elite,0.9477642227106464,170.29019892064468,179.6756987023707,171.2221666240985,180.6590315620859,68.32090816549078,68.08368080434018,1.6436887241729583,11.843130745551491,38.30467314464672,100.6512390911927,243.3345621211205
339,2021,00-0034857,QB,2,developmental,414.58,0.9931506849315068,402.64,elite,0.958017025400824,275.52470669845394,287.59896681708483,270.2426081296889,282.0853919758078,103.95512338754368,107.78585909219848,1.6504981105369547,14.234462035193234,45.75235132485444,121.99237875816402,297.440645767256
340,2021,00-0034860,WR,2,developmental,16.34,0.3828451882845188,0.0,out,0.2566510313519878,10.551986793218711,41.11414139905416,10.28599861880054,40.07776070337958,1.380695886973465,1.3684232956797402,2.138960717160172,10.674842242865768,27.899380298467687,61.99151961909945,123.29742159255537
341,2021,00-0034867,WR,2,developmental,32.9,0.4790794979079498,0.0,out,0.4457189787304085,11.240695660657078,25.219243956528874,12.177202151525616,27.320358191188785,2.14154631140306,2.6636355397455223,2.2054694815381324,10.802185908936824,28.32981913551577,63.20325088808288,126.14882181751516
342,2021,00-0034869,QB,2,developmental,171.28,0.6232876712328768,29.38,starter,0.9208546400821996,167.01662559642986,181.3713243400948,156.56248304680145,170.018672037995,89.7652321225039,81.65990591144907,1.7672679246129848,12.3034984099754,39.69785444439727,104.11370019006128,251.45328681207025
343,2021,00-0034930,WR,2,developmental,11.3,0.3117154811715481,0.0,out,0.3412633860934864,11.766988316785772,34.48066448465204,10.787106913340333,31.609329781382677,2.063085693763652,1.7832790548437174,2.199435251780243,10.757480554523012,28.05056251298341,62.11033412638141,123.23939441873624
344,2021,00-0034959,RB,2,developmental,1.0,0.0371428571428571,30.8,starter,0.2242720338014117,3.6297226719949047,16.18446406567548,3.4495337680014924,15.381025041472554,25.94368708715959,26.2185602570614,2.0934681592249365,9.914127799195676,26.215241789171,65.43873760321772,144.32868569966865
345,2021,00-0034960,WR,2,developmental,107.3,0.8430962343096234,150.58,elite,0.9075905049894027,95.65965240154432,105.39957378979108,93.1228957621307,102.6045284191443,25.59752651674268,28.61578553161592,2.1374989342981543,12.26137998437866,32.127492046227495,72.81543560929114,146.7636560440013
346,2021,00-0034972,RB,2,developmental,97.9,0.7742857142857142,110.2,premium,0.8379742175685791,72.00127927741495,85.92302456074363,67.62937402390008,80.70579333589741,32.06557358429775,34.73536044001166,2.1822067022541667,11.171973243332728,30.00948861859004,77.33076663245969,174.69815317108134
347,2021,00-0034981,TE,2,developmental,61.8,0.8149606299212598,25.3,starter,0.8332572071502923,42.52449889887679,51.03406071254871,39.41779556598013,47.30567611984717,11.61881608087858,10.731509330334497,1.5136406030037362,7.933568352944414,18.6624120553686,42.33411729011286,94.38109658328467
348,2021,00-0034983,WR,2,developmental,167.1,0.9476987447698744,26.5,starter,0.9045029641359146,107.22572656473076,118.54657288731512,103.73682240348884,114.6893117178341,57.42551649974431,55.15987277411345,2.084820880343745,12.38317231694891,32.50664256696569,74.03287456904444,149.6996505086556
349,2021,00-0034988,TE,2,developmental,5.3,0.2165354330708661,0.0,out,0.4759373322974538,7.39665303944937,15.541233136186449,7.504577853588236,15.767995793399928,1.7122284966874135,1.8016746780727724,1.8652431153549804,7.532513228939205,17.569048653174523,38.76530436504337,84.92121231358652
350,2021,00-0035021,WR,2,developmental,48.0,0.5920502092050209,0.0,out,0.7920842110038656,28.574557082385017,36.07515045170565,29.68278640163104,37.4742811297954,11.84254806578707,13.226270155816676,2.1143511012467284,10.95628465045942,28.762314812119172,64.50936277726305,129.17091814175873
351,2021,00-0035022,WR,2,developmental,14.4,0.3577405857740586,0.0,out,0.4804396354294359,11.85863584638287,24.682884116717705,11.71564479381662,24.385258687794806,2.6356673172714924,2.7121612687440475,2.1507791667894787,10.665324235257565,27.85763842105339,61.826391908361565,122.86943059604668
352,2021,00-0035040,QB,2,developmental,0.6,0.0342465753424657,0.0,out,0.3193568476140603,8.893099570639928,27.846904292426984,6.01878854506696,18.84659305110817,1.564579605942357,0.56600459267956,1.2865928773753963,11.591204188766913,36.44940834428238,93.29233440752886,220.21475023291185
353,2021,00-0035045,WR,2,developmental,4.1,0.1631799163179916,11.6,usable,0.1878245973323016,7.468791296214349,39.76471347360575,6.896284518387667,36.71662080652128,8.418356753588691,8.76633474489125,2.436108808486169,11.574495143285857,29.914744161048805,65.70701086217528,129.63038814154493
354,2021,00-0035099,RB,2,developmental,3.0,0.1457142857142857,3.8,depth,0.3483271865767072,7.772702327577319,22.314371737577957,7.133133643986311,20.47825699190861,2.4767650982173057,2.5713008180375008,2.2483851343490584,10.422822623583336,27.59772167419141,69.15594235337883,153.0679104377218
355,2021,00-0035101,WR,2,developmental,1.7,0.0815899581589958,0.0,out,0.1921450882311032,4.500266741784673,23.42119063887785,4.132899965196765,21.50926679023876,0.4155087514973781,0.3337028485388331,2.209787255728872,10.950647633418985,28.26914218175753,61.93296661547927,121.84337485300472
356,2021,00-0035125,RB,2,developmental,19.6,0.4085714285714286,12.9,usable,0.5713607155898284,15.041289545236715,26.32538278328999,15.218617095891853,26.63574285148627,6.306026265678275,5.834951068085154,2.106459948917744,9.89111185989649,26.523923757739997,67.32902253103146,150.48682639855107
357,2021,00-0035126,WR,2,developmental,38.8,0.5334728033472803,0.0,out,0.5048844750053675,27.53577787106177,54.53876923185059,25.605482424329004,50.715527396751085,8.095478845277913,7.111457359511714,2.337951597127127,11.56714082057807,30.25214891159068,67.59404108770897,135.05874595058063
358,2021,00-0035140,WR,2,developmental,89.9,0.7887029288702929,13.7,usable,0.8268434290306601,69.68368255096831,84.27675676477364,65.2960240500021,78.97024002059388,31.925754460858148,29.13792255797666,2.1363687459043104,11.98868146748361,31.42077504305445,71.04944015955739,142.9966766934042
359,2021,00-0035164,WR,2,developmental,0.5,0.0104602510460251,3.0,depth,0.1877003529706815,2.8469988959538672,15.167786585881183,3.026066919375351,16.12179663747365,2.4480562051793884,2.261779924401015,1.9788626232231936,10.307161948151174,26.594708285181056,58.15213952534794,114.13113858513748
360,2021,00-0035184,RB,2,developmental,0.4,0.0028571428571428,1.3,depth,0.174865707602644,1.801105510393727,10.299935505287676,2.111387263383025,12.07433574215039,1.157598059616063,0.9880869743631268,1.921735112934384,9.502997821941674,25.131612162009457,62.70516427507757,138.13374604221826
361,2021,00-0035187,RB,2,developmental,17.0,0.3742857142857143,0.0,out,0.3648697576089862,9.995519514117085,27.394760200511914,10.192197635065888,27.93379671106748,1.5284308402647897,1.698171458232089,2.191954240685721,10.082550345452312,26.989001629860702,68.36956151324105,152.6297035717735
362,2021,00-0035208,WR,2,developmental,62.3,0.6882845188284519,29.4,starter,0.7774977942862469,49.17121437106768,63.24289886405079,47.16007824288192,60.65622126449309,13.46498519582319,12.6942120629447,2.0878587966311533,11.375746956687651,29.83764096709545,67.19966556161326,134.88707415339744
363,2021,00-0035215,WR,2,developmental,83.1,0.7635983263598326,28.0,starter,0.7751306231045296,56.99175862303207,73.52536066085275,54.011518680825205,69.68053779697145,17.69094975071321,16.504073299572596,2.122360044368271,11.804324232999248,30.94970249246073,69.91548065806249,140.6261300592943
364,2021,00-0035216,WR,2,developmental,172.4,0.9644351464435148,102.7,elite,0.9117390653120732,117.25869663024088,128.60992919076597,112.01561348935375,122.85928918819846,26.83949529862683,24.08460341450019,2.013151780042441,12.19323314589418,32.033768212428704,73.0362936703171,147.7643169258009
365,2021,00-0035217,RB,2,developmental,16.1,0.3457142857142857,0.0,out,0.7311983437813506,20.576799606202457,28.141201058786194,18.50651986799906,25.309849270573626,8.151802627858785,6.698905854032608,2.3604870405566105,10.483125880364362,27.997009990731502,70.76443787263648,157.81330947734278
366,2021,00-0035218,RB,2,developmental,1.0,0.0371428571428571,0.0,out,0.219432562485454,3.479199989906873,15.855440735408196,3.366415946929464,15.341460304701222,0.2948606792574728,0.2777020400804249,2.0859965722442517,9.887767141521916,26.14950940216654,65.2782695520406,143.97767645693378
367,2021,00-0035222,TE,2,developmental,17.7,0.4763779527559055,0.0,out,0.55140290054348,15.575982476955517,28.247915383838823,14.914569040281268,27.048405123696305,4.6963306304852495,4.446975552808208,1.7449736612077622,7.726009660673167,18.09546093277073,40.40164898717477,89.19603400155512
368,2021,00-0035228,QB,2,developmental,326.48,0.8972602739726028,149.36,premium,0.9508951663341392,260.0307059058817,273.4588576239627,253.8660270689828,266.97583083493737,105.00095915080544,102.25486713778334,1.7032540546474226,13.853420073784038,44.54250500966739,118.2411144479288,287.56299083244096
369,2021,00-0035229,TE,2,developmental,86.3,0.8858267716535433,127.0,elite,0.9362815663854454,76.77262923657705,81.99737343218348,72.50470324130077,77.43899468320011,31.05067445274091,36.67089896163306,1.5984468155962348,8.361611194138256,19.64037696424741,44.64145874194652,99.6925357164878
370,2021,00-0035243,RB,2,developmental,93.2,0.7457142857142857,66.6,premium,0.7948968295237535,75.51551979592475,95.00040381488044,72.06978873353805,90.66558835907952,18.016165903616567,16.94257505174764,2.205927461156225,11.064687444369936,29.73286667579706,76.52005101727045,172.74914885892073
371,2021,00-0035246,WR,2,developmental,13.1,0.3451882845188284,0.0,out,0.4804688531234448,12.350089484861536,25.704245768639822,12.46780497311161,25.949247057453505,2.664695088755696,2.8969755810908904,2.11395369300323,10.54531840912409,27.54595799362781,61.11328493891092,121.4053338268279
372,2021,00-0035249,TE,2,developmental,11.6,0.3858267716535433,34.3,premium,0.6042726514326384,10.405394286360671,17.21970084479426,10.570745801661118,17.493338109211944,19.76530546462917,19.491769469792697,1.738327676463431,7.52614773296839,17.62011023297842,39.19808381059918,86.32025701402455
373,2021,00-0035250,RB,2,developmental,162.8,0.8942857142857142,140.84,elite,0.9363636016783028,116.09666328077384,123.9867323683733,110.2199491551832,117.7106296716672,29.27628445227878,29.192055656780035,2.134762083132318,11.354319196752025,30.55498840868642,79.16522387261595,179.49833692755294
374,2021,00-0035259,TE,2,developmental,9.0,0.3188976377952756,2.1,depth,0.4597201769004067,7.109012350732127,15.463781465202509,6.908017861285818,15.026570962932444,1.931609450607982,1.820878164887728,1.8751853124798263,7.747653217835704,18.08327485393105,40.06455844405427,88.02306539484114
375,2021,00-0035261,RB,2,developmental,130.1,0.8485714285714285,169.6,elite,0.9277603798107849,101.52474057943516,109.42991616018456,98.95868244680904,106.66405313297764,41.96948182048967,42.350424630890096,2.18600659007696,11.462736596635349,30.793928588092164,79.59958604381424,180.20152170637223
376,2021,00-0035268,RB,2,developmental,9.6,0.2771428571428571,0.0,out,0.2290922177638832,8.72148685294166,38.06976482252474,7.827834863769914,34.16892524842451,0.9521744950077968,0.7929032675046095,2.194056930018073,9.994145051141114,26.68438459688481,67.30776833090103,149.77340312158913
377,2021,00-0035273,RB,2,developmental,22.2,0.4314285714285714,0.0,out,0.4486286214492032,9.785224136532154,21.811412978786294,10.114417060525488,22.5451889980914,1.725737861576329,2.0516914400297246,2.0867416527378504,9.85204767235902,26.44303140238005,67.20053970919608,150.31905835551584
378,2021,00-0035289,QB,2,developmental,35.66,0.3767123287671233,210.2,elite,0.6202079084657548,44.87156694950273,72.34923376018244,46.47669287287992,74.93727867458524,135.44538374328056,132.059591918251,1.3493813041250646,10.34075437661537,33.38663408041239,86.8295043613339,208.06731988977128
379,2021,00-0035291,RB,2,developmental,7.0,0.2371428571428571,9.9,usable,0.4095929329921479,9.372698315108822,22.882959055566765,8.25807325277348,20.16165951020398,5.14532685723842,5.269216142404336,2.166009867506133,9.947408127222998,26.52109661156637,66.78470448491622,148.39256319916376
380,2021,00-0035298,WR,2,developmental,16.1,0.3702928870292887,29.6,starter,0.5305759420884859,20.78351652191234,39.17161498145388,19.57885299202685,36.90113222050618,12.706455882649568,13.069552647911886,2.2471131962300857,10.979570465691944,28.65385246042992,63.59449747652803,126.42048999230488
381,2021,00-0035304,RB,2,developmental,3.0,0.1457142857142857,0.0,out,0.3111395371046332,5.192334991144991,16.6881234042553,5.704858953343307,18.335371346344896,0.5891650532735273,0.7545317007533479,2.170863342489123,10.150220194605696,26.91524514028148,67.48169064493841,149.39112336005837
382,2021,00-0035308,TE,2,developmental,10.4,0.3503937007874015,0.0,out,0.4271844286102093,10.392151512252612,24.32708407949739,8.71730942565127,20.40643066979744,2.5412743217472507,1.8520988201009816,1.8326199616413976,7.687584637705029,17.96482861875136,39.87096175225928,87.69162763229605
383,2021,00-0035311,RB,2,developmental,128.6,0.8428571428571429,0.0,out,0.9290991141904406,102.77665108842716,110.61968472328203,99.06759012330195,106.6275799968051,66.47369425034552,63.35276162027091,2.1756335719094357,11.38459103994405,30.59349697845882,79.06853005585894,178.97989010724564
384,2021,00-0035329,TE,2,developmental,39.0,0.6732283464566929,53.5,premium,0.8293794017997587,32.795277354808576,39.54194821289583,32.819550312547534,39.57121462304091,16.923682580071905,16.606754791919016,1.643685865094716,7.902895994672819,18.55552569424465,41.80157424072078,92.81597462906744
385,2021,00-0035341,WR,2,developmental,3.4,0.1380753138075313,39.6,starter,0.2468608230083621,4.085439187070443,16.5495648004546,4.463856754279386,18.082483481504795,33.47255039324703,32.95518332913835,2.255096030152151,10.9018879432804,28.23671388864344,62.013974660174746,122.28899578568044
386,2021,00-0035342,RB,2,developmental,2.1,0.1171428571428571,0.0,out,0.2653745199780587,4.967116429676522,18.717382626211457,5.250043910615232,19.78352673440279,0.4861841371823132,0.5891886071915975,2.0332592670606946,9.775349612173232,25.93460613904116,64.99659776608819,143.76014596040395
387,2021,00-0035345,TE,2,developmental,7.7,0.2874015748031496,0.0,out,0.3722761737070649,8.129473948251976,21.837212592200064,6.969812862979163,18.722156708485837,1.668578241362538,1.2620058620684371,1.8315718029933388,7.555136098170524,17.649813915265053,39.072021513813546,85.78336963851024
388,2021,00-0035350,WR,2,developmental,7.8,0.2364016736401673,0.0,out,0.4258748205867387,10.32079256758139,24.23433381988202,10.748005488320322,25.23747582332413,2.02321841594401,2.322287420842672,2.1394542374077945,10.34908932744965,26.992736694711784,59.59599346069575,118.0004428225046
389,2021,00-0035356,TE,2,developmental,8.2,0.3110236220472441,0.0,out,0.4364178967926234,13.575051984709846,31.105626246030017,12.289707796500188,28.160412042726094,3.328429083098296,2.74058987458875,1.813826864358312,7.599471717113654,17.75019534678493,39.33507130481244,86.41027218902512
390,2021,00-0035359,WR,2,developmental,1.7,0.0815899581589958,0.0,out,0.1911183871476769,3.858640105677528,20.18979002107192,3.773028702148928,19.741840429165585,0.3272006331743435,0.3084553187571921,2.1646208045549886,10.782484356595042,27.85728208763624,61.04740675203585,120.11478699023276
391,2021,00-0035399,WR,2,developmental,10.9,0.2928870292887029,0.0,out,0.4761910452465064,7.258611327456085,15.243065571925172,8.637925974558565,18.139622869403247,1.2499388849111366,1.9564161729361984,2.038468806087013,10.048181237761238,26.29589611526036,58.2421388579556,115.5664861125471
392,2021,00-0035406,WR,2,developmental,37.9,0.5209205020920502,34.2,starter,0.6166737092307444,22.976015373517715,37.25797780835934,22.790525340635952,36.95718659559117,14.136811770290729,13.989024121858543,2.273944500509062,11.240640761004329,29.438449871443297,65.76585548240483,131.38835786966888
393,2021,00-0035414,WR,2,developmental,68.2,0.7217573221757322,16.9,usable,0.8064181447407175,57.3614161329418,71.13110798292473,54.99352520260417,68.19480137105036,21.924320522711643,20.9117956996038,2.046879337814421,11.395547963419268,29.897859715013645,67.44591461130277,135.5072639557275
394,2021,00-0035428,TE,2,developmental,0.9,0.0393700787401574,0.0,out,0.2446531235387465,4.0394738825806185,16.511025177820272,3.32000361458839,13.57024822150938,0.5722686297861141,0.3683096910068926,1.916591011737793,7.808535984931319,18.036110338159865,39.44469178478496,85.81423706833895
395,2021,00-0035432,WR,2,developmental,5.6,0.1945606694560669,0.0,out,0.1338173188870475,6.119019126478699,45.72666062487502,5.876111365338375,43.91144146519839,0.435057166721374,0.3711790860192758,2.4877841497734856,11.657723416456353,30.167958335696262,66.34399209566945,131.04506966925135
396,2021,00-0035448,RB,2,developmental,0.7,0.02,0.0,out,0.1922248004124203,3.5094856241199066,18.25719478751061,2.9025927596280865,15.099991017811146,0.3231428470366895,0.2061882580540621,2.1056795204722394,10.03782255375368,26.496027007174924,66.07655049974039,145.61537489118083
397,2021,00-0035457,WR,2,developmental,6.6,0.2196652719665272,0.0,out,0.4401430671962805,10.047276165447554,22.82729620041249,10.308939703768758,23.42179275806136,2.0571134470353405,2.300387561569826,2.131894414491756,10.3854442008337,27.057245278257074,59.69268740730399,118.1074219084608
398,2021,00-0035480,WR,2,developmental,1.9,0.0899581589958159,1.3,depth,0.3234127258005032,6.106266969885796,18.88072571903816,6.241363770347209,19.29844830594943,1.352436303675999,1.3921770517544978,2.190683441241193,10.849050616395855,28.03294598965239,61.447327614356965,120.93735310254336
399,2021,00-0035500,WR,2,developmental,4.9,0.1841004184100418,44.0,starter,0.3864719216593786,12.976087206975263,33.575756684367576,10.713697071771469,27.721799363251296,27.232313126620376,30.610176234618613,2.535657346503257,11.910410129794146,30.76776555920694,67.61128717740716,133.4654569519487
400,2021,00-0035510,WR,2,developmental,12.2,0.3242677824267782,0.0,out,0.4804428188891881,13.808903874496885,28.74203408102524,12.549815364880317,26.121350702870785,3.492186124080648,2.9678085549592126,2.230042060079722,10.879911183390208,28.36465204442147,62.82946008124028,124.70994974210464
401,2021,00-0035527,WR,2,developmental,2.8,0.1234309623430962,0.0,out,0.3339453999499524,9.159437603101065,27.42794961234312,8.744809439179331,26.18634495486356,1.5609474009532225,1.3562401103539043,2.328065659383592,11.257339849460228,29.08237478413787,63.79789937612848,125.69710324901617
402,2021,00-0035535,WR,2,developmental,47.6,0.5878661087866108,102.0,elite,0.7532290802606052,48.15213231355616,63.92760658802006,46.816747279596605,62.15472623998898,39.5254607059737,40.60346237598128,2.288484596616396,11.596459930905166,30.35514930075214,68.00082658529192,136.09326356317405
403,2021,00-0035537,RB,2,developmental,87.5,0.7114285714285714,28.9,starter,0.8139241290601578,57.708738294621504,70.90186447876668,53.38781579629383,65.59311106545152,15.521399802711322,13.829621095219878,2.1841650576113443,10.756985706592848,28.94434450707833,74.40074914732095,167.84535612550525
404,2021,00-0035544,WR,2,developmental,12.4,0.3305439330543933,0.0,out,0.370383104242613,10.93440254573137,29.521871868563903,9.989674086742818,26.971192725355134,1.9905848087605944,1.710046325261093,2.1874242969760145,10.758612586644963,28.06640362044316,62.200875163015766,123.49368223203118
405,2021,00-0035547,TE,2,developmental,16.7,0.468503937007874,0.0,out,0.4895961426635209,12.3951274940045,25.31704483326201,11.830488004477816,24.16376881590021,3.178849171018557,2.99599478758808,1.7388415099733665,7.713845634079306,18.062687416041012,40.31616186521304,88.98306481145246
406,2021,00-0035562,TE,2,developmental,15.6,0.452755905511811,2.9,depth,0.5516907832396973,12.963539367856084,23.497835674778194,12.673718568222345,22.972503716299887,3.685324704885456,3.515063651035959,1.7303198966514353,7.650449267941642,17.917894964686905,39.971524662913154,88.18832730722407
407,2021,00-0035567,RB,2,developmental,29.2,0.4771428571428571,31.6,starter,0.3549979922228055,13.325056263980084,37.535582048072406,13.11483147308556,36.94339618927864,19.569015287760323,19.35874601526954,2.2168110203642497,10.334448837464882,27.70548730511973,70.48735090270849,157.86630025126442
408,2021,00-0035572,TE,2,developmental,4.3,0.1653543307086614,1.0,depth,0.3232654098958061,5.237963609977193,16.20329131924593,4.558286594922521,14.10075577338056,1.2439946324817566,1.0553818985104169,1.8557600075664045,7.351059351099896,17.159682863232295,37.79212626492144,82.69023243029037
409,2021,00-0035593,WR,2,developmental,5.8,0.1987447698744769,0.0,out,0.2897353038457103,5.645481887957329,19.484963734221555,5.619317738771499,19.39466010591479,0.695272397956403,0.747463691610653,2.110184963119398,10.281370974458264,26.78376635920312,59.04292974280728,116.74822314093942
410,2021,00-0035594,RB,2,developmental,57.3,0.6314285714285715,6.0,usable,0.8551280081592559,39.49363626942791,46.18447284219085,36.18307664573835,42.31305290026209,14.765825789977027,12.775716898046069,2.2691942291221023,10.956416428867616,29.38279240138676,75.22127435371183,169.22047690551338
411,2021,00-0035602,WR,2,developmental,0.7,0.0292887029288702,0.0,out,0.2041740387272292,3.4885122600453418,17.085973720223535,3.5022447769991096,17.153232599165115,0.2928091445428928,0.3011110067243425,2.0215915526953645,10.455484362633191,26.977036229023906,59.022234201941146,115.90606924063236
412,2021,00-0035603,TE,2,developmental,5.7,0.2519685039370078,0.0,out,0.3491647999854443,6.556184607635375,18.776762743291084,5.895707387573544,16.885171093475968,1.190453291099649,0.9925190679040528,1.7624188643025729,7.392816226307077,17.267613585256985,38.18981384443681,83.75687021916798
413,2021,00-0035621,WR,2,developmental,2.5,0.1108786610878661,0.0,out,0.3456009707988656,6.33680962497839,18.33562449298302,6.844282926605562,19.804003764181637,0.9042221805803168,1.0806300907538544,2.209556224676581,10.82857847578659,28.01626000180276,61.46629741167414,121.08180731226966
414,2021,00-0035624,TE,2,developmental,18.4,0.4921259842519685,0.0,out,0.6863353968428836,23.118636887524566,33.68416811061969,21.744379167354893,31.68185593716745,9.756597960252794,8.72476276680835,1.8470988898257896,8.120630131294753,18.961601659429707,42.31350436778728,93.40222746345746
415,2021,00-0035628,RB,2,developmental,87.6,0.7171428571428572,26.8,starter,0.7211051068591151,45.77791656161374,63.483001473955085,43.92105759498541,60.907983007207335,12.522584245075585,12.044355241103576,2.0985026759650487,10.49068335415749,28.264938212863207,72.71199934615807,164.0854450528097
416,2021,00-0035631,TE,2,developmental,11.6,0.3858267716535433,28.8,premium,0.6302263291277161,10.165005127964484,16.129134341362203,12.477057244662362,19.79774037992289,15.692110991742585,13.559724127503976,1.7424672469366982,7.539036836675549,17.648258529178307,39.25885184879072,86.45226033881306
417,2021,00-0035639,WR,2,developmental,22.2,0.4246861924686193,12.4,usable,0.4706828118197904,15.38111104651908,32.67829345000179,16.265921611788258,34.55813809920037,7.193702832490143,6.650194088983735,2.1359334638089686,10.61289298150415,27.79520097407064,61.88107589823127,123.27523246875003
418,2021,00-0035640,WR,2,developmental,170.3,0.9560669456066946,161.4,elite,0.9412315423215696,127.31932186539778,135.26886439797985,122.97508045855594,130.65337797247534,10.045057351067069,14.606555648964402,2.183636123599064,12.869705899789214,33.72696596279507,76.79805863070185,155.28931280464505
419,2021,00-0035644,TE,2,developmental,93.0,0.8937007874015748,41.4,premium,0.9487459659344712,71.73748070512376,75.6129493888974,68.93889418079405,72.66317502904205,21.0440413669573,19.445039643875152,1.5465126715660775,8.144492557631327,19.17088847700067,43.61787995111168,97.46764542292196
420,2021,00-0035645,WR,2,developmental,13.0,0.3410041841004184,9.0,usable,0.6062904855083956,15.368515339312298,25.348435620633676,15.06760410212573,24.85212033220515,4.6617380088081966,4.482091527477891,2.1461538153280824,10.636908500768486,27.771966044216576,61.59182553899058,122.33482087043092
421,2021,00-0035657,RB,2,developmental,200.1,0.9571428571428572,17.0,starter,0.9249919423982312,126.04746204665736,136.2687135629025,121.04819233349583,130.86405057719054,75.33253025228612,71.82340864607457,2.087392924728371,11.453731150304108,30.83844145647565,80.13326629425117,182.0189401126999
422,2021,00-0035659,WR,2,developmental,140.5,0.905857740585774,131.2,elite,0.9073893910926696,106.81496453897871,117.71678794960692,103.21353294804425,113.74778453576089,18.657160505461327,16.95502761139904,2.034862583356051,12.023805443453574,31.578567493561977,71.80915822522594,145.0407225727867
423,2021,00-0035662,WR,2,developmental,138.3,0.899581589958159,85.7,premium,0.9216836315149514,108.48355136912969,117.70150587443725,104.17105107210884,113.02256816787032,25.1745632879078,23.524243442152084,2.06061821387228,12.095800253782231,31.756737192641925,72.18456617150422,145.76791764268648
424,2021,00-0035664,RB,2,developmental,134.4,0.8542857142857143,33.5,starter,0.9222156626373892,110.27431767277032,119.57541184824755,104.5693265470798,113.38923289160832,47.58472921003731,44.34208402398718,2.118858760326065,11.204534575704086,30.140845976788523,77.96469125072679,176.56134168738794
425,2021,00-0035676,WR,2,developmental,123.9,0.8723849372384938,188.6,elite,0.92313202650393,113.98734674350716,123.47892118443568,111.04534892146292,120.29194712484627,48.048982017940986,51.294284660205776,2.182351784276068,12.515668687467311,32.78853261040599,74.39168150709074,150.06556897683691
426,2021,00-0035685,RB,2,developmental,157.5,0.8885714285714286,196.2,elite,0.9282735076231632,131.01835815633248,141.14197710091278,127.19094510454516,137.01882479681723,30.25218019078472,34.51479091449364,2.1935785947935416,11.582517182626937,31.13190221586524,80.60951881424202,182.71346263307
427,2021,00-0035689,TE,2,developmental,120.1,0.9566929133858268,32.6,premium,0.9383705218755082,79.83703514614916,85.08050208842876,74.7271823598136,79.6350488615706,34.167518101508435,30.75026975173087,1.640990174134087,8.647996613419977,20.30849789764249,46.27641529425646,103.54077152655556
428,2021,00-0035700,RB,2,developmental,177.0,0.9171428571428571,148.1,elite,0.9422921798043936,137.14959598909192,145.54890609148663,134.4576767759822,142.6921284689996,26.305740980883613,26.04584275261508,2.2465775482852037,11.889464918427452,31.93493761282006,82.76331050210166,187.7311402289016
429,2021,00-0035703,WR,2,developmental,0.6,0.0230125523012552,6.2,usable,0.2014663051368149,4.225583591749097,20.97414547251224,4.402412290630703,21.851854024130944,4.717831320891975,4.593954576487915,2.0115280576660046,10.44966407005926,26.9523092423744,58.9536747261433,115.74063820678842
430,2021,00-0035704,QB,2,developmental,53.88,0.4452054794520548,29.12,starter,0.6582389640651649,71.14144000320728,108.07843942244104,73.4736021999644,111.62147215686642,25.42954177623033,24.98865312857459,1.3491954754044528,10.365389767574106,33.540039843586506,87.49742116728723,210.1680300213605
431,2021,00-0035710,QB,2,developmental,176.52,0.636986301369863,63.96,premium,0.9281590364198096,171.206929310821,184.4586138720558,168.49691929324084,181.53884483329975,77.29806517631597,75.66303155463868,1.6243561270240428,11.704529964941122,37.86931559050956,99.45969653127304,240.36605124301087
432,2021,00-0035715,RB,2,developmental,48.6,0.5971428571428572,3.1,depth,0.55461759990324,28.43269927476477,51.26541112241157,28.16291546720945,50.77897901567282,7.8495250427906385,7.934486753225993,2.079657742292893,10.192476223418764,27.41715367073476,70.17530324600716,157.77290270033052
433,2021,00-0035719,WR,2,developmental,268.96,0.9937238493723848,183.7,elite,0.9039939435171404,119.59940387809836,132.30111189990583,115.44872932648562,127.70962698855362,36.75533606758533,41.8160286620188,2.1860395497957192,12.488110569464084,32.86958006426352,74.98703466238206,151.9317453626307
434,2021,00-0035726,RB,2,developmental,5.8,0.22,3.7,depth,0.367714178534814,4.27086815326767,11.614640942824884,5.346373352186478,14.539481108641288,2.4290830040858533,2.318987457603779,1.9010669395186108,9.105089865561936,24.378034374026228,61.46195214806056,136.55983484106395
435,2021,00-0035752,QB,2,developmental,2.04,0.1164383561643835,0.0,out,0.3495443920800867,13.980880496093883,39.997438988781205,15.132543392111549,43.29219330929623,1.5296300333863293,1.8474745681595213,1.263103858529476,11.245336128279437,35.561227548047974,91.38480679250148,216.4447250774167
436,2021,00-0035760,RB,2,developmental,1.2,0.06,0.0,out,0.2182499254343856,4.447957561863468,20.38011033914739,4.186662945063562,19.18288373629816,0.392609430952632,0.3362951945726871,2.113174196486738,10.047490077484255,26.561119103107103,66.35639670443855,146.44254305618878
437,2021,00-0035771,TE,2,developmental,3.6,0.1535433070866141,9.1,usable,0.3934833938176736,11.151220436746309,28.33974854327243,8.836233378967927,22.456432768957782,4.695966241410481,4.975362375104025,2.187131897762031,8.402998698281605,19.42872489554688,42.61934822015272,93.0505072299654
438,2021,00-0035806,RB,2,developmental,33.5,0.5114285714285715,0.0,out,0.6644411851660773,28.473499860124747,42.8533036419285,27.57095578211239,41.49495304873526,9.813498412366831,9.44852113948058,2.246804113223693,10.554594851183545,28.28223007426479,72.04368304746109,161.4976037919768
439,2021,00-0035823,TE,2,developmental,1.0,0.0590551181102362,0.0,out,0.3463742186681291,4.863947180792772,14.0424630894745,4.5392599373827975,13.105074490927947,0.8786804424031112,0.7274172412067621,1.8530809104202737,7.694105431224917,17.792558393220542,38.96612678644719,84.83470555936776
440,2021,00-0035831,RB,2,developmental,149.4,0.8714285714285714,0.0,out,0.9553293733809236,136.82839506596414,143.22640848122006,134.39209894286682,140.67619261747535,103.74340755568092,100.79317099230416,2.301449818169079,11.919543935450085,31.985028596461333,82.7060731231087,187.3386909895923
441,2021,00-0035835,RB,2,developmental,2.8,0.1342857142857142,0.0,out,0.3645024216631986,7.920598992482903,21.729894019199584,7.662285288362525,21.021219155143232,1.278391810473999,1.1541182507724352,2.2530854129932014,10.411576267813905,27.561923620323217,69.03028861811688,152.73516752265132
442,2021,00-0035838,WR,2,developmental,0.5,0.0104602510460251,0.0,out,0.2034391936642625,2.359889722369184,11.599975795537857,3.0025024338508173,14.758721659140434,0.142850226837786,0.2572118700313606,1.9036043072981692,10.02149655375691,25.8975525124392,56.65771330732287,111.22245272198322
443,2021,00-0035844,WR,2,developmental,1.3,0.0690376569037656,0.0,out,0.1520265331141139,4.586905608769294,30.17174380557818,4.488768036638821,29.526214567226024,0.3212664831591247,0.294685326602516,2.121608614923737,10.74701511600475,27.740851880851103,60.76792612505275,119.49318063826888
444,2021,00-0035860,RB,2,developmental,17.1,0.38,26.2,starter,0.5470787795907972,14.32886942728167,26.19160157884272,14.205983339267476,25.9669792893324,12.570519118773255,12.4925548221825,2.2258100176725626,10.242676307566294,27.39316832903057,69.39193263763062,154.91590438836872
445,2021,00-0035864,WR,2,developmental,24.54,0.4497907949790795,0.0,out,0.5497995708480401,11.738409241471986,21.35034267736157,13.24277004992696,24.086541263574667,2.6132198363871435,3.554432369793369,2.1096229368689725,10.601762783750244,27.7811448240986,61.92621201677162,123.46091592561852
446,2021,00-0035883,WR,2,developmental,0.8,0.0355648535564853,0.0,out,0.2866454826842659,5.791595617245679,20.204733606860994,5.4286835397390485,18.93866768421616,0.7578279448549594,0.6469029849368999,2.078448116635015,10.643257006508236,27.445620216958595,60.04357440952045,117.92693876608564
447,2021,00-0035891,WR,2,developmental,6.3,0.207112970711297,0.0,out,0.4801093752866807,13.301678424615885,27.705516928664945,12.150513206579811,25.307802413407472,3.2694360580262174,2.8240044587511357,2.192771323824635,10.551978578096538,27.462500808060888,60.53165718413772,119.70909462441816
448,2021,00-0035908,RB,2,developmental,4.0,0.18,0.0,out,0.5360686911148387,17.585898981823245,32.80530885930051,15.268519618050686,28.4823939004858,5.181559990484239,3.6805799771778656,2.405217895004208,10.9552833733894,28.96944943007253,72.63432706291381,160.91031067402955
449,2021,00-0035924,RB,2,developmental,13.7,0.3228571428571428,2.1,depth,0.6180504627984845,20.40510134127673,33.01526747328044,18.06578701984701,29.23027828188419,6.093129594799885,4.727608750223837,2.337794542495373,10.421302746930849,27.815571889711773,70.24245536108815,156.52513533105267
450,2021,00-0035956,TE,2,developmental,6.0,0.2677165354330709,2.2,depth,0.5534154804156122,10.37215486245846,18.742075763166262,9.283136395218827,16.774262238286575,2.7850537170995366,2.3777431027331497,1.7540205413448209,7.424366729608984,17.33956678944906,38.37470571536777,84.19513327881586
451,2021,00-0035957,RB,2,developmental,5.3,0.2085714285714285,0.0,out,0.2716364612375315,5.386807081435058,19.830942638899216,5.793417254873637,21.32783363647049,0.486524678697398,0.6481060119709641,1.9937532741356336,9.436135325190383,25.197776610825056,63.4466243518154,140.87054620134893
452,2021,00-0035973,RB,2,developmental,16.2,0.3542857142857142,22.5,starter,0.5417428258157633,15.907337934630991,29.363264590864716,14.128813597087271,26.080296634869,10.326229828742258,11.39347960474328,2.330495789710448,10.449240911102,27.910584312657186,70.58226435322844,157.4428464660091
453,2021,00-0035976,WR,2,developmental,2.5,0.1108786610878661,1.0,depth,0.3217647738732029,7.133620340556006,22.170296190866235,7.191758744824357,22.350982235421448,1.3639859993321526,1.3550172715149786,2.253187316246824,10.989377587718293,28.41071051412933,62.31547173722991,122.74140201665573
454,2021,00-0035993,QB,2,developmental,90.64,0.5273972602739726,25.62,starter,0.7085627777396561,86.21579358882889,121.67700067996904,79.03263729008549,111.53935794115914,27.24336991517262,25.63124329194068,1.585209178721397,11.495161708919822,37.08525578091915,96.94416688608366,233.4041053070337
455,2021,00-0036005,TE,2,developmental,1.5,0.0748031496062992,0.0,out,0.3110444828814084,4.550696008314691,14.630370441419242,4.183611497100573,13.450203193913117,0.7264915857696188,0.5769847234163414,1.9119145747644204,7.7307493963392035,17.899051608709982,39.21536181159072,85.44251493450666
456,2021,00-0036020,RB,2,developmental,27.6,0.4657142857142857,26.9,starter,0.7198834323754177,47.37497502971704,65.80923091033311,44.069832852997024,61.21801234899749,13.286670447654616,12.574733550051867,2.3988095343156,10.951459732166793,29.25935402640121,74.31664444837239,166.3131835370338
457,2021,00-0036032,TE,2,developmental,9.2,0.326771653543307,2.5,depth,0.5278529513121277,9.125272330851624,17.287527346713095,8.741635548796845,16.560740121026203,2.487361582195361,2.2845515786279424,1.7530409420148247,7.406810212751932,17.341084418172585,38.48287411796146,84.6130656439903
458,2021,00-0036040,TE,2,developmental,40.4,0.6968503937007874,63.8,premium,0.8198099790643854,24.560241381448257,29.95845623821001,25.0488299324132,30.55443404214276,31.14286176713165,30.46481062462001,1.580683427492036,7.815109010792287,18.363616913468583,41.432431352851424,92.06344806155052
459,2021,00-0036069,RB,2,developmental,2.2,0.1228571428571428,0.0,out,0.2606854548325854,5.769672131975356,22.132696799983304,5.311011504746909,20.373255992198292,0.6880570622730078,0.5515605213765573,2.203892121994102,10.386432940458429,27.467134352456004,68.77002100047409,152.067247335197
460,2021,00-0036080,WR,2,developmental,0.5,0.0104602510460251,0.0,out,0.2546939181471062,4.082038539485569,16.02723209561629,4.365646314214189,17.14075603365086,0.3845171345915066,0.4709967054233352,1.9795685030117869,10.309841325515986,26.601247206009017,58.16615638514452,114.15842038831016
461,2021,00-0036096,RB,2,developmental,17.5,0.3857142857142857,0.0,out,0.5760915525811809,16.691395725781064,28.97351237141941,15.953905078207288,27.693350139792432,4.500541586114577,4.192521768006408,2.254328227197944,10.361381483956515,27.696027102763008,70.16230571764326,156.65007633784484
462,2021,00-0036110,WR,2,developmental,8.9,0.2615062761506276,0.0,out,0.408728776287852,8.681257187158634,21.239652529492464,9.187928976061716,22.4792809048292,1.4370997492899449,1.7456861994204615,2.1281282528333167,10.361244493671084,27.04020173989808,59.77043541068454,118.44121514600702
463,2021,00-0036133,WR,2,developmental,20.2,0.407949790794979,1.0,depth,0.4781818198325958,10.46321866754721,21.881255693096456,11.847141673553672,24.77539124699717,2.2844167629702827,2.8314822808272915,2.125294170081799,10.554626951880854,27.63646333204529,61.48609128198671,122.4237967516777
464,2021,00-0036173,TE,2,developmental,3.1,0.1023622047244094,0.0,out,0.3872184848152739,9.955140146130663,25.709361862928247,7.479619395355725,19.31627669821586,2.4737648275442776,1.3386909742518514,2.261581273001627,8.379523105710188,19.369799501674663,42.382642670782005,92.4087274077756
465,2021,00-0036182,WR,2,developmental,73.6,0.7301255230125523,57.0,premium,0.7722815649517543,48.57372618575452,62.89639477382709,47.2252698498099,61.1503265039871,15.795484611944715,15.385579924580842,2.035991753130915,11.31375987241186,29.708148272964475,67.04957792111354,134.76458679490463
466,2021,00-0036183,WR,2,developmental,16.2,0.3765690376569037,0.0,out,0.221309342508214,12.360309100573916,55.85082383096936,11.562841388701766,52.247416478916186,1.5234188486275588,1.3642597044020943,2.2257186982147816,10.950727709916627,28.58213781004789,63.4590813810399,126.17300447712556
467,2021,00-0036187,RB,2,developmental,4.6,0.1857142857142857,7.8,usable,0.5279176088367823,16.780959546969612,31.787080533162943,14.498591033710545,27.46373826335676,4.456670368784797,4.379624818719325,2.463885206536855,11.039880584330389,29.20424296983404,73.22364543690115,162.2672968932671
468,2021,00-0036196,WR,2,developmental,91.9,0.7928870292887029,122.4,elite,0.8713271388868276,89.46868341489196,102.68093282299635,84.93759854316978,97.4807219383556,24.785468608208912,25.095335975318243,2.1459764152583194,12.035079136441444,31.540459777043143,71.3294668205492,143.57681825909816
469,2021,00-0036197,QB,2,developmental,12.9,0.2123287671232876,0.0,out,0.3587975766182358,20.91049054689079,58.27935278710023,18.094347620850925,50.43051792990087,3.3193492481334914,2.4635718977792447,1.4770751179024595,10.895049443462389,34.87001439590693,89.93398655474577,214.20192522700555
470,2021,00-0036212,QB,2,developmental,187.42,0.6643835616438356,298.36,elite,0.9417521778486152,188.055871293571,199.6872167826307,182.7865539121185,194.0919896035548,64.00110393257059,69.38076009896723,1.6837050338970625,12.174422606724578,39.31476541016668,103.3382603136706,249.8723725722324
471,2021,00-0036219,WR,2,developmental,105.8,0.8347280334728033,0.0,out,0.933021659910704,88.25467332504378,94.59016560611283,85.10005335117755,91.20908657074708,59.34045054883536,56.73252995600532,2.123810833659871,12.140189828679656,31.82379445639198,72.10779308151388,145.3150078369204
472,2021,00-0036223,RB,2,developmental,343.1,0.9971428571428572,137.4,elite,0.9617888938276952,173.2660973383521,180.1498212864504,175.34335479236518,182.3096065234644,42.69164913168797,45.2044880625517,2.5631811066030443,12.845894139594511,34.52026679171952,89.64895604268966,203.9075387119441
473,2021,00-0036228,WR,2,developmental,8.1,0.2405857740585774,0.0,out,0.4475098232469521,11.936597754124827,26.67337594405784,10.730040199216448,23.97721712869579,2.6301524640677947,2.1716367602562023,2.2405025685978672,10.702656937207417,27.87064941166005,61.50769651787212,121.77523408727858
474,2021,00-0036232,TE,2,developmental,43.3,0.7362204724409449,32.4,premium,0.8945926303429262,34.83052947149204,38.93451420244808,35.04369708433758,39.17279876417516,8.330903758293992,7.955735850669914,1.5558341876907351,7.927583796009018,18.61366919255306,42.06591352872077,93.5507391213562
475,2021,00-0036233,WR,2,developmental,79.7,0.7594142259414226,18.5,starter,0.8389933591217438,76.94558695452552,91.71179499569816,73.09379521453263,87.12082690505089,34.69775010614437,32.61987419318722,2.1158548196404308,11.803157439350947,30.9385918014021,69.87866635076574,140.52656831306086
476,2021,00-0036244,TE,2,developmental,3.3,0.1299212598425196,36.7,premium,0.5038071566100302,11.86127507190251,23.54328420364953,10.135068581658516,20.11696032635663,20.46947561296373,22.958994330408917,2.1293047010208386,8.140776859195224,18.85345550492069,41.34182809754384,90.23391408867369
477,2021,00-0036247,WR,2,developmental,65.5,0.702928870292887,0.0,out,0.8616441696769102,49.43650661933222,57.374619778219326,47.07838054854416,54.637844954254255,26.267771489571707,24.535385900783044,2.1250599197870854,11.590390998136607,30.37960830654351,68.44764336058529,137.43424316663194
478,2021,00-0036250,TE,2,developmental,8.0,0.3031496062992126,0.0,out,0.5411979230097208,7.830980141748398,14.469715807848251,7.651761557523916,14.138564159616108,1.9978151739155767,2.034767955519021,1.7358705438127993,7.332941124972816,17.167419602170444,38.06626454073891,83.64154451733481
479,2021,00-0036251,RB,2,developmental,85.2,0.6942857142857143,142.6,elite,0.8384411866709771,69.4646522002043,82.84976132436081,66.45998260471767,79.26612344581545,53.97171503700071,56.04300352362314,2.3571660210074743,11.270736257130665,30.251459385535924,77.62372459331856,174.98436065123255
480,2021,00-0036252,WR,2,developmental,152.1,0.9309623430962344,148.2,elite,0.9339127748556206,112.6898004770561,120.66415998483104,108.26333564360952,115.92446163973572,16.486323458918154,15.118301903507437,2.1022679254783707,12.442641293277722,32.63799080512636,74.26906684265064,150.0862677879664
481,2021,00-0036254,WR,2,developmental,11.0,0.2991631799163179,1.1,depth,0.5277468033340376,16.62537741524887,31.502563938271415,15.638911652774272,29.63336121408132,4.515221461947615,4.0953300222656885,2.2433415752996795,10.838901358716084,28.249677066905235,62.50286438222109,123.96999465571018
482,2021,00-0036255,WR,2,developmental,13.3,0.3493723849372385,0.0,out,0.5714006517595334,19.793753152583715,34.64076054451835,18.36140780414278,32.13403370752531,6.0440639730333725,5.334081383860884,2.210371781094632,10.920571939571524,28.475687734418155,63.14932367595439,125.4335230801198
483,2021,00-0036259,WR,2,developmental,63.2,0.6924686192468619,33.5,starter,0.7520400062252385,50.61130673127663,67.29868931483198,47.955190483114485,63.76680773117241,14.39071531258989,14.182449035239138,2.0951769107093634,11.423547309230829,29.95876253825473,67.48144769729306,135.4655971394347
484,2021,00-0036261,WR,2,developmental,120.3,0.8682008368200836,177.2,elite,0.949373158129278,114.18193595727868,120.27087028905686,110.43839262215396,116.32769651900706,37.14336488262538,41.16235650285562,2.1739013633972126,12.48588151641411,32.7082734312919,74.19865009675618,149.65499029775287
485,2021,00-0036264,QB,2,developmental,27.14,0.3493150684931507,331.06,elite,0.5735517987213081,35.47333005248606,61.84852027588661,30.59369798233317,53.34077593434383,269.6831947814221,276.93200256607463,1.484112274548522,11.139825556122451,35.74919015992939,92.75794454966788,221.91331819903655
486,2021,00-0036265,RB,2,developmental,156.6,0.8828571428571429,95.6,premium,0.9437860359485564,109.443054658537,115.96172277389203,106.52794056681046,112.8729781001094,21.0718290453363,21.86160011386468,2.257332944032025,11.78535531668758,31.65011971037064,81.90137747051273,185.5952058887469
487,2021,00-0036268,WR,2,developmental,70.0,0.7259414225941423,14.0,usable,0.8441417412265357,79.75471465940693,94.48024041972327,76.17187340472033,90.2358806401906,40.07965972220953,37.816395248324255,2.147949833486687,11.806794477568808,30.92763839355257,69.74052902752908,140.10479111011472
488,2021,00-0036269,RB,2,developmental,3.1,0.1628571428571428,11.0,usable,0.3675084226120315,14.191798595451612,38.616254001975626,12.766343155261865,34.73755258322049,6.221351296459307,6.507483207710523,2.3223501566505056,10.804436932499703,28.55407633456298,71.56526577229758,158.42923974597554
489,2021,00-0036271,WR,2,developmental,75.0,0.7343096234309623,21.2,starter,0.8263519940113799,55.732195854158704,67.44365144400099,53.28523374440583,64.48248946038366,18.753291985878,17.786706077524038,2.095301154609174,11.565792587378205,30.33969760919691,68.46284700053567,137.6028632204637
490,2021,00-0036275,RB,2,developmental,148.9,0.8657142857142858,164.3,elite,0.9516077308298122,141.92311645162886,149.14035673908447,139.8183631347742,146.92857004519192,21.872405039845987,22.024676673259087,2.3390263209434927,12.01341702963012,32.22548650834693,83.29131716781171,188.6296370867116
491,2021,00-0036277,WR,2,developmental,34.4,0.4874476987447699,0.0,out,0.5853780106340686,34.49773769853127,58.93241131685845,33.24523637635349,56.79276599464845,12.50734965259672,11.682784759605568,2.424161691890347,11.62055428759882,30.370975896554235,67.69806456530358,135.08889498522788
492,2021,00-0036278,RB,2,developmental,5.1,0.2028571428571428,0.0,out,0.2228287981978006,4.7943528331000405,21.51585823679841,4.658267813528961,20.90514265303316,0.4012330934185915,0.4099194406663065,2.060931978085609,9.666401631645028,25.77098163419829,64.83943745187925,143.90779303989248
493,2021,00-0036290,TE,2,developmental,64.2,0.8228346456692913,112.6,elite,0.8942555854578295,57.39299025028931,64.17962737230876,55.25930398977877,61.79363583341537,32.49650152339228,36.1322411532085,1.552192680426033,8.083266472401062,18.99588214306557,43.08534464161967,96.05974820005396
494,2021,00-0036297,RB,2,developmental,1.8,0.0942857142857142,23.0,starter,0.2906362725417346,7.952474420371356,27.36229153650944,6.931675995589604,23.85000308106495,15.382326264117337,16.559314920861773,2.267180651878399,10.548849199630707,27.85280646297228,69.62028133448521,153.7878341466231
495,2021,00-0036309,WR,2,developmental,143.7,0.9142259414225942,50.4,premium,0.9370101526761564,115.2391428290328,122.98601301160186,111.04012163404226,118.504715575285,48.484489964915,45.74217323634176,2.1325271200310145,12.493143801097856,32.75559174140975,74.47084597424434,150.41550254694508
496,2021,00-0036322,WR,2,developmental,224.4,0.9853556485355648,140.2,elite,0.958844099715045,147.71799514206867,154.05840760345544,144.24430330650833,150.43561654014005,18.91552854523243,16.489501474381132,2.3154494556116885,13.270063642936272,34.789996143818165,79.27717868001365,160.4724161323517
497,2021,00-0036326,WR,2,developmental,107.6,0.8472803347280334,20.2,starter,0.945779338434524,115.55482346706536,122.17947545601324,111.88098117717608,118.2950151589948,72.64407086776944,69.6730768548189,2.1767496141954603,12.466867608889777,32.64030145456689,73.9743161284547,149.0985905640463
498,2021,00-0036328,RB,2,developmental,196.1,0.9514285714285714,88.9,premium,0.9532212031174576,147.31367935854726,154.54301569957315,144.3073396452804,151.38914154797558,44.963051515942695,44.2216433463434,2.2166784923313925,11.950242507844838,32.10466163055818,83.33662368848212,189.2121720622941
499,2021,00-0036331,WR,2,developmental,48.2,0.5962343096234309,4.3,depth,0.807121944511036,45.93395677906459,56.91080151078276,45.11865108689205,55.90066209168114,20.30761638242059,19.966696634864288,2.2211598388310105,11.400711804513936,29.86842923987804,66.95861846413524,134.0516905209788
500,2021,00-0036332,TE,2,developmental,37.5,0.6535433070866141,12.0,starter,0.7920044286486145,24.943402742479147,31.494019275927165,25.39259298200763,32.06117549788786,6.907518393977483,6.980854836455466,1.6267620928957756,7.7524859499896,18.223088492940388,41.0323759133373,91.081388224145
501,2021,00-0036336,RB,2,developmental,1.4,0.0771428571428571,1.1,depth,0.3862933920187968,11.470355448737356,29.693377328544138,9.906287699231084,25.64446584876877,2.5874976415629547,1.8976031849110804,2.23785071010647,10.517007005711948,27.74603908931804,69.30832376981085,152.99294377519564
502,2021,00-0036345,WR,2,developmental,110.5,0.8556485355648535,78.0,premium,0.9131585017189036,83.67754489302132,91.6352908454656,80.75984803402004,88.44012061651948,16.172903847223964,15.800659754914,2.011795140151305,11.808733911853462,31.00001758010644,70.34775163795716,141.8733769539837
503,2021,00-0036355,QB,2,developmental,383.76,0.9794520547945206,241.16,elite,0.9586939362895875,249.1144578247068,259.8477453491039,244.69827134061347,255.24128408245065,27.79050482473388,24.673193192346574,1.4116522919393926,12.848934647838298,41.482072450489,110.68817351122556,269.8819177531309
504,2021,00-0036357,WR,2,developmental,60.5,0.6715481171548117,0.0,out,0.791402524506872,71.11257242562866,89.85638815082042,68.37700932137118,86.39978671280754,40.43783667260508,38.46084361535184,2.209635501184542,11.742257811336833,30.74883568420381,69.15552943198668,138.72252687598524
505,2021,00-0036358,WR,2,developmental,155.8,0.9435146443514644,275.2,elite,0.9549410844239254,135.39463165544998,141.78323025773648,130.5819063262076,136.74341638047963,120.5224645024197,125.5704360203909,2.160346486067597,12.788198056568524,33.50492298602287,76.25767834720153,154.1299882839289
506,2021,00-0036360,RB,2,developmental,104.6,0.7914285714285715,53.1,premium,0.8612453946143637,107.23766140333632,124.5146413251402,102.503225459622,119.01744392551376,36.54890882173195,33.980179783382056,2.2357836601559247,11.440281406470056,30.70320576693103,79.14908747918908,178.87189553611265
507,2021,00-0036365,WR,2,developmental,75.6,0.7426778242677824,0.0,out,0.8395365298331875,69.40175885390471,82.66675289006729,66.11826238523744,78.75567058216618,39.860635863605694,37.63628988202521,2.102467990483806,11.665471882228813,30.58786946848844,69.0430323872883,138.78934717217098
508,2021,00-0036370,RB,2,developmental,14.0,0.3285714285714285,55.7,premium,0.599626738682876,26.69535796286449,44.51995923581193,23.793278706386644,39.68014961882841,25.72093629664839,27.6525862300929,2.367104219121331,10.54366513562417,28.12706493076325,71.03248637778003,158.2995227315864
509,2021,00-0036382,WR,2,developmental,3.0,0.1276150627615062,0.0,out,0.4149937194552205,9.544895994802223,23.000097464925982,9.084457934564805,21.89059137205823,1.939778464764335,1.6833139619963733,2.3261148694452727,11.210036325097876,28.97609502240645,63.57928546386327,125.29563134492643
510,2021,00-0036383,RB,2,developmental,24.5,0.4371428571428571,0.0,out,0.6559458272001697,31.13264310693493,47.462216872117445,27.252249084505355,41.54649355851304,11.320237480359918,8.691391590084443,2.4025027944863955,10.871373754832591,29.03935572991979,73.66699206574832,164.72175186693698
511,2021,00-0036387,WR,2,developmental,50.1,0.600418410041841,21.5,starter,0.8495974823454933,61.5609242123733,72.45892965975061,59.57785932501574,70.12480682091768,22.57081745994668,21.495030823556505,2.3003788037948514,11.685864072425534,30.585597364681337,68.54970290058655,137.23801289294408
512,2021,00-0036389,QB,2,developmental,322.16,0.8698630136986302,375.82,elite,0.9478004922849748,218.675051603351,230.7184406247407,213.10181472903008,224.8382612835327,116.88580716449027,121.6576467194621,1.5579787275558958,12.77830839999689,41.25168812228399,109.46766643674628,266.1581640245937
513,2021,00-0036407,WR,2,developmental,47.0,0.5836820083682008,88.8,premium,0.8203233379981005,68.81006819501648,83.8816415523897,66.7827854755116,81.41032003122925,20.54199234448755,21.62529397938645,2.3425351421236544,11.781684405073843,30.81452202039222,68.99736955218371,138.05633952618487
514,2021,00-0036410,WR,2,developmental,150.1,0.9267782426778244,95.6,premium,0.9485029055718266,132.14257184593205,139.31699214591956,127.66834634544152,134.59984739685513,36.86508460569232,34.40184293258883,2.175711349127785,12.738718660589846,33.37687449106281,75.90669329662587,153.3544544634614
515,2021,00-0036412,WR,2,developmental,7.4,0.2322175732217573,0.0,out,0.4594964705292709,21.420748709801057,46.61787431169509,20.08441579383283,43.70961929413429,5.841962970396288,5.225783742220104,2.26529255843679,10.835529698056584,28.18397645330984,62.16423267222663,123.0198067601932
516,2021,00-0036414,RB,2,developmental,1.3,0.0685714285714285,35.7,starter,0.3078632757649021,15.361197733458376,49.89616801579432,14.095759027423314,45.785776144951605,21.8816263643955,23.51841795940254,2.276027523989747,10.637678276564063,28.040564323694625,70.00025955043071,154.46400397923998
517,2021,00-0036415,WR,2,developmental,119.2,0.8598326359832636,22.3,starter,0.9172356713539144,93.96057500987862,102.4388583483514,90.99304667692104,99.20356296502064,47.25710814179094,45.524655722456345,2.089492590709195,12.056157862731787,31.634329657400524,71.77161911682911,144.762170939591
518,2021,00-0036422,TE,2,developmental,39.3,0.6811023622047244,38.4,premium,0.8017607968946177,34.68892655365163,43.26593004797552,34.34425354229273,42.83603498115024,9.25177418666135,8.834204314362921,1.638167384733249,7.931070266315007,18.617168426645662,41.95387270616091,93.16807101930544
519,2021,00-0036423,TE,2,developmental,47.0,0.7677165354330708,0.0,out,0.8623873344240461,39.79771779452952,46.14830970483677,39.61791745711202,45.93981831095796,20.725111017540694,21.558605564605283,1.5057039210864351,7.880683867152937,18.516596425180698,41.91967047287751,93.31313873136038
520,2021,00-0036424,TE,2,developmental,0.9,0.0393700787401574,7.8,usable,0.2623654291728997,4.810812689170682,18.33630560373996,4.221595262215778,16.09051648124621,4.943691987437717,5.248975561967136,1.9141943190990864,7.801297618884141,18.020467519083265,39.41145658153389,85.74289794602831
521,2021,00-0036425,RB,2,developmental,51.1,0.6085714285714285,7.7,usable,0.8851767884370332,50.552634876015766,57.11021293867989,47.50625931939032,53.668668157547,20.389760120747315,18.309332403912908,2.283565256380074,10.965839430368137,29.38835949346645,75.15381179610581,168.94059361088156
522,2021,00-0036427,WR,2,developmental,37.0,0.5083682008368201,6.8,usable,0.7094508371826852,36.09328882346623,50.87496825967114,34.3403116374088,48.40407514885501,12.737585897649057,11.849822913983571,2.40184660295303,11.631466755246873,30.40837711179574,67.84985618786408,135.4750346904329
523,2021,00-0036429,TE,2,developmental,11.7,0.4015748031496063,10.2,usable,0.6751921851669325,10.863712417786012,16.08980769690055,11.987138766451071,17.7536692956353,4.444099858760215,3.904455959441612,1.6794082397418562,7.4383556994349025,17.427010488706856,38.81374909370668,85.51764648253467
524,2021,00-0036439,WR,2,developmental,3.5,0.1443514644351464,0.0,out,0.4042764704749979,10.371237161016923,25.65382335714817,9.786216046439336,24.206741576973755,2.077327800631698,1.7486354401001627,2.365050433305155,11.329363739230924,29.29003052817455,64.3039924190549,126.79383720350349
525,2021,00-0036442,QB,2,developmental,322.24,0.8835616438356164,150.16,premium,0.9490078856864508,220.138667026264,231.96716312534107,215.0976980982336,226.6553327348232,72.71039185076899,69.69820711935623,1.4514445287599118,12.34742291371906,39.925795839894135,106.07805937286857,258.0409430731617
526,2021,00-0036450,RB,2,developmental,32.6,0.4942857142857143,4.4,depth,0.5702678206598251,31.795420433759,55.75524215441491,30.36981428837038,53.25535334122687,9.409985467254485,8.990735031244903,2.322043404472172,10.703262366937894,28.65766255159021,72.91591302453219,163.36492666991612
527,2021,00-0036456,TE,2,developmental,7.9,0.2952755905511811,0.0,out,0.5819080319346631,11.521594446877902,19.79968279278117,10.617748468649898,18.246437385215646,3.5629052468956166,3.12523614256615,1.806937158135564,7.508674771867227,17.55029804436859,38.87361883137805,85.37331058227859
528,2021,00-0036457,RB,2,developmental,32.9,0.5,0.0,out,0.5038507463410722,27.539562409627354,54.65817528229872,26.086874752588503,51.77500468547384,7.266856985927905,6.7257636517430335,2.2630171661280096,10.534063165339742,28.229341078745296,71.86950868846607,161.062108008566
529,2021,00-0036474,TE,2,developmental,1.0,0.0590551181102362,0.0,out,0.3103480211569807,6.077518134480295,19.582912472981924,5.060573491025194,16.30612456351203,1.096517853629118,0.6999878858778246,1.921644755202747,7.903037920006368,18.24417196367079,39.92657319493651,86.89744321515164
530,2021,00-0036482,WR,2,developmental,2.6,0.1192468619246862,4.5,depth,0.2673421151287468,7.847744798275169,29.35468956881652,7.240438814306776,27.083046046897323,3.1277981332557223,3.2854526345183235,2.3031394988776217,11.209852079259004,28.95543139113649,63.51436496953377,125.11601509493116
531,2021,00-0036491,WR,2,developmental,1.0,0.0502092050209205,0.0,out,0.2046933375247296,4.816008705163304,23.527921149761248,4.603515329508723,22.489815180000956,0.4418760576194884,0.3887060164523319,2.098580008539033,10.696351913549265,27.59313197385009,60.3997668896325,118.68779633164988
532,2021,00-0036493,RB,2,developmental,9.1,0.2657142857142857,3.0,depth,0.4623829028481298,18.151654933981096,39.25676062452298,15.63967319091695,33.82407328337964,4.577340999970302,3.5944156748917,2.303396316632626,10.338563631737742,27.54462792117827,69.39203722734703,154.31755817776175
533,2021,00-0036510,TE,2,developmental,4.6,0.1929133858267716,4.3,usable,0.5200065578217474,11.334048523917074,21.795972288107688,10.546216300168172,20.28092942586178,3.351080031796446,3.0645239873357184,1.8140524570403855,7.350659664508708,17.161731836998786,37.850182136393485,82.87769634928283
534,2021,00-0036523,RB,2,developmental,1.5,0.0828571428571428,0.0,out,0.2104043098701162,4.706230192442584,22.367556041735863,4.662449444774562,22.15947690260108,0.3776177365621915,0.3683501563188578,2.1177731170480363,10.0817890792409,26.66641417986157,66.68480538728743,147.27903648033413
535,2021,00-0036526,WR,2,developmental,1.0,0.0502092050209205,0.0,out,0.3046916816468581,6.547994164523689,21.49055769797124,6.207750567469755,20.37387608981273,0.9075222909013664,0.7905672616265988,2.098237639315977,10.695059556758029,27.589972653015508,60.39298268834421,118.67457175209194
536,2021,00-0036534,TE,2,developmental,3.4,0.1456692913385826,0.0,out,0.3252976152304088,11.249943735457936,34.58354198966256,9.628020435752036,29.59757460543476,2.29289213447756,1.525792299039768,2.196961273243665,8.427225360586915,19.47626733646689,42.705059849590064,93.2094757852674
537,2021,00-0036550,WR,2,developmental,59.5,0.6652719665271967,45.5,premium,0.7898413809796324,63.36570789499991,80.22586486467453,59.80367670030953,75.71605912333388,17.938527051682723,17.28555931865688,2.200575010517733,11.67018702609527,30.56724867066388,68.73262959792436,137.85564903500278
538,2021,00-0036554,WR,2,developmental,51.6,0.6213389121338913,186.4,elite,0.7869549176398825,56.62666670082972,71.95668447012945,53.91058027119279,68.50529688901791,101.96471688904032,105.52002520422516,2.216714595526446,11.523335670092408,30.181901775082157,67.73392502425595,135.68972224682693
539,2021,00-0036555,RB,2,developmental,117.6,0.8257142857142857,143.5,elite,0.9362641720799388,102.90080333694355,109.90573644225468,98.87642557425453,105.6074006918342,34.58809860008695,35.85878520212213,2.267984170706859,11.717521263065516,31.427105408331744,81.11574948861266,183.47473350290943
540,2021,00-0036556,TE,2,developmental,36.3,0.6417322834645669,34.4,premium,0.8644562883969542,44.008549665840405,50.90893577447364,42.99610034354141,49.73773795234144,10.8057141533609,10.14664764712661,1.6778009956889617,7.87582903644734,18.491534503485987,41.59450294763692,92.28155438492674
541,2021,00-0036567,RB,2,developmental,146.0,0.86,41.5,starter,0.9028109343680348,105.36417067787518,116.70679504079092,102.20929980070451,113.21229718185764,38.97060481460715,37.82499681608432,2.2605515727782524,11.682191696389149,31.37687696678886,81.11567396374035,183.7034368171001
542,2021,00-0036569,RB,2,developmental,6.0,0.2257142857142857,8.6,usable,0.5776908718312884,11.124687513048466,19.257163399142947,10.144982266033434,17.56126461523218,3.8183233763747246,3.7759276681758767,2.096564166608023,9.794543737347714,26.11380236238283,65.75189269866715,146.03578061464472
543,2021,00-0036571,WR,2,developmental,2.0,0.0983263598326359,0.0,out,0.4106785010036056,10.115415740809356,24.63098437363914,9.029664169119076,21.98718498059337,2.109719219762539,1.5918107258690295,2.251760779209171,11.103058396313736,28.66036867602499,62.82236674275541,123.655037136492
544,2021,00-0036572,WR,2,developmental,11.1,0.3054393305439331,0.0,out,0.4709060594359611,18.30727403213016,38.87670091580077,16.650095902149346,35.35757412442811,4.615083939406896,3.900443970499204,2.235799543555487,10.857329696589495,28.29540208845752,62.622481558008815,124.22540246580526
545,2021,00-0036598,WR,2,developmental,0.5,0.0104602510460251,0.0,out,0.2318100445728186,4.220751904728329,18.207804206700203,4.347986310098127,18.75667777084738,0.3804300307970685,0.4152671732532051,1.9962414754242936,10.373128567349674,26.75569736641025,58.49723643655683,114.80282012748758
546,2021,00-0036613,WR,2,developmental,147.8,0.9184100418410042,129.6,elite,0.9197950278865012,117.47305963911006,127.7165630140868,111.79549261703912,121.54391927288631,19.27517927137363,17.016099694396676,2.116055170484138,12.418366184271134,32.573980829938264,74.07884029153847,149.6523929057607
547,2021,00-0036620,WR,2,developmental,20.3,0.4142259414225941,0.5,depth,0.535571656848182,16.855394389552547,31.471781925029187,16.689685220432043,31.162375766204995,4.360456603088778,4.431148592525513,2.2041267783211285,10.89765654383496,28.4860609897156,63.36080442860236,126.14609330050496
548,2021,00-0036626,WR,2,developmental,17.6,0.3870292887029288,26.96,starter,0.6060296926394217,28.43840359514829,46.92575948101061,24.97708101003944,41.21428588961962,10.584109500615169,11.221881871101711,2.329230955588852,11.312161516868306,29.49101043986051,65.46992217848106,130.19348935345093
549,2021,00-0036627,WR,2,developmental,11.9,0.3200836820083682,0.0,out,0.3860851298445826,13.425875873704284,34.77439257789811,12.341935881982788,31.966877064006567,2.563986178487124,2.213157286052679,2.2083516139078894,10.796006368511684,28.15353478156397,62.35834034218431,123.76408327811696
550,2021,00-0036628,TE,2,developmental,33.9,0.6023622047244095,17.1,starter,0.8128177853426016,32.95767055531184,40.54742791020527,31.602812847651297,38.88056267657917,8.867369366210376,8.146743125592952,1.765652115463684,7.962995558058017,18.68012434176501,41.9211521270955,92.89980182686313
551,2021,00-0036630,WR,2,developmental,8.8,0.2552301255230125,9.1,usable,0.5987256447739833,18.646894717877945,31.144306045078597,16.673129769023543,27.847696043348183,5.188276083514561,4.635365754192831,2.258964243511551,10.793361921133537,28.10611751296256,62.06051770673971,122.92195513421788
552,2021,00-0036635,WR,2,developmental,23.6,0.4414225941422594,29.0,starter,0.6595378099910449,30.14506647836944,45.70635075308077,28.052382964098225,42.53339617402544,10.780475168649318,10.937955322485394,2.304358124703754,11.306287804100773,29.52293254628183,65.708012160619,130.90522373944003
553,2021,00-0036637,TE,2,developmental,10.6,0.3622047244094488,46.6,premium,0.6641804296525994,20.51343184391812,30.885330142364623,18.40097710164885,27.70478665153309,20.07973481267011,22.76282779343996,1.806870510479601,7.669782970448312,17.926442298202755,39.81270846572546,87.59219239567875
554,2021,00-0036650,RB,2,developmental,15.6,0.34,0.0,out,0.603532183087061,30.902698117260385,51.20306585672598,26.78702880209204,44.38376204741337,10.564601495812475,7.989419984103328,2.446487113590688,10.768771208979503,28.713497068967808,72.51815517771239,161.66278607708725
555,2021,00-0036652,WR,2,developmental,3.8,0.1527196652719665,0.0,out,0.460468755085917,17.612349305818864,38.24873916262276,15.473683842213806,33.60419935404007,4.6256405376307566,3.327775117362842,2.4814401550835417,11.73439024308433,30.29716388146414,66.49988933475393,131.1344605102465
556,2021,00-0036654,RB,2,developmental,46.5,0.5857142857142857,0.0,out,0.8568124287578733,39.060960156466905,45.58869461440217,36.52419473775717,42.62799360964749,17.461323547859003,15.490273518999516,2.257116475791118,10.796518472488906,28.94447371451596,73.95951923616516,166.15562291322138
557,2021,00-0036657,WR,2,developmental,3.4,0.1380753138075313,0.0,out,0.3525129243188759,15.569478491538074,44.16711393382628,13.98462564848883,39.67124233958192,3.1075482090844737,2.300754160117881,2.490832950699314,11.763833147494603,30.35406245077022,66.57750218754308,131.2176934138454
558,2021,00-0036669,RB,2,developmental,3.9,0.1742857142857143,0.0,out,0.5140271268097074,17.237571305330885,33.53436113832223,14.239463567015544,27.70177452577709,4.9268498389201785,3.1112034702684515,2.437155038599679,11.044339036956549,29.18981541811625,73.15526124319233,162.0275743098536
559,2021,00-0036670,RB,2,developmental,21.7,0.4257142857142857,0.0,out,0.6411949811992144,32.83885508922434,51.21508441598603,28.97953068868774,45.19612838280158,11.678547920311315,9.066064473014867,2.3928258013278274,10.907761416816346,29.10954911821412,73.8067417844639,164.94721950424767
560,2021,00-0036671,WR,2,developmental,8.4,0.2447698744769874,0.0,out,0.5529226284428379,17.265859737738456,31.22653848760583,15.455896197741495,27.95309036504617,5.12315561751744,4.213745870472874,2.265523843978337,10.782861744789328,28.074165726952074,61.95977202058592,122.68356869792484
561,2021,00-0036691,RB,2,developmental,1.0,0.0371428571428571,0.0,out,0.4514362513367135,10.925074376982888,24.20070241287332,9.125658749468196,20.21472294802844,2.568830276985212,1.6829753989319365,2.224806875579372,10.377506590084463,27.37071349208999,68.25951288321998,150.49887464192497
562,2021,00-0036692,TE,2,developmental,0.5,0.0118110236220472,0.0,out,0.3407306522053579,5.344153394173614,15.684392817564005,4.899369771792612,14.379010928666812,0.9429157209696511,0.7218168972568266,1.8447552825761675,7.665725942915267,17.70052392886004,38.68520910503235,84.0873857335574
563,2021,00-0036698,RB,2,developmental,1.1,0.0542857142857142,0.0,out,0.3439152372345752,6.213478819100806,18.0668901705648,5.753886405906558,16.730536431516086,0.9323702338388928,0.7694358551111238,2.127043169786752,10.11293848458326,26.71660655781662,66.7197537035874,147.20384803780792
564,2021,00-0036727,RB,2,developmental,3.1,0.1628571428571428,5.4,usable,0.3911961137689563,11.25079530476133,28.75998740469631,10.374319338386664,26.51948466061149,3.340673614307791,3.5700678990798007,2.240218043763718,10.51261840013812,27.823467392300785,69.77137340121801,154.4879753701963
565,2021,00-0036741,TE,2,developmental,5.7,0.2519685039370078,5.3,usable,0.5582178972915971,10.815367505729036,19.37481323727497,9.753804385432414,17.473112977488977,3.2457705605706364,2.9790653686595387,1.772839646587999,7.42447677995668,17.336525228782957,38.33765113412399,84.07660192356725
566,2021,00-0036754,TE,2,developmental,26.2,0.562992125984252,16.1,starter,0.7145452186158363,33.95125473427941,47.51449432416222,32.19646338144192,45.0586786429143,10.571880994255867,9.836840008983032,1.755385959544393,7.938065671002744,18.597265839360144,41.66461315042263,92.2052084209324
567,2021,00-0036755,RB,2,developmental,45.9,0.58,0.0,out,0.8589464009492536,51.284662431332414,59.706475717991054,46.95892612201774,54.6703799796142,25.28521110509041,21.426311660144265,2.3458388832899324,11.08306790237773,29.670553049258803,75.75521032678047,170.1331040893131
568,2021,00-0036768,RB,2,developmental,8.9,0.26,0.0,out,0.4217766926256241,12.587253476104191,29.84340694064108,11.197856091123269,26.549252926744032,2.442004706087776,1.942197437271684,2.2474759765501107,10.125023486699993,27.00441444703984,68.04074921732597,151.3097197995639
569,2021,00-0036774,RB,2,developmental,0.5,0.0114285714285714,0.0,out,0.2606040664559992,3.352837625392823,12.86563817283688,3.8049732230625777,14.600590369931988,0.2323001260247896,0.3623088832323957,1.9672972818886565,9.644495626371617,25.494682826548598,63.61414300138528,140.1674178482885
570,2021,00-0036799,RB,2,developmental,1.0,0.0371428571428571,0.0,out,0.3240812167604501,6.192370945224641,19.107466354033814,5.644006717522871,17.4154083162886,0.8657470871680903,0.6775174614109183,2.1611797803950505,10.153022544156135,26.810944750129583,66.8929871380624,147.50972406979105
571,2021,00-0036842,RB,2,developmental,19.0,0.3914285714285714,2.3,depth,0.6592445299236125,19.493793403736426,29.56989784351369,18.073665458732503,27.415723056248524,5.412219733454496,4.589466060598058,2.297252189108457,10.448161084987346,27.92975990319205,70.75692004854663,158.01475110342005
572,2021,00-0036857,RB,2,developmental,38.8,0.5228571428571429,3.1,depth,0.6578756090630674,31.94860414270845,48.563290236902056,29.583403958633223,44.96808142920101,10.149172940103718,8.772355985519251,2.3638610363457864,10.860124208840553,29.084008104071767,74.07619704148183,166.11414557020214
573,2021,00-0036860,RB,2,developmental,2.0,0.1057142857142857,2.2,depth,0.4471711219784782,10.615707821650224,23.73969896508913,9.18361112653186,20.53712924461579,2.595880816515111,1.884219554270228,2.2451423952517717,10.47279274922284,27.67404384469784,69.21920442211191,152.97150843987382
574,2021,00-0036862,WR,2,developmental,20.3,0.4142259414225941,24.5,starter,0.6077452659945297,18.18656120852061,29.924644791366102,17.872524075932983,29.407919857155832,10.33141829683482,10.177581995636324,2.212635276762196,10.929250547181049,28.56436067050901,63.53171333515737,126.48372736166472
575,2021,00-0036875,RB,2,developmental,102.9,0.78,109.7,premium,0.7746341008098482,66.79996898112141,86.23422195238344,63.20792511444073,81.59713734311391,36.54853179918799,38.40899488507022,2.162369257103808,11.074089708158116,29.76937515764388,76.74307487575213,173.4211015428071
576,2021,00-0036876,TE,2,developmental,10.6,0.3622047244094488,48.5,premium,0.6343280956535027,16.148069274939523,25.45696680564547,13.861890583560427,21.85287184746171,25.675866931170823,28.749058175793657,1.8169186157643449,7.700819276454482,17.994195649904565,39.95881082067488,87.90933694270166
577,2021,00-0036877,WR,2,developmental,5.4,0.1903765690376569,0.0,out,0.4938731003991854,20.292838635881647,41.089175781145904,17.89533336567481,36.23467921458053,5.803768330030195,4.193958070849007,2.5715685628874074,11.970195024584154,30.93154692500345,67.98118863366199,134.23340620436537
578,2021,00-0036879,QB,2,developmental,0.9,0.0616438356164383,0.0,out,0.4327242809297206,17.15006535514005,39.63277798577108,15.096179248962084,34.88636971451546,3.2877202493010422,2.207375463865178,1.2744060863842654,11.518554530422206,36.27007542405672,92.95701097758948,219.64671667108357
579,2021,00-0036887,TE,2,developmental,5.6,0.2401574803149606,17.5,starter,0.5468265006759977,10.290855232020824,18.819232826680977,9.111702108988393,16.66287588060258,7.644203103726201,8.080483201613376,1.798198207171391,7.438989146400765,17.36795732103572,38.38134583419686,84.14560099502548
580,2021,00-0036893,RB,2,developmental,231.7,0.98,168.5,elite,0.9201618551339406,134.54330817155886,146.21700239027456,130.86469987743632,142.2192184421592,24.61900480995381,23.861633707464406,2.1864873148167305,11.84446212945533,31.864992221391017,82.83547120530677,188.27207304632745
581,2021,00-0036894,TE,2,developmental,94.7,0.9094488188976378,50.3,premium,0.9506268756378092,84.30112389040384,88.67950828114682,79.39031492370853,83.51364447848452,28.07550675580143,25.313371427394145,1.644347880324304,8.59236748826013,20.158730068268603,45.84071361994295,102.41404424935818
582,2021,00-0036898,QB,2,developmental,166.96,0.6095890410958904,17.82,usable,0.91015825663597,139.10456046963168,152.83557497327456,132.4674122157981,145.54327365595742,70.0630512225818,65.8243090422355,1.707179299379302,11.916834545743814,38.51237269218053,100.98151113048314,243.841385314018
583,2021,00-0036900,WR,2,developmental,228.1,0.9895397489539748,166.72,elite,0.9435146737502794,139.4515069962322,147.80004050381194,133.81734632600543,141.82857993517857,7.338782970905697,13.17337288107715,2.2503549104051808,13.00683100411135,34.13261791598215,77.81848914782076,157.55893853772935
584,2021,00-0036906,RB,2,developmental,72.9,0.6657142857142857,94.5,premium,0.8101544006074017,52.64812647543139,64.98529963666087,49.61767892501633,61.24471938659616,33.33461232346593,35.809458702997546,2.315632059869742,11.08530663733741,29.75303854696452,76.26770110961232,171.77988824331044
585,2021,00-0036907,WR,2,developmental,3.8,0.1527196652719665,0.0,out,0.3741949047892982,15.454530662534058,41.30075119872677,13.88203672607079,37.09841194627568,3.255369972878165,2.430259468884447,2.478556148491316,11.723841141628313,30.271237476605425,66.4439727838025,131.02500102273655
586,2021,00-0036910,WR,2,developmental,1.1,0.0648535564853556,0.0,out,0.1714039052183377,3.893241072357048,22.71384113096933,3.9481703221292537,23.034307865389625,0.2718742025005252,0.2790436376705254,2.044269343392016,10.5522609777401,27.24719016507272,59.70010076282695,117.37559640173264
587,2021,00-0036912,WR,2,developmental,128.6,0.8807531380753139,150.6,elite,0.926389676919202,112.50429917674924,121.44381784444435,107.31016954855588,115.8369660437346,14.809849254922357,16.105539284972544,2.133848414547727,12.334441352731972,32.34185795755593,73.42450618928942,148.1677377929453
588,2021,00-0036913,WR,2,developmental,45.36,0.5711297071129707,28.0,starter,0.7233433429732685,52.10664747505916,72.03584298001175,50.127659991024224,69.29995344254756,15.62944835475168,14.869779282142112,2.2830997868353804,11.486334537823804,30.07497597312812,67.32797310315131,134.69121192751277
589,2021,00-0036919,RB,2,developmental,92.4,0.74,70.38,premium,0.8433314031247281,77.80118920679024,92.2545857044096,73.37147427278008,87.00194727828544,18.508196715987538,17.766139046307977,2.2788732378499943,11.297182641641308,30.32470591737481,77.98998068718615,176.01763932881545
590,2021,00-0036924,RB,2,developmental,120.9,0.8314285714285714,35.8,starter,0.9301826424151802,107.15401525372756,115.19674778654938,103.2869107738056,111.03938738915345,42.04439836143895,40.58490360733239,2.264407727558276,11.716120969060604,31.42828386687696,81.14074045397626,183.5656797395492
591,2021,00-0036929,QB,2,developmental,2.0,0.1027397260273972,0.0,out,0.1925474580821569,13.346307807005577,69.31438067237907,12.860795876132048,66.79286241548073,1.1044563295875456,0.9593392558854604,1.3469700772360151,11.584078284360888,36.57336369719655,93.87553051941008,222.2315912539774
592,2021,00-0036936,WR,2,developmental,58.1,0.6506276150627615,70.0,premium,0.8215991327905049,63.65474002572387,77.47663974464642,59.913603880967074,72.92315861808987,14.653779782428838,14.652215800654815,2.248642426570298,11.751083999245216,30.767398350947843,69.12274549340638,138.57919462049753
593,2021,00-0036939,WR,2,developmental,1.0,0.0502092050209205,0.0,out,0.2859865682135669,6.688592957941237,23.38778705490245,6.219595936925303,21.74786031307833,0.8898917573036744,0.7332414497250044,2.115316467800802,10.759527793072456,27.74757297170329,60.731407413484845,119.33426985239647
594,2021,00-0036945,QB,2,developmental,144.8,0.5821917808219178,240.18,elite,0.8008791805412178,104.7008368272278,130.73237433450714,96.31794403430465,120.26526144582124,87.15087742472902,92.07605348984102,1.6366471246800198,11.53695810209164,37.32073810832094,97.7800614470966,235.93579111458152
595,2021,00-0036946,QB,2,developmental,0.2,0.0136986301369863,0.0,out,0.24115063549503,8.59989868768258,35.661936656434065,6.941786537894388,28.78610095156666,0.9914403909070836,0.5334892744703525,1.2227498199136222,11.495640189694084,36.09608862442998,92.33339084047944,217.7269721471864
596,2021,00-0036950,RB,2,developmental,21.5,0.42,0.0,out,0.7925424967745535,24.164655619593823,30.490044026582588,21.659756075125568,27.32945698593485,9.779037166737076,7.858653975087018,2.3114093760620715,10.58291628541237,28.287711925397826,71.7438230347737,160.3470247916973
597,2021,00-0036951,WR,2,developmental,4.9,0.1841004184100418,0.0,out,0.3691491949231867,12.88657230990776,34.90884576516338,11.5401255740239,31.26141336005132,2.522023002081726,1.854121446255768,2.477977379083898,11.699792424887429,30.249512939435085,66.49197712523053,131.27181587875802
598,2021,00-0036955,WR,2,developmental,15.8,0.3640167364016736,16.9,usable,0.6397364734372174,28.149079629774786,44.00105480704202,24.31322399046176,38.00506145886931,7.461154133272892,8.001999165577136,2.34800429593656,11.31875739485549,29.49123856434765,65.39805202207828,129.9546250581543
599,2021,00-0036963,WR,2,developmental,138.3,0.899581589958159,219.9,elite,0.9324436950376798,117.62647651916689,126.14861052217596,112.06109122442788,120.18000853113122,75.29547538808089,81.3726264090101,2.156635931395221,12.506641711826624,32.78438158307277,74.4805124511952,150.37232089487006
600,2021,00-0036970,TE,2,developmental,111.6,0.9330708661417324,86.3,elite,0.9682941427105608,88.31839466501049,91.21029527017426,83.02247168959022,85.74096240754295,15.606615628474128,12.33352614567156,1.6637019706577318,8.640998274405623,20.286264966820134,46.17256163013938,103.23902359694152
601,2021,00-0036971,QB,2,developmental,215.04,0.7054794520547946,283.54,elite,0.922484745237816,177.30267475398546,192.2011997155324,168.74172719945446,182.92088630251868,52.38966548404312,60.75807746273871,1.685143769863823,12.378740617943938,39.96561540396756,105.23474997099387,254.7454097411923
602,2021,00-0036972,QB,2,developmental,234.44,0.7191780821917808,110.9,premium,0.9242683672465988,176.47048867657577,190.92992352673767,168.9732758441867,182.81841273823875,56.876642460803545,55.245539702259045,1.6397405896302768,12.14949468695198,39.28354817535054,103.5306246175399,250.7677785369092
603,2021,00-0036980,WR,2,developmental,100.2,0.8096234309623431,81.1,premium,0.9231249494826448,96.97535716230072,105.0511712598056,92.43169598612047,100.12912773934102,19.383046078272613,19.666541825989047,2.2240048203918765,12.388050621913017,32.437174290050294,73.38054263574612,147.76045971855683
604,2021,00-0036984,RB,2,developmental,25.8,0.4542857142857143,17.3,starter,0.5853851966637869,36.81175877045842,62.8846765860413,34.10481723638521,58.26047093564128,10.79496568395517,10.880847542065148,2.359463602913129,10.805165797289249,28.878072158158457,73.3286557427821,164.0525172766058
605,2021,00-0036988,WR,2,developmental,61.9,0.6841004184100419,71.7,premium,0.8234170138715085,65.32141971471115,79.32969396343364,61.48745010814689,74.67352395239892,14.57790922895238,15.663641880169193,2.162123998769706,11.641931538920108,30.50059513778133,68.65104946173204,137.7639150338371
606,2021,00-0036991,WR,2,developmental,10.6,0.2824267782426778,0.0,out,0.6747776215370656,22.01647405767792,32.62774780160453,19.18061663871239,28.42509298844434,8.294587100826705,6.451358092121387,2.310838985816914,10.978845047264532,28.592442860850205,63.193141360367626,125.27138111482286
607,2021,00-0036997,RB,2,developmental,166.9,0.9,134.2,elite,0.9481849006601752,131.9081881935135,139.11652474287686,128.3299144986114,135.34271048743923,28.674206631184035,29.27967638001857,2.327468136760368,12.13129312273915,32.54377702677017,84.24083569875428,190.96154395253535
608,2021,00-0036999,WR,2,developmental,25.4,0.4539748953974895,0.0,out,0.742310939792489,33.393542419019454,44.985922514296405,30.215864910217327,40.70513216289671,14.48300255618943,12.029434836756202,2.351529817322072,11.4924355628994,29.99685955616917,66.78284861541252,133.08909128024823
609,2021,00-0037004,TE,2,developmental,0.8,0.0236220472440944,0.5,depth,0.3995504291739553,6.622728138490398,16.575449943033373,5.687106886255519,14.233764929281254,1.5800347698885222,1.1179026692609586,1.9262295755733811,7.789343905516393,17.98986013296604,39.31562805624754,85.49628131710067
610,2021,00-0037005,TE,2,developmental,35.6,0.6259842519685039,42.9,premium,0.8976322154890207,40.99205986227919,45.66687687333853,40.05059109719931,44.61804111540288,7.862402375137336,8.162219298153094,1.708818586402294,7.889431840187033,18.521338988541032,41.62531907000673,92.31200126774073
611,2021,00-0037011,TE,2,developmental,5.5,0.2322834645669291,0.0,out,0.5932503366740882,13.22230799444183,22.287906431826805,12.177338770014543,20.526475953277657,4.257994051089149,3.6768481117980816,1.7986899197135384,7.404681491887871,17.292504754596465,38.20406213808691,83.7444170820881
612,2021,00-0037012,QB,2,developmental,64.92,0.4726027397260274,0.0,out,0.762951748599404,59.937785852044776,78.5603885987235,51.34422643910313,67.29681992781167,21.683512240807676,15.585364512610752,1.5763935819185724,11.44078410197514,36.84859161902176,96.0932837187715,230.9146028090286
613,2021,00-0037013,QB,2,developmental,160.86,0.5958904109589042,136.94,premium,0.7834430902216413,123.9457383119782,158.20643497782734,114.55073282440942,146.21449120446292,41.904441288423975,43.18788423408565,1.6749798549279695,11.68615776719935,37.80100056015804,99.07778163249502,239.177222532502
614,2021,00-0019596,QB,3,veteran,382.74,0.9657534246575342,0.0,out,0.3714419568015357,83.59738023213673,225.06175918301943,89.25119404506268,240.28301706570613,27.68807766239949,29.61287660619237,1.2198505790416894,11.351217453520418,39.91024143884213,106.21485383544508,269.4201450604354
615,2021,00-0022924,QB,3,veteran,238.1,0.7465753424657534,0.0,out,0.5231479743962362,87.96433111059109,168.1442639859411,93.06228476666423,177.88902819334666,31.712320520569055,33.231366641792135,1.541967569606665,12.78144738505502,40.419589759009085,110.91479041152884,270.8940098248211
616,2021,00-0023459,QB,3,veteran,336.3,0.910958904109589,266.58,elite,0.7252011382223008,196.64995140364124,271.16608212404765,203.7662304977518,280.9789171004996,38.776077820463264,45.95873061990599,1.5916174251719908,13.322264562282086,45.40211038757424,121.38111968588612,305.0573208147014
617,2021,00-0023682,QB,3,veteran,0.72,0.047945205479452,0.0,out,0.0543409937278172,4.653485764315161,85.63490369026944,4.124743816261605,75.90482862572578,0.1301263335159852,0.0797309372410701,1.395783753126877,9.86810372400631,47.44405941109867,94.48088030886316,269.7267649973707
618,2021,00-0024243,TE,3,veteran,21.4,0.5236220472440944,0.2,depth,0.044154052049857,1.0522938219144706,23.83232734169589,1.1888373114425108,26.924761290314255,0.205023994641915,0.208341798014767,1.891666216647944,7.954974869610522,18.88782353908065,42.7343366825767,94.06132780968404
619,2021,00-0025394,RB,3,veteran,24.6,0.4428571428571428,0.0,out,0.025885614964616,0.8851235055634518,34.193644105939065,0.9680277684848748,37.39635970820495,0.0079270984515932,0.0119038105456955,1.718083496188124,8.89176612577555,22.704104860546263,58.909323406643736,133.66277584688976
620,2021,00-0026035,WR,3,veteran,45.8,0.5794979079497908,0.0,out,0.0453068130779383,1.8272386865027304,40.33032920147021,2.0729844572054383,45.75436488193105,0.0390500460749727,0.0537291480190336,1.9548585634190283,10.112638310934464,26.417513155587088,59.54473132025221,119.76695926502624
621,2021,00-0026143,QB,3,veteran,236.92,0.7328767123287672,0.0,out,0.7139624679552214,130.21325191788674,182.38108830960772,134.61525853719291,188.5466877870053,67.48662085499306,68.51855393951996,1.575745322568929,12.951543892637972,40.46659548376603,111.58921645225722,271.35612975088657
622,2021,00-0026158,QB,3,veteran,25.82,0.3082191780821918,107.54,premium,0.136968207230385,9.846497689092818,71.8889287389933,8.62601739030539,62.97824557049319,93.9074747206829,96.30824858208273,1.636918833918159,12.111545193182256,40.87124031526155,102.55248905775797,256.77168966481065
623,2021,00-0026189,WR,3,veteran,59.3,0.6589958158995816,0.0,out,0.0770845869068383,2.2814245481077244,29.596377689160747,2.7241194462908647,35.33935324299183,0.0670142853704933,0.1081552449558898,1.904744851475401,10.052612866997237,26.776844430029595,60.26389566518243,122.06550438970469
624,2021,00-0026197,QB,3,veteran,7.28,0.1301369863013698,0.0,out,0.1115255355685862,3.041124586895881,27.26841499923256,1.9583266682979343,17.55944643810832,0.1974931123214887,0.0600372345351707,1.5384112003534247,11.088848620060304,40.96788878257646,95.728874768905,247.8113812577601
625,2021,00-0026293,WR,3,veteran,7.0,0.2280334728033473,0.0,out,0.0187506674216252,0.1695644100836699,9.04311330742875,0.2997604996310495,15.986657588803178,0.0005189654106652,0.0024921875764198,1.7948842146950954,8.803327237032025,24.457465750351304,51.28759701186097,105.45560530962555
626,2021,00-0026300,QB,3,veteran,51.32,0.4315068493150685,0.78,depth,0.1181054986642186,8.244325663256053,69.80475724246499,7.258490530432247,61.45768497255656,1.0628259575815733,0.893678819221539,1.6552772416607615,12.547972915039416,41.072908918919765,106.35611959661748,263.2975003613197
627,2021,00-0026498,QB,3,veteran,339.74,0.9246575342465754,224.58,elite,0.7805926463345392,152.98648279263813,195.9876044323797,155.04554729617132,198.62542649386344,47.37793503894398,49.08283970938616,1.2266167254956442,11.318412756464568,39.31361398763299,104.87263523339396,264.80512063342843
628,2021,00-0026625,QB,3,veteran,12.28,0.1986301369863013,0.0,out,0.1775188695205399,10.126217802479486,57.04305029560716,8.356880738899578,47.07601373009329,0.8360617153993051,0.4861063586424023,1.477027428416727,11.000687758940694,39.17633180774852,94.37767092225742,240.8670348269876
629,2021,00-0027061,TE,3,veteran,85.4,0.8700787401574803,0.0,out,0.3675280321608732,22.747885649323504,61.894287397828656,22.236070958001143,60.50170058393815,5.609106552290875,5.541052521992835,1.7192569615483455,7.922028830294443,19.4168480601287,45.00092382372371,100.10296053795376
630,2021,00-0027656,TE,3,veteran,116.2,0.9488188976377953,0.0,out,0.4735735050749794,33.32636892866749,70.37211451132815,31.888950672028496,67.33685548345788,11.2266542311523,10.74704491345956,1.707694503949148,8.001063475774538,19.746465335604974,45.99138285799548,102.55624839525368
631,2021,00-0027685,WR,3,veteran,92.7,0.801255230125523,0.0,out,0.1123828262115497,5.969883910802514,53.12096262434965,6.054592156177151,53.87470986696821,0.354648217348072,0.39922093307288,1.807991843975992,9.90642087201621,27.40327032336994,61.41362849105933,126.09555651742644
632,2021,00-0027688,QB,3,veteran,50.3,0.4178082191780822,0.0,out,0.1905275633471999,3.994831499325079,20.96721035604316,5.800316921269774,30.4434530068482,0.1324918581811198,0.3237145805034771,1.2910528157152643,10.67388593714219,34.960355740366204,91.04364168628167,224.8915728187013
633,2021,00-0027691,WR,3,veteran,13.4,0.3535564853556485,0.0,out,0.0533128022762764,0.7689225989237056,14.422850911850624,1.1023003387797254,20.676090764604883,0.0087399538633858,0.0257420384089959,1.9895822419789588,9.737645866653976,26.62201061261502,56.91914562246067,116.46541244087705
634,2021,00-0027696,TE,3,veteran,37.7,0.6653543307086615,0.0,out,0.164070998016278,6.3826006530136645,38.90145565141517,6.628603898999629,40.40082634434871,0.5864355720312471,0.6217373954272771,1.8970237260601028,8.184786581153464,19.672763905421142,44.883954180215966,99.23099838082165
635,2021,00-0027793,WR,3,veteran,79.1,0.7552301255230126,0.0,out,0.1005927852253071,5.874683198420895,58.40064160926466,5.959024384018097,59.23908330673129,0.3326940502754487,0.3665132818556182,1.888135768174879,10.13891120247891,27.760292137819015,62.16571810118221,127.20681095887916
636,2021,00-0027939,QB,3,veteran,90.36,0.5136986301369864,0.0,out,0.5397565944333085,47.13340407784266,87.32344275909796,47.49927284747807,88.00128305490672,11.587324907247613,11.67497117679239,1.4709473777065878,11.866369196249469,37.32723937703452,100.21415369438172,244.1406517880699
637,2021,00-0027942,WR,3,veteran,103.8,0.8179916317991632,0.0,out,0.3064553487823236,20.91084786476378,68.23456646409143,21.21051068279385,69.21240163394816,3.803904362949876,4.110591754394516,1.9569585717314244,10.532155089109864,28.78887583205453,64.9052449653739,132.77674790003235
638,2021,00-0027944,WR,3,veteran,51.4,0.6171548117154811,0.0,out,0.1420626202774793,7.021754897067096,49.42718136095249,7.563211577744285,53.23857579827602,0.5145755892896311,0.6220092419566594,2.101285383608185,10.725777776891912,28.22622373164044,63.4471483238195,128.05328242050567
639,2021,00-0027948,QB,3,veteran,1.98,0.0890410958904109,0.0,out,0.2419224610885321,17.216058087699878,71.16353731785004,14.649567547742382,60.55480537783277,1.9869923657213828,1.117836553665143,1.3647187140718755,9.918984736520772,44.08812117157618,92.40378854200638,256.0563063358064
640,2021,00-0027966,RB,3,veteran,85.6,0.7,0.0,out,0.1570873145549407,7.855851141271658,50.00945597376102,7.738492204991257,49.26236231688044,0.5882392424294887,0.6395763670110037,1.9056822547535608,10.10486883931062,25.0238817243134,67.7399107510798,152.11229719441891
641,2021,00-0027973,QB,3,veteran,91.7,0.541095890410959,62.96,premium,0.4670644311685256,67.43104192212711,144.37203396847133,66.48627864548241,142.34926534470557,35.98341098037578,36.67210852774642,1.4593364352993228,11.831515423679567,38.04656946669742,101.17090750692026,248.5071146322604
642,2021,00-0027981,TE,3,veteran,35.7,0.6338582677165354,0.0,out,0.2591439134796561,8.168326217292126,31.52042472312734,8.630814460656124,33.30510195962476,1.078968290832801,1.2518641583536638,1.723009093490963,7.60455988865829,18.03974812930404,41.52157386828441,91.27716894107948
643,2021,00-0028002,WR,3,veteran,67.6,0.7175732217573222,0.0,out,0.2199545695957458,11.958430032391512,54.36772718279911,11.886869463162718,54.04238468429901,1.4271737466991097,1.5234600989507712,1.9283805275120816,10.220823499298652,27.92669500658936,62.30077932429152,127.41092154989347
644,2021,00-0028042,TE,3,veteran,3.2,0.1141732283464567,0.0,out,0.0635745073661133,1.233286423596782,19.399071651385714,0.9980822753294178,15.699410293211615,0.0448715205615763,0.0295498739115829,2.0092587567169464,7.684861198668333,17.920519572741338,39.04943710502415,85.46002596500068
645,2021,00-0028063,RB,3,veteran,3.0,0.1457142857142857,0.0,out,0.0402217548033956,0.4104893854882149,10.20565580727871,0.6283465522908058,15.622057151960938,0.0023741744497718,0.0100924691892925,1.7899987955539642,8.476010752555979,24.547357730200023,57.13409114227528,135.86915123194072
646,2021,00-0028097,TE,3,veteran,13.5,0.437007874015748,0.0,out,0.0892052423316721,1.4081612865682112,15.785633778478578,1.682700374336814,18.863245369374155,0.0506928575260587,0.0743628173087027,1.8279744180730035,7.608683310169444,18.359846474172404,40.821953690141065,90.36174337546552
647,2021,00-0028118,QB,3,veteran,85.74,0.5,22.06,starter,0.3387004309490028,17.51803334530488,51.72131991748933,19.569600631446416,57.77849345102533,15.460670098115616,14.509318412203136,1.3546503054888732,11.233326661946323,35.387292392310435,95.01612200103904,231.42153198150123
648,2021,00-0028237,WR,3,veteran,11.1,0.3054393305439331,0.0,out,0.032937364053626,0.6068595417392528,18.42465416331471,0.7904014098789078,23.9971057972957,0.0055314017481553,0.0119814367888355,1.95857019927636,9.545276532799122,25.93999353484483,55.39029071950869,113.06594768066996
649,2021,00-0028986,QB,3,veteran,30.68,0.363013698630137,0.0,out,0.1736105577064688,5.111569368385198,29.442733413871974,6.015202421412796,34.64767639064306,0.1997002484443584,0.3320329781625908,1.3031481311456272,10.541949850111816,36.39276278565578,91.3087207044036,230.05192863664263
650,2021,00-0029000,WR,3,veteran,77.3,0.7510460251046025,0.0,out,0.1923894429236833,11.579785608154875,60.18929849881796,11.471887334872545,59.62846588948849,1.248605095094062,1.328069257669739,1.8877576858618577,10.127687677638118,27.75886444837899,62.09521176149265,127.11234658283058
651,2021,00-0029119,TE,3,veteran,3.3,0.1299212598425196,0.0,out,0.0641257947596931,1.1939814053352769,18.61936229889449,1.1509342721478255,17.94807029621808,0.0387142354938829,0.0345211402263396,2.06436778043382,7.857814782056582,18.474350634768367,40.07962075973193,87.9974790179928
652,2021,00-0029239,RB,3,veteran,94.1,0.7657142857142857,0.0,out,0.1666665950521121,7.687632549311109,46.12581511554488,7.7927353252731,46.75643204228492,0.5401563360685238,0.6359930224250441,1.7740845622558026,9.670312316135693,25.001181782998938,66.66007206847745,151.99812350826107
653,2021,00-0029263,QB,3,veteran,250.82,0.7876712328767124,184.78,elite,0.8588196147230549,215.1562192141137,250.52550678351184,216.5195670889105,252.1129738737185,61.07698122091571,64.92879766810452,1.5875645457773204,13.0825303679258,42.43060616012588,115.16161116252428,284.0400498831249
654,2021,00-0029269,WR,3,veteran,1.0,0.0502092050209205,0.0,out,0.0347040617235859,0.4655578996811331,13.415083899667144,0.6452653188064595,18.59336592776738,0.0034186105878178,0.0091131548895322,1.948632621874888,8.847952157905477,28.039011029710498,53.18469872896434,114.9444148403829
655,2021,00-0029293,WR,3,veteran,108.2,0.8514644351464435,0.0,out,0.4605792460350481,40.484884925214345,87.89993312493638,39.24070535873747,85.19859654238833,12.680968663714497,12.634704890860728,1.9161861685856088,10.408358294678797,29.10162943746209,65.03935239079046,134.1540406921912
656,2021,00-0029567,QB,3,veteran,16.8,0.2671232876712329,0.0,out,0.1689414053626854,17.763411834239015,105.14540112948812,17.708291942286564,104.81913480162066,1.550656228392313,1.4949686657113013,1.443138819660475,10.981216636896564,39.133782930646944,95.0360597825652,242.56309147295616
657,2021,00-0029604,QB,3,veteran,313.34,0.8561643835616438,184.32,elite,0.8375438715778813,186.16390475172412,222.2736158298225,186.52764133961747,222.70790542376105,49.67363697215511,51.21750580954626,1.3441809023703477,11.888297163149122,39.355839121112936,106.86911129324548,265.231115104424
658,2021,00-0029608,WR,3,veteran,51.1,0.6129707112970711,0.0,out,0.1906423361386277,9.919709490622116,52.03308819825251,10.2990270080624,54.022769635876415,1.004582527917309,1.138546676815027,2.1101410438083805,10.754519963343974,28.223796784797724,63.50492056925389,128.04267432291022
659,2021,00-0029632,WR,3,veteran,18.7,0.3933054393305439,0.0,out,0.0784409814397943,2.083822141933984,26.56547768379689,2.531845220998438,32.2770721952491,0.057540725138514,0.0988744751538961,2.032328474168896,10.012225022415432,26.515051840827173,57.971153155383,117.2432994247582
660,2021,00-0029664,WR,3,veteran,9.2,0.2698744769874477,0.0,out,0.0872185413701726,1.79301485146031,20.55772572313957,2.015011907290816,23.103022311949815,0.052076183768881,0.0754291475758184,2.178593520518797,10.25237142153768,27.84866066047288,59.00167874443721,120.54586253246048
661,2021,00-0029701,QB,3,veteran,280.86,0.8424657534246576,0.0,out,0.8542570026840786,202.87123309645176,237.482669101956,200.8113208406814,235.07131953233215,153.9691690682301,151.12537676071088,1.355267052381902,11.89963448631742,39.80776633591031,107.24384391442554,267.2304039505211
662,2021,00-0029738,TE,3,established,4.3,0.1653543307086614,0.0,out,0.043778714512812,0.894063974344225,20.422344152717727,0.9275992507927764,21.188361995446687,0.0206673197257774,0.020909121095531,2.17691096309142,8.255891630417365,19.11624742953737,41.90468622402307,91.52996567588318
663,2021,00-0029892,RB,3,established,45.8,0.5742857142857143,40.6,starter,0.2495763958420468,6.452304024156383,25.853021886893305,7.420582740267023,29.732710560350423,33.85283940527312,31.867202738963265,1.9214335863654517,9.895139451584644,24.91662157081913,65.83740760540013,148.7729740030939
664,2021,00-0030035,WR,3,established,134.8,0.8891213389121339,92.5,premium,0.5063202689566277,48.61399185652167,96.01431117245284,47.498392858550005,93.81096466161578,39.28202098670037,38.44428634080878,1.9991307822546247,10.83027633402698,29.86139957880941,67.47046089749745,138.50130238797993
665,2021,00-0030061,TE,3,established,106.7,0.9173228346456692,113.4,elite,0.5811358771899563,36.47210230581439,62.76002521505436,34.115479142931434,58.70482357395409,54.75881895011658,58.6254319566028,1.6335863184536243,7.718121636910297,18.883095819040623,44.14374480823668,98.08136373187808
666,2021,00-0030068,WR,3,established,37.7,0.5167364016736402,0.0,out,0.1307102777489729,3.698261502585649,28.293578487287,4.045122850203161,30.94724393418976,0.1818849734294874,0.2366647014278213,2.2783881968518607,11.219540179899283,28.651585365216004,64.6202080690493,129.06030861741567
667,2021,00-0030085,WR,3,established,12.9,0.3368200836820084,0.0,out,0.1187191953723278,4.342419511155723,36.577231656068754,4.377311501810594,36.871135186542006,0.2395866885177326,0.2598278071249265,2.2082131012745165,10.500358828063222,28.360557478293664,60.71413887687809,123.7965993178784
668,2021,00-0030108,TE,3,established,43.6,0.7519685039370079,0.0,out,0.2484757665507834,7.117442385141941,28.64441262801087,7.706607410553586,31.01552927085351,0.8080129490969652,1.0566809995388278,1.3428944765251345,6.49503919350399,16.69311885649297,37.589563743322266,84.86293871348012
669,2021,00-0030155,TE,3,established,6.0,0.2677165354330709,0.0,out,0.162252572871288,2.151415688011512,13.25967070930943,2.510137802586279,15.470557774005378,0.1255470751780052,0.1926328043925047,1.676370826490038,6.905196626921248,16.768322009551007,36.619033043072335,81.18578308314815
670,2021,00-0030181,TE,3,established,52.2,0.7834645669291339,0.0,out,0.3242757567767597,11.851955729686347,36.5490033775345,12.155180244995735,37.48408566158615,2.0223499742755813,2.2467756693628687,1.551175541318832,7.216609644892278,18.236345735627168,41.32050453821489,92.85630246104984
671,2021,00-0030279,WR,3,established,153.8,0.9351464435146444,116.4,elite,0.5921818093361422,59.18815852696769,99.94930204512669,56.62433686030879,95.61985182183622,42.644580749422005,42.36479574907826,1.9930861463283096,10.881368444527864,30.429032993383974,68.54854995904793,141.45661172291616
672,2021,00-0030288,RB,3,established,81.3,0.6885714285714286,0.0,out,0.2135135843853391,10.338277747319742,48.41976578249798,10.73461382623204,50.27602275112724,0.9894055163443288,1.2089814567622987,1.8634460299631488,9.9206602198935,24.6005636833176,66.51556271354862,149.40708424320354
673,2021,00-0030431,WR,3,established,93.2,0.805439330543933,20.3,starter,0.3179720748902392,21.556389286589845,67.79334095307235,20.7983741969112,65.40943636038035,12.98126306897122,12.843242653073364,2.0304169012155056,10.774943139896216,29.7455069534027,66.49095653438081,136.57386184342718
674,2021,00-0030456,RB,3,established,39.1,0.5285714285714286,0.0,out,0.1976796325701683,5.911101367337734,29.90242995944224,6.620225153234004,33.48966743391781,0.3898745586001544,0.5856254898716866,1.9745875277504024,10.01636083954693,24.975345517788597,65.96484058263654,148.5565357883882
675,2021,00-0030496,RB,3,established,33.1,0.5057142857142857,0.0,out,0.1589137687222935,6.553091865909417,41.236778402512975,6.696335748453693,42.138172181642325,0.4416981588582809,0.5040693034735035,2.091572570470994,10.382829800514008,26.1913277993506,68.37456781227657,154.73143432699808
676,2021,00-0030506,TE,3,established,173.8,0.9881889763779528,101.4,elite,0.6167483982258775,59.45714529728904,96.40421518454193,56.86859655344457,92.20712484544964,27.36524583442815,27.90540320591578,2.083059858643614,9.387557874992844,21.838146259736373,52.43449128433926,114.60419285028604
677,2021,00-0030513,RB,3,established,94.1,0.7657142857142857,0.0,out,0.2189261051821417,13.042231718922546,59.573670796690486,12.418915205016054,56.72651598439477,1.464322613876579,1.4952865975777758,1.7774646539148171,9.683313590195455,25.0328630009636,66.74251268631535,152.1845445309478
678,2021,00-0030520,QB,3,established,41.9,0.3904109589041096,0.0,out,0.2844494397686667,12.24871245357344,43.06112349363355,14.04597467615728,49.37951253333598,1.0086664013361837,1.4252629668282832,1.333246885146376,10.810901959166037,35.837779263046386,92.2951726162431,229.08417457197567
679,2021,00-0030525,WR,3,established,31.4,0.4707112970711297,0.0,out,0.085275407090676,2.2631265926437694,26.539030065694263,2.7822890902162087,32.62709830581885,0.0672960223724321,0.1159327698839036,2.1538791877969232,10.666094713687444,27.18668825245169,61.18985355152272,122.06360707694432
680,2021,00-0030564,WR,3,established,105.2,0.8263598326359832,92.0,premium,0.5712371930340213,51.31644982449595,89.83387365227054,50.05193822025704,87.62023697094261,36.01046440853128,35.5631338730276,2.0826003564706808,11.032457643412668,30.227494968719224,67.96775579541197,139.2472595571013
681,2021,00-0030565,QB,3,established,56.28,0.4589041095890411,278.0,elite,0.2195785660106092,18.075641698611552,82.31970008283142,16.491828852529395,75.1067335585595,243.73235352566175,246.5137549097471,1.432233027874052,11.461153231523536,37.918671022590125,98.30465714391396,244.0069322807272
682,2021,00-0030578,RB,3,established,189.1,0.94,27.5,starter,0.4582851004946446,39.94355187953689,87.158739911955,37.69429550392052,82.25075496287273,16.950022120466343,16.176080412965124,1.7962363501691208,10.076958872628,26.32558090175613,71.0975479875599,162.76715482623368
683,2021,00-0030663,WR,3,established,3.8,0.1527196652719665,0.0,out,0.1370670586910469,3.705902167044079,27.037146652408204,3.7366334065947298,27.26135252538837,0.2134126923920627,0.2296427134940626,2.2270671891501324,10.110352686698535,28.97349456968485,58.656371513376975,122.28971998505344
684,2021,00-0030669,WR,3,established,23.0,0.4372384937238494,0.0,out,0.1426344971899303,4.8601735636139205,34.074320443967856,5.201533868628915,36.46757250949337,0.2853756777550691,0.3493113578741198,2.250005396298054,10.898263089905877,28.681446942162214,63.01250345738362,127.26284341308724
685,2021,00-0030874,RB,3,established,49.7,0.6028571428571429,0.0,out,0.2093274211097912,5.88469228464788,28.112381328012383,6.484413135976487,30.977370769668276,0.4002217649555701,0.5776241181823689,1.9351120490746223,9.98884585784647,25.3730875134508,66.89456600881917,151.6624192884864
686,2021,00-0030968,RB,3,established,16.2,0.3542857142857142,0.0,out,0.1602008384612773,2.1426532816299195,13.37479442810674,3.1145972923979954,19.441828908722197,0.0685251994989153,0.212545938580797,1.9626609181908936,9.608154013071886,24.500947995679528,62.64751206267834,142.26125359614525
687,2021,00-0031045,RB,3,established,37.8,0.5171428571428571,0.0,out,0.1324244472252662,5.3604780333454345,40.479519799140746,5.599479878363285,42.28433643251726,0.2871837612904642,0.3546540748269162,2.0210846174657333,10.17086137682148,25.25114806218389,66.71603949940058,150.03910450184244
688,2021,00-0031062,RB,3,established,19.2,0.3971428571428571,0.0,out,0.1046417495876385,3.9623914076754447,37.86625723757517,4.170786134530434,39.85776376031785,0.1693680815949618,0.2081006125227262,2.062775612127117,10.04338702937263,25.679743462132716,65.73993293253211,149.50280249215143
689,2021,00-0031235,WR,3,established,87.1,0.7803347280334728,5.5,depth,0.3570982681655446,21.099006128184623,59.08459381943429,20.448075228665623,57.261759721518025,6.198963789971824,6.102953875206215,1.981459064666196,10.546245827995712,28.8928480694922,64.74795900528662,132.58321282639656
690,2021,00-0031236,WR,3,established,142.8,0.910041841004184,43.6,starter,0.6809285602603519,68.23241605492542,100.20495546381088,65.34438976457962,95.96364960752317,23.740853611904758,22.836177129359896,2.067121577251916,11.132541776251806,30.865694950682,69.59561095307129,143.20698529225453
691,2021,00-0031237,QB,3,established,204.68,0.678082191780822,0.0,out,0.8600662697528147,150.49812011302438,174.98433016827636,149.4752810123877,173.7950740183629,93.32042357802204,92.46099700814511,1.4331738302227597,12.08416027870441,37.16880995310255,103.08575263969988,248.98443029420804
692,2021,00-0031260,TE,3,established,39.6,0.6889763779527559,0.0,out,0.3050591866812517,13.329054808388976,43.69334014620629,13.777007318558017,45.1617519486579,2.3823233665561165,2.549603136819228,1.786404669869149,7.858043890074346,19.15995334640132,43.58233791158008,96.80565359633624
693,2021,00-0031273,TE,3,established,49.5,0.7755905511811023,0.0,out,0.3793499055492679,14.40562322875053,37.974500633899865,14.391051512764031,37.93608829802383,2.9458491144834564,3.100108036254703,1.578675391366502,7.289325878585675,18.478853486816696,41.72009585925773,93.88084252498054
694,2021,00-0031280,QB,3,established,276.96,0.8287671232876712,156.9,premium,0.8395169734212381,183.3217221942931,218.3657126635713,182.1118428765664,216.9245514291579,56.35581467047987,56.62003252540367,1.3088797280764988,11.63060610704262,38.58735512396435,104.40555105739809,259.2606245728427
695,2021,00-0031285,RB,3,established,113.6,0.8142857142857143,0.0,out,0.2837892548742921,15.16171670093628,53.4259717044338,14.75946456730915,52.00853913178297,2.3838376561228305,2.433504381544358,1.8649445691925712,10.108592153364429,26.19829854240429,69.99309197336889,159.8199173399898
696,2021,00-0031325,WR,3,established,45.4,0.5753138075313807,0.0,out,0.3294150091932161,16.522452674005216,50.15695160481921,16.895488323917846,51.2893701027688,2.995456386246561,3.206003101346072,2.293487625739657,11.380180119206884,29.48541525061955,66.36230301460412,133.2649140210588
697,2021,00-0031345,QB,3,established,239.5,0.773972602739726,19.86,usable,0.8353105060634506,113.11862270383229,135.42104628484074,111.3367107375205,133.28781324948798,47.59909139103927,46.931705265306825,1.2219545399286078,11.067624539255998,36.11627503041926,98.26597281514884,242.33074811512165
698,2021,00-0031376,RB,3,established,27.9,0.4714285714285714,0.0,out,0.1954836743648969,5.861891095016127,29.986601766417127,6.174828477479477,31.587438171196432,0.4288702664037895,0.5333528550082685,2.08525433672474,10.284750956595786,26.053815241830684,67.59429399596225,153.2033263173783
699,2021,00-0031381,WR,3,established,222.3,0.9811715481171548,158.3,elite,0.6841118747407882,84.37891195913599,123.34080882766052,84.33646741862427,123.2787655536305,36.493137488021546,36.25315097630156,2.3584345409599106,12.504697337819165,33.51340890281042,77.36665485156855,157.36942430144003
700,2021,00-0031382,WR,3,established,86.0,0.7719665271966527,0.0,out,0.3648656357977016,24.59037174837115,67.39569127854286,23.725944533596277,65.02652539947894,5.414518207784731,5.292910931026764,2.0860432915497564,10.941273199047725,29.76627949029165,66.79283727892485,136.4805548031966
701,2021,00-0031384,TE,3,established,3.1,0.1023622047244094,0.0,out,0.1033515811837564,3.4743958999129223,33.6172495874595,3.101368896533985,30.00794821919397,0.2191696370919,0.1633484319085276,2.3098163057944894,8.539317726138927,19.66751566144185,42.8267379273415,93.41321137474088
702,2021,00-0031387,TE,3,established,20.5,0.515748031496063,0.0,out,0.3251201906106691,11.32258899888275,34.825856178343386,11.078150135702517,34.07401464330643,2.0113954002157524,1.892390276462594,1.9649799788415028,8.167320861488504,19.388781664425604,43.7555232228862,96.3368064831511
703,2021,00-0031395,QB,3,established,7.76,0.1438356164383561,0.0,out,0.125543963927919,9.72614764095434,77.47204514379203,8.855367012773815,70.53598385548922,0.5892459021869421,0.4718845250540866,1.3869525909690965,10.39449718662432,38.5799969654629,90.34555257775482,234.01119148494456
704,2021,00-0031408,WR,3,established,190.5,0.9728033472803348,170.4,elite,0.7095301865957171,79.6130143449591,112.2052533479055,76.53220990743715,107.86321900500675,54.71683359042014,59.11260972777151,2.1032301091203576,11.419073761272642,31.51441131274436,71.71654163914798,147.3401612635622
705,2021,00-0031428,WR,3,established,51.0,0.608786610878661,3.0,depth,0.3944131368288558,23.57879120706694,59.78196212388908,23.32494602578518,59.13835987645201,6.13564464788605,6.12332155937326,2.206299670724951,11.114349692238354,29.018686344048376,65.35489468486931,131.57327733098555
706,2021,00-0031484,TE,3,established,15.1,0.4448818897637795,12.0,starter,0.2257463967626072,2.490829249005272,11.03374975071963,3.2267070321120555,14.293504031008876,9.690021014014036,8.887258966467883,1.5627487139546972,6.82770204018913,16.349760311593077,36.83610465349626,81.18773923621815
707,2021,00-0031503,QB,3,established,122.4,0.5684931506849316,142.14,premium,0.5017359739871026,56.05846717583294,111.72901701737248,46.3438774963216,92.36706136106736,74.96170001198388,85.58290755208782,1.535333000747925,12.355266843861246,38.2633445879116,104.18319612973806,252.42956431017103
708,2021,00-0031544,WR,3,established,136.5,0.893305439330544,78.7,premium,0.7319356530521848,68.58975952427147,93.71009492193876,65.73604687912004,89.81123764773521,22.479972997036427,22.658235623244792,2.115256426826475,11.295595810358815,31.11233718687718,70.23358732192352,144.19513996861303
709,2021,00-0031545,WR,3,established,9.3,0.2740585774058577,0.0,out,0.0798714559487652,1.0344769381809753,12.951772643841082,1.4394478081682462,18.02205545234586,0.0188270355690067,0.0485680840787745,2.0629151756047728,9.84845262298998,26.86060333343946,56.91793709860101,116.40195291348968
710,2021,00-0031547,WR,3,established,65.5,0.702928870292887,0.0,out,0.3358138826852176,19.75420201953253,58.82485221151372,19.48795680057145,58.03201655852598,3.677527871858711,3.715973306551602,2.151740619030892,11.055953279862528,29.875147871022403,66.70680043180305,135.99981845333872
711,2021,00-0031549,WR,3,established,67.4,0.7133891213389121,35.1,starter,0.4383360689504734,25.50852091519356,58.19398110739482,24.70926593353688,56.37059709163182,18.50319219112894,18.113871820791086,2.0568805914657458,10.70940366164914,29.09246640386956,64.93877326743467,132.6013830012095
712,2021,00-0031558,TE,3,established,25.8,0.5551181102362205,0.0,out,0.2931312105761678,7.521365696610247,25.65869967181771,7.714939010614651,26.319063723888192,0.9656592808166478,1.0982275651726985,1.7211720379092643,7.4847665022067105,17.67639666166628,40.442788662640304,88.76402147880934
713,2021,00-0031585,TE,3,established,35.5,0.6181102362204725,11.0,usable,0.3678760159770409,7.602457847700869,20.66581543107539,8.182742519765954,22.2432073970178,6.629818035321785,6.196969539967983,1.6832557058534716,7.469898323100184,17.50259561337279,40.55524603273746,88.7327991551851
714,2021,00-0031588,WR,3,established,185.5,0.9686192468619248,75.92,premium,0.732146365569905,79.5087210188164,108.59675709368108,77.34692906398311,105.64407979240056,22.9767430673186,23.02482450081537,2.1755699250236664,11.696112709183067,32.29709584834938,73.35413880659742,150.78366929325202
715,2021,00-0031595,RB,3,established,14.2,0.3342857142857143,22.3,starter,0.1397583164334821,2.760583021033689,19.752549196938748,2.704952022985696,19.35449776452563,19.6447295499033,19.476143406710868,2.074478029572067,9.957887653719933,25.544157513615986,64.79536563222744,147.54252635053575
716,2021,00-0031598,TE,3,established,0.2,0.0039370078740157,0.0,out,0.1012496476660428,1.1735397400885,11.59055628479073,1.3380923003024208,13.215772411533942,0.0443762046339886,0.0625028414020176,1.6146198007062704,6.240197298414812,17.502640720342484,34.19439385041196,79.86162114895546
717,2021,00-0031610,TE,3,established,79.5,0.8622047244094488,0.0,out,0.6982650969251418,49.54279926173572,70.95127549680033,47.473808077339534,67.9882300954089,24.570951609072207,23.083994031964423,1.840337886676592,8.29667523771934,20.435348716365294,47.0367381782469,104.88925577945832
718,2021,00-0031687,RB,3,established,2.0,0.1057142857142857,55.9,premium,0.0703764800384808,1.3607198446136626,19.33486647626651,1.5703919143179506,22.31415827360622,53.86267692290286,53.45239509960323,1.9780888012641076,9.010692300042956,26.634085400156597,60.718601336396034,145.65999847034558
719,2021,00-0031690,TE,3,established,4.7,0.2007874015748031,0.9,depth,0.1500700141161716,1.0794214349014897,7.192785589171014,1.6102902197697695,10.730259667485724,0.8463703534755045,0.740059225436767,1.5149994108262677,6.357436782759901,15.255908744665824,33.48505240115655,73.84595319384134
720,2021,00-0031763,WR,3,established,66.5,0.7092050209205021,7.2,usable,0.2936066577992201,7.748916784604596,26.392169859797978,8.822195062414831,30.04766693147605,5.120524405998749,4.823084493160142,2.0500328066995603,10.676018431236209,28.97698497249446,64.69066708755427,132.04833453086135
721,2021,00-0031787,WR,3,established,8.8,0.2552301255230125,0.0,out,0.1227902941803191,1.8549969737377368,15.10703257224589,2.3309060341952743,18.98281985359778,0.0632324965439363,0.1232883847822932,2.096905406953022,9.941650626020872,26.918573539036508,57.12695684405573,116.5326893916575
722,2021,00-0031800,QB,3,established,238.86,0.7602739726027398,3.12,depth,0.8105849399319816,122.54954144920085,151.18655110898595,116.08997143631072,143.21752812981225,61.19943267492705,56.38759853066606,1.310638284434802,11.538361039796891,37.11929396637796,101.4747848668888,249.07055180977383
723,2021,00-0031806,RB,3,established,19.5,0.4028571428571428,0.0,out,0.1929797544379557,6.368902813820879,33.002958431416815,6.615791482393775,34.28230853366949,0.4562682850725368,0.5509943893184595,2.1038244773940407,10.199716923941011,26.112654458845277,66.78857047896804,151.98748802279155
724,2021,00-0031868,WR,3,established,40.9,0.5418410041841004,0.0,out,0.2734561987295232,12.32147298445918,45.05830565079421,12.375997950599224,45.25769760604469,1.6388095717589657,1.6701968698227745,2.424236590365626,11.810149497307355,30.270041990597043,68.17050968001799,136.4089265856615
725,2021,00-0031941,WR,3,established,61.7,0.6799163179916318,21.7,starter,0.3967802096260824,21.884186277918456,55.15442995138711,21.29276975521589,53.66389058386194,12.667132929584827,12.347755551641626,2.0680665190776844,10.700983828676716,28.717754259637758,64.30578169277734,130.7192394367709
726,2021,00-0031951,TE,3,established,27.4,0.5866141732283464,0.0,out,0.2917945729928932,8.035938863736485,27.539713234941495,9.21845194632408,31.59226661336364,1.1308889857854396,1.457592195520765,1.8564467124982909,7.937316616593167,18.990235743346272,43.11086627244174,95.135598002128
727,2021,00-0032009,WR,3,established,38.8,0.5334728033472803,0.0,out,0.2892282443278368,11.321867263864274,39.14509556345774,11.30076736747137,39.07214315716028,1.503978297039291,1.5547091828727062,2.336643971765261,11.458510882301058,29.507377977434132,66.29123654032009,132.84105124141257
728,2021,00-0032054,WR,3,established,22.4,0.4309623430962343,0.0,out,0.2154700460294628,8.112937398040634,37.65227486390981,8.260291225084718,38.33614637997165,0.7942632019971878,0.8708970831313518,2.2747471164645536,10.976009948030889,28.864493748945044,63.372257801762295,127.9666835493719
729,2021,00-0032058,RB,3,established,42.0,0.5571428571428572,0.0,out,0.1864552741995264,6.654569995494411,35.68989948964024,6.508079116758089,34.90423719413681,0.5114227782154757,0.5243300431601865,2.133191439535376,10.645687154491917,26.762804872656343,70.35872127311478,159.04557754783426
730,2021,00-0032062,TE,3,established,9.7,0.3346456692913386,0.0,out,0.1953910692673377,3.543177254308684,18.13377278498252,3.088598732255494,15.807266646509907,0.354671940977171,0.2701154938798611,1.9167047556689023,7.751633086757941,18.131206622642527,40.50464475989632,88.68869515785204
731,2021,00-0032063,RB,3,established,103.2,0.7857142857142857,0.0,out,0.4230398828779211,25.34946308335072,59.92215890118793,24.190260550091423,57.18198573979876,5.602137319024759,5.411155801658687,1.992293513793104,10.552433369229496,27.12156543354632,72.3992131619259,164.90363359139536
732,2021,00-0032098,TE,3,established,4.4,0.1771653543307086,0.0,out,0.1324070939944511,1.59688354698208,12.06040778335488,1.793152736885255,13.542724054954345,0.0783020123570983,0.1121478771729092,1.7208426516945556,6.93672016289552,16.364059541344176,35.94355816359437,78.87840547478625
733,2021,00-0032104,RB,3,established,51.5,0.6142857142857143,92.2,premium,0.3444454645139113,12.18483450134472,35.375221208211336,12.668942649995056,36.78069231619505,73.44082190537394,72.22983976532976,1.9738351919982648,10.152065765855186,25.84438489187622,68.08293621478236,154.51116259947665
734,2021,00-0032128,WR,3,established,45.1,0.5669456066945606,11.6,usable,0.3558764357393404,10.713449631025188,30.10440859555025,11.539671477800953,32.42606230397653,7.729814670764002,6.853270205926609,2.0977873707834784,10.636780854095283,27.48089176296067,62.094313391810125,124.46213279663776
735,2021,00-0032134,TE,3,established,79.3,0.8503937007874016,0.5,depth,0.6802617076861369,31.83954536637761,46.8048473207137,30.54408951874208,44.90049810775868,12.150364258296792,12.4612081867781,1.4457564397903575,6.999130878889507,17.2607420008004,40.10356122956775,89.25727775724572
736,2021,00-0032135,TE,3,established,16.2,0.4606299212598425,0.0,out,0.3044304002800014,5.558001042069934,18.257050008665143,5.955963293548387,19.564285590632075,0.7346636589015976,0.8682344187092763,1.878305144957717,7.815829690806339,18.54750786272602,41.70030628175471,91.76545931223156
737,2021,00-0032141,TE,3,established,41.5,0.7204724409448819,1.7,depth,0.479590380464183,12.685096568339166,26.44985613777656,13.30560060753016,27.743676999217577,2.9636163041638426,3.379190572396196,1.415340298115219,6.702303485052563,16.857594856578164,38.21273442884343,85.64408487467784
738,2021,00-0032144,RB,3,established,173.1,0.9057142857142856,0.0,out,0.6652691220440925,62.71850994574811,94.27539602776164,59.7014486090288,89.74029701783141,25.6483399220644,24.64794638711464,1.945215778230169,10.615383927481728,27.302254254585023,73.90625766785364,168.34102778643896
739,2021,00-0032156,QB,3,established,94.16,0.5547945205479452,0.0,out,0.4139751132856266,43.90495658256836,106.05699515148308,42.62090759251952,102.95524108743406,9.111371722983115,8.76625388955538,1.341030056096683,11.232913491489832,36.47781809060937,96.83930197610096,238.5539045708559
740,2021,00-0032160,WR,3,established,1.4,0.0732217573221757,0.0,out,0.0422001747755516,1.0308726104997386,24.428159740631404,1.1668435960668193,27.65020766555741,0.0142783737896003,0.0202751321290706,2.0578497206465967,9.278535147340328,28.79640860586683,55.312715038874735,118.69680985741378
741,2021,00-0032187,RB,3,established,52.3,0.62,0.0,out,0.3046814859859537,14.096517993091386,46.266408172045146,14.171344486093986,46.51199740685034,1.7980705211148091,2.0654885711867443,1.892884899599948,9.85667844468659,25.18464947708857,66.3541471996498,150.7338631429346
742,2021,00-0032200,WR,3,established,22.4,0.4309623430962343,0.0,out,0.214157426196377,3.95554989217976,18.470290582184244,4.727982149723178,22.07713378749582,0.2776432451109794,0.4498719291888324,2.175626503339439,10.61351800388258,27.960550077635723,61.42382714906292,124.06309762609384
743,2021,00-0032208,WR,3,established,11.5,0.3158995815899582,0.0,out,0.1182754502000845,2.7364544157072546,23.13628408159125,2.863230301185699,24.20815390127048,0.1130397042172637,0.1389121325019089,2.234