index,source_season,player_id,horizon,career_stage,source_points,source_percentile,target_points,target_state,active,realized_retention,selected_route,p_active,p0_expected_retention,p0_conditional_retention,p_out,p_depth,p_usable,p_starter,p_premium,p_elite,d1_mean_depth,d1_mean_usable,d1_mean_starter,d1_mean_premium,d1_mean_elite,window,outcome_bucket
0,2014,00-0025399,2,established,271.3,0.984567901234568,0.0,out,False,0.0,D1,0.8684802763522914,0.5154906855223005,0.5935548561763724,0.1315197236477086,0.0096769073258446,0.0171217950578465,0.048532616972562,0.1684629833361575,0.6246859736598807,14.219794974556024,23.31017312724453,40.5564152635564,90.09289581782473,195.5707115474277,selection,inactive
1,2014,00-0025399,3,established,271.3,0.984567901234568,147.2,elite,True,0.5425727976409878,D0,0.6580382197873966,0.3008213706455938,0.4571487819397256,0.3419617802126034,0.0221470310060605,0.0379442515146182,0.0320174040480786,0.240441056905626,0.3254884763130131,7.7744371084788355,19.34018966616248,32.706622511998084,81.13058722482856,183.6990045959946,selection,active_0_40_to_0_60
2,2014,00-0026184,2,established,251.6,0.9783950617283952,155.6,elite,True,0.6184419713831478,D1,0.8933807527245464,0.5197606615769809,0.5817907538212178,0.1066192472754535,0.0136693143304067,0.0184466593156974,0.0516884361996537,0.2003574499296704,0.609218892949118,3.954232643961724,13.059648501607462,30.25931347920067,79.81057476772088,185.3555846543075,selection,active_ge_0_60
3,2014,00-0026184,3,established,251.6,0.9783950617283952,88.4,premium,True,0.3513513513513513,D0,0.7119573512736611,0.3233637107526989,0.4541897210194052,0.2880426487263389,0.0283247815280098,0.0389360656018277,0.0594846179819233,0.2305869405496543,0.3546249456122458,4.890999624473139,16.36807015649103,29.96009935850681,78.11620635738831,181.50434126787025,selection,active_lt_0_40
4,2014,00-0026213,2,established,219.4,0.9598765432098766,11.4,usable,True,0.0519598906107566,D1,0.9155099466807752,0.6181798946717351,0.6752301238375134,0.0844900533192247,0.0124253501729962,0.0178755347652438,0.0510730465487353,0.2116275976242755,0.6225084175695242,5.834624361501874,14.96135358164718,32.077857258272175,81.5452886507131,186.9744709105272,selection,active_lt_0_40
5,2014,00-0026213,3,established,219.4,0.9598765432098766,49.5,premium,True,0.2256153144940747,D0,0.7760145111789855,0.4400621516628924,0.5670797972505871,0.2239854888210145,0.0311866381351975,0.0416718160089955,0.0739047130512724,0.2197725543412357,0.4094787896422842,7.404828948014746,18.747661733387773,32.62837742704121,80.3597235972262,184.5801873005605,selection,active_lt_0_40
6,2014,00-0026373,2,established,206.9,0.9537037037037036,43.6,starter,True,0.2107298211696471,D1,0.8372801806913089,0.3708390799216708,0.4429091819843194,0.162719819308691,0.045230264339405,0.0658547365180797,0.1614374328076238,0.2897850368925284,0.2749727101336719,0.1928976845927223,9.33019246116855,26.41074893108724,75.86887657765575,181.30560930242257,selection,active_lt_0_40
7,2014,00-0026373,3,established,206.9,0.9537037037037036,0.0,out,False,0.0,D0,0.5712933640192244,0.2312623850287732,0.4048049559017653,0.4287066359807756,0.0254995495842186,0.0738717809173237,0.0949019767550514,0.2607431659039035,0.1162768908587271,0.748010836719061,12.026929351198596,26.060314072194096,73.59498414837581,178.32947322839942,selection,inactive
8,2014,00-0026796,2,established,240.5,0.9722222222222222,13.3,usable,True,0.0553014553014553,D1,0.8807449213900334,0.4622048191657508,0.5247885147453105,0.1192550786099666,0.0289397552230971,0.0365093111443236,0.094846093344802,0.2847995293604335,0.4356502323173771,8.806398737965331,17.918780782180477,35.09105397752834,84.61362733573716,190.11818398028413,selection,active_lt_0_40
9,2014,00-0026796,3,established,240.5,0.9722222222222222,0.0,out,False,0.0,D0,0.678090055500796,0.3011318758568889,0.4440883233931091,0.3219099444992039,0.0268643908973404,0.0590690508875837,0.0854250968959017,0.3063706379222914,0.2003608788976786,3.705111895124276,15.138202268347712,28.824205571116146,76.84092638395882,180.49705299170984,selection,inactive
10,2014,00-0027029,2,established,178.4,0.9351851851851852,250.3,elite,True,1.4030269058295963,D1,0.9327649760348364,0.7932651604651413,0.8504448396393423,0.0672350239651635,0.0106310256204949,0.0100577818766787,0.0358626228848568,0.2167061770785639,0.659507368574242,5.158226375498749,14.319798794022743,31.31014809942427,80.70040979409747,186.06084859037355,selection,active_ge_0_60
11,2014,00-0027029,3,established,178.4,0.9351851851851852,209.6,elite,True,1.1748878923766817,D0,0.8310354515060642,0.612681702614208,0.737250981897175,0.1689645484939358,0.0412462068463858,0.01517959552007,0.058312967062386,0.180506085598513,0.5357905964787092,10.216518274231191,21.34478220214632,35.71519192161242,82.77791977253554,188.54735993978773,selection,active_ge_0_60
12,2014,00-0027218,2,established,176.2,0.9228395061728396,1.4,depth,True,0.0079455164585698,D1,0.9039145022407106,0.6329644913313769,0.7002481869273293,0.0960854977592894,0.0215058082390012,0.0289793094038203,0.0867572471609024,0.2732843917180805,0.4933877457189061,0.0,8.487430418788819,25.472319605291176,74.6934523906325,179.69623534447385,selection,active_lt_0_40
13,2014,00-0027218,3,established,176.2,0.9228395061728396,0.0,out,False,0.0,D0,0.7430773410200784,0.4214719931875853,0.5671980154972818,0.2569226589799216,0.0309929177895671,0.0605099854518717,0.1005214595382828,0.25256313437138,0.2984898438689767,0.7110946906267657,11.8663217741271,26.086293676807728,73.20053500778391,178.0875334691081,selection,inactive
14,2014,00-0027966,2,developmental,165.9,0.910493827160494,201.2,elite,True,1.2127787823990357,D1,0.9203552677629432,0.6586143425447901,0.7156088150021107,0.0796447322370568,0.0315754687094427,0.034030988280431,0.094893606083248,0.3452684497175743,0.414586754972247,6.362417437297061,15.523077129066436,32.4722611386418,81.59279180556089,186.40762118132145,selection,active_ge_0_60
15,2014,00-0027966,3,developmental,165.9,0.910493827160494,228.0,elite,True,1.3743218806509945,D1,0.8233620268529587,0.5577693185181816,0.6774290048936051,0.1766379731470413,0.0245647312994624,0.0447776945319023,0.0951508736348247,0.3374254391866489,0.3214432882001202,10.00654197187881,21.11826132083852,35.39529317247705,82.35851722670982,187.23284998735505,selection,active_ge_0_60
16,2014,00-0028009,2,developmental,310.1,0.9969135802469136,244.8,elite,True,0.7894227668494034,D1,0.9199380465308464,0.4686019345909357,0.5093842312078165,0.0800619534691534,0.0122206063129039,0.011136632742341,0.0332970785022487,0.1728344530338601,0.6904492759394927,6.536153104045091,15.601001343643532,32.92959350213576,82.46099208075886,187.86504141248287,selection,active_ge_0_60
17,2014,00-0028009,3,developmental,310.1,0.9969135802469136,135.5,elite,True,0.436955820702999,D1,0.8128734488348732,0.3584622473779519,0.4409816163779879,0.1871265511651267,0.0216586911540705,0.0186570398634953,0.0354906227916553,0.260265197345096,0.4768018976805558,9.28580235565304,21.00374499068405,33.993108543733854,82.88043960538188,184.1201277580104,selection,active_0_40_to_0_60
18,2014,00-0028198,2,developmental,156.2,0.904320987654321,103.5,premium,True,0.6626120358514725,D1,0.8934954851627855,0.6034000890552214,0.6753252804017114,0.1065045148372144,0.0415820649313705,0.0625693717220162,0.1567550549668608,0.2957586859198614,0.3368303076226765,7.510195196240758,16.681818961013505,33.59410852073531,82.70748162821128,187.5351763639013,selection,active_ge_0_60
19,2014,00-0028198,3,developmental,156.2,0.904320987654321,0.0,out,False,0.0,D1,0.7491969665624891,0.3866289110349001,0.516057763566308,0.2508030334375108,0.0191555213373235,0.0810439083774659,0.1302074759048933,0.3228040585505515,0.1959860023922547,0.0,8.360712557674113,22.79691204665874,69.55711695833767,174.97271555789465,selection,inactive
20,2014,00-0029141,2,developmental,174.9,0.9166666666666666,38.4,starter,True,0.2195540308747856,D1,0.9328982617210962,0.7457396420676959,0.7993793885861542,0.0671017382789037,0.0166621657483229,0.0172412767830299,0.056889131398222,0.2700147613110958,0.5720909264804255,5.81808768673374,14.969751745176223,31.95115137536344,81.08944051222325,185.9176570125466,selection,active_lt_0_40
21,2014,00-0029141,3,developmental,174.9,0.9166666666666666,65.2,premium,True,0.3727844482561464,D1,0.8512530786356152,0.6140529513749898,0.7213518127408024,0.1487469213643848,0.0242336900760309,0.0308551846120625,0.0731013057633356,0.2637578468946346,0.4593050512895513,5.6773719020065485,16.844310937990343,30.99427449932511,78.12918673201258,182.59680566562696,selection,active_lt_0_40
22,2014,00-0029615,2,developmental,195.4,0.9475308641975309,168.1,elite,True,0.8602865916069601,D1,0.9518862385455475,0.7167883005626484,0.7530188708872171,0.0481137614544523,0.02077928476248,0.0212229719707259,0.0691189741905888,0.3015213376079224,0.5392436700138303,18.493113666860907,27.640577084991776,44.68612978424039,94.13281612434952,199.5718057804453,selection,active_ge_0_60
23,2014,00-0029615,3,developmental,195.4,0.9475308641975309,159.5,elite,True,0.8162743091095189,D1,0.8984247071145021,0.5712451536207823,0.6358297463295146,0.1015752928854979,0.0248569192171066,0.0368669847815193,0.0793793188672852,0.3570006210952821,0.4003208631533086,13.335641628220188,24.55284407480484,38.732425332018096,86.07673686909197,191.2981203470497,selection,active_ge_0_60
24,2014,00-0029854,2,developmental,178.3,0.9290123456790124,86.5,premium,True,0.4851374088614694,D1,0.9280351086698772,0.6485055835217851,0.698794234682853,0.0719648913301228,0.0335934556542082,0.0425423677134881,0.1116080620804988,0.3043011740045644,0.4359900492171175,11.443181978736568,20.59984320192744,37.59103234550103,86.88864120202221,192.05022170685152,selection,active_0_40_to_0_60
25,2014,00-0029854,3,developmental,178.3,0.9290123456790124,149.1,elite,True,0.8362310712282669,D1,0.8552409069402337,0.5017320265747647,0.5866557861103654,0.1447590930597663,0.0332879763799845,0.0420928410924203,0.0979274140126403,0.3924695487500995,0.289463126705089,7.691923123142267,18.841986479086053,33.11268582514904,80.2250756129852,185.4506331539136,selection,active_ge_0_60
26,2014,00-0030485,2,developmental,237.6,0.9660493827160492,38.8,starter,True,0.1632996632996632,D1,0.9540692962634704,0.6517729445589631,0.6831505291193996,0.0459307037365295,0.0113489319465757,0.0125153249500547,0.0336809957770506,0.1900779961090805,0.7064460474807088,12.109178780711687,21.21973361424351,38.38551625418671,87.83204538340723,193.1788739068459,selection,active_lt_0_40
27,2014,00-0030485,3,developmental,237.6,0.9660493827160492,22.6,starter,True,0.0951178451178451,D1,0.9099762534722332,0.5280532858444833,0.5802934789007613,0.0900237465277667,0.0286403004304461,0.0143900516423718,0.0537677454587722,0.2809475936569951,0.5322305622836478,10.466676244099006,21.904486251361256,35.54106972035106,83.5583657678314,186.88141445117765,selection,active_lt_0_40
28,2014,00-0030496,2,developmental,290.5,0.9907407407407408,249.4,elite,True,0.8585197934595525,D1,0.9632316322057674,0.5950044083198722,0.6177168486019635,0.0367683677942326,0.0064470557507845,0.0122893159695777,0.023029580904823,0.1187662063749292,0.8026994732056528,18.23056912153153,27.307772684968924,44.59616349770931,94.1278970124756,199.5633663956561,selection,active_ge_0_60
29,2014,00-0030496,3,developmental,290.5,0.9907407407407408,261.4,elite,True,0.899827882960413,D1,0.9313439225465656,0.4915116005379046,0.527744465432242,0.0686560774534342,0.0136941526742355,0.0122176994744367,0.0442973854884381,0.2547951794349963,0.6063395054744589,17.713220262655653,29.35733649619048,42.52855481483745,91.19072268222214,193.066775142462,selection,active_ge_0_60
30,2014,00-0031301,2,developmental,192.9,0.941358024691358,155.3,elite,True,0.8050803525142561,D1,0.9481210339638836,0.7455012907095159,0.7862933781700217,0.0518789660361163,0.0189966792730085,0.0328555801059218,0.0590117180160737,0.2352184420966857,0.6020386144721938,16.15476076353154,25.30059230479693,42.33919015522627,91.71088422457822,196.99475086760376,selection,active_ge_0_60
31,2014,00-0031301,3,developmental,192.9,0.941358024691358,13.2,usable,True,0.0684292379471228,D1,0.8993844723634329,0.6352955021713892,0.7063669895277803,0.1006155276365671,0.015714419949154,0.0286999326990613,0.0612329460281984,0.3162299959283383,0.4775071777586808,14.32220572290656,25.5430460013336,39.67639273345863,87.0181704452852,191.91982797425973,selection,active_lt_0_40
32,2015,00-0023500,2,veteran,165.4,0.9269005847953216,148.6,elite,True,0.898428053204353,D1,0.7255892359573468,0.5121019444181142,0.7057738993914977,0.2744107640426532,0.0138663138819086,0.0330094052364394,0.0779983943595465,0.2388257843467742,0.3618893381326779,0.0,8.042127279689325,24.72733857216648,73.00524697518583,179.81178453195588,selection,active_ge_0_60
33,2015,00-0023500,3,veteran,165.4,0.9269005847953216,90.6,premium,True,0.5477629987908101,D0,0.3431716849404085,0.1655480481829869,0.4824059077360483,0.6568283150595915,0.0106885712761209,0.0315802416740405,0.0340407395986211,0.1320964719971806,0.134765660394445,0.0,4.74946232422689,19.12384707756756,65.12259608633958,172.36831081888397,selection,active_0_40_to_0_60
34,2015,00-0024242,2,veteran,201.4,0.97953216374269,0.0,out,False,0.0,D1,0.7041412279388567,0.3874053476524181,0.5501813163055664,0.2958587720611433,0.0188383091197914,0.0439537815325329,0.1002845749763323,0.2105670396258912,0.3304975226843087,0.0,7.598385728667523,24.382709750152458,73.07631376700343,181.1111502560292,selection,inactive
35,2015,00-0024242,3,veteran,201.4,0.97953216374269,0.0,out,False,0.0,D0,0.2825073594076784,0.0921977900375298,0.3263553566563262,0.7174926405923215,0.010006873620978,0.0302826233401876,0.0245838308844509,0.128698465617861,0.0889355659442008,0.0,3.291169069559899,17.67584599436806,63.9849149593896,172.30749579707222,selection,inactive
36,2015,00-0025394,2,established,242.7,0.9912280701754386,74.9,premium,True,0.3086114544705398,D1,0.7125334875169955,0.3525726139861343,0.4948155001314582,0.2874665124830045,0.0192121434142132,0.0442221918090497,0.1052559963033189,0.1768358185606418,0.3670073374297716,2.9370621237340657,11.93415810278502,28.72484615473377,77.64452391048624,185.9128941718077,selection,active_lt_0_40
37,2015,00-0025394,3,established,242.7,0.9912280701754386,174.0,elite,True,0.7169344870210136,D0,0.3337047741266731,0.105769476101417,0.3169552379890956,0.6662952258733269,0.0123405028264545,0.0350448135172853,0.0248013201314805,0.1539176113230737,0.1076005263283789,0.0,8.275812199265559,21.91141704316135,68.7211650003677,175.75629510623006,selection,active_ge_0_60
38,2015,00-0026019,2,established,169.1,0.9385964912280702,27.6,starter,True,0.1632170313424009,D1,0.7281727632637153,0.4230629403061927,0.5809925359059002,0.2718272367362847,0.0265964832509819,0.0525890798506823,0.1445583188355614,0.2338558514064544,0.2705730299200352,1.528965473480277,10.39282954716947,27.102437641415143,75.45247539132208,182.5379383809452,selection,active_lt_0_40
39,2015,00-0026019,3,established,169.1,0.9385964912280702,0.0,out,False,0.0,D0,0.3551712443320666,0.1280791565951418,0.3606124049710357,0.6448287556679334,0.0137634651229484,0.0491124395108659,0.0402369032569104,0.1637102542746016,0.0883481821667401,0.0,3.5924247478907603,18.082884696506127,64.08521290338065,171.80144736667506,selection,inactive
40,2015,00-0026144,2,established,165.7,0.932748538011696,-0.2,out,False,-0.0012070006035003,D1,0.8413547327280162,0.6292007842000711,0.7478424494742483,0.1586452672719838,0.0188011664194399,0.0362292053715616,0.1016918403897717,0.2705293665397101,0.4141031540075328,7.691814157472848,16.563601280645088,33.26202384086484,81.56735015028016,188.51589998770328,selection,inactive
41,2015,00-0026144,3,established,165.7,0.932748538011696,0.0,out,False,0.0,D0,0.5894018818552225,0.3886151102509672,0.6593380886870402,0.4105981181447775,0.0188579665055151,0.057443919901505,0.0576352950654298,0.2494469936562949,0.2060177067264773,1.3136672979273385,11.974481361605328,26.455497408406742,72.42811485546076,180.0078313488655,selection,inactive
42,2015,00-0026153,2,established,151.8,0.9035087719298246,121.2,elite,True,0.7984189723320158,D1,0.8213443080306893,0.6628991912188523,0.8070905036260181,0.1786556919693107,0.0176625745383915,0.0338888457615795,0.0920215691880415,0.2633971599840275,0.414374158558649,4.8876981860095015,13.815073602949568,30.456038667323924,78.55086777963092,184.811001015358,selection,active_ge_0_60
43,2015,00-0026153,3,established,151.8,0.9035087719298246,1.7,depth,True,0.0111989459815546,D0,0.5636116369020796,0.3865275977255764,0.6858048564258629,0.4363883630979204,0.0179945656185618,0.0527342794695121,0.0589365283134754,0.2224435472941545,0.2115027162063755,1.837716360855282,12.476759950428828,26.83716097236725,72.7033965103444,179.4513842129884,selection,active_lt_0_40
44,2015,00-0026184,2,established,176.7,0.9502923976608189,88.4,premium,True,0.5002829654782117,D1,0.8097962300125576,0.6882822617730294,0.8499450062423186,0.1902037699874423,0.0078918082627563,0.0159240850396791,0.0425983905107829,0.1703806897466578,0.5730012564526814,4.745139272502058,13.596985929285433,30.328598397832447,78.77118946527715,186.1295557265634,selection,active_0_40_to_0_60
45,2015,00-0026184,3,established,176.7,0.9502923976608189,0.0,out,False,0.0,D0,0.5517529729602371,0.3163151511828493,0.5732912493171922,0.4482470270397629,0.0149870108133398,0.03221653282093,0.0410064363373025,0.1799395059267445,0.28360348706192,0.0,8.207304475738141,22.69905958544998,68.7709177631165,176.72444009556688,selection,inactive
46,2015,00-0027029,2,established,154.7,0.9093567251461988,209.6,elite,True,1.3548804137039432,D1,0.8851404425519599,0.6977231589417674,0.7882626591212494,0.1148595574480401,0.0200993872949061,0.0358164577837957,0.0878372570243852,0.296413616925584,0.4449737235232888,3.820664148663738,12.738518355744056,29.39082201867494,77.52905587126065,183.92648754956247,selection,active_ge_0_60
47,2015,00-0027029,3,established,154.7,0.9093567251461988,93.2,premium,True,0.6024563671622496,D0,0.7280618137251691,0.5539982191851484,0.7609219557204704,0.2719381862748309,0.0296532807953757,0.0604333739850297,0.1114330302263006,0.2250930911910897,0.3014490375273732,5.170742630753864,15.81666046371526,30.193848871145008,76.08557572061942,182.9850032772676,selection,active_ge_0_60
48,2015,00-0027531,2,established,177.7,0.956140350877193,67.7,premium,True,0.3809791783905459,D1,0.895379099100835,0.6191330564150512,0.6914758866236683,0.1046209008991649,0.0188965008411826,0.0313075262396461,0.0845071883732406,0.2815608449828317,0.4791070386639337,0.0,8.54780757195121,25.292211561679203,73.7658038798733,181.2651258458086,selection,active_lt_0_40
49,2015,00-0027531,3,established,177.7,0.956140350877193,63.0,premium,True,0.3545301069217783,D0,0.7335757139768683,0.4646201380696949,0.6333635768159381,0.2664242860231317,0.0288402234955725,0.0579314356181589,0.0984954435244538,0.2553920350083549,0.2929165763303281,5.334045666376376,16.01202174129731,30.59027021955795,76.6475677652227,184.8941718000103,selection,active_lt_0_40
50,2015,00-0027966,2,established,156.4,0.9152046783625732,228.0,elite,True,1.4578005115089514,D1,0.9188882237138934,0.8469491435898236,0.9217107388390376,0.0811117762861065,0.0140800877484657,0.015666425246017,0.0501202596525358,0.2620881090957009,0.576933341971174,8.39034721226102,17.2895456769851,33.95406280244063,82.1282327483959,188.6651650559252,selection,active_ge_0_60
51,2015,00-0027966,3,established,156.4,0.9152046783625732,125.5,elite,True,0.8024296675191815,D0,0.8101535673169928,0.643613888679886,0.794434431500881,0.1898464326830071,0.0365658603582569,0.0320318621126703,0.0890815505490957,0.2286128737584611,0.4238614205385086,7.393514516997811,18.031886852715253,32.467835460922075,78.36093671323566,185.49709245748647,selection,active_ge_0_60
52,2015,00-0029613,2,developmental,212.3,0.9853801169590644,69.0,premium,True,0.3250117757889778,D1,0.8994217955166471,0.6050945486062562,0.6727594901774389,0.1005782044833528,0.0163122074577169,0.0238545157027256,0.0596173574259731,0.2426271814317712,0.5570105334984602,7.727551707435992,16.6025475220697,33.39450307192443,82.16315880424199,190.32596238744725,selection,active_lt_0_40
53,2015,00-0029613,3,developmental,212.3,0.9853801169590644,110.9,premium,True,0.5223739990579369,D1,0.7447660215547738,0.426424851058616,0.5725621721683963,0.2552339784452262,0.0195259905871958,0.0301491858501943,0.0558500595866756,0.2713473755825176,0.3678934099481902,4.440063606856825,15.3030824233224,29.52669488708718,75.96344599136795,184.0760735404912,selection,active_0_40_to_0_60
54,2015,00-0029615,2,developmental,188.9,0.9678362573099416,159.5,elite,True,0.8443620963472737,D1,0.9425290285937552,0.7700967343200519,0.8170535983056451,0.0574709714062449,0.0103119223200372,0.014807935263633,0.0398232194283726,0.2271744431019414,0.6504115084797706,9.68365958897222,18.518441115092017,35.28296810539089,83.8651748850365,191.63266437368588,selection,active_ge_0_60
55,2015,00-0029615,3,developmental,188.9,0.9678362573099416,149.6,elite,True,0.7919534145050291,D1,0.8746393359172465,0.6374360642423983,0.7287987608902934,0.1253606640827534,0.0202226757255034,0.0279671817533328,0.0653953742887407,0.2583315978803668,0.5027225062693027,11.063170382336068,21.796993890842927,36.2862760096104,82.46496635281778,190.76544776531009,selection,active_ge_0_60
56,2015,00-0030513,2,developmental,169.3,0.9444444444444444,142.5,elite,True,0.841701122268163,D1,0.9168437471367944,0.7152667955015406,0.7801403431448847,0.0831562528632055,0.0193929850799939,0.0233171441685885,0.0724545656866354,0.3047438924143827,0.4969351597871939,7.068355141184433,15.902425098264844,32.625313437850906,81.00218023766718,188.2298291367024,selection,active_ge_0_60
57,2015,00-0030513,3,developmental,169.3,0.9444444444444444,109.9,premium,True,0.6491435321913762,D1,0.7996518684431969,0.5441896116102062,0.6805331583475973,0.2003481315568031,0.020804711698901,0.0387111300916124,0.0760484334722057,0.3054297784674217,0.3586578147130559,4.6866569978011725,15.331739659803304,29.93214019804048,75.90643537452743,183.96339605481023,selection,active_ge_0_60
58,2015,00-0031285,2,developmental,253.4,0.9970760233918128,168.2,elite,True,0.6637726913970007,D1,0.9435644120166288,0.5958704151034948,0.631510056457061,0.0564355879833711,0.0152845952609569,0.0244013596804972,0.0478614485937907,0.1844924276547536,0.6715245808266304,13.475426651913835,22.490799333440386,39.29016362635912,88.27597446586323,196.6749415469304,selection,active_ge_0_60
59,2015,00-0031285,3,developmental,253.4,0.9970760233918128,9.1,usable,True,0.0359116022099447,D1,0.8814277561899606,0.4717518327966437,0.5352132712904656,0.1185722438100393,0.027190289744779,0.0215223394586914,0.0516769361225892,0.3053035058536653,0.4757346850102355,12.782759848324382,23.911185872527973,37.43584779494782,84.34447885605394,191.2715021317846,selection,active_lt_0_40
60,2015,00-0031301,2,developmental,161.3,0.9210526315789472,13.2,usable,True,0.0818350898946063,D1,0.9589643647982076,0.9812019712971763,1.0231891896250471,0.0410356352017924,0.0061278283855819,0.0148168008681665,0.030408287948559,0.1728009390381043,0.7348105085577956,12.500514922132282,21.40382728811229,38.078377103209874,86.30710023415402,192.97804378157804,selection,active_lt_0_40
61,2015,00-0031301,3,developmental,161.3,0.9210526315789472,3.1,depth,True,0.0192188468691878,D1,0.9287823980599456,0.8536307992741642,0.9190858925160952,0.0712176019400544,0.012013907526906,0.0218895093522883,0.0627782628001312,0.2222791348910855,0.6098215834895343,12.324524494186583,22.9912954113846,37.38137860917034,83.33597046790355,190.49625622233992,selection,active_lt_0_40
62,2015,00-0032187,2,developmental,183.8,0.9619883040935672,10.0,usable,True,0.0544069640914037,D1,0.930670827379078,0.704724258375829,0.7572218206951304,0.069329172620922,0.0266469615877566,0.0295205366295356,0.069865261001187,0.2664618002796499,0.5381762678809486,10.65362560535955,19.488241372206403,36.242357537784784,84.77323924273936,192.4057656589202,selection,active_lt_0_40
63,2015,00-0032187,3,developmental,183.8,0.9619883040935672,204.6,elite,True,1.1131664853101195,D1,0.8510242834911984,0.5739125137837247,0.6743785399746002,0.1489757165088016,0.0335549690132574,0.0373568038696735,0.0575518773761714,0.307713817204503,0.4148468160275929,8.42626829162029,19.137925741591083,33.65493171463143,79.78255529955908,188.0220432443581,selection,active_ge_0_60
64,2015,00-0032241,2,developmental,189.4,0.9736842105263158,325.3,elite,True,1.7175290390707498,D1,0.9450653625331094,0.8162668923051001,0.8637147489113517,0.0549346374668906,0.013868821347341,0.0242116011749797,0.0410963998354669,0.1831441194277877,0.6827444207475339,16.313686260393673,25.120346485916613,41.89799350684815,90.5083970771322,198.41766918656407,selection,active_ge_0_60
65,2015,00-0032241,3,developmental,189.4,0.9736842105263158,316.1,elite,True,1.6689545934530097,D1,0.8957174371038503,0.6941255215574287,0.7749380472057855,0.1042825628961496,0.0157301815045872,0.0286048422753987,0.0460464058768519,0.2687850073304549,0.5365510001165574,15.81419075224727,26.525526466811613,41.11706265183453,87.27213651809883,195.89772521030733,selection,active_ge_0_60
66,2016,00-0023500,2,veteran,180.2,0.9323529411764706,90.6,premium,True,0.5027746947835738,D1,0.7115524611172419,0.4607880345669833,0.6475812533112154,0.2884475388827581,0.0131785755660273,0.0322659697287074,0.0663250870464885,0.2536030364251285,0.3461797923508901,0.3303050591307084,8.970879489550086,26.254243760834377,74.32680607508665,179.52919094290564,selection,active_0_40_to_0_60
67,2016,00-0023500,3,veteran,180.2,0.9323529411764706,81.9,premium,True,0.4544950055493896,D0,0.2970808459598557,0.128637603983955,0.4330053779412546,0.7029191540401443,0.0086649071822885,0.0254965116761023,0.0279919364492124,0.1207018077540786,0.1142256828981737,0.0,4.576209942396375,19.718992141896955,66.30234760697861,171.8032645159498,selection,active_0_40_to_0_60
68,2016,00-0027029,2,established,250.3,0.9852941176470588,93.2,premium,True,0.3723531761885737,D1,0.8546817632608082,0.5012706143490697,0.5864997194237616,0.1453182367391917,0.0126502526864562,0.0250725155845909,0.0573387282194608,0.204813654363387,0.5548066124069131,9.155160983375438,17.87998416359821,35.24571173967899,83.87048645381518,190.52613291934216,selection,active_lt_0_40
69,2016,00-0027029,3,established,250.3,0.9852941176470588,96.6,premium,True,0.385936875749101,D0,0.6254465624787734,0.301869885368684,0.482646965349544,0.3745534375212266,0.0176902597797363,0.0394725589515537,0.031919991949051,0.252401799859612,0.2839619519388202,5.705264949165652,16.469759271314565,30.941601607327904,78.49994136893781,184.24698677130945,selection,active_lt_0_40
70,2016,00-0027325,2,established,227.9,0.961764705882353,78.5,premium,True,0.3444493198771391,D1,0.8430198836173214,0.4283364230639684,0.5080976515358284,0.1569801163826786,0.0221449630915912,0.0363386601481151,0.0926256043501394,0.306804271864333,0.3851063841631426,2.944264420838266,11.689104479923088,28.997760302749725,77.43640992079551,183.54447048037252,selection,active_lt_0_40
71,2016,00-0027325,3,established,227.9,0.961764705882353,0.0,out,False,0.0,D0,0.5936432936280018,0.2518565665383915,0.4242557260256255,0.4063567063719981,0.0234942726932226,0.0522167498791932,0.0759232247295439,0.2350120735971131,0.2069969727289288,0.0,9.372897827843708,23.854048416703563,71.28857183963447,176.5220206129366,selection,inactive
72,2016,00-0027966,2,established,201.2,0.9441176470588236,125.5,elite,True,0.6237574552683897,D1,0.911780141837877,0.64416678311922,0.7064935433017566,0.0882198581621229,0.013912078351755,0.0182687963674137,0.0524274843741042,0.2814305756103525,0.5457412071342514,9.937355204046192,18.63752054929533,35.92463144869667,84.16208662970213,189.7573401810356,selection,active_ge_0_60
73,2016,00-0027966,3,established,201.2,0.9441176470588236,225.5,elite,True,1.1207753479125249,D0,0.7788117388335836,0.4706249879960971,0.6042859455366533,0.2211882611664164,0.0317810783300667,0.0359104643272863,0.0720993545048078,0.2552135686422699,0.3838072730291528,6.30806703400097,16.906629364882576,31.694842768917187,78.7150004063317,183.98312088917936,selection,active_ge_0_60
74,2016,00-0028009,2,established,244.8,0.973529411764706,0.0,out,False,0.0,D1,0.8756842243804407,0.4451941272822566,0.5083957377412366,0.1243157756195593,0.0186838983954039,0.0300829246780852,0.078311847983503,0.2784178319133881,0.4701877214100602,0.8595999243360382,9.621566105502154,26.949093270052003,75.50880977931732,181.9370871095796,selection,inactive
75,2016,00-0028009,3,established,244.8,0.973529411764706,0.0,out,False,0.0,D0,0.6788148358037077,0.2995248684659442,0.4412467917135469,0.3211851641962923,0.0259570021185534,0.0503620769603808,0.0731201884242766,0.2573263008136166,0.2720492674868802,3.809610885155848,14.572944323630416,28.91302025153696,76.55561102147311,181.85498078368536,selection,inactive
76,2016,00-0029615,2,established,168.1,0.9029411764705882,149.6,elite,True,0.8899464604402142,D1,0.9247898713100984,0.7995221115754556,0.8645446240050371,0.0752101286899017,0.0132415592584227,0.0167278128199015,0.0510226291252503,0.2747719796261849,0.5690258904803388,12.035263338515335,20.75345683994645,37.946747564677736,85.840937476872,190.44882846946064,selection,active_ge_0_60
77,2016,00-0029615,3,established,168.1,0.9029411764705882,0.0,out,False,0.0,D0,0.8291231272384878,0.6265571911405169,0.7556865446840861,0.1708768727615122,0.0335347736451326,0.0362572511922306,0.0877207824666343,0.2395211252955924,0.4320891946388977,6.958877365294576,17.43618382417167,32.3261620742788,79.03806388876947,183.5269860229565,selection,inactive
78,2016,00-0030414,2,developmental,170.8,0.9088235294117648,61.0,premium,True,0.3571428571428571,D1,0.9180680285396284,0.6765574541858677,0.736936080065949,0.0819319714603715,0.022244769704468,0.0307581624059312,0.0839802944408223,0.345542954424584,0.4355418475638228,10.69212674438755,19.39702729386789,36.607538160211085,84.5397049239844,189.27031141600048,selection,active_lt_0_40
79,2016,00-0030414,3,developmental,170.8,0.9088235294117648,9.3,usable,True,0.0544496487119437,D1,0.8151338859644688,0.5347524199527034,0.6560301677557948,0.1848661140355312,0.0199682099043817,0.0446621816824017,0.0970884844938282,0.3202521211277263,0.3331628887561307,7.861051772911793,18.344463321335283,33.27378657584828,79.9719955664213,184.6476237164985,selection,active_lt_0_40
80,2016,00-0030496,2,developmental,249.4,0.9794117647058824,0.0,out,False,0.0,D1,0.912758647901808,0.5351011016298575,0.5862459948858486,0.087241352098192,0.0172971532272533,0.0216518098174929,0.0514188502554964,0.2650573494434125,0.5573334851581526,12.167783424156056,20.919441437119573,38.26312565085945,86.86389947085726,193.4199988896683,selection,inactive
81,2016,00-0030496,3,developmental,249.4,0.9794117647058824,151.0,elite,True,0.6054530874097834,D1,0.8061563529165248,0.4033707806120938,0.5003629620392779,0.1938436470834752,0.0180808173380681,0.0301581530028995,0.056461997821282,0.3179756998877412,0.3834796848665338,9.129122589821511,19.901685059704832,34.266099823806314,81.91107518231394,187.37615458134587,selection,active_ge_0_60
82,2016,00-0030513,2,developmental,177.2,0.9264705882352942,109.9,premium,True,0.6202031602708804,D1,0.9058216511236676,0.7108984947201481,0.7848106675726748,0.0941783488763322,0.0131025641947244,0.0195415954621791,0.0503594617177001,0.2812357292890401,0.541582300460024,7.439152751707013,16.09207616062433,33.35855650595214,81.3921677366847,186.4702220853723,selection,active_ge_0_60
83,2016,00-0030513,3,developmental,177.2,0.9264705882352942,123.2,elite,True,0.6952595936794583,D1,0.7860621253131929,0.5351859874380454,0.6808443890167203,0.2139378746868071,0.0174768805732057,0.032633452703432,0.0777461823985641,0.2608529427030658,0.3973526669349252,3.991681231163298,14.480745711099049,29.58892878583368,76.18089240141587,181.5017436497523,selection,active_ge_0_60
84,2016,00-0030656,2,developmental,173.1,0.9147058823529411,122.7,elite,True,0.708838821490468,D1,0.9445259451553164,0.7427675339725284,0.7863918802679252,0.0554740548446837,0.0176884340143935,0.0245583820211307,0.0725299903974297,0.3245778323599467,0.5051713063624156,12.92456798774726,21.61336627536584,38.84209787710898,86.80934213185091,191.65785774781136,selection,active_ge_0_60
85,2016,00-0030656,3,developmental,173.1,0.9147058823529411,0.0,out,False,0.0,D1,0.8808686549498215,0.6151548947089565,0.698350305976092,0.1191313450501785,0.0205945279093458,0.0435370420762624,0.096537853992624,0.3208645932090624,0.3993346377625267,11.04667710950882,21.53325346048451,36.51604568302602,83.1854296196577,188.0675257988204,selection,inactive
86,2016,00-0031045,2,developmental,176.1,0.9205882352941176,93.4,premium,True,0.5303804656445202,D1,0.902080388740858,0.6523311780097419,0.7231408488109125,0.0979196112591419,0.0213247049860142,0.0264677653756095,0.077286948674278,0.3191617609851422,0.4578392087198139,7.913364536576722,16.590244671673346,33.83570675179725,81.84234672589628,186.81592994997936,selection,active_0_40_to_0_60
87,2016,00-0031045,3,developmental,176.1,0.9205882352941176,151.2,elite,True,0.858603066439523,D1,0.773730461073204,0.4820061674572096,0.6229639282763176,0.226269538926796,0.0187746940054352,0.0398811761248224,0.0848998203823048,0.3105905676822195,0.3195842028784219,4.188200782001921,14.68232111855481,29.69754646403073,76.36064287621434,181.4197740825493,selection,active_ge_0_60
88,2016,00-0031285,2,developmental,234.1,0.9676470588235294,9.1,usable,True,0.0388722768047842,D1,0.9459441852560628,0.6349699930033593,0.6712552420114257,0.054055814743937,0.0086281976234181,0.0123487282693195,0.0327760497710635,0.2119994305660415,0.6801917790262202,9.404655011133002,18.148232123551544,35.469823352970025,83.95886544229167,190.2102233254074,selection,active_lt_0_40
89,2016,00-0031285,3,developmental,234.1,0.9676470588235294,147.1,elite,True,0.6283639470311833,D1,0.8869516039078447,0.5271409362893031,0.5943288607481607,0.1130483960921553,0.0177722366244967,0.0272837041430291,0.0618888228456715,0.2582718084947405,0.5217350317999067,11.175782518199007,21.899851751059188,36.359865815977145,83.84549553396272,189.18102558230868,selection,active_ge_0_60
90,2016,00-0031590,2,developmental,195.8,0.9382352941176472,42.4,starter,True,0.2165474974463738,D1,0.9410198160356223,0.6421504016253834,0.6823983838413397,0.0589801839643775,0.0235371711530634,0.0313821861668793,0.0827057201067794,0.3095322927040841,0.4938624459048161,12.382156845028303,21.083205399718075,38.35751614378896,86.54418694404994,191.99549348927167,selection,active_lt_0_40
91,2016,00-0031590,3,developmental,195.8,0.9382352941176472,3.0,depth,True,0.0153217568947906,D1,0.8751089850035136,0.5161385596877661,0.5897991776255089,0.1248910149964863,0.0265169392878662,0.0348475306423035,0.0839631180759633,0.3809626380261968,0.3488187589711837,10.36354314940013,20.943012074864143,35.75427115310575,82.72127705682435,187.8899875156834,selection,active_lt_0_40
92,2016,00-0032144,2,developmental,213.6,0.95,225.5,elite,True,1.055711610486891,D1,0.9414403185031088,0.6442649992618874,0.6843397150084558,0.058559681496891,0.0175137552146816,0.0223942258660337,0.0546258029727671,0.2705027190152042,0.5764038154344221,12.798093806458231,21.53323859416217,38.82037642420669,87.14562819307724,192.94618523175552,selection,active_ge_0_60
93,2016,00-0032144,3,developmental,213.6,0.95,149.8,elite,True,0.7013108614232211,D1,0.8822720155426208,0.516765914009055,0.5857217557685201,0.1177279844573792,0.0238520031729133,0.0261887068754046,0.0710524948110959,0.3519718451190841,0.4092069655641227,11.452759158042625,22.10794955313232,36.69281578300684,83.95929782460873,189.07455349440733,selection,active_ge_0_60
94,2016,00-0032187,2,developmental,339.8,0.9970588235294118,204.6,elite,True,0.6021188934667451,D1,0.9432409589712224,0.4580060080512858,0.4855662847283747,0.0567590410287777,0.0111981260534644,0.017068936903802,0.0324867630783262,0.1798832976774958,0.7026038352581336,13.459412102901432,22.459330603358907,39.75204845949396,88.76412830681345,196.18134435517567,selection,active_ge_0_60
95,2016,00-0032187,3,developmental,339.8,0.9970588235294118,108.5,premium,True,0.3193054738081224,D1,0.8784773097215299,0.3698356289447854,0.4209962225000669,0.12152269027847,0.0221930716578377,0.0150906558478857,0.0401486177313037,0.2784119974753512,0.5226329670091514,13.066743258014071,24.15919411968875,37.19300713828951,86.34895451451065,190.34724368630955,selection,active_lt_0_40
96,2016,00-0032780,2,developmental,215.1,0.9558823529411764,162.0,elite,True,0.7531380753138075,D1,0.9427007706622104,0.6705816155961392,0.7113409010210969,0.0572992293377896,0.0159590927240402,0.0281147315101868,0.0525375388780669,0.227409655170536,0.6186797523793802,15.043733128706208,23.75577601670945,41.06362764783984,89.41673290075896,195.3232235644989,selection,active_ge_0_60
97,2016,00-0032780,3,developmental,215.1,0.9558823529411764,101.4,premium,True,0.4714086471408648,D1,0.8856936288509311,0.5728841388478638,0.6468197581946076,0.1143063711490689,0.0161431118667114,0.033155834033236,0.0438634951470702,0.2949414239910118,0.4975897638129014,13.383819014907068,24.034848234015428,38.70837450493696,85.90832823691625,191.279290695396,selection,active_0_40_to_0_60
98,2016,00-0033045,2,developmental,302.4,0.9911764705882352,258.1,elite,True,0.8535052910052912,D1,0.9508825059812748,0.5419963582669614,0.5699929853138287,0.0491174940187252,0.011041197422434,0.0222481887472386,0.0335903420946951,0.1503650820395441,0.7336376956773628,18.800260820187432,27.70250754194616,45.01752763872606,93.87710899769904,200.9817628662076,selection,active_ge_0_60
99,2016,00-0033045,3,developmental,302.4,0.9911764705882352,265.7,elite,True,0.8786375661375662,D1,0.9055637008139934,0.468240545931434,0.5170707985650727,0.0944362991860066,0.0163689522473704,0.0237176428649084,0.0266437054479182,0.2351145492332561,0.6037188510205401,17.915937189517436,28.886144776581915,42.43849421673322,91.0104275486672,195.60258904616543,selection,active_ge_0_60
100,2017,00-0027029,2,established,209.6,0.9598765432098766,96.6,premium,True,0.4608778625954198,D1,0.8325523219184694,0.5749007425598126,0.6905280634315638,0.1674476780815306,0.0081086147655249,0.0223537739082371,0.0508323548404167,0.1933513757389196,0.5579062026653708,4.021976572328491,12.490194338602954,29.78970176149477,79.36847316750638,185.2051390362662,selection,active_0_40_to_0_60
101,2017,00-0027029,3,established,209.6,0.9598765432098766,13.2,usable,True,0.0629770992366412,D0,0.5988857601915446,0.3207582652522681,0.5355917381466515,0.4011142398084554,0.0162984935570316,0.0393859273708659,0.047962533421525,0.2034859429645784,0.2917528628775435,2.438595134303327,12.875360614008612,28.213855997802348,76.87595645215418,182.08936351187705,selection,active_lt_0_40
102,2017,00-0027966,2,established,228.0,0.9660493827160492,225.5,elite,True,0.9890350877192984,D1,0.8937926875129225,0.537205403506859,0.6010402759074844,0.1062073124870774,0.014398510569094,0.0308784983886596,0.0688791069585366,0.263265562314927,0.5163710092817052,7.531351427124584,16.056193257289955,33.3184838670457,83.06218735547382,189.23649466596515,selection,active_ge_0_60
103,2017,00-0027966,3,established,228.0,0.9660493827160492,50.9,premium,True,0.2232456140350877,D0,0.7299661817143351,0.3799470466988372,0.5204995193154381,0.2700338182856648,0.02848986394224,0.0601366133359741,0.0871116955366852,0.2280855764064792,0.3261424324929564,5.14129664086807,15.671321313110674,30.68263864937309,79.69942735734755,184.8067537029492,selection,active_lt_0_40
104,2017,00-0028087,2,established,171.0,0.9290123456790124,45.3,premium,True,0.2649122807017544,D1,0.8837812199684779,0.6250753691685151,0.7072738762097817,0.116218780031522,0.0236971023506187,0.0318906439382672,0.0886783469909151,0.3281328842024312,0.4113822424862455,6.596986030377565,15.000101205847647,32.31718683771203,81.49686970721613,186.31226692278568,selection,active_lt_0_40
105,2017,00-0028087,3,established,171.0,0.9290123456790124,43.2,starter,True,0.2526315789473684,D0,0.6898928931722013,0.4321895950222947,0.6264589754433342,0.3101071068277987,0.0330497320735861,0.0516206205149773,0.0874811327520137,0.2508177482701361,0.2669236595614879,1.0409687417450826,11.315535693486405,27.08924991167398,75.12964059832517,179.9991186898854,selection,active_lt_0_40
106,2017,00-0029615,2,established,159.5,0.9166666666666666,0.0,out,False,0.0,D1,0.9113684122309316,0.8119630412702952,0.8909273465850075,0.0886315877690684,0.0127525447093853,0.0189726441469507,0.0521707041258244,0.2643152918765937,0.5631572273721772,8.052517830884568,16.441469236152862,33.7564062151154,82.79963816262944,187.2428616901348,selection,inactive
107,2017,00-0029615,3,established,159.5,0.9166666666666666,0.6,depth,True,0.0037617554858934,D0,0.7872428054886667,0.5864419559876173,0.7449314898769943,0.2127571945113333,0.0333025693287175,0.0388769951886826,0.0868825657887753,0.2243437955574156,0.4038368796250754,4.764243227232392,14.990497522156964,30.87288856705787,78.72733988402875,183.41161411408373,selection,active_lt_0_40
108,2017,00-0030496,2,established,261.4,0.9907407407407408,151.0,elite,True,0.5776587605202755,D1,0.9258703823683506,0.6003696854240713,0.6484381581451416,0.0741296176316493,0.007341592528064,0.0136405427638696,0.0251798345276481,0.1445779671984002,0.7351304453503685,11.736293577428944,20.287192470178773,37.55553523756797,87.56770858405514,194.47941764654485,selection,active_0_40_to_0_60
109,2017,00-0030496,3,established,261.4,0.9907407407407408,58.6,premium,True,0.2241775057383321,D0,0.8341580729944319,0.4405502488609008,0.5281376073954769,0.1658419270055681,0.0312363255696715,0.0279384004270855,0.0453946101759906,0.1828295628597489,0.5467591739619352,6.840570300516845,17.464053358250645,32.270521059938545,81.64719415781661,187.1340336906866,selection,active_lt_0_40
110,2017,00-0031045,2,developmental,181.8,0.9475308641975309,151.2,elite,True,0.8316831683168315,D1,0.8992443656992781,0.7097761615966162,0.7893028732458878,0.1007556343007218,0.0104723997753161,0.0169381622014802,0.0452491527898564,0.255463982823453,0.5711206681091723,6.230455528643809,14.61158120721766,31.96530625849349,81.26527024218512,186.50666723229017,selection,active_ge_0_60
111,2017,00-0031045,3,developmental,181.8,0.9475308641975309,70.9,premium,True,0.3899889988998899,D1,0.7696765994592236,0.5237424035363696,0.6804707378454172,0.2303234005407763,0.0182477172102495,0.0321787316098564,0.0717408930925982,0.2436872812288704,0.4038219763176489,3.1406213310414586,13.427351627017444,29.27615606189015,77.36705563110822,182.6877286269961,selection,active_lt_0_40
112,2017,00-0031285,2,developmental,168.2,0.9228395061728396,147.1,elite,True,0.8745541022592153,D1,0.9221057197935056,0.8201037289346664,0.8893814573868154,0.0778942802064944,0.0089418880774445,0.0159940656554141,0.0395372572277254,0.2404652264252343,0.617167282407687,8.650209725651237,17.0645712205908,34.36641666053923,83.51365083107234,188.19902905707352,selection,active_ge_0_60
113,2017,00-0031285,3,developmental,168.2,0.9228395061728396,29.0,starter,True,0.1724137931034483,D1,0.839581335344863,0.6401427750544749,0.7624547475099985,0.160418664655137,0.0202962561300768,0.0316315784859805,0.0817579948931902,0.2329073529915981,0.4729881528440172,4.082836137962197,14.358811471226891,30.085926664164447,78.13017084948626,182.8335440629313,selection,active_lt_0_40
114,2017,00-0032144,2,developmental,230.1,0.9722222222222222,149.8,elite,True,0.6510212950890918,D1,0.9371904810351728,0.6486464438834457,0.6921180453806829,0.0628095189648271,0.0086862137258174,0.015091052091601,0.0360824942115588,0.2102488569532214,0.667081864052974,11.750505925725172,20.2567604590992,37.53996510060195,87.30178765753129,193.5836571562975,selection,active_ge_0_60
115,2017,00-0032144,3,developmental,230.1,0.9722222222222222,176.4,elite,True,0.7666232073011734,D1,0.8740701497515069,0.5192377338979391,0.5940458372197649,0.1259298502484931,0.0197176613464539,0.0322006434103465,0.0631530224106309,0.2492040781293278,0.5097947444547477,8.263516384113295,18.78189326730473,33.880237999468164,82.8543927165719,188.1572640017856,selection,active_ge_0_60
116,2017,00-0032241,2,developmental,325.3,0.9969135802469136,193.4,elite,True,0.5945281278819551,D1,0.9443741356683184,0.4691839521964772,0.4968199937670288,0.0556258643316814,0.0119568992155188,0.0213940058948836,0.0414098459739143,0.222405446183106,0.6472079384008955,16.2290787722876,24.97182752915389,42.09843749079904,92.53950446899712,200.20252454230675,selection,active_0_40_to_0_60
117,2017,00-0032241,3,developmental,325.3,0.9969135802469136,142.2,elite,True,0.4371349523516753,D1,0.8895958540692501,0.3873994807121068,0.4354780644941606,0.1104041459307498,0.0198843525993241,0.0377650473805974,0.0527637096722949,0.2737900894522618,0.5053926549647718,14.410009508873983,25.31536861710206,39.04994015902346,89.49566457976876,194.33411742207147,selection,active_0_40_to_0_60
118,2017,00-0032257,2,developmental,154.1,0.904320987654321,115.0,premium,True,0.746268656716418,D1,0.9399302809867884,0.793473799927608,0.8441836761494452,0.0600697190132116,0.017235279383147,0.0259018521333755,0.079462349034056,0.3386121929764015,0.4787186074598082,9.693522907160578,18.10355830398168,35.38910364238139,84.36468850405484,188.54356485583327,selection,active_ge_0_60
119,2017,00-0032257,3,developmental,154.1,0.904320987654321,62.4,premium,True,0.4049318624269954,D1,0.8741158188499847,0.6408794612738018,0.7331745375766838,0.1258841811500153,0.0235219095437464,0.0496485648042716,0.1104043227336033,0.3083182028092926,0.3822228189590705,5.118740491574947,15.345846727422815,31.14279745163908,78.99751424466922,183.35522792075363,selection,active_0_40_to_0_60
120,2017,00-0032780,2,developmental,180.7,0.941358024691358,101.4,premium,True,0.5611510791366907,D1,0.9572883798447464,0.8851332141615148,0.9246254658445412,0.0427116201552535,0.0044285506392601,0.0139159504836587,0.0230625567994382,0.1625856080303906,0.7532957138919987,11.823641803014205,20.2264715806417,37.55687362435628,86.84480255570801,191.9881719747979,selection,active_0_40_to_0_60
121,2017,00-0032780,3,developmental,180.7,0.941358024691358,29.7,starter,True,0.164360819037078,D1,0.9250180617292616,0.7821876814765827,0.8455917931097835,0.0749819382707382,0.0117457767277568,0.0196581795302673,0.0522963514121735,0.2058421889254948,0.6354755651335691,11.412271253299195,21.714996744284463,37.459608870250456,85.60960769382164,190.72223620865327,selection,active_lt_0_40
122,2017,00-0033045,2,developmental,179.2,0.9351851851851852,265.7,elite,True,1.4827008928571428,D1,0.953737208491756,0.9414581645409276,0.9871253382572266,0.046262791508244,0.0030895792628359,0.00988933043684,0.0130377076782564,0.1087999613793651,0.8189206297344582,13.306615328504598,21.728877788506715,39.03771240213444,88.30917246256519,193.34756581444125,selection,active_ge_0_60
123,2017,00-0033045,3,developmental,179.2,0.9351851851851852,186.7,elite,True,1.0418526785714286,D1,0.9298189401574788,0.8425486182602435,0.906142671300657,0.0701810598425211,0.0113039684029116,0.0132626543643623,0.0445925944906502,0.1590186745534711,0.7016410483460835,13.171185101444138,23.48673754974741,39.13966655616609,87.33676532487833,192.25045858809048,selection,active_ge_0_60
124,2017,00-0033280,2,developmental,155.6,0.910493827160494,357.2,elite,True,2.295629820051414,D1,0.9478157973760116,0.8849986942848541,0.9337243552333016,0.0521842026239884,0.0157331330510365,0.0339096513629695,0.0647734326803533,0.2474187019206884,0.5859808783609637,13.079607725491393,21.471555871153065,38.77762875613584,87.77230877829513,192.0602770091377,selection,active_ge_0_60
125,2017,00-0033280,3,developmental,155.6,0.910493827160494,74.9,premium,True,0.481362467866324,D1,0.9065173511083218,0.7689463694305748,0.8482423072106114,0.0934826488916782,0.0179143530832798,0.0432159345182288,0.0722161155143233,0.2946509066134383,0.4785200413790514,11.191557352368356,21.4077132772777,37.28893753653114,85.10366195095517,189.65491519686108,selection,active_0_40_to_0_60
126,2017,00-0033856,2,developmental,199.2,0.9537037037037036,188.9,elite,True,0.9482931726907632,D1,0.9235356034407868,0.7087471661787611,0.7674280921474003,0.0764643965592133,0.0143404150767114,0.027002691291731,0.0480113566985909,0.2076621226457697,0.6265190177279837,11.691148774236218,20.13611683873993,37.44704603729104,86.92603231004267,192.5271523281033,selection,active_ge_0_60
127,2017,00-0033856,3,developmental,199.2,0.9537037037037036,98.0,premium,True,0.4919678714859438,D1,0.854400855743273,0.5790239091568098,0.6776958441282187,0.145599144256727,0.0154188939570537,0.0341064134040636,0.0519816582336464,0.2839365786182737,0.4689573115302354,9.752841921708123,20.14289973461248,35.624773240821746,84.10849359959825,189.29413771337403,selection,active_0_40_to_0_60
128,2017,00-0033906,2,developmental,241.4,0.9783950617283952,169.52,elite,True,0.7022369511184756,D1,0.9457816471064808,0.6323474199365063,0.6685976851751212,0.054218352893519,0.0116116755973664,0.0295551651519386,0.0418385182753654,0.1772689373898114,0.6855073506919991,13.777200448937158,22.30377717190418,39.57782271129528,89.43371588067032,195.9421756706267,selection,active_ge_0_60
129,2017,00-0033906,3,developmental,241.4,0.9783950617283952,302.8,elite,True,1.2543496271748136,D1,0.8966474723109518,0.5328338937757062,0.5942512639916558,0.1033525276890482,0.0169303644706959,0.0379112369912881,0.0430632420509033,0.2598176088821886,0.5389250199158757,11.948000504405648,22.50900167572562,37.480090736506696,86.61716025646012,191.9595349051112,selection,active_ge_0_60
130,2017,00-0033923,2,developmental,245.2,0.984567901234568,65.4,premium,True,0.266721044045677,D1,0.9403496972551416,0.6299061942791098,0.6698637710181552,0.0596503027448582,0.0108606816563052,0.0282976783787698,0.0379823052476503,0.1606221522158773,0.7025868797565389,13.796773621081478,22.31123930369487,39.60119337759176,89.4878473057377,196.1236808155363,selection,active_lt_0_40
131,2017,00-0033923,3,developmental,245.2,0.984567901234568,191.5,elite,True,0.7809951060358891,D1,0.8872846121559507,0.5303458099350585,0.5977178040385581,0.1127153878440493,0.0161863229771695,0.0352300028823102,0.0377150570639199,0.2449729380152941,0.5531802912172569,12.06748246346573,22.625869115558523,37.64831940897451,86.77696733257315,192.28891471312664,selection,active_ge_0_60
132,2018,00-0031062,2,established,190.6,0.9233128834355828,70.6,premium,True,0.3704092339979013,D1,0.9035609683387664,0.6080032235907629,0.6728967329217436,0.0964390316612335,0.0198971384953536,0.0273884154316366,0.0842219351624881,0.2942411744920923,0.4778123047571956,6.477282364128413,15.090615775352797,32.53007758633467,81.39381043728415,185.54162299868432,selection,active_lt_0_40
133,2018,00-0031062,3,established,190.6,0.9233128834355828,19.2,starter,True,0.1007345225603357,D0,0.7588396583171959,0.4318772881943601,0.5691285154390743,0.2411603416828041,0.0334784911732509,0.0518498993275787,0.0911939461377432,0.2610574156596297,0.3212599060189934,2.16588250197934,12.232117095838412,27.840901101797456,76.50057216382952,179.0792969342499,selection,active_lt_0_40
134,2018,00-0032144,2,developmental,225.5,0.9601226993865032,176.4,elite,True,0.7822616407982262,D1,0.9137856485383892,0.6312215687507157,0.6907764088441988,0.0862143514616107,0.0089552044663626,0.0151570009794401,0.0336789779218497,0.2129453000182223,0.6430491651525144,10.112206993204026,18.74008334946558,36.2306245790532,85.37296722840935,190.6011041257036,selection,active_ge_0_60
135,2018,00-0032144,3,developmental,225.5,0.9601226993865032,173.1,elite,True,0.7676274944567627,D1,0.8261909512196176,0.4767601978832172,0.5770581209821131,0.1738090487803824,0.0159730513605276,0.0337735807198646,0.0709506006527037,0.2430249735156421,0.4624687449708793,5.85897081325848,16.024906306300963,31.54297790895002,80.57265034117086,183.91612837614355,selection,active_ge_0_60
136,2018,00-0032187,2,developmental,204.6,0.9539877300613496,151.0,elite,True,0.7380254154447703,D1,0.8514435930660836,0.4626926663450301,0.5434213964531164,0.1485564069339163,0.0258668676164492,0.0363541591341425,0.1084515944946255,0.3180925127471357,0.3626784590737306,2.686861538834478,11.242333056695209,28.87485389911345,77.86168027480076,182.77890552226648,selection,active_ge_0_60
137,2018,00-0032187,3,developmental,204.6,0.9539877300613496,52.3,premium,True,0.2556207233626588,D1,0.6508031788691838,0.3077878811803471,0.4729354299024018,0.3491968211308162,0.0178999669722146,0.0497727083281297,0.0808359495441773,0.2769200082520903,0.2253745457725717,0.0,9.574144145205423,25.46109180104433,73.81296565738701,177.47528088068725,selection,active_lt_0_40
138,2018,00-0032241,2,developmental,316.1,0.9969325153374232,142.2,elite,True,0.4498576399873457,D1,0.9387188175099764,0.509834673105909,0.5431175593755376,0.0612811824900236,0.0056771854672206,0.0162371352300185,0.0196134294240344,0.1408708362539539,0.7563202311347488,12.745885252612991,21.560037503149417,38.73234968777493,88.42098694706061,195.05057185599537,selection,active_0_40_to_0_60
139,2018,00-0032241,3,developmental,316.1,0.9969325153374232,0.0,out,False,0.0,D1,0.8816875243751611,0.4350985577662231,0.4934838542425458,0.1183124756248389,0.0159869629171516,0.0307389252995142,0.0441036178923324,0.1739499865177555,0.6169080317484071,14.208029425016846,24.64784050442779,39.20708156588529,90.11873846596627,193.13176215167664,selection,inactive
140,2018,00-0032764,2,developmental,190.86,0.9294478527607362,320.1,elite,True,1.6771455517132976,D1,0.9299141035301124,0.6565520933993274,0.7060352035816467,0.0700858964698876,0.0146082898184154,0.0232875383471104,0.0666646208500313,0.3074921962051447,0.5178614583094105,8.062816328121073,16.651633246984794,34.157542936245704,83.02571815062956,187.3032090334229,selection,active_ge_0_60
141,2018,00-0032764,3,developmental,190.86,0.9294478527607362,177.3,elite,True,0.9289531593838416,D1,0.8502440654392165,0.5383016056823261,0.6331142169210576,0.1497559345607835,0.0191090202251511,0.0477419827056871,0.0948217609553895,0.2932319218620556,0.3953393796909329,9.413265021679528,19.46879307201671,35.198642911623324,83.68279107240474,186.5607835660024,selection,active_ge_0_60
142,2018,00-0033045,2,developmental,258.1,0.97239263803681,186.7,elite,True,0.7233630375823323,D1,0.9407595142980262,0.5637769356832536,0.5992784841553597,0.0592404857019738,0.0109212739355409,0.0185810543898583,0.0429342771032506,0.236678008345123,0.6316449005242532,12.71666486088968,21.42928733628541,38.765034886468655,88.1247873847521,193.86243465339103,selection,active_ge_0_60
143,2018,00-0033045,3,developmental,258.1,0.97239263803681,212.06,elite,True,0.8216195273149941,D1,0.8846547239782817,0.4661202226822848,0.5268950812653186,0.1153452760217182,0.0171109330288752,0.0395900633629939,0.0684944894278379,0.2757438339912226,0.4837154041673519,12.624908592105513,22.90511220354184,37.989055809618215,87.84550966905124,190.93436192673315,selection,active_ge_0_60
144,2018,00-0033280,2,developmental,284.5,0.9846625766871164,74.9,premium,True,0.2632688927943761,D1,0.9578751252276352,0.5788538601877339,0.6043103583571727,0.0421248747723649,0.0058005925488373,0.0218833425595657,0.0244297153849163,0.1572666306231323,0.7484948441111833,16.665111113882844,25.424463887430896,42.687170063171614,92.2050761178678,198.3811479224052,selection,active_lt_0_40
145,2018,00-0033280,3,developmental,284.5,0.9846625766871164,93.5,premium,True,0.3286467486818981,D1,0.9220008190440844,0.5076674134953953,0.5506149268085648,0.0779991809559155,0.0109115016364677,0.0228980092217423,0.0383997103523383,0.219651282823156,0.63014031501038,15.265893161708576,25.62180855300853,40.46379592609805,90.81232969492856,193.8889978079216,selection,active_lt_0_40
146,2018,00-0033553,2,developmental,232.0,0.9662576687116564,135.1,elite,True,0.5823275862068965,D1,0.9236520323445376,0.5406533857140766,0.5853431452337279,0.0763479676554624,0.0225626664350509,0.0334691470617268,0.0814479657388319,0.2853813301600405,0.5007909229488872,11.923940064379664,20.55465077889752,38.05282239912732,87.24223992550883,192.6511985370273,selection,active_0_40_to_0_60
147,2018,00-0033553,3,developmental,232.0,0.9662576687116564,223.7,elite,True,0.9642241379310345,D1,0.8410969202974534,0.4149932723053418,0.4933953059280965,0.1589030797025465,0.0244845104475698,0.0330411214771194,0.0792344333677337,0.3699694559174957,0.3343673990875346,7.89568931914183,18.07865799986485,33.5795355995228,82.67448937931866,186.1428081566651,selection,active_ge_0_60
148,2018,00-0033556,2,developmental,174.94,0.9049079754601228,11.5,usable,True,0.0657368240539613,D1,0.9527323157570836,0.7401348116411524,0.7768549459278162,0.0472676842429165,0.0165672430862297,0.0295134748275237,0.0732720957815512,0.316202870982318,0.5171766310794608,12.014673637567547,20.619111733411053,38.036525878493535,86.75842270227346,190.36303666974607,selection,active_lt_0_40
149,2018,00-0033556,3,developmental,174.94,0.9049079754601228,0.0,out,False,0.0,D1,0.9072213319938768,0.6252203489427777,0.6891596646748575,0.0927786680061231,0.0249232420242471,0.0330449944028577,0.1005308995293896,0.3405947014389124,0.4081274945984698,10.187197312766678,20.201934526006355,35.86428333568588,84.32465696309495,186.531360976884,selection,inactive
150,2018,00-0033594,2,developmental,186.4,0.9171779141104296,150.8,elite,True,0.8090128755364807,D1,0.9245551023758396,0.6278003729033059,0.6790296990304205,0.0754448976241602,0.0230402942616942,0.034592639512286,0.0914157808190329,0.3231669033576445,0.452339484425182,10.009848202386422,18.626570331822062,36.04501914376244,84.87137719596919,188.85000458231008,selection,active_ge_0_60
151,2018,00-0033594,3,developmental,186.4,0.9171779141104296,44.1,premium,True,0.236587982832618,D1,0.8431483398052105,0.5020426200810515,0.595438069885824,0.1568516601947894,0.0245005541043463,0.0333495059313357,0.0957292695298486,0.3594983549308194,0.3300706553088604,6.821555967749376,16.877068931505406,32.47158899613619,81.12076835041628,183.5349654065749,selection,active_lt_0_40
152,2018,00-0033897,2,developmental,201.4,0.941717791411043,81.6,premium,True,0.4051638530287983,D1,0.952948862943322,0.7621160416387575,0.7997449509356153,0.047051137056678,0.0073255435943548,0.0214377335402595,0.0348970606923305,0.2041380091365595,0.6851505159798176,14.628433331151044,23.21976426303184,40.74771886385683,89.70512651028443,194.33836183716204,selection,active_0_40_to_0_60
153,2018,00-0033897,3,developmental,201.4,0.941717791411043,252.4,elite,True,1.253227408142999,D1,0.9145608134916764,0.6547579062751921,0.7159260451750715,0.0854391865083235,0.0114851510362304,0.0242687499849084,0.0573670769220381,0.2687489130420614,0.552690922506438,13.15612492395134,23.24251979186564,38.95392880007862,87.54086479751857,190.68865754342104,selection,active_ge_0_60
154,2018,00-0033906,2,developmental,273.2,0.9785276073619632,302.8,elite,True,1.108345534407028,D1,0.955919550083916,0.5868584018947971,0.6139202842365546,0.044080449916084,0.0078091687171649,0.0173992010055643,0.0278596642848505,0.1734030717262016,0.7294484443501345,14.652155668507646,23.39639777053392,40.67787353542944,90.1295692902402,196.1018638856532,selection,active_ge_0_60
155,2018,00-0033906,3,developmental,273.2,0.9785276073619632,190.7,elite,True,0.6980234260614934,D1,0.919671009861138,0.4938385741531791,0.5369730793490428,0.080328990138862,0.019921103542222,0.0213787393697504,0.0545123661047076,0.2568715512562063,0.5669872495882514,13.880060777911282,24.206492120864223,39.12773083806309,89.30289929382724,192.3330174747868,selection,active_ge_0_60
156,2018,00-0033923,2,developmental,204.2,0.9478527607361964,191.5,elite,True,0.9378060724779628,D1,0.9495577204674628,0.7649994020224596,0.8056375989927753,0.0504422795325372,0.0077923211394341,0.0142219115761108,0.0274968661442731,0.1776099195639622,0.7224367020436825,12.691664146239049,21.271051734481404,38.8384158947455,87.81986401295474,192.60628820915068,selection,active_ge_0_60
157,2018,00-0033923,3,developmental,204.2,0.9478527607361964,88.0,premium,True,0.4309500489715965,D1,0.9132175894780852,0.6303694876960846,0.6902730465981808,0.0867824105219147,0.0199948474395597,0.0187290209803734,0.0674171762306166,0.2696155843714249,0.5374609604561105,12.268366605463784,22.35680684645311,38.12572382999646,86.64783431091533,190.01471093483707,selection,active_0_40_to_0_60
158,2018,00-0034109,2,developmental,191.8,0.9355828220858896,60.0,premium,True,0.3128258602711157,D1,0.913796669345389,0.6179348577653069,0.6762279602178602,0.086203330654611,0.0293011822920839,0.0334893338803616,0.090236215883862,0.2716003252295657,0.4891696120595156,8.462344693307998,17.030230685583405,34.59487756165568,83.4730840582122,187.8869579167213,selection,active_lt_0_40
159,2018,00-0034109,3,developmental,191.8,0.9355828220858896,41.4,starter,True,0.2158498435870698,D1,0.8246842267848885,0.4748713368849535,0.5758220194610555,0.1753157732151115,0.0301115499003179,0.0439888220377407,0.0781041887360196,0.3377762587763724,0.3347034073344377,5.06658294446494,15.115040997438378,30.94783146702397,79.28802501247449,182.44241868586835,selection,active_lt_0_40
160,2018,00-0034791,2,developmental,179.0,0.911042944785276,193.7,elite,True,1.0821229050279328,D1,0.9346889688381428,0.7315457593936531,0.7826622371536008,0.0653110311618573,0.0171820325412696,0.039683141916582,0.073362260743957,0.2490539540571129,0.5554075795792209,11.645282825604228,20.24699149596541,37.6840008435288,86.44430012353169,190.2193320784357,selection,active_ge_0_60
161,2018,00-0034791,3,developmental,179.0,0.911042944785276,200.3,elite,True,1.1189944134078214,D1,0.8717045509181514,0.6121196516049628,0.7022099987435282,0.1282954490818486,0.0173886915935567,0.0437300634897175,0.0675777541768735,0.2999216736740461,0.4430863679839573,7.942381277935759,17.96850878798068,33.64178878322606,82.11845870898549,184.4854858716359,selection,active_ge_0_60
162,2018,00-0034844,2,developmental,295.8,0.99079754601227,9.4,usable,True,0.0317782285327924,D1,0.9439367103467168,0.5395709264894551,0.5716176948889569,0.0560632896532832,0.0101901285748941,0.0326175150381964,0.0348300224182118,0.1425878892845497,0.7237111550308646,16.87898291762582,25.65185452180052,42.89921433216405,92.48084944111466,198.85772186931808,selection,active_lt_0_40
163,2018,00-0034844,3,developmental,295.8,0.99079754601227,109.6,premium,True,0.3705206220419201,D1,0.896077383576242,0.455726373643751,0.5085792611179947,0.103922616423758,0.0155715779433144,0.0348689584859486,0.03089887222594,0.229416963653122,0.5853210112679167,13.004837327768442,23.38862229336607,38.15940515296225,88.66728923926078,191.80065907097767,selection,active_lt_0_40
164,2019,00-0027966,2,established,225.5,0.9596273291925466,85.6,premium,True,0.37960088691796,D1,0.7910789151874908,0.4387876192965967,0.5546698450338564,0.2089210848125091,0.0162725372593731,0.033637912577422,0.0745433734267937,0.2541171337381867,0.4125079581857151,3.508473161201451,12.40367463768743,30.404411749250126,79.28255740799548,184.381361609999,selection,active_lt_0_40
165,2019,00-0027966,3,established,225.5,0.9596273291925466,38.1,starter,True,0.1689578713968958,D0,0.5507134288565227,0.245467071422705,0.445725596218676,0.4492865711434772,0.0182255546122884,0.0524090024195715,0.0509681116917512,0.2255945185141493,0.203516241618762,1.570314675358766,11.82463323121202,27.75070591283917,76.80502193381452,179.90637480813655,selection,active_lt_0_40
166,2019,00-0032241,2,established,193.4,0.9347826086956522,0.0,out,False,0.0,D1,0.9374398435793884,0.7928387149350021,0.8457488983055578,0.0625601564206116,0.0078865795527708,0.0120453184352355,0.0309776796527308,0.1676128676535057,0.7189173982851453,11.111838302953508,19.964120235730626,38.00803629081673,86.56835348496006,191.00877022256856,selection,inactive
167,2019,00-0032241,3,established,193.4,0.9347826086956522,0.0,out,False,0.0,D0,0.8536221222689231,0.5917222954114079,0.6931899724419197,0.1463778777310769,0.0346604957844554,0.0328154016336187,0.0716173531713422,0.20281835617385,0.5117105155056567,2.483013569598313,12.616788711079836,28.820485764365745,77.24122864073111,180.07583205666327,selection,inactive
168,2019,00-0032764,2,developmental,283.6,0.9906832298136646,177.3,elite,True,0.6251763046544428,D1,0.9080578853418846,0.5015650233928141,0.5523491745286419,0.0919421146581154,0.0092836533039256,0.0218297090304508,0.0318741851378416,0.1994620738981229,0.6456082639715435,9.269296844200376,18.244886448066048,36.108990162525714,85.50008185225529,191.3769475178673,selection,active_ge_0_60
169,2019,00-0032764,3,developmental,283.6,0.9906832298136646,277.76,elite,True,0.979407616361072,D1,0.81505841454215,0.39994906235199,0.4906998752680284,0.18494158545785,0.0188449432335289,0.0430020556180757,0.0478833679334367,0.2181794224635798,0.4871486252935286,9.629854556746883,20.082540676220965,35.4545533041474,85.62776379553841,188.85527997020057,selection,active_ge_0_60
170,2019,00-0033045,2,developmental,265.7,0.9782608695652174,212.06,elite,True,0.7981181783966881,D1,0.935103563339488,0.5745505548717719,0.6144245165956898,0.064896436660512,0.0079461668970228,0.0167137597722547,0.0293378911185398,0.1910071524280474,0.6900985931236231,12.671269225731912,21.63360809104957,39.49392396150952,88.76161027196048,194.2954904600171,selection,active_ge_0_60
171,2019,00-0033045,3,developmental,265.7,0.9782608695652174,169.8,elite,True,0.6390666164847573,D1,0.8703975107928456,0.4634354687221882,0.5324411696674599,0.1296024892071544,0.0199023676398619,0.0403412942638268,0.0538554277047673,0.2260891468899347,0.5302092742944547,10.752579803558085,21.15963497401341,36.606899744237694,86.56369366608338,189.59420017811948,selection,active_ge_0_60
172,2019,00-0033118,2,developmental,170.2,0.903726708074534,74.5,premium,True,0.4377203290246769,D1,0.9042245692147296,0.7132248182514386,0.7887695629315138,0.0957754307852705,0.0142937440617025,0.0239874171075696,0.0583622909844573,0.3006025889572721,0.5069785281037279,7.102670748699161,15.947137703885865,33.903335314724515,82.26462764412169,185.8050549925849,selection,active_0_40_to_0_60
173,2019,00-0033118,3,developmental,170.2,0.903726708074534,87.1,premium,True,0.5117508813160987,D1,0.7999498725500543,0.5608843309851683,0.7011493472674724,0.2000501274499456,0.0212008128378589,0.0419527730740447,0.0886402016102953,0.2664204748288023,0.381735610199053,6.831254683692961,16.896096007992455,33.09194132979738,81.28112530532381,183.42699156071285,selection,active_0_40_to_0_60
174,2019,00-0033280,2,developmental,357.2,0.9968944099378882,93.5,premium,True,0.2617581187010078,D1,0.9462620780115985,0.4494963085179479,0.4750230606963395,0.0537379219884015,0.0076492976768066,0.0183600196973972,0.0254634106370267,0.167749501657363,0.7270398483430048,15.039864024822329,24.16365452947715,41.59198711656475,91.65717817560184,197.46767986694368,selection,active_lt_0_40
175,2019,00-0033280,3,developmental,357.2,0.9968944099378882,273.36,elite,True,0.7652855543113103,D1,0.9014802057034548,0.3825697089675631,0.4243794889195945,0.0985197942965453,0.0192619644275655,0.0427639345391176,0.0432464324858462,0.2102528306465142,0.585955043604411,15.444700452985629,26.172701097944284,40.4109114534307,92.42334239125344,194.65189562152852,selection,active_ge_0_60
176,2019,00-0033293,2,developmental,272.8,0.984472049689441,179.0,elite,True,0.656158357771261,D1,0.9240419519708516,0.5141799113552915,0.5564465014371025,0.0759580480291484,0.0114285003415919,0.0233888685200679,0.042326255899494,0.2353700083389862,0.6115283188707114,10.588607305688306,19.55312298092757,37.429085001104745,86.73923138951233,192.4520782046241,selection,active_ge_0_60
177,2019,00-0033293,3,developmental,272.8,0.984472049689441,199.6,elite,True,0.7316715542521993,D1,0.8515337455993139,0.4136538834397036,0.4857750918004686,0.148466254400686,0.0200694497150178,0.0483944569553022,0.0588281955454953,0.2592134361783272,0.4650282072051713,9.267763771438736,19.68970043937601,35.13378297800431,85.14439365058811,188.3078894170949,selection,active_ge_0_60
178,2019,00-0033594,2,developmental,205.6,0.9472049689440992,44.1,premium,True,0.2144941634241245,D1,0.919014033298216,0.6612799713243588,0.7195537253670821,0.080985966701784,0.0110751635377247,0.0168425158769044,0.0434344266085173,0.2492310239431383,0.598430903331931,8.549360970849463,17.41195959720138,35.46873377082063,84.13976488986229,188.9280965040953,selection,active_lt_0_40
179,2019,00-0033594,3,developmental,205.6,0.9472049689440992,0.0,out,False,0.0,D1,0.8378298135647911,0.509405784281511,0.6080062753008222,0.1621701864352088,0.0202234706157162,0.0399301510130636,0.0737496573917377,0.2731296200337901,0.4307969145104833,6.263506663744693,16.437679903883563,32.58884223107151,81.19012776941409,184.2444850310673,selection,inactive
180,2019,00-0033699,2,developmental,223.0,0.953416149068323,279.8,elite,True,1.2547085201793722,D1,0.932833899358531,0.5947919029990678,0.6376182334369283,0.067166100641469,0.0135988083864677,0.0208833234438387,0.0543727029858146,0.2879465780053406,0.5560324865370693,9.371875240833797,18.27577616209866,36.22724438914296,85.109976109858,190.0115408225,selection,active_ge_0_60
181,2019,00-0033699,3,developmental,223.0,0.953416149068323,277.7,elite,True,1.2452914798206278,D1,0.8662431597792304,0.4802000292385686,0.554347845425933,0.1337568402207696,0.0214753531884434,0.0481174245219032,0.0824437905440524,0.3045842258692695,0.4096223656555616,9.882038574754771,20.140873363515283,35.98591675067694,85.11939753938957,188.0034504105801,selection,active_ge_0_60
182,2019,00-0033856,2,developmental,188.9,0.922360248447205,187.1,elite,True,0.9904711487559554,D1,0.9093553082582104,0.6338836787185621,0.697069311590329,0.0906446917417895,0.0173475313955942,0.024531772474138,0.0693846275259697,0.319994992665013,0.4780963841974954,8.528562140473419,17.39736675509082,35.34545374009272,83.91115294917046,187.95856279779764,selection,active_ge_0_60
183,2019,00-0033856,3,developmental,188.9,0.922360248447205,154.1,elite,True,0.8157755426151402,D1,0.8214953320555805,0.4947126749802514,0.6022099647752841,0.1785046679444195,0.0212662751280208,0.0461917391685833,0.0910562568270339,0.3059342968301867,0.3570467641017555,5.442366359858596,15.583611256319273,31.63203393004289,80.20039314731554,182.6071887598777,selection,active_ge_0_60
184,2019,00-0033893,2,developmental,245.4,0.9720496894409938,176.3,elite,True,0.7184189079054605,D1,0.9216360077762916,0.5523240214247923,0.5992865043949734,0.0783639922237082,0.0138102350613916,0.0227474589448868,0.0495239464272723,0.2648908081200377,0.5706635592227032,11.274425971176406,20.196676196538185,38.158546133915536,87.21978160766315,192.63838967280017,selection,active_ge_0_60
185,2019,00-0033893,3,developmental,245.4,0.9720496894409938,214.8,elite,True,0.8753056234718827,D1,0.8514312657326144,0.4429486993536994,0.5202401147115076,0.1485687342673856,0.0205681352869088,0.0469274304676601,0.0704424642934464,0.2945760546571689,0.41891718102743,10.894228564770046,21.21878673242312,36.96277348215189,86.4022112396492,189.5936141096164,selection,active_ge_0_60
186,2019,00-0033897,2,developmental,192.4,0.9285714285714286,252.4,elite,True,1.3118503118503118,D1,0.944325229888571,0.7306147725719976,0.7736897728108028,0.0556747701114289,0.0113420448647929,0.0179986879237975,0.0474272089203083,0.2649621715921207,0.6025951165875515,11.527225517809365,20.39246547418297,38.37394772078029,86.95727181204822,191.19329435249384,selection,active_ge_0_60
187,2019,00-0033897,3,developmental,192.4,0.9285714285714286,182.5,elite,True,0.9485446985446984,D1,0.891564637338188,0.6082798788379821,0.6822611096981513,0.1084353626618119,0.0219642579584636,0.0427084704868467,0.0832545111953959,0.2819793566219242,0.4616580410755574,12.833410447831,22.97929697018384,39.06899185084356,87.62096817973779,190.2052598639397,selection,active_ge_0_60
188,2019,00-0034791,2,developmental,226.2,0.9658385093167702,200.3,elite,True,0.8854995579133511,D1,0.9449749657946794,0.6579043757353348,0.6962135501463451,0.0550250342053205,0.0104375974903948,0.0180885176680858,0.0356751363596691,0.2095753359571933,0.6711983783193363,10.851837365022613,19.7325960401812,37.80035698586738,86.64907321851919,191.9547661472621,selection,active_ge_0_60
189,2019,00-0034791,3,developmental,226.2,0.9658385093167702,256.4,elite,True,1.1335101679929265,D1,0.8940130532634374,0.5340284987670062,0.597338592336688,0.1059869467365626,0.0221935422183025,0.0259818214048932,0.0649786749498417,0.2919457324424942,0.4889132822479057,10.704197331600668,20.94375641503776,36.995327450837486,85.90025597612376,189.2634303091487,selection,active_ge_0_60
190,2019,00-0034844,2,developmental,197.1,0.9409937888198758,109.6,premium,True,0.5560629122272958,D1,0.956704016269907,0.8576801005545114,0.896494721427553,0.043295983730093,0.0039188313894993,0.0105825320409285,0.0141039636393186,0.1046783509676481,0.8234203382325123,12.904984887610318,21.75412582541445,39.830127434095225,88.40990210097291,193.0382197467183,selection,active_0_40_to_0_60
191,2019,00-0034844,3,developmental,197.1,0.9409937888198758,227.0,elite,True,1.1516996448503298,D1,0.9185687353624956,0.736257309047277,0.8015266367156804,0.0814312646375045,0.0127505563934182,0.0168016817347606,0.0409673464379242,0.1831282941336232,0.6649208566627692,13.00562498130192,23.14479734939748,39.38648631400733,87.79602633745922,190.80484166439624,selection,active_ge_0_60
192,2019,00-0035243,2,developmental,170.7,0.9099378881987578,93.2,premium,True,0.5459871118922086,D1,0.9329832959186648,0.7761513002666928,0.8319026757091649,0.0670167040813352,0.0181089916613399,0.0379630997086823,0.0653496291870938,0.2431020452198782,0.5684595301416704,11.15299582425947,19.98289853509745,38.00649540768722,86.33783299915031,190.0853531070524,selection,active_0_40_to_0_60
193,2019,00-0035243,3,developmental,170.7,0.9099378881987578,206.7,elite,True,1.210896309314587,D1,0.881189493333646,0.6501174390118095,0.7377725721085676,0.1188105066663539,0.0195382449793832,0.0449576632471381,0.0687707924365142,0.301924549929308,0.4459982427413025,8.377592472032596,18.42745773106752,34.74974170335454,82.7880533267013,185.196682445011,selection,active_ge_0_60
194,2019,00-0035700,2,developmental,176.6,0.9161490683229814,177.0,elite,True,1.0022650056625142,D1,0.9313614130529982,0.77932424325634,0.8367581395730351,0.0686385869470017,0.0178169388140314,0.0351026928998872,0.0569131578771358,0.226755171781427,0.5947734516805167,13.052413612559157,21.8898769938104,39.91247640868978,88.3095624122842,192.2270038881748,selection,active_ge_0_60
195,2019,00-0035700,3,developmental,176.6,0.9161490683229814,281.8,elite,True,1.595696489241223,D1,0.8853640006837169,0.6484400121967718,0.732399342751702,0.1146359993162831,0.0191180999250167,0.0408852124033551,0.0651583790749497,0.3043636972649255,0.4558386120154698,10.187572104224074,20.26192094134187,36.53933709075265,84.69729271540825,187.197176380678,selection,active_ge_0_60
196,2020,00-0032063,2,established,152.0,0.9023668639053254,6.2,usable,True,0.0407894736842105,D1,0.8204057016888959,0.441860277586163,0.5385875264842074,0.179594298311104,0.0446796252462043,0.0772008950666084,0.1896344670857029,0.2977898476705535,0.2111008666198266,1.3441904422045212,10.383646492856236,27.98011062010476,76.69671138311533,180.7457388000098,selection,active_lt_0_40
197,2020,00-0032063,3,established,152.0,0.9023668639053254,0.0,out,False,0.0,D0,0.5667715904867447,0.3032994968118516,0.5351353206525001,0.4332284095132552,0.0397682772424568,0.0897395795910935,0.106184963739595,0.2084863838221894,0.1225923860914098,0.8139257519029854,10.345531003024613,27.373925584568937,75.27154808363893,176.89996562038272,selection,inactive
198,2020,00-0032144,2,established,176.4,0.9319526627218936,68.1,premium,True,0.3860544217687074,D1,0.8789614278097653,0.612519043323556,0.6968668066013521,0.1210385721902347,0.0205809379359324,0.0349084898788494,0.0818873037329548,0.3040992644546887,0.4374854318073397,4.034089801860759,13.10381138720497,30.72553342991278,79.71984863178241,184.57556602505224,selection,active_lt_0_40
199,2020,00-0032144,3,established,176.4,0.9319526627218936,18.7,starter,True,0.1060090702947845,D0,0.7075997684529766,0.4289628853843336,0.6062224784530018,0.2924002315470234,0.0344266878702417,0.0742919549471074,0.0894259336327347,0.2466743798522756,0.262780812150617,2.858556083189349,12.48605727011769,29.38899021872016,77.77928337579375,179.8583805174256,selection,active_lt_0_40
200,2020,00-0032764,2,established,320.1,0.9970414201183432,277.76,elite,True,0.867728834739144,D1,0.9096870876287536,0.4772744088194636,0.5246577810217758,0.0903129123712465,0.0083131503862449,0.0165893836636288,0.0212873119802998,0.1328231982917382,0.7306740433068416,8.680488805917783,17.975125526834447,35.32469398320741,85.57813172613676,191.99594147952428,selection,active_ge_0_60
201,2020,00-0032764,3,established,320.1,0.9970414201183432,220.66,elite,True,0.6893470790378007,D0,0.7892863730811777,0.3101376682998074,0.3929342743991729,0.2107136269188223,0.0278195849717462,0.0387603351579984,0.0331459474156067,0.1772128125528445,0.5123476929829818,6.610533527796058,16.863417630608488,32.13454381473451,83.88947852571667,185.641579602357,selection,active_ge_0_60
202,2020,00-0033045,2,established,186.7,0.9378698224852072,169.8,elite,True,0.9094804499196574,D1,0.9271450400043908,0.7756260614319538,0.8365746759841164,0.0728549599956092,0.0112000405396135,0.0142991123449426,0.0341929891458094,0.2058779602470656,0.6615749377269596,9.22304423418302,18.31468909266184,35.90861388860472,85.0234388083419,190.01918185573976,selection,active_ge_0_60
203,2020,00-0033045,3,established,186.7,0.9378698224852072,126.5,elite,True,0.6775575790037494,D0,0.8288423623973828,0.5838274956218386,0.7043890637215361,0.1711576376026171,0.0336247209044925,0.0372150136666738,0.0709059443632392,0.2166560465738689,0.4704406368891083,4.027503514064492,13.715722100751115,30.45766617209074,79.1751040706743,181.2121793133361,selection,active_ge_0_60
204,2020,00-0033118,2,established,172.2,0.9260355029585798,87.1,premium,True,0.5058072009291521,D1,0.8982893453999137,0.727540571468047,0.8099178457294846,0.1017106546000863,0.0155035059319374,0.0200140894129603,0.0517393237242946,0.2583270135288177,0.5527054128019036,5.03221254193442,14.099211690009668,31.70898817007104,80.66139506416329,185.3513016439552,selection,active_0_40_to_0_60
205,2020,00-0033118,3,established,172.2,0.9260355029585798,3.1,depth,True,0.0180023228803716,D0,0.7563428859012677,0.4852711683435713,0.6416020794131171,0.2436571140987322,0.0335194290714567,0.0418657915947883,0.0777811775188682,0.2330727755838608,0.3701037121322935,3.147541382401535,12.76458100132347,29.664085685492605,78.00382318927186,179.9650484658249,selection,active_lt_0_40
206,2020,00-0033293,2,developmental,213.9,0.9733727810650888,199.6,elite,True,0.933146330060776,D1,0.9144450801925303,0.6863109866102042,0.7505218208027385,0.0855549198074696,0.0079040290309328,0.0139090351274687,0.0230960588085686,0.171264872333639,0.6982710848919211,6.395939822726582,15.498933972338191,33.1748510240268,82.52071760791382,188.51802043182545,selection,active_ge_0_60
207,2020,00-0033293,3,developmental,213.9,0.9733727810650888,108.9,premium,True,0.5091164095371669,D1,0.8116565762095664,0.5288300552161359,0.6515441021691348,0.1883434237904335,0.0189622481432619,0.0368182790610771,0.0478780464717501,0.2011806094951784,0.5068173930382988,7.325120692630485,17.063060191334507,33.86826335105786,82.81722118302557,185.603042661703,selection,active_0_40_to_0_60
208,2020,00-0033893,2,developmental,301.8,0.985207100591716,214.8,elite,True,0.7117296222664016,D1,0.9170435221732944,0.4965083832479367,0.5414229218600937,0.0829564778267054,0.0094189353147746,0.0179704712566549,0.0260370202531032,0.1803089614661869,0.6833081338825747,11.117340360679464,20.400170948316017,37.73901511731795,87.88259550820675,193.97732628723327,selection,active_ge_0_60
209,2020,00-0033893,3,developmental,301.8,0.985207100591716,29.2,starter,True,0.0967528164347249,D1,0.8289391327653772,0.391729932677827,0.4725677883863424,0.1710608672346227,0.0187755671902604,0.041594069440673,0.0422487340452663,0.2262658433607389,0.5000549187284383,11.983475529848938,22.198786682478293,37.51752792362576,89.07971704877664,190.64904738099256,selection,active_lt_0_40
210,2020,00-0033906,2,developmental,302.8,0.9911242603550297,164.7,elite,True,0.5439233817701452,D1,0.9177402716190416,0.4747634372626472,0.5173178642635874,0.0822597283809583,0.0114175580547338,0.0244151342651204,0.0345949466322504,0.210113066038646,0.6371995666282909,10.710644681422052,19.98398176279937,37.36005663926223,87.4955375990144,193.77248420912792,selection,active_0_40_to_0_60
211,2020,00-0033906,3,developmental,302.8,0.9911242603550297,158.5,elite,True,0.523447820343461,D1,0.828741432366838,0.3697439841874335,0.4461511995743545,0.171258567633162,0.0197519270704105,0.0498795439554343,0.0431390049629479,0.2515259856433257,0.4644449707347194,9.530826950296555,19.724625937760457,35.151400812195334,86.58817425763158,188.37710396334333,selection,active_0_40_to_0_60
212,2020,00-0033923,2,developmental,191.5,0.9437869822485208,93.8,premium,True,0.4898172323759791,D1,0.9067993027029514,0.5995526903770227,0.6611746266124157,0.0932006972970486,0.0202766224810308,0.0305631637152947,0.0780013553052227,0.33497726097133,0.4429809002300729,7.558808528728981,16.65393914274012,34.258229548640244,83.41808753032007,188.57861631691304,selection,active_0_40_to_0_60
213,2020,00-0033923,3,developmental,191.5,0.9437869822485208,105.5,premium,True,0.5509138381201044,D1,0.7963011457056334,0.4566912002966001,0.5735156890825622,0.2036988542943666,0.0236276876258211,0.0590487806566368,0.0828188414874504,0.3096923403197211,0.3211134956160038,5.581179818795242,15.281857865376132,32.02069389158719,80.79968308469432,182.94827370716783,selection,active_0_40_to_0_60
214,2020,00-0034791,2,developmental,193.7,0.9497041420118344,256.4,elite,True,1.3236964377903977,D1,0.9237708827032316,0.7372094277754271,0.7980435858923487,0.0762291172967683,0.0104635454736923,0.0148770462276073,0.0312332285875236,0.2137369461657703,0.6534601162486381,7.772528359778008,16.862934484883603,34.49458445778525,83.6658656734545,189.00220588909343,selection,active_ge_0_60
215,2020,00-0034791,3,developmental,193.7,0.9497041420118344,19.1,starter,True,0.0986060918946825,D1,0.8401024930556245,0.5643737602300308,0.6717915550723914,0.1598975069443755,0.0208688294543288,0.0389485744417439,0.0641938505833186,0.2469061060295303,0.4691851325467026,6.386583730526063,16.07823192966073,32.88426439813885,81.60653586670242,183.9350121678704,selection,active_lt_0_40
216,2020,00-0034816,2,developmental,162.3,0.9142011834319528,15.2,usable,True,0.0936537276648182,D1,0.9380030215062016,0.8053976393276632,0.8586301119098668,0.0619969784937984,0.0161422862865125,0.0236278672046767,0.0594224581136487,0.3056015098195462,0.5332089000818173,10.598675626533677,19.65376345723947,37.25303336499414,86.0951523207006,190.4621211798,selection,active_lt_0_40
217,2020,00-0034816,3,developmental,162.3,0.9142011834319528,0.0,out,False,0.0,D1,0.8739433450739243,0.6642120626318608,0.7600173013225211,0.1260566549260756,0.0248303145415306,0.0499147331007824,0.0898149799855837,0.292550118540726,0.4168331989053016,10.921040404042962,20.50023176633508,37.448252200987184,85.5937289363896,187.373059382467,selection,inactive
218,2020,00-0035685,2,developmental,213.8,0.9674556213017752,151.7,elite,True,0.7095416276894293,D1,0.9447802814698348,0.6931767043760974,0.7336909099094372,0.0552197185301651,0.0123841924119973,0.0185718674650725,0.0348111235093745,0.2212993993042473,0.6577136987791432,11.224110429953903,20.33827214061096,37.97349344608834,87.33431244749679,193.1471513210351,selection,active_ge_0_60
219,2020,00-0035685,3,developmental,213.8,0.9674556213017752,196.2,elite,True,0.9176800748362955,D1,0.8971467239537375,0.5584222375443206,0.6224424864233427,0.1028532760462624,0.0233546373594887,0.0301480218656363,0.0633279687656379,0.3030477283063554,0.477268367656619,10.619711074998264,20.383544371848068,37.066378933654526,86.16486729586629,188.7171488141452,selection,active_ge_0_60
220,2020,00-0035700,2,developmental,202.3,0.955621301775148,281.8,elite,True,1.3929807217004448,D1,0.9521616948281372,0.7969778433786793,0.837019434522129,0.0478383051718628,0.0069960859671335,0.014777120302922,0.0208453246569853,0.1584077691101101,0.7511353947909861,12.80353940632446,21.90805607392702,39.52807996401131,88.78788835006583,194.27474608101323,selection,active_ge_0_60
221,2020,00-0035700,3,developmental,202.3,0.955621301775148,148.1,elite,True,0.7320810677212061,D1,0.9127118435597172,0.6717773718743961,0.7360235068873004,0.0872881564402828,0.0140239356138793,0.0243037340988454,0.0437894230803385,0.2357517578990852,0.5948429928675685,12.065314696161366,21.79723143130717,38.50917559129302,87.44604899027968,189.7975634199624,selection,active_ge_0_60
222,2020,00-0035831,2,developmental,206.4,0.9615384615384616,77.6,premium,True,0.3759689922480619,D1,0.928018927735622,0.7022103968064466,0.7566768045559684,0.071981072264378,0.0160986841329955,0.0288171958161112,0.0432142132143496,0.1989726066205009,0.6409162279516647,12.868008960669997,21.97288711403156,39.60974337724009,88.90179517319265,194.5576342832813,selection,active_lt_0_40
223,2020,00-0035831,3,developmental,206.4,0.9615384615384616,0.0,out,False,0.0,D1,0.8710962022256894,0.5583087669116991,0.640926645627883,0.1289037977743106,0.0197192316143165,0.0450941652223039,0.0458857735464587,0.299352277866683,0.4610447539759272,10.304331331670127,20.040530133956302,36.776119433394456,85.72953885036387,188.2185858216871,selection,inactive
224,2020,00-0036158,2,developmental,154.5,0.908284023668639,74.2,premium,True,0.4802588996763754,D1,0.943101536301712,0.8745280877288542,0.927289431802049,0.0568984636982879,0.0191606010674351,0.0401472690064664,0.0635773632651482,0.2499930752010902,0.5702232277615719,12.49858409941669,21.536179458567005,39.15407552783124,87.89382289540497,192.11481589458492,selection,active_0_40_to_0_60
225,2020,00-0036158,3,developmental,154.5,0.908284023668639,9.7,usable,True,0.0627831715210355,D1,0.8942059413587063,0.7337036111121126,0.8205085396740737,0.1057940586412936,0.0233761678009673,0.050189721619562,0.0677604765790797,0.2968353984526505,0.4560441769064466,9.596479705983649,19.12655074794901,36.197619017288645,84.07977694966654,185.8642320706976,selection,active_lt_0_40
226,2020,00-0036223,2,developmental,219.8,0.9792899408284024,126.4,elite,True,0.5750682438580528,D1,0.9393234432209332,0.7016133788273607,0.7469348113164659,0.0606765567790669,0.0130727278153057,0.0305980214338008,0.0343443040649271,0.1625833351950228,0.6987250547118765,14.0721111652322,23.179674915473782,40.86371418264198,90.2590507057821,196.41968375316287,selection,active_0_40_to_0_60
227,2020,00-0036223,3,developmental,219.8,0.9792899408284024,137.4,elite,True,0.6251137397634213,D1,0.8916711365918242,0.5716115594687097,0.6410564792458606,0.1083288634081758,0.0195945207512765,0.0462819636422824,0.0344920116698646,0.2655321833594521,0.5257704571689483,11.63781262966544,21.391048419808648,38.18386254714622,87.20998452140219,190.09829572738744,selection,active_ge_0_60
228,2020,00-0036328,2,developmental,171.2,0.9201183431952664,121.9,elite,True,0.712032710280374,D1,0.9307813485182774,0.7956445384107224,0.8548135818120108,0.0692186514817225,0.0185705698612804,0.0362162897687721,0.0565305312908309,0.2328432067196756,0.5866207508777183,11.942571220268476,21.01758981766453,38.593186663894045,87.54765872297298,192.0573290101372,selection,active_ge_0_60
229,2020,00-0036328,3,developmental,171.2,0.9201183431952664,88.9,premium,True,0.5192757009345795,D1,0.8725280573798168,0.6500893640107339,0.7450641369206379,0.1274719426201832,0.0218284615826474,0.0466211362609321,0.0603663922771169,0.2949934881542553,0.4487185791048649,9.054226120611524,18.68891974154344,35.493013171482644,83.93693248435571,185.69083350470265,selection,active_0_40_to_0_60
230,2021,00-0030578,2,established,189.1,0.94,27.9,starter,True,0.1475409836065573,D1,0.7495245601831005,0.4192132051796143,0.5593054950423575,0.2504754398168994,0.0226446266889118,0.0480070351917174,0.1000664931033184,0.2800186607557813,0.2987877444433714,1.6305574405600964,9.988971538623026,27.974760657647167,77.0400491830126,182.01805879574923,postfreeze,active_lt_0_40
231,2021,00-0030578,3,established,189.1,0.94,27.5,starter,True,0.1454257006874669,D0,0.4582851004946446,0.1976041518840216,0.43118170691288,0.5417148995053553,0.0174836982693659,0.0540333316168798,0.0528692902798954,0.2031335238098419,0.1307652565186615,0.0,8.037739717914604,25.09479490684982,74.13158268891536,176.8351397449665,postfreeze,active_lt_0_40
232,2021,00-0032144,2,established,173.1,0.9057142857142856,18.7,starter,True,0.1080300404390525,D1,0.8690296712729259,0.5845427348947607,0.6726384083509391,0.1309703287270741,0.0214028643420444,0.0414391010632226,0.0908583968607631,0.3252327403603402,0.3900965686465553,4.678170016435772,13.04734475128781,30.952045129954705,79.91226131443669,183.9062933761464,postfreeze,active_lt_0_40
233,2021,00-0032144,3,established,173.1,0.9057142857142856,0.0,out,False,0.0,D0,0.6652691220440925,0.3735929121688097,0.5615665898049134,0.3347308779559075,0.032132471510152,0.0735124841533899,0.0980805872141747,0.2278393944512044,0.2337041847151713,1.4398479314144907,10.682140214032811,27.455976867067164,76.72111109605525,178.49052909914417,postfreeze,inactive
234,2021,00-0032764,2,established,177.3,0.9228571428571428,220.66,elite,True,1.2445572476029327,D1,0.8537424121827897,0.714743027353743,0.8371881461603125,0.1462575878172103,0.0110305585496247,0.0195094394142002,0.0344653205179825,0.1857260624200858,0.6030110312808963,3.858484244822428,12.218818752228458,30.168201632745884,79.12389235852444,183.5917815040604,postfreeze,active_ge_0_60
235,2021,00-0032764,3,established,177.3,0.9228571428571428,319.4,elite,True,1.8014664410603491,D0,0.6636093976205399,0.3940805536829971,0.5938441424971158,0.33639060237946,0.0259887166547556,0.0423204942960856,0.0716278180316099,0.1879576817710295,0.3357146868670591,0.0,6.936744528752719,23.952604347873688,72.91343742298554,175.25648414325232,postfreeze,active_ge_0_60
236,2021,00-0033045,2,established,212.06,0.9685714285714284,126.5,elite,True,0.596529284164859,D1,0.9154232371777088,0.6475992226950054,0.7074314878564619,0.0845767628222912,0.0132041033007898,0.0193795209079878,0.0408195123155608,0.2291613717944608,0.6128587288589094,8.207113181423544,16.563567851729218,34.60854946571125,83.87697204954918,189.711687248804,postfreeze,active_0_40_to_0_60
237,2021,00-0033045,3,established,212.06,0.9685714285714284,50.0,premium,True,0.2357823257568612,D0,0.7924780464480136,0.4612187236235624,0.5819955842194025,0.2075219535519864,0.0304477089039221,0.0514402277580398,0.067150779512774,0.2549834631115363,0.3884558671617412,5.5640139460183065,14.84245905205188,31.93214935329091,81.16373737406184,184.4299165071535,postfreeze,active_lt_0_40
238,2021,00-0033293,2,established,179.0,0.9285714285714286,108.9,premium,True,0.6083798882681565,D1,0.9082625372495772,0.7309592003770286,0.804788450914795,0.0917374627504229,0.0133368265705511,0.0184385371883463,0.0445364909199295,0.2363228132213213,0.5956278693494287,5.02832145792901,13.385974604030809,31.34993424977274,80.30849321775764,184.93572545756908,postfreeze,active_ge_0_60
239,2021,00-0033293,3,established,179.0,0.9285714285714286,200.6,elite,True,1.1206703910614524,D0,0.7719016308797977,0.4672394843074929,0.6053096218684534,0.2280983691202023,0.031624653357159,0.0448464355505127,0.0808011950719871,0.2341505331227699,0.3804788137773689,1.706562378116388,10.916628253196052,28.00546053643714,76.87944304399986,179.40552605721493,postfreeze,active_ge_0_60
240,2021,00-0033553,2,established,223.7,0.9742857142857144,178.5,elite,True,0.7979436745641485,D1,0.9075056603981476,0.5956732989872113,0.6563852160722317,0.0924943396018523,0.0147284819410234,0.0222227506951205,0.0431747267268896,0.2318415868713124,0.5955381141638015,6.675208940310085,15.036496641580086,33.08706763291627,82.48228757342662,188.51572512282863,postfreeze,active_ge_0_60
241,2021,00-0033553,3,established,223.7,0.9742857142857144,216.3,elite,True,0.9669199821189094,D0,0.7788098922226359,0.4048169457981473,0.5197891678582117,0.2211901077773641,0.0303873090748666,0.0529650376666536,0.0625868683164531,0.263658741780847,0.3692119353838154,7.449081242049111,16.770220166425247,33.71479933230548,83.27246551547398,186.4902507082888,postfreeze,active_ge_0_60
242,2021,00-0033699,2,established,279.8,0.9914285714285714,145.4,elite,True,0.5196568977841315,D1,0.9053930478188416,0.4812116203926598,0.5314947155292765,0.0946069521811584,0.0149364359429711,0.0289591455432049,0.0416627525173549,0.2235774724487167,0.5962572413665939,7.790733728616985,16.177404355674184,34.23172616187129,84.18683688957711,190.8734783361931,postfreeze,active_0_40_to_0_60
243,2021,00-0033699,3,established,279.8,0.9914285714285714,97.3,premium,True,0.3477483917083631,D0,0.7787864869307748,0.3342025263363747,0.4291324155526616,0.2212135130692252,0.0294724345667588,0.0560764352068524,0.0459974931179122,0.2571367577708351,0.390103366268416,4.556074777174572,14.076905221803486,30.27027906956535,81.40426500528808,184.1416652237666,postfreeze,active_lt_0_40
244,2021,00-0033856,2,established,187.1,0.9342857142857144,4.0,depth,True,0.0213789417423837,D1,0.88680686642017,0.6228115698506874,0.7023080147821031,0.1131931335798299,0.0203554177700458,0.0244152788578084,0.0635703596619455,0.2894184682749928,0.4890473418553773,5.299120448739558,13.660028974854477,31.631464905170173,80.69080224142064,185.508489134104,postfreeze,active_lt_0_40
245,2021,00-0033856,3,established,187.1,0.9342857142857144,0.0,out,False,0.0,D0,0.7318577078871599,0.4151051411627652,0.5671937819185576,0.2681422921128401,0.0321496322687986,0.0520924208718727,0.0841596116370338,0.2710832348997193,0.2923728082097353,2.959703774056763,12.20208332946912,29.191591253695403,78.30495730081722,180.831235283482,postfreeze,inactive
246,2021,00-0033893,2,established,176.3,0.9114285714285716,29.2,starter,True,0.1656267725467952,D1,0.9136116667063524,0.7944690416227609,0.8695916115945511,0.0863883332936477,0.0105590794170871,0.0149093710061075,0.0342283473870583,0.1949865691446237,0.6589282997514755,6.708152105379966,15.076145508797246,32.99362858208755,81.98145185215176,186.14268793127405,postfreeze,active_lt_0_40
247,2021,00-0033893,3,established,176.3,0.9114285714285716,3.0,depth,True,0.0170164492342597,D0,0.791617361034746,0.5204556075160673,0.6574585565376746,0.208382638965254,0.0310668404427018,0.0350327052716079,0.0788272483713079,0.2019363959297903,0.4447541710193378,2.1363243653109265,11.3817390314776,28.18501410069185,77.44572697353576,179.35198295437584,postfreeze,active_lt_0_40
248,2021,00-0033897,2,established,252.4,0.9857142857142858,215.0,elite,True,0.8518225039619651,D1,0.9147135048943928,0.5289767714614395,0.5782977605895432,0.0852864951056072,0.0173977477492477,0.0300596988249927,0.0505788195538813,0.2490224808940247,0.5676547578722461,10.206907429012531,18.580237150607672,36.63914519516656,86.32714471049306,192.7704781964695,postfreeze,active_ge_0_60
249,2021,00-0033897,3,established,252.4,0.9857142857142858,205.5,elite,True,0.8141838351822503,D0,0.8059761207177133,0.409346007022973,0.5078885050073875,0.1940238792822867,0.0319491529114019,0.060799071673524,0.0558516250805286,0.2863896546567024,0.3709866163955561,6.909946728325991,16.33210588292279,32.917507426701206,83.25789291940171,186.3057148388725,postfreeze,active_ge_0_60
250,2021,00-0033906,2,established,190.7,0.9457142857142856,158.5,elite,True,0.8311484006292607,D1,0.913361639853866,0.765006335953441,0.8375722195600844,0.086638360146134,0.0091693184829536,0.012339911769065,0.0268081489791389,0.1648222135394058,0.7002220470833026,6.805207316699807,15.160749554419674,33.161343279948056,82.22635829282493,187.3627126875151,postfreeze,active_ge_0_60
251,2021,00-0033906,3,established,190.7,0.9457142857142856,198.3,elite,True,1.0398531725222864,D0,0.7920382189309076,0.4940929247176239,0.6238245995055012,0.2079617810690923,0.028761763339738,0.0352742220512303,0.0665176131287143,0.2055574088009582,0.4559272116102665,5.8793876034478245,15.108249603079829,32.24380594223522,81.18327490817616,184.07573529677245,postfreeze,active_ge_0_60
252,2021,00-0034791,2,developmental,200.3,0.9628571428571427,19.1,starter,True,0.0953569645531702,D1,0.9124646594802928,0.6810202621887215,0.7463524807378361,0.0875353405197071,0.0111414283651795,0.0174534160847162,0.036962545782948,0.2297875436249049,0.6171197256225441,6.72730335491589,15.078308561079076,33.11843806612073,82.24989693316454,187.8826593573777,postfreeze,active_lt_0_40
253,2021,00-0034791,3,developmental,200.3,0.9628571428571427,63.3,premium,True,0.3160259610584123,D1,0.7977553487515033,0.493445869524904,0.6185428531405683,0.2022446512484966,0.0187282056918402,0.0428850866373225,0.0636908284452042,0.2593324476409029,0.4131187803362334,4.2521926155286565,13.48388808754109,30.73657972224521,79.60821552131205,182.94177366613985,postfreeze,active_lt_0_40
254,2021,00-0035657,2,developmental,200.1,0.9571428571428572,17.0,starter,True,0.0849575212393803,D1,0.924991942398231,0.6299223490587574,0.681003066281372,0.0750080576017689,0.0170008134777922,0.0248866943270138,0.060641086220507,0.302754282657326,0.519709065715592,7.8902425435282595,16.24538980908563,34.26919552002448,83.42187631933255,188.9029504537814,postfreeze,active_lt_0_40
255,2021,00-0035657,3,developmental,200.1,0.9571428571428572,0.0,out,False,0.0,D1,0.8323955436576808,0.4830226403406533,0.5802801853289287,0.1676044563423192,0.0218933366812677,0.0564119579067139,0.0793501107379117,0.3220340957780349,0.3527060425537525,8.14493902422771,17.392992191479166,34.530318805776,83.56907303512295,186.6746079223156,postfreeze,inactive
256,2021,00-0035700,2,developmental,177.0,0.9171428571428571,148.1,elite,True,0.8367231638418079,D1,0.9422921798043936,0.7748564745146436,0.8223102039067041,0.0577078201956064,0.0128272308625005,0.0207224324768473,0.050166336427157,0.2724745607985866,0.5861016192393019,10.495996706521048,18.860354643805685,36.79355561387919,85.7685118062106,190.0840909826925,postfreeze,active_ge_0_60
257,2021,00-0035700,3,developmental,177.0,0.9171428571428571,264.1,elite,True,1.492090395480226,D1,0.874372880836367,0.6198958789132659,0.7089605504694,0.125627119163633,0.022495531118405,0.0462971350593131,0.0853825700944481,0.2733730645022829,0.4468245800619176,8.27216159691946,17.504551692937625,34.408489371772255,83.52992198202905,185.648599027742,postfreeze,active_ge_0_60
258,2021,00-0036223,2,developmental,343.1,0.9971428571428572,137.4,elite,True,0.4004663363450889,D1,0.961788893827695,0.5050017410036494,0.5250650576696311,0.038211106172305,0.0057842420671257,0.0194025383372099,0.0124452626066282,0.1207163306091211,0.80344052020761,16.294097924634528,24.711409624852045,42.74045378987404,93.24799414112694,200.26860526872727,postfreeze,active_0_40_to_0_60
259,2021,00-0036223,3,developmental,343.1,0.9971428571428572,231.7,elite,True,0.6753133197318565,D1,0.9292588219931016,0.4401915159478634,0.473701734683269,0.0707411780068982,0.0115329890628613,0.0253875290605184,0.026281012500854,0.1865994483090806,0.6794578430597872,14.4380408052087,24.171368813142536,39.47062740964995,92.34888764466754,194.24305103856915,postfreeze,active_ge_0_60
260,2021,00-0036328,2,developmental,196.1,0.9514285714285714,88.9,premium,True,0.4533401325854156,D1,0.9532212031174576,0.7512171308441982,0.7880826909718162,0.0467787968825423,0.0122535682505266,0.0190040496335996,0.0365082680663466,0.2328954642942568,0.652559852872728,11.150866689119889,19.50687242761236,37.51828159020017,86.63803064605221,191.9502088195468,postfreeze,active_0_40_to_0_60
261,2021,00-0036328,3,developmental,196.1,0.9514285714285714,85.4,premium,True,0.4354920958694544,D1,0.906117434408386,0.6046780646374705,0.667328584216318,0.0938825655916139,0.0234382983716984,0.0323508050854347,0.0762715750542474,0.3010330522231086,0.4730237036738967,10.157447330425718,19.40025386999138,36.51751210645736,85.54294606422287,188.52158645481387,postfreeze,active_0_40_to_0_60
262,2021,00-0036893,2,developmental,231.7,0.98,168.5,elite,True,0.7272334915839448,D1,0.9201618551339404,0.5806789303908454,0.6310617280547026,0.0798381448660595,0.0213863872504405,0.0376448511069442,0.0547945749603066,0.2198907273667615,0.5864453144494874,10.101958902501892,18.4649488317112,36.524853713613766,85.99523707519774,192.2109899668347,postfreeze,active_ge_0_60
263,2021,00-0036893,3,developmental,231.7,0.98,168.6,elite,True,0.7276650841605524,D1,0.8474550237958841,0.4552930980344713,0.5372475060624953,0.1525449762041159,0.0296266581672531,0.0541672166106479,0.0529474919071144,0.2988459196006331,0.4118677375102354,8.365184439475428,17.708418096283182,34.5987486701155,84.31045002529287,187.576264574402,postfreeze,active_ge_0_60
264,2021,00-0036997,2,developmental,166.9,0.9,134.2,elite,True,0.8040742959856201,D1,0.948184900660175,0.7903426494518484,0.8335322033725397,0.0518150993398249,0.0218489172899079,0.0433869051564434,0.0736563833440683,0.2735000295623973,0.5357926653073579,13.8960736605559,22.26332653006979,40.15895570960609,89.04038616167259,192.85095186892727,postfreeze,active_ge_0_60
265,2021,00-0036997,3,developmental,166.9,0.9,110.9,premium,True,0.664469742360695,D1,0.9058161285403896,0.6892359234536926,0.7609004760870296,0.0941838714596104,0.0222843963867104,0.0514018874238905,0.0786833286152097,0.3063882164618282,0.4470582996527505,11.490247063361018,20.70899951156853,37.54345909975231,86.64248870534942,188.3706418026308,postfreeze,active_ge_0_60
266,2022,00-0032764,2,established,277.76,0.9910714285714286,319.4,elite,True,1.149913594470046,D1,0.8520284428970274,0.4347001727247379,0.5101944381653394,0.1479715571029726,0.0144097534755255,0.0352714278609052,0.0469418334784532,0.2250965718364227,0.5303088562457207,5.849382591932432,14.025350944736346,32.408921041294334,82.19281836033011,188.83463978432377,postfreeze,active_ge_0_60
267,2022,00-0032764,3,established,277.76,0.9910714285714286,271.5,elite,True,0.9774625576036868,D0,0.6395040649344946,0.2485117006027467,0.3886006582744742,0.3604959350655053,0.0247196159329813,0.0638800706716466,0.0373830768002749,0.217283241278197,0.2962380602513946,2.151474903576656,11.452248995070365,28.39595805199733,79.08582654981507,183.25650193446089,postfreeze,active_ge_0_60
268,2022,00-0033045,2,established,169.8,0.9017857142857144,50.0,premium,True,0.2944640753828033,D1,0.8935484562084322,0.6704517810349648,0.7503250398751435,0.1064515437915678,0.0181997295550338,0.0330986600325815,0.0762403493608845,0.3111658561787129,0.4548438610812192,7.401705460680695,15.630299733837091,33.823083204087666,82.6798497246004,186.6241116127256,postfreeze,active_lt_0_40
269,2022,00-0033045,3,established,169.8,0.9017857142857144,0.0,out,False,0.0,D0,0.7226611723511336,0.472533158799121,0.6538792685675412,0.2773388276488664,0.0313252074271171,0.0670436799783891,0.096509748513573,0.2459342349417453,0.281848301490309,3.092706536433816,12.158453734289964,29.51541899461826,78.4470605642918,180.9326009381499,postfreeze,inactive
270,2022,00-0033280,2,established,273.36,0.9791666666666666,34.8,starter,True,0.1273046532045653,D1,0.901735760502224,0.4684307404119571,0.5194767258105228,0.0982642394977759,0.0186233259370751,0.0290876077518023,0.0530564733979553,0.2688584079255309,0.5321099454898602,9.714865043674706,17.88518944991648,36.2319435935395,86.03307376008368,192.24600705387547,postfreeze,active_lt_0_40
271,2022,00-0033280,3,established,273.36,0.9791666666666666,320.1,elite,True,1.170983318700615,D0,0.7631971938529457,0.3428110872518899,0.4491776044422189,0.2368028061470543,0.0313303149785551,0.0589222117622444,0.0614877074873386,0.2835946573004801,0.3278623023243273,5.798198489222898,15.113320266949984,31.910283040534768,82.79570753797799,186.64414382817668,postfreeze,active_ge_0_60
272,2022,00-0033293,2,established,199.6,0.9375,200.6,elite,True,1.0050100200400802,D1,0.8886378804711677,0.5667346447713094,0.6377565679181031,0.1113621195288323,0.0184753307984279,0.0304654125051177,0.0741437649636297,0.3061405621282844,0.4594128100757079,5.3360822643779215,13.552627212349826,31.82981423820716,80.95729675964924,186.02978923164144,postfreeze,active_ge_0_60
273,2022,00-0033293,3,established,199.6,0.9375,96.2,premium,True,0.4819639278557114,D0,0.7110613514167621,0.3707100591588804,0.5213475017595246,0.2889386485832379,0.0304470560123161,0.0743038783357275,0.0834358327144089,0.2600439681427123,0.2628306162115971,1.8982029384203685,11.025481810573226,28.36064608267461,77.68988333724229,180.91883320834185,postfreeze,active_0_40_to_0_60
274,2022,00-0033699,2,established,277.7,0.9851190476190476,97.3,premium,True,0.3503781058696435,D1,0.9083553696324176,0.5011237487930236,0.5516824863333084,0.0916446303675823,0.0108003024384362,0.0265389414170994,0.0385121795743753,0.1969744058397038,0.6355295403628028,7.410658383210851,15.581821305828726,33.94520096640652,83.75978060459198,190.17631483038923,postfreeze,active_lt_0_40
275,2022,00-0033699,3,established,277.7,0.9851190476190476,8.1,usable,True,0.0291681670867843,D0,0.7637656116240261,0.3285575099002251,0.4301810724387025,0.2362343883759738,0.027381731143723,0.0650611683340268,0.0428745049553162,0.2311829323641958,0.397265274826764,0.9137518059278378,10.22885678467958,27.067570916903577,77.92257994494267,181.91685270550283,postfreeze,active_lt_0_40
276,2022,00-0033893,2,established,214.8,0.9553571428571428,3.0,depth,True,0.0139664804469273,D1,0.8991218416723729,0.551892425249832,0.6138127222260646,0.1008781583276271,0.0182335956102598,0.0287785235625546,0.0698592534918921,0.2998253949143552,0.482425074093311,6.911777795653556,15.124186934066556,33.44527318023231,82.68710027182615,188.33403398979056,postfreeze,active_lt_0_40
277,2022,00-0033893,3,established,214.8,0.9553571428571428,0.0,out,False,0.0,D0,0.7425706415142751,0.3914827676477879,0.5271993609247236,0.2574293584857249,0.0309729773168222,0.0783540772460876,0.0797563215800548,0.2778186714724968,0.2756685938988135,3.862665823422113,13.013894854246836,30.36827216817796,79.83215768897686,183.44736643690504,postfreeze,inactive
278,2022,00-0033897,2,established,182.5,0.9196428571428572,205.5,elite,True,1.126027397260274,D1,0.9131586628453228,0.7575466059334893,0.8295892452830049,0.0868413371546772,0.0117147706325132,0.0160463469434005,0.0382062731821391,0.2208204708893875,0.6263708011978822,8.473604428461996,16.698400599592006,34.935386775445934,83.90274088048213,188.42329018916132,postfreeze,active_ge_0_60
279,2022,00-0033897,3,established,182.5,0.9196428571428572,0.0,out,False,0.0,D0,0.7795150652203655,0.5128775651440476,0.6579443913621597,0.2204849347796345,0.0288822020153513,0.036137091507417,0.077294708947672,0.2379402676046432,0.3992607951452818,3.859599363945336,12.948078147127568,30.3296404403842,79.38446099058379,182.25886236998988,postfreeze,inactive
280,2022,00-0033948,2,established,217.9,0.9613095238095238,29.1,starter,True,0.1335474988526847,D1,0.8833604506446526,0.4851099316064849,0.5491641959434167,0.1166395493553473,0.0238945716157439,0.0383205254853589,0.0891069400450007,0.3272234959799631,0.4048149175185859,5.30189158591034,13.515506183013215,31.8535477036476,81.10474204523629,186.95728269006128,postfreeze,active_lt_0_40
281,2022,00-0033948,3,established,217.9,0.9613095238095238,0.0,out,False,0.0,D0,0.7065587836216054,0.3454113352450229,0.4888642576553212,0.2934412163783946,0.0323949393544776,0.089339869695012,0.0799783713358856,0.2793936571877429,0.2254519460484872,0.0,9.081040906186509,26.483019653040152,75.90402754167823,179.6679001506571,postfreeze,inactive
282,2022,00-0034791,2,established,256.4,0.9732142857142856,63.3,premium,True,0.2468798751950078,D1,0.9123898922925942,0.5474429186432445,0.6000098458649793,0.0876101077074058,0.0120541150938816,0.0183156960180732,0.0356676532801892,0.2078847373983637,0.6384676905020863,7.751368226193435,15.933184443493666,34.27439388032494,83.92490007212695,190.0016396869512,postfreeze,active_lt_0_40
283,2022,00-0034791,3,established,256.4,0.9732142857142856,76.3,premium,True,0.297581903276131,D0,0.7812809141333449,0.3568521270321619,0.4567526488574329,0.2187190858666551,0.0284349515489116,0.0457301481473586,0.0558998606994703,0.2524986522534022,0.398717301484202,4.219241637554404,13.489887844644564,30.441678745571576,80.93875385058962,184.73636220902625,postfreeze,active_lt_0_40
284,2022,00-0034844,2,established,227.0,0.9672619047619048,329.3,elite,True,1.4506607929515418,D1,0.9125987773210416,0.5799333361955908,0.635474592567394,0.0874012226789584,0.0169441018444544,0.021883568606713,0.0507605718332207,0.261581032822348,0.5614295022143054,8.912066625215445,17.120103866899527,35.46900519731123,84.80502538153343,190.826092764606,postfreeze,active_ge_0_60
285,2022,00-0034844,3,established,227.0,0.9672619047619048,200.3,elite,True,0.8823788546255507,D0,0.7912487121791888,0.4274899337036415,0.5402725175075302,0.2087512878208112,0.0317184346224621,0.05414923151588,0.0705498461841363,0.2931601981144678,0.3416710017422424,6.311726878002865,15.484749079684192,32.8261924627637,82.43468190703331,186.294954942902,postfreeze,active_ge_0_60
286,2022,00-0035243,2,developmental,206.7,0.9434523809523808,54.3,premium,True,0.262699564586357,D1,0.9155198415209932,0.5824367882477582,0.6361815023911775,0.0844801584790068,0.0187226859626614,0.0266023899230963,0.0677418140071407,0.3255706344177398,0.4768823172103548,8.127493637199102,16.339985708130484,34.629402536216475,83.82475112650333,189.07410433276567,postfreeze,active_lt_0_40
287,2022,00-0035243,3,developmental,206.7,0.9434523809523808,20.7,starter,True,0.1001451378809869,D1,0.8050018860948204,0.4382318700852783,0.5443861407719229,0.1949981139051796,0.0222827541775056,0.0584926044099828,0.0847431787604471,0.31126026923044,0.3282230795164447,6.641792193259548,15.786704218148827,33.08563752371015,82.5505817171494,185.8876785371688,postfreeze,active_lt_0_40
288,2022,00-0035261,2,developmental,210.8,0.949404761904762,166.7,elite,True,0.7907969639468689,D1,0.9204855201685428,0.6071361205489733,0.6595824782097662,0.0795144798314573,0.015893066005602,0.022904200880712,0.0554135053455757,0.2958755188048069,0.530399229131846,8.492979136381393,16.7053223542286,35.010477386778405,84.23025990275363,189.6778163041484,postfreeze,active_ge_0_60
289,2022,00-0035261,3,developmental,210.8,0.949404761904762,162.8,elite,True,0.7722960151802657,D1,0.8164547348330351,0.458522412038066,0.561601755095258,0.1835452651669649,0.0213541087083258,0.0539285140927867,0.0781597397654177,0.3006051649377062,0.3624072073287985,7.647299859588841,16.795757878721687,34.120701145785304,83.58876309412473,187.0640884332994,postfreeze,active_ge_0_60
290,2022,00-0035700,2,developmental,281.8,0.9970238095238096,264.1,elite,True,0.9371894960965224,D1,0.9314253642414764,0.5335498483838089,0.5728315642534764,0.0685746357585235,0.0100521430586396,0.024607730948944,0.0299165164368842,0.188854257684475,0.6779947161125335,11.502579490707276,19.679721067355544,38.08021747011625,87.87384065078481,194.7210927806587,postfreeze,active_ge_0_60
291,2022,00-0035700,3,developmental,281.8,0.9970238095238096,207.1,elite,True,0.7349183818310858,D1,0.8500645564312099,0.424021409670949,0.4988108332043629,0.14993544356879,0.0189624456216882,0.0470788921322352,0.0359923458761967,0.2412902594594336,0.5067406133416561,9.046521373718,18.346070918228943,35.336867495581146,85.98495312702624,190.30404399443904,postfreeze,active_ge_0_60
292,2022,00-0036875,2,developmental,189.1,0.9315476190476192,156.9,elite,True,0.8297197250132206,D1,0.936022086104073,0.6948522100285317,0.7423459556607871,0.063977913895927,0.0172611229892334,0.0241332640477907,0.0525132730374151,0.281257893249894,0.5608565327797397,7.884981829625019,16.11044381630795,34.37977228249767,83.38527509020611,188.30749815555367,postfreeze,active_ge_0_60
293,2022,00-0036875,3,developmental,189.1,0.9315476190476192,152.8,elite,True,0.8080380750925437,D1,0.8715027590480773,0.5486804213615033,0.6295796721984157,0.1284972409519227,0.0257881763484725,0.039086228562491,0.0863216768526394,0.3249674162929774,0.3953392609914968,6.762323958939049,15.854417988828333,33.3033614033798,82.3316941603992,185.4899767759836,postfreeze,active_ge_0_60
294,2022,00-0036893,2,developmental,187.46,0.925595238095238,168.6,elite,True,0.8993918702656566,D1,0.9456620270380768,0.7839662214330085,0.8290131135840165,0.0543379729619233,0.0107109755419819,0.0165115087857684,0.0330463337603705,0.2068466177078828,0.678546591242073,8.530633721364964,16.75345553753536,35.004539406695486,84.01663608810267,188.72540896505592,postfreeze,active_ge_0_60
295,2022,00-0036893,3,developmental,187.46,0.925595238095238,8.6,usable,True,0.0458764536434439,D1,0.8889022107873096,0.6274858504017574,0.7059110021179799,0.1110977892126904,0.0228601252820449,0.0281146181626632,0.0714972023539987,0.2704405007727957,0.4959897642158069,7.260170040953689,16.358781902510074,33.7372506138122,82.85718695138003,185.85575085969785,postfreeze,active_lt_0_40
296,2022,00-0036973,2,developmental,178.1,0.9136904761904762,96.2,premium,True,0.5401459854014599,D1,0.9191360350639576,0.6538682924590067,0.7113944699312192,0.0808639649360423,0.0344213208558457,0.0432165495226094,0.0872232686028298,0.2964758734421905,0.4577990226404822,9.981246075484036,18.207401364728064,36.4297369566306,85.35919297576288,189.68815534841093,postfreeze,active_0_40_to_0_60
297,2022,00-0036973,3,developmental,178.1,0.9136904761904762,218.9,elite,True,1.2290847838293095,D1,0.8444503936476045,0.5258021698619963,0.622656077630319,0.1555496063523954,0.0333784799097967,0.0599197336116494,0.0943359873968241,0.3137151366123464,0.3431010561169877,6.852002071131608,15.932567777418,33.307415077512,82.31801462793099,185.0635129105937,postfreeze,active_ge_0_60
298,2022,00-0038134,2,developmental,176.5,0.9077380952380952,144.2,elite,True,0.8169971671388101,D1,0.9389577293919004,0.7679603675006917,0.8178859851316714,0.0610422706080995,0.0211477759585692,0.0362451299549107,0.0587094916976204,0.2482845651999951,0.574570766580805,12.63168297170698,20.85527733703228,39.05943954789412,87.99460782487324,192.11055323324268,postfreeze,active_ge_0_60
299,2022,00-0038134,3,developmental,176.5,0.9077380952380952,164.4,elite,True,0.9314447592067988,D1,0.8922539951769456,0.6447353270437501,0.7225916953343434,0.1077460048230544,0.0221236449669339,0.051806936260186,0.0711322652360284,0.2963360170095672,0.4508551317042301,9.850511989475052,18.93730957648684,36.24294558298187,85.34245732646792,187.92884751850045,postfreeze,active_ge_0_60