model,player_id,canonical_player_id,player_name,position,y2_forecast_state_sd_points,y2_forecast_total_sd_points,y2_forecast_within_state_sd_points,y3_forecast_state_sd_points,y3_forecast_total_sd_points,y3_forecast_within_state_sd_points,y2_state_value_sd,y3_state_value_sd,state_value_sd_zero_cov_proxy,state_value_sd_covariance_lower,state_value_sd_perfect_positive_upper,mc_se_rss_proxy,mc_se_upper_bound,cross_horizon_covariance_status,within_state_value_uncertainty_status,intrinsic_envelope,rank_envelope
VNEXT_A2_BURR,sleeper:10213,sleeper:player:10213,Tre Tucker,WR,72.09485384606846,79.49112613220933,33.483894377459166,77.42955885870686,83.79137212039592,32.025887290826354,55.1717872228709,62.96420081710608,65.33548403678618,1.4043840490811235,92.38765422979941,0.35102187856433675,0.7569038088815014,unvalidated_no_exact_total_intrinsic_sd,forecast_uncertainty_preserved_but_not_consumed_by_current_value,14.618120042143488,12
VNEXT_A2_BURR,sleeper:10218,sleeper:player:10218,Xavier Hutchinson,WR,49.72999969378511,53.27486073713301,19.108582286947648,54.13581165680767,57.504040036198944,19.391454735099636,32.1086736232047,41.440688742290405,40.51334287738445,2.6485250365808177,57.23327019602881,0.1922316471897086,0.435040675679803,unvalidated_no_exact_total_intrinsic_sd,forecast_uncertainty_preserved_but_not_consumed_by_current_value,12.085639044654194,32
VNEXT_A2_BURR,sleeper:10219,sleeper:player:10219,Chris Rodriguez,RB,81.53463024370586,92.00387503606667,42.62413744199802,71.42015112902892,78.00249584424536,31.361622576617165,63.93893625855328,57.172833751490735,68.26429910740562,13.040723434318231,95.65546820522235,0.33128411040603395,0.6778921112374741,unvalidated_no_exact_total_intrinsic_sd,forecast_uncertainty_preserved_but_not_consumed_by_current_value,24.71766100437692,10
VNEXT_A2_BURR,sleeper:10222,sleeper:player:10222,Jayden Reed,WR,76.62682236529355,87.76750199022507,42.79561309061842,82.83233221600288,91.10550533226295,37.93438864018669,61.26991771008764,69.22686402917965,72.20739733626492,2.063020792492196,102.09583931465679,0.45868622624211675,0.9145534185264944,unvalidated_no_exact_total_intrinsic_sd,forecast_uncertainty_preserved_but_not_consumed_by_current_value,50.36980249096908,17
VNEXT_A2_BURR,sleeper:10226,sleeper:player:10226,Andrei Iosivas,WR,55.91220727333433,60.765554757293295,23.796590570611347,59.24816204698403,63.41090416529704,22.596416997276517,38.07851403705367,45.50079357887619,46.13379234377995,0.5075864292424228,65.24106029223367,0.26655721430391893,0.5803434234906573,unvalidated_no_exact_total_intrinsic_sd,forecast_uncertainty_preserved_but_not_consumed_by_current_value,26.45170649061189,30
VNEXT_A2_BURR,sleeper:10227,sleeper:player:10227,Payne Durham,TE,22.522752847981902,24.158219829180872,8.737573431093494,28.814580023990526,30.701235963847957,10.596502618737812,11.800106102028222,18.709375866952406,16.832295326877006,3.4874338771491242,23.5476142505971,0.07571832180938058,0.2020305530766411,unvalidated_no_exact_total_intrinsic_sd,forecast_uncertainty_preserved_but_not_consumed_by_current_value,14.629568416124616,33
VNEXT_A2_BURR,sleeper:10229,sleeper:player:10229,Rashee Rice,WR,85.23531150338921,100.85715946782823,53.917606482846956,89.78661547841595,100.5141719886495,45.182545872215826,70.97879951026344,76.65794506205899,81.89924572740652,4.946614276386313,115.71734489106153,0.5666032441508276,1.0039204437770834,unvalidated_no_exact_total_intrinsic_sd,forecast_uncertainty_preserved_but_not_consumed_by_current_value,28.269645944086335,6
VNEXT_A2_BURR,sleeper:10231,sleeper:player:10231,Elijah Higgins,TE,37.63264398875675,41.183175034136994,16.728359522315845,48.12897313968495,51.9224698747192,19.481910132494892,21.81967254417243,35.32017332931835,31.54665315955613,6.972103567885938,44.06554689297907,0.18148206234589254,0.43934932131701254,unvalidated_no_exact_total_intrinsic_sd,forecast_uncertainty_preserved_but_not_consumed_by_current_value,10.701348125713665,8
VNEXT_A2_BURR,sleeper:10232,sleeper:player:10232,Michael Wilson,WR,77.96609213698464,86.08921323919024,36.50535731957695,80.96707004603358,87.2743113527742,32.57512839977248,60.7693307529189,66.84366998658925,70.71415921234136,3.359379574670335,99.94848270529178,0.3567276413597653,0.7535057680311301,unvalidated_no_exact_total_intrinsic_sd,forecast_uncertainty_preserved_but_not_consumed_by_current_value,10.836819162076466,19
VNEXT_A2_BURR,sleeper:10235,sleeper:player:10235,Roschon Johnson,RB,30.213853162052118,32.65615583220415,12.391432154482967,31.08875892227746,33.28417424351958,11.88803279544121,18.48556551520894,22.234040142626277,22.470981772278837,0.35136331511988494,31.776824690975083,0.07509917755210353,0.1952284083438214,unvalidated_no_exact_total_intrinsic_sd,forecast_uncertainty_preserved_but_not_consumed_by_current_value,5.486482096397392,10
VNEXT_A2_BURR,sleeper:10236,sleeper:player:10236,Dalton Kincaid,TE,53.81378461065945,67.00874314758717,39.92803832016873,61.733487157905984,71.5697705727256,36.21061478568455,40.51957940549407,49.41745607638741,49.60857136144804,1.262469520519943,70.14575450985986,0.5364755383962403,0.9692595974076788,unvalidated_no_exact_total_intrinsic_sd,forecast_uncertainty_preserved_but_not_consumed_by_current_value,24.65268408404785,10
VNEXT_A2_BURR,sleeper:10859,sleeper:player:10859,Sam LaPorta,TE,53.75988133294127,68.24041467032683,42.03129017108837,59.956004605336936,70.11060091572351,36.34245275884205,40.33435371980648,48.0670147548088,48.80030166854591,0.44421749851385073,69.01261882218486,0.5878529649721231,0.9977928107291478,unvalidated_no_exact_total_intrinsic_sd,forecast_uncertainty_preserved_but_not_consumed_by_current_value,20.79563805779145,21
VNEXT_A2_BURR,sleeper:10871,sleeper:player:10871,Luke Schoonmaker,TE,27.402764599052862,29.667912093641455,11.369850497035223,31.629219013542308,33.802966471563195,11.92614970856057,13.786477655233409,20.071481530191058,18.64459982149183,2.78313939861464,26.220151412511434,0.11029699680248609,0.27490739803117004,unvalidated_no_exact_total_intrinsic_sd,forecast_uncertainty_preserved_but_not_consumed_by_current_value,6.157549694869836,9
VNEXT_A2_BURR,sleeper:11199,sleeper:player:11199,Emari Demercado,RB,41.0815788544133,44.59213719907955,17.342507858154665,36.62131930257556,39.232349388385245,14.073244511168664,26.506947117802746,26.383635475612877,29.51284907111628,3.46872841900203,41.59308168126263,0.11593762511135114,0.26190573280180507,unvalidated_no_exact_total_intrinsic_sd,forecast_uncertainty_preserved_but_not_consumed_by_current_value,8.807456475148566,16
VNEXT_A2_BURR,sleeper:11201,sleeper:player:11201,Blake Whiteheart,TE,24.09301881164935,26.027795174468658,9.847464962395371,28.646718606806193,30.608774387030554,10.782512811891367,11.85797356675206,18.12695967385249,16.526225504077274,3.017450832619172,23.176005896097674,0.09597509021772642,0.24531979884094027,unvalidated_no_exact_total_intrinsic_sd,forecast_uncertainty_preserved_but_not_consumed_by_current_value,4.979551366688726,10
VNEXT_A2_BURR,sleeper:11237,sleeper:player:11237,Jacob Saylors,RB,31.804147921320975,34.59804228874296,13.620598562925963,29.527139295153113,31.707102086496672,11.55371662142302,18.496729735085015,20.363274171970822,21.53241403291479,1.0097546855733448,30.43468586407118,0.09457526604697669,0.23648082576699858,unvalidated_no_exact_total_intrinsic_sd,forecast_uncertainty_preserved_but_not_consumed_by_current_value,6.152669314144202,14
VNEXT_A2_BURR,sleeper:11256,sleeper:player:11256,Tyson Bagent,QB,34.948959848501765,37.04652825461501,12.28883481977848,50.11157597850974,53.54733075574079,18.87184633295717,23.231532347932216,37.36951532944403,33.45007996492571,7.252672329780925,46.746277321265694,0.06851392416546266,0.18932661839850473,unvalidated_no_exact_total_intrinsic_sd,forecast_uncertainty_preserved_but_not_consumed_by_current_value,21.713751563943,65
VNEXT_A2_BURR,sleeper:11292,sleeper:player:11292,Tommy DeVito,QB,51.76871237342628,54.705577313985934,17.683342683269842,60.209221810117,64.25986002578199,22.453935502562235,40.24990676234047,46.968140963658456,48.18753772097581,0.2779389017461682,68.14690259423263,0.06265331804208155,0.16751759323972704,unvalidated_no_exact_total_intrinsic_sd,forecast_uncertainty_preserved_but_not_consumed_by_current_value,12.350644033439576,24
VNEXT_A2_BURR,sleeper:11370,sleeper:player:11370,Chris Brooks,RB,42.931055696625414,46.8784755370034,18.828593294419875,39.09773610222245,42.042479593044256,15.457591080518142,27.789852230949187,29.313575654692794,31.72572841601163,2.442315985791268,44.80043280682235,0.13307649400183938,0.3174195561083963,unvalidated_no_exact_total_intrinsic_sd,forecast_uncertainty_preserved_but_not_consumed_by_current_value,9.490830664415991,16
VNEXT_A2_BURR,sleeper:11435,sleeper:player:11435,Emanuel Wilson,RB,31.289776350151225,33.77803826173379,12.724219613346396,33.473513270409846,35.7711459457312,12.613436946625505,18.192346492632854,23.8094845545841,23.13094458480574,1.7388580719490836,32.66584710942494,0.07833208462430122,0.18475020009310467,unvalidated_no_exact_total_intrinsic_sd,forecast_uncertainty_preserved_but_not_consumed_by_current_value,7.924310834503059,13
VNEXT_A2_BURR,sleeper:11559,sleeper:player:11559,Michael Penix,QB,102.238966184294,112.5181778746525,46.98440321850143,116.26944618676116,128.592176872662,54.930536464464296,79.89366552908105,96.37484413439232,97.2633933139353,1.7212091873795572,137.54044058681734,0.4354589012708053,0.9737717516184059,unvalidated_no_exact_total_intrinsic_sd,forecast_uncertainty_preserved_but_not_consumed_by_current_value,44.85532808036449,15
VNEXT_A2_BURR,sleeper:11560,sleeper:player:11560,Caleb Williams,QB,95.16297460219891,134.88141919806012,95.58768492721258,111.24475395202579,148.57820732188083,98.48902684632966,81.7416877984933,97.95423187224104,99.17760447752421,1.2914978989748391,140.25236715641347,1.1365297900072757,1.7220500773448473,unvalidated_no_exact_total_intrinsic_sd,forecast_uncertainty_preserved_but_not_consumed_by_current_value,29.93297181370758,3
VNEXT_A2_BURR,sleeper:11562,sleeper:player:11562,Spencer Rattler,QB,35.94703808634399,38.23265729279494,13.021003666662603,51.60405187827136,55.246022675636176,19.726754705769125,22.253257543442377,37.04297442531079,32.77308277045107,7.848280110361021,45.67881793421306,0.09292429321585464,0.23951974892917494,unvalidated_no_exact_total_intrinsic_sd,forecast_uncertainty_preserved_but_not_consumed_by_current_value,12.037640368274193,45
VNEXT_A2_BURR,sleeper:11563,sleeper:player:11563,Bo Nix,QB,101.62880789554285,141.12360118584158,97.9155565647835,116.59780552586241,155.34689830387234,102.652864349646,88.65141409502301,103.20846161133814,106.01218776759598,0.7855884665777637,149.92181549496135,1.114789350250226,1.708975092504209,unvalidated_no_exact_total_intrinsic_sd,forecast_uncertainty_preserved_but_not_consumed_by_current_value,55.38977074682498,4
VNEXT_A2_BURR,sleeper:11564,sleeper:player:11564,Drake Maye,QB,85.13386264355198,126.31910989537084,93.32064592654511,97.33824488143453,134.86702838097833,93.35085124259713,71.91299656091785,83.86465452117939,86.06863478833574,0.5338341852280664,121.71825996833226,1.1813711098480382,1.7507680591029295,unvalidated_no_exact_total_intrinsic_sd,forecast_uncertainty_preserved_but_not_consumed_by_current_value,43.93291659432816,3
VNEXT_A2_BURR,sleeper:11565,sleeper:player:11565,J.J. McCarthy,QB,61.26140913605055,65.41656415537469,22.942681110970316,88.91248609829358,95.85468959464554,35.81468041329695,42.973459077597745,70.09959887117512,62.44492344981314,14.119519968465937,87.1744004003821,0.17887503631139398,0.43108169913138394,unvalidated_no_exact_total_intrinsic_sd,forecast_uncertainty_preserved_but_not_consumed_by_current_value,34.87726584857971,94
VNEXT_A2_BURR,sleeper:11566,sleeper:player:11566,Jayden Daniels,QB,109.67087732170953,144.41271766728664,93.95388066247175,119.2765140171665,150.08373992892726,91.09468807217331,91.30381254191298,104.10907868647735,108.0782508121625,2.389431309646156,152.82705001160588,1.0899823600340133,1.657210165178567,unvalidated_no_exact_total_intrinsic_sd,forecast_uncertainty_preserved_but_not_consumed_by_current_value,93.60834376062013,9
VNEXT_A2_BURR,sleeper:11570,sleeper:player:11570,Rasheen Ali,RB,42.13564503779185,46.14633236517035,18.816785272888023,41.11322154261738,44.35833698312884,16.654280960055814,28.235093708966506,30.790190690790464,32.72418766764951,1.7539168785254198,46.24574242671764,0.14138444183461624,0.3457463997189833,unvalidated_no_exact_total_intrinsic_sd,forecast_uncertainty_preserved_but_not_consumed_by_current_value,10.487934019270071,17
VNEXT_A2_BURR,sleeper:11571,sleeper:player:11571,Isaiah Davis,RB,57.42840926019227,63.42734099460922,26.92592422722566,57.067694349462684,61.83389351763734,23.805643221446843,41.26151826217141,45.708020052515366,48.173157223296954,2.04824603490335,68.09633501078804,0.20491119130912766,0.4791913929868073,unvalidated_no_exact_total_intrinsic_sd,forecast_uncertainty_preserved_but_not_consumed_by_current_value,15.517864023102767,18
VNEXT_A2_BURR,sleeper:11575,sleeper:player:11575,Ray Davis,RB,53.207416612802206,59.269423759960986,26.111978290231622,49.76301188751981,54.120841686012014,21.27693945766021,36.806306703067165,37.48189934872143,41.37797246224634,4.204688418155861,58.36603297705832,0.23124026559818112,0.5147193239396755,unvalidated_no_exact_total_intrinsic_sd,forecast_uncertainty_preserved_but_not_consumed_by_current_value,22.672534133851364,25
VNEXT_A2_BURR,sleeper:11576,sleeper:player:11576,Braelon Allen,RB,83.71877329267821,94.34455561854124,43.49784101802262,76.42025305399974,84.32131651331296,35.63747103402469,67.76308567260466,63.557142504425855,73.66309121639547,11.678587362266285,103.51865828116163,0.32978349422014547,0.7210509713411246,unvalidated_no_exact_total_intrinsic_sd,forecast_uncertainty_preserved_but_not_consumed_by_current_value,34.71143176889677,17
VNEXT_A2_BURR,sleeper:11577,sleeper:player:11577,Will Shipley,RB,37.066211250406106,40.62928315660709,16.638348276196893,38.319026812844584,41.44287527504887,15.784932536433436,23.693439144072716,28.39256597956495,28.747266673972774,0.37420564777386645,40.65305219269749,0.13409106801362686,0.333717087200046,unvalidated_no_exact_total_intrinsic_sd,forecast_uncertainty_preserved_but_not_consumed_by_current_value,12.848950062011,36
VNEXT_A2_BURR,sleeper:11581,sleeper:player:11581,MarShawn Lloyd,RB,99.43382764921101,119.34165235942834,65.99502941059764,88.11449629107032,99.17415477377807,45.512070030534126,82.29209550818847,74.53700566141782,88.27743882223594,16.095294591585827,123.80126777233457,0.5051362543691627,0.8938869754191519,unvalidated_no_exact_total_intrinsic_sd,forecast_uncertainty_preserved_but_not_consumed_by_current_value,70.23080736625698,16
VNEXT_A2_BURR,sleeper:11583,sleeper:player:11583,Jonathon Brooks,RB,105.78571214940902,127.96517339631018,72.00325483886202,94.62374343537249,108.51168191210722,53.11433224348339,89.24969797236656,81.97474329694023,96.2438990856527,16.635491244472263,135.0889953085509,0.5244739941554428,0.9609024757400331,unvalidated_no_exact_total_intrinsic_sd,forecast_uncertainty_preserved_but_not_consumed_by_current_value,77.28919816623193,19
VNEXT_A2_BURR,sleeper:11584,sleeper:player:11584,Bucky Irving,RB,94.09290843690859,116.25502864928406,68.27705520985359,90.64335761391098,105.1077832157396,53.211162484985785,83.34487892068823,79.79686756465675,91.33809284118429,13.189910267120496,128.4963838980495,0.523320673077414,1.0459156847973965,unvalidated_no_exact_total_intrinsic_sd,forecast_uncertainty_preserved_but_not_consumed_by_current_value,21.6384011495324,9
VNEXT_A2_BURR,sleeper:11586,sleeper:player:11586,Blake Corum,RB,81.18801906190913,93.36635544421732,46.10620229143806,72.62213111960494,80.38768042043061,34.47035298664914,66.10057906816016,59.49869762233745,70.74433730010966,13.19768317579733,99.17330124007495,0.39006347919390977,0.796035702150707,unvalidated_no_exact_total_intrinsic_sd,forecast_uncertainty_preserved_but_not_consumed_by_current_value,21.62518366263447,6
VNEXT_A2_BURR,sleeper:11597,sleeper:player:11597,Theo Johnson,TE,42.57695412813508,48.06624368483796,22.306204498769088,57.00097691836207,62.65667653876162,26.01437574179622,26.32072896103043,43.22849866357189,38.418860009070194,8.859970667554826,53.60520990130655,0.2917960605689018,0.650040760949226,unvalidated_no_exact_total_intrinsic_sd,forecast_uncertainty_preserved_but_not_consumed_by_current_value,15.90276863963264,22
VNEXT_A2_BURR,sleeper:11599,sleeper:player:11599,Cade Stover,TE,37.57590335288771,40.54792753185905,15.237647926872958,42.874501766024004,45.86857037621559,16.300394064961946,22.40832431208096,30.510130612625726,29.13262847502165,2.9964937023532663,41.090645032890905,0.13633966292892255,0.3344127342170873,unvalidated_no_exact_total_intrinsic_sd,forecast_uncertainty_preserved_but_not_consumed_by_current_value,21.313733699816027,46
VNEXT_A2_BURR,sleeper:11600,sleeper:player:11600,Ja'Tavion Sanders,TE,25.89718448842539,28.144585682916638,11.020596119788426,40.54924816689096,43.62792674452002,16.09827522205702,13.143027132796275,28.152502148376914,23.206186268454413,9.168609739325484,31.511755865079152,0.13069870952596707,0.3263780244278488,unvalidated_no_exact_total_intrinsic_sd,forecast_uncertainty_preserved_but_not_consumed_by_current_value,8.245862833751858,22
VNEXT_A2_BURR,sleeper:11603,sleeper:player:11603,AJ Barner,TE,51.48349759168513,64.65286289513242,39.108083004204396,62.95657802774725,74.58068368024342,39.98434270122119,40.62873271612317,53.31399194463067,51.73361953669875,3.9849363712909636,73.05378198870034,0.5175185788533446,1.0084994196814228,unvalidated_no_exact_total_intrinsic_sd,forecast_uncertainty_preserved_but_not_consumed_by_current_value,22.87373068636944,2
VNEXT_A2_BURR,sleeper:11604,sleeper:player:11604,Brock Bowers,TE,45.80099858049243,69.9152869235409,52.82438712025706,55.94393861795985,73.13383485929305,47.104495890905014,35.77227123031932,46.70358240502185,45.422063992383066,3.3369077418568622,64.1497688333997,0.7580726547526285,1.1306796222239672,unvalidated_no_exact_total_intrinsic_sd,forecast_uncertainty_preserved_but_not_consumed_by_current_value,75.61010997848541,27
VNEXT_A2_BURR,sleeper:11608,sleeper:player:11608,Isaiah Williams,WR,48.07529229261579,51.59787251399797,18.737841896823237,47.92079946869845,50.9786380660053,17.3901845115443,31.051466373383555,35.617763368090706,36.86271916185334,0.6599123839304895,52.127580450821554,0.18784958611687802,0.438804363185883,unvalidated_no_exact_total_intrinsic_sd,forecast_uncertainty_preserved_but_not_consumed_by_current_value,11.112278287762557,25
VNEXT_A2_BURR,sleeper:11610,sleeper:player:11610,Malik Washington,WR,66.29407709562489,72.97533887791693,30.504023118043925,73.7388479038903,79.62422809609639,30.04330224369681,49.38988470169326,59.80911154831252,60.24717619008918,1.230681097216518,85.19348509009507,0.33316559255399,0.7236451894509772,unvalidated_no_exact_total_intrinsic_sd,forecast_uncertainty_preserved_but_not_consumed_by_current_value,26.609376592441023,20
VNEXT_A2_BURR,sleeper:11618,sleeper:player:11618,Jalen McMillan,WR,65.64632386988873,71.18964131915317,27.541336088130446,66.0703178813325,70.77422554846383,25.371324306084322,46.96151057182408,52.28582952206959,54.95866089018279,2.1407721563551902,77.69379581574574,0.27248722141794374,0.6035898098888859,unvalidated_no_exact_total_intrinsic_sd,forecast_uncertainty_preserved_but_not_consumed_by_current_value,15.400072189574388,11
VNEXT_A2_BURR,sleeper:11620,sleeper:player:11620,Rome Odunze,WR,77.811849892169,93.19784895223889,51.29478595025907,82.60048192974868,94.26157991903061,45.41371856394339,66.65802918067338,71.73158470930939,76.78685182969575,4.833254851096349,108.48539475604841,0.5547583924832877,1.0673312782084405,unvalidated_no_exact_total_intrinsic_sd,forecast_uncertainty_preserved_but_not_consumed_by_current_value,9.706986700992445,6
VNEXT_A2_BURR,sleeper:11623,sleeper:player:11623,Jordan Whittington,WR,40.61463480841805,43.47078884817827,15.497126264625235,40.89513172361723,43.44216068515851,14.656381760282015,24.76513303306996,29.454967476140773,29.9333903041131,0.23085092340224023,42.33157707962117,0.15648801270865,0.3782475269323152,unvalidated_no_exact_total_intrinsic_sd,forecast_uncertainty_preserved_but_not_consumed_by_current_value,7.64746582535351,10
VNEXT_A2_BURR,sleeper:11624,sleeper:player:11624,Xavier Worthy,WR,68.45293855140763,79.71910085429299,40.85743805837743,77.58545366604098,87.39476763511323,40.22863146354898,56.99527890796172,67.47744652150735,68.73001922584386,0.306468040021592,97.19844218355652,0.4759348032872009,1.0172361343346696,unvalidated_no_exact_total_intrinsic_sd,forecast_uncertainty_preserved_but_not_consumed_by_current_value,14.799492545187036,17
VNEXT_A2_BURR,sleeper:11625,sleeper:player:11625,Adonai Mitchell,WR,61.235763674853835,67.4687188996117,28.323299191871573,69.3457051342416,75.18843438369417,29.05983214861887,44.8210117818006,55.882245522594964,55.51199235923109,2.2770623755443467,78.47278240460537,0.33321560556501567,0.7347714097724869,unvalidated_no_exact_total_intrinsic_sd,forecast_uncertainty_preserved_but_not_consumed_by_current_value,18.2093652537138,8
VNEXT_A2_BURR,sleeper:11626,sleeper:player:11626,Xavier Legette,WR,60.66199584794171,66.39010064958079,26.977170422521514,66.00321244030536,71.06648484285377,26.344282405855818,43.24629359642978,52.016892191300784,52.570637080645014,0.8228550512494976,74.34155416518013,0.30329660963827193,0.6638028773359326,unvalidated_no_exact_total_intrinsic_sd,forecast_uncertainty_preserved_but_not_consumed_by_current_value,27.29560911683606,38
VNEXT_A2_BURR,sleeper:11627,sleeper:player:11627,Troy Franklin,WR,56.4083927586293,60.96642279967563,23.130022381680178,63.6568581678066,68.1316621931243,24.284311837104998,38.86755625179486,50.431447841504735,49.184407571880115,3.3992982514615377,69.47414387951281,0.25028234656148896,0.5642972027395269,unvalidated_no_exact_total_intrinsic_sd,forecast_uncertainty_preserved_but_not_consumed_by_current_value,29.22819120529745,50
VNEXT_A2_BURR,sleeper:11628,sleeper:player:11628,Marvin Harrison,WR,75.4377421910951,88.52932722460918,46.33129430473315,82.67055569049012,93.32620560959712,43.30542547199335,64.39672542496862,72.24479583090131,75.63514789369647,2.540351623397136,106.9340815990495,0.501315830757566,1.0421420776005113,unvalidated_no_exact_total_intrinsic_sd,forecast_uncertainty_preserved_but_not_consumed_by_current_value,31.481641222012485,7
VNEXT_A2_BURR,sleeper:11629,sleeper:player:11629,Devontez Walker,WR,50.15182216516664,53.72238018376409,19.258475176461616,48.14269112305302,51.19579214462436,17.415235420340824,33.09106575389764,36.47950290261508,38.54624412670188,1.7709650436735984,54.48384673795238,0.1856055942508212,0.43496287771163855,unvalidated_no_exact_total_intrinsic_sd,forecast_uncertainty_preserved_but_not_consumed_by_current_value,8.547350610248358,13
VNEXT_A2_BURR,sleeper:11631,sleeper:player:11631,Brian Thomas,WR,76.79746165058211,89.85041051667827,46.63953423913,86.3003993825557,97.31674278663759,44.97543210478315,66.0086884351386,76.10859299077882,78.56060865185395,1.1189267340301114,111.0958436057055,0.4948519295343273,1.0421999494083285,unvalidated_no_exact_total_intrinsic_sd,forecast_uncertainty_preserved_but_not_consumed_by_current_value,47.64677985485517,14
VNEXT_A2_BURR,sleeper:11632,sleeper:player:11632,Malik Nabers,WR,90.0033981377619,106.4849940825162,56.907313136441665,96.88991312897913,109.17072404566869,50.30498705411246,77.12580055881268,85.96203569534524,90.30537903537967,3.4493596851038504,127.66450126487771,0.5645390192381899,1.0386976151603808,unvalidated_no_exact_total_intrinsic_sd,forecast_uncertainty_preserved_but_not_consumed_by_current_value,72.42388584561081,16
VNEXT_A2_BURR,sleeper:11635,sleeper:player:11635,Ladd McConkey,WR,72.26066969332047,87.15951296617718,48.735780654197434,82.9976676943141,94.77497496388472,45.75678131937587,61.464152809441494,72.16186363244621,73.80888896941639,0.10758341358288703,104.38147636246765,0.5446103784037588,1.072428881617399,unvalidated_no_exact_total_intrinsic_sd,forecast_uncertainty_preserved_but_not_consumed_by_current_value,24.500702119394703,11
VNEXT_A2_BURR,sleeper:11637,sleeper:player:11637,Keon Coleman,WR,54.57132246819299,58.742412287354966,21.740325788959257,61.19862758113908,65.37845506524408,23.001529707895155,37.5124978185611,48.10941789538705,47.16868482607597,2.8734312836402047,66.64467757519408,0.2279533487083311,0.5221361903536024,unvalidated_no_exact_total_intrinsic_sd,forecast_uncertainty_preserved_but_not_consumed_by_current_value,21.902454784992628,40
VNEXT_A2_BURR,sleeper:11643,sleeper:player:11643,Jaylen Wright,RB,71.47884737143691,80.4531532947928,36.92538765573431,73.10564103975878,80.45345245321079,33.59052336310029,54.84702173093928,60.23878987079712,63.77798759740557,3.0974427896474737,90.1424941529493,0.30993782429630945,0.68134189248008,unvalidated_no_exact_total_intrinsic_sd,forecast_uncertainty_preserved_but_not_consumed_by_current_value,26.105379879329064,22
VNEXT_A2_BURR,sleeper:11646,sleeper:player:11646,Jalen Coker,WR,70.78775004545707,77.93647185714029,32.60656512177742,76.81025051617887,83.06023066874161,31.609924618486644,53.77389276184589,62.89911137845527,64.45476074951934,0.2632008766350822,91.15241681850293,0.34002073418604006,0.7409125435288775,unvalidated_no_exact_total_intrinsic_sd,forecast_uncertainty_preserved_but_not_consumed_by_current_value,16.042527095973895,10
VNEXT_A2_BURR,sleeper:11647,sleeper:player:11647,Kimani Vidal,RB,72.01486289431557,80.88105651510025,36.81853915233155,66.0098047542761,72.00932948197554,28.775844188243372,54.6793836120146,53.20796621544929,60.31584567309447,8.034720479550295,84.92023166087452,0.29547222711880183,0.634765382062669,unvalidated_no_exact_total_intrinsic_sd,forecast_uncertainty_preserved_but_not_consumed_by_current_value,29.38092253287109,34
VNEXT_A2_BURR,sleeper:11655,sleeper:player:11655,Tyrone Tracy,RB,65.5659875511783,72.0939307071145,29.977260068941565,61.79937620876983,66.60836817086759,24.849784920453153,46.47067961422335,48.59093969576176,52.84651691793381,4.393123741901974,74.60703160227771,0.21641714749430963,0.4484522160967719,unvalidated_no_exact_total_intrinsic_sd,forecast_uncertainty_preserved_but_not_consumed_by_current_value,27.712453544402617,56
VNEXT_A2_BURR,sleeper:1166,sleeper:player:1166,Kirk Cousins,QB,45.39597516614431,48.28245364621188,16.443867209796117,46.26356370316325,49.315903395321854,17.080427429665612,30.352370083755577,34.418568547107604,35.83299205271681,0.9320987959069988,50.666930346477486,0.08712307094077146,0.2161249799833318,unvalidated_no_exact_total_intrinsic_sd,forecast_uncertainty_preserved_but_not_consumed_by_current_value,8.527803207734134,34
VNEXT_A2_BURR,sleeper:11783,sleeper:player:11783,Ryan Flournoy,WR,63.53813340450486,69.57398997992564,28.345117484288846,68.60719470649087,73.72048132914873,26.977068074700348,45.49512987445519,54.458605679973324,55.16856097317725,0.6754822104938114,78.01720299706763,0.3117435409896904,0.6717138480539074,unvalidated_no_exact_total_intrinsic_sd,forecast_uncertainty_preserved_but_not_consumed_by_current_value,29.446902955504385,24
VNEXT_A2_BURR,sleeper:11834,sleeper:player:11834,Devaughn Vele,WR,54.010168195959814,57.93390425285994,20.95802933063302,50.72795736204109,53.850778837942414,18.071544575047465,35.96512607843714,37.674669253733036,40.932533950278135,3.3504086308494507,57.79030570249368,0.19898378370880895,0.4462275726985211,unvalidated_no_exact_total_intrinsic_sd,forecast_uncertainty_preserved_but_not_consumed_by_current_value,21.517772946434597,19
VNEXT_A2_BURR,sleeper:12048,sleeper:player:12048,George Holani,RB,53.45910254265831,59.225923353313014,25.4918487439819,47.48898651596746,51.42254664529124,19.724970549367473,36.68169881014677,35.52152359544054,40.3833389267766,5.515143190918966,56.84374478633055,0.20175678867644325,0.4606202276107542,unvalidated_no_exact_total_intrinsic_sd,forecast_uncertainty_preserved_but_not_consumed_by_current_value,21.60476934808988,35
VNEXT_A2_BURR,sleeper:12467,sleeper:player:12467,Jordan James,RB,97.53551446417478,107.8951040036796,46.132167585900305,78.63635022052269,85.71208890067474,34.10112326174128,77.00549293331358,64.46662471753233,80.33519356032706,18.87753263489943,112.03180535173362,0.27072530904481396,0.5722472199254994,unvalidated_no_exact_total_intrinsic_sd,forecast_uncertainty_preserved_but_not_consumed_by_current_value,52.69898920818471,68
VNEXT_A2_BURR,sleeper:12469,sleeper:player:12469,Dylan Sampson,RB,94.35569527929142,109.89633845525185,56.34010981736519,100.26058148596488,113.37106358514869,52.92271590275791,80.38061810808831,89.68410040719758,94.16328667895822,3.526762847674817,133.12028793607533,0.4231850784594525,0.9192950876948688,unvalidated_no_exact_total_intrinsic_sd,forecast_uncertainty_preserved_but_not_consumed_by_current_value,58.72859567790189,23
VNEXT_A2_BURR,sleeper:12470,sleeper:player:12470,Riley Leonard,QB,57.598425669277646,61.32463574045543,21.050708043204654,76.37766983990319,82.21770497713425,30.43357621992243,41.22202322032299,59.0162504565925,55.188918725014695,7.60052121761354,77.67796069216263,0.1466927802355566,0.36797409796051916,unvalidated_no_exact_total_intrinsic_sd,forecast_uncertainty_preserved_but_not_consumed_by_current_value,17.470258048827937,65
VNEXT_A2_BURR,sleeper:12471,sleeper:player:12471,DJ Giddens,RB,55.15404431503819,60.26609516203549,24.290607686394367,55.8728300754278,60.45698082163157,23.092712907527734,38.50251497326075,43.69638388687266,45.47274664045394,1.156500369006146,64.29777508553713,0.17242259881725422,0.4090807025205655,unvalidated_no_exact_total_intrinsic_sd,forecast_uncertainty_preserved_but_not_consumed_by_current_value,14.600865358395176,37
VNEXT_A2_BURR,sleeper:12472,sleeper:player:12472,Raheim Sanders,RB,68.37728544814732,74.79224793939406,30.30556362403405,61.5076725967119,66.47850119511197,25.22295250132704,50.28236231112705,48.79335075536519,55.4030333414048,7.486812043706649,77.99320388520934,0.1982144628865179,0.44175692067544947,unvalidated_no_exact_total_intrinsic_sd,forecast_uncertainty_preserved_but_not_consumed_by_current_value,19.640810781583397,19
VNEXT_A2_BURR,sleeper:12474,sleeper:player:12474,Woody Marks,RB,87.070291065269,100.33360994813675,49.85576896442559,86.92625295139403,96.4628968191974,41.8200551240835,70.61494641934979,73.46794403088812,80.12661254882264,6.942114894130661,113.10329401876399,0.3857821685715261,0.8080123256707722,unvalidated_no_exact_total_intrinsic_sd,forecast_uncertainty_preserved_but_not_consumed_by_current_value,55.305935262687214,35
VNEXT_A2_BURR,sleeper:12481,sleeper:player:12481,Cam Skattebo,RB,91.20345506047023,116.9503587158553,73.20735064732241,96.38230560663615,113.15670171662539,59.286510348765894,79.91599663189704,86.06424325333836,92.09138273344175,5.747181386575534,130.11001288764945,0.5740242462336032,1.0812119119017949,unvalidated_no_exact_total_intrinsic_sd,forecast_uncertainty_preserved_but_not_consumed_by_current_value,42.02058410006612,17
VNEXT_A2_BURR,sleeper:12482,sleeper:player:12482,Savion Williams,WR,36.476151249490535,39.01089681140409,13.832586889454468,38.878839775778076,41.409630363256646,14.254588893087142,20.857297167357075,27.077219172153228,26.401311417425,1.8345882596271927,37.29199344413422,0.14507667937259608,0.36076714090661277,unvalidated_no_exact_total_intrinsic_sd,forecast_uncertainty_preserved_but_not_consumed_by_current_value,10.184745055552852,21
VNEXT_A2_BURR,sleeper:12483,sleeper:player:12483,Jack Bech,WR,52.26472911384291,56.86836391168372,22.41447979874422,56.7050733254262,61.32912507425317,23.362282455518496,35.892003780025746,44.15462368938037,44.141476215733974,1.3935124025554337,62.4099188285992,0.2552118484919744,0.6142100216410806,unvalidated_no_exact_total_intrinsic_sd,forecast_uncertainty_preserved_but_not_consumed_by_current_value,14.896440422598005,8
VNEXT_A2_BURR,sleeper:12487,sleeper:player:12487,Terrance Ferguson,TE,48.20198845924339,54.97175153106145,26.42842740247184,57.49697207414949,64.16113279101306,28.473657357819086,32.63441302408978,45.49531562122085,43.01077749172884,5.131114465855745,60.60961660680837,0.33692301716680895,0.7478807259979514,unvalidated_no_exact_total_intrinsic_sd,forecast_uncertainty_preserved_but_not_consumed_by_current_value,20.824515676689586,19
VNEXT_A2_BURR,sleeper:12489,sleeper:player:12489,RJ Harvey,RB,94.89835882313018,111.39786776879588,58.34197833559092,94.09087999509471,105.2716471626662,47.21256186746883,79.76953601791065,81.00887823112933,89.57137139400614,9.275191093233126,126.33302013721499,0.4357655428881498,0.8945397205644989,unvalidated_no_exact_total_intrinsic_sd,forecast_uncertainty_preserved_but_not_consumed_by_current_value,53.985246415967765,18
VNEXT_A2_BURR,sleeper:12490,sleeper:player:12490,Bhayshul Tuten,RB,83.66650098422822,104.247476209389,62.18884875187243,88.56481918087022,103.61322058532737,53.77706094166425,73.10094570171933,78.60530113332393,84.17972959265472,5.343473777634891,118.92813391528796,0.5131302657982416,1.0626753893756964,unvalidated_no_exact_total_intrinsic_sd,forecast_uncertainty_preserved_but_not_consumed_by_current_value,58.41384146382998,18
VNEXT_A2_BURR,sleeper:12492,sleeper:player:12492,Pat Bryant,WR,62.88068697582406,69.1365536982979,28.73816735155635,71.88862633459847,78.08809765904164,30.492235072760725,45.45063838109864,58.69144111629833,57.364267776607214,3.7715235825916906,81.03760883045939,0.33333469572225416,0.7421620698553903,unvalidated_no_exact_total_intrinsic_sd,forecast_uncertainty_preserved_but_not_consumed_by_current_value,24.591247229464315,18
VNEXT_A2_BURR,sleeper:12493,sleeper:player:12493,Oronde Gadsden,TE,59.22169322295789,68.76650177157376,34.95172124095923,64.36656910699693,73.02908072632196,34.49915090441848,44.138522658371386,52.63751945289671,53.42198296886959,0.5128635451021921,75.54835206433354,0.42374660856460394,0.8636418013081205,unvalidated_no_exact_total_intrinsic_sd,forecast_uncertainty_preserved_but_not_consumed_by_current_value,30.43443376137678,23
VNEXT_A2_BURR,sleeper:12495,sleeper:player:12495,Ollie Gordon,RB,60.2753366532907,67.17944367225736,29.664144070686923,61.62403322509269,67.44977516664505,27.42171947751708,43.589500338862294,50.42643491689453,51.96299548060295,0.6179760605766518,73.48417451548924,0.25681664744178284,0.5830139408305133,unvalidated_no_exact_total_intrinsic_sd,forecast_uncertainty_preserved_but_not_consumed_by_current_value,12.840776422788124,6
VNEXT_A2_BURR,sleeper:12496,sleeper:player:12496,Tai Felton,WR,28.026152066789162,29.746534084361688,9.969508030053504,36.4529988799497,38.648014989295795,12.83931210272646,15.226071804748397,25.830041493224417,22.710733737678098,5.720043944818501,31.60436601289078,0.0986995676102564,0.2609427376685948,unvalidated_no_exact_total_intrinsic_sd,forecast_uncertainty_preserved_but_not_consumed_by_current_value,10.939344739157946,29
VNEXT_A2_BURR,sleeper:12497,sleeper:player:12497,Tory Horton,WR,68.2408108456861,73.68892371427339,27.807358977279613,74.99288070007508,80.39010755480588,28.95923405371013,49.424933124305724,62.04001851217305,61.4338958606379,2.812720219385156,86.83510653070489,0.2707765096047737,0.6063122548846492,unvalidated_no_exact_total_intrinsic_sd,forecast_uncertainty_preserved_but_not_consumed_by_current_value,27.932086553381808,13
VNEXT_A2_BURR,sleeper:12498,sleeper:player:12498,Mason Taylor,TE,60.27927847223414,70.59312965204113,36.73960452885603,65.15063037054433,74.32801369449778,35.77777217896828,45.265183439361216,54.65429390173459,55.13290734007353,1.0123214205462077,77.96313326746028,0.44511729377739107,0.8931226636596146,unvalidated_no_exact_total_intrinsic_sd,forecast_uncertainty_preserved_but_not_consumed_by_current_value,30.16648577360681,27
VNEXT_A2_BURR,sleeper:12499,sleeper:player:12499,Elic Ayomanor,WR,51.71056804741379,55.77196665188229,20.893286396171813,61.6521111006712,66.03450593185215,23.655298993974107,33.80149312854297,49.28559882813489,45.754515412750074,6.877575994065925,64.34011431258898,0.23242204555322,0.5363262986525377,unvalidated_no_exact_total_intrinsic_sd,forecast_uncertainty_preserved_but_not_consumed_by_current_value,22.51169658176189,44
VNEXT_A2_BURR,sleeper:12500,sleeper:player:12500,Quinn Ewers,QB,54.48443821900302,57.79610144272967,19.283032280685067,73.60448941074533,78.95315574678757,28.565362608585485,39.82231441682129,57.56611628318071,53.624686834742604,7.742551760299968,75.44048626889617,0.11121929764448855,0.28640242998078547,unvalidated_no_exact_total_intrinsic_sd,forecast_uncertainty_preserved_but_not_consumed_by_current_value,37.95660546812959,101
VNEXT_A2_BURR,sleeper:12501,sleeper:player:12501,Matthew Golden,WR,71.64767627491585,79.71292683732139,34.93939308827521,79.63416930440606,87.10016265289586,35.28225351870408,55.99413461373258,67.67576836782897,68.23546765926994,1.3007282240837341,96.49075706742912,0.3811319818238703,0.8385817459109828,unvalidated_no_exact_total_intrinsic_sd,forecast_uncertainty_preserved_but_not_consumed_by_current_value,30.307356215806806,29
VNEXT_A2_BURR,sleeper:12502,sleeper:player:12502,Gunnar Helm,TE,60.464358985805184,69.28633840804507,33.83279448153554,62.89132339952934,70.83921042367312,32.6017664322848,44.08586134159106,50.69748393013853,52.4013650602072,0.8440500008273162,74.10191427987749,0.3938662165214509,0.822301134702855,unvalidated_no_exact_total_intrinsic_sd,forecast_uncertainty_preserved_but_not_consumed_by_current_value,5.017089652795761,19
VNEXT_A2_BURR,sleeper:12503,sleeper:player:12503,Isaiah Bond,WR,50.81451731011398,55.06574875888702,21.21606742346456,63.152456569561586,67.95814482865549,25.10132820753023,32.93017326682236,50.35427952732823,45.902626197302205,8.390319681695644,64.37161423529365,0.25364854971101314,0.5811469196175505,unvalidated_no_exact_total_intrinsic_sd,forecast_uncertainty_preserved_but_not_consumed_by_current_value,23.36559762723723,41
VNEXT_A2_BURR,sleeper:12506,sleeper:player:12506,Harold Fannin,TE,39.64596390475812,61.82515003332633,47.439927515816535,52.671946894288446,69.73641992021949,45.703766514965075,31.242028334744735,45.0958354532795,42.03303862128416,6.026017030461414,59.137465199527455,0.7398047055939277,1.1462804585344273,unvalidated_no_exact_total_intrinsic_sd,forecast_uncertainty_preserved_but_not_consumed_by_current_value,54.21955454436613,20
VNEXT_A2_BURR,sleeper:12507,sleeper:player:12507,Omarion Hampton,RB,89.83671382276067,117.70107587733258,76.04543452574259,97.16447925478369,115.50790617559517,62.45910950547411,79.7788898738832,88.01947011582176,92.96601728590528,4.2179892341195,131.40612355148193,0.5969749804798364,1.106915461958606,unvalidated_no_exact_total_intrinsic_sd,forecast_uncertainty_preserved_but_not_consumed_by_current_value,36.54761072662882,8
VNEXT_A2_BURR,sleeper:12508,sleeper:player:12508,Jaxson Dart,QB,92.1991562674163,126.06576163937841,85.97611203871179,111.27640498123316,144.79959953563957,92.65249980510066,78.40657236414661,98.61688289218627,97.5617555754007,4.605111380079947,137.89628439912917,1.068885416424144,1.6797008866998948,unvalidated_no_exact_total_intrinsic_sd,forecast_uncertainty_preserved_but_not_consumed_by_current_value,24.132438462464847,6
VNEXT_A2_BURR,sleeper:12509,sleeper:player:12509,Tre' Harris,WR,57.7191187237348,63.226152088035285,25.80793756995655,66.21035742936667,71.79759569892272,27.768387011518623,40.36634795042013,52.69304540026601,51.25087320084605,3.7593295438350793,72.38212105954929,0.2972152604312234,0.6860039659848587,unvalidated_no_exact_total_intrinsic_sd,forecast_uncertainty_preserved_but_not_consumed_by_current_value,22.860948505034223,24
VNEXT_A2_BURR,sleeper:12511,sleeper:player:12511,Will Howard,QB,121.26837726910668,129.26571558973083,44.76165659850842,123.55507036054505,134.41348327259516,52.925693889385904,96.50443899805863,101.61890274053339,110.08708231213743,8.609115918314458,155.44843037838518,0.2991233750529691,0.5441045541397437,unvalidated_no_exact_total_intrinsic_sd,forecast_uncertainty_preserved_but_not_consumed_by_current_value,52.2015706537708,59
VNEXT_A2_BURR,sleeper:12512,sleeper:player:12512,Quinshon Judkins,RB,79.57636799718384,109.00426679624458,74.49517995255562,93.22473579136144,114.3508904001883,66.22140720300898,70.55711933026443,84.66027843986204,85.66349876341592,1.1934997420755593,121.14060260352508,0.6428711141367639,1.1563350517237483,unvalidated_no_exact_total_intrinsic_sd,forecast_uncertainty_preserved_but_not_consumed_by_current_value,57.10993285098442,22
VNEXT_A2_BURR,sleeper:12514,sleeper:player:12514,Emeka Egbuka,WR,69.45781887482575,87.71526011434273,53.56844457400928,86.61522117158685,101.71639458630483,53.329432671217816,59.931870937007176,77.3271207423012,75.60703919571573,4.926754439856516,106.81093503276873,0.6147405153730229,1.1243100836964768,unvalidated_no_exact_total_intrinsic_sd,forecast_uncertainty_preserved_but_not_consumed_by_current_value,17.26802982670199,2
VNEXT_A2_BURR,sleeper:12517,sleeper:player:12517,Colston Loveland,TE,36.304387381455726,58.28061226908384,45.59189865882407,48.49328978791791,65.42204803960297,43.91406625719299,27.493009418975713,40.84840853908682,37.64476823475986,6.1439171633608645,52.88203317561958,0.7580863794871523,1.1495872383408097,unvalidated_no_exact_total_intrinsic_sd,forecast_uncertainty_preserved_but_not_consumed_by_current_value,43.695494793602194,20
VNEXT_A2_BURR,sleeper:12518,sleeper:player:12518,Tyler Warren,TE,42.17710940532972,63.131842424167004,46.97574874422652,53.00960691040887,68.62874493746656,43.58768411943648,32.12646570875515,43.807245786493375,41.80273150025496,4.343239228299584,58.95823093318333,0.7295241256635957,1.1208608340989819,unvalidated_no_exact_total_intrinsic_sd,forecast_uncertainty_preserved_but_not_consumed_by_current_value,22.587681943045055,11
VNEXT_A2_BURR,sleeper:12519,sleeper:player:12519,Luther Burden,WR,66.47204514799378,84.63471972607994,52.38800432308126,84.04496240435822,99.74075952073451,53.709062589315465,57.20142303212797,75.85614738882501,73.26477287683598,6.184856911117286,103.42727606573484,0.6238328419450555,1.1419821788501832,unvalidated_no_exact_total_intrinsic_sd,forecast_uncertainty_preserved_but_not_consumed_by_current_value,34.623174833652854,6
VNEXT_A2_BURR,sleeper:12521,sleeper:player:12521,Elijah Arroyo,TE,43.88943871522131,49.73051285077658,23.38463336603948,54.987935719694,61.12703324196561,26.699084595752904,28.193678434576608,42.73088027055557,39.082594932190084,6.9084343260862795,54.837687664866515,0.306377872300894,0.6965896367866617,unvalidated_no_exact_total_intrinsic_sd,forecast_uncertainty_preserved_but_not_consumed_by_current_value,12.637185682797451,23
VNEXT_A2_BURR,sleeper:12522,sleeper:player:12522,Cam Ward,QB,100.42660794828356,124.54990005256326,73.66935603835049,118.27570424316102,142.54509788570343,79.56106281988116,84.7666723823167,104.37199207430427,104.29729190552466,3.3570927487156297,147.46043579865403,0.8743230541719987,1.565935613094865,unvalidated_no_exact_total_intrinsic_sd,forecast_uncertainty_preserved_but_not_consumed_by_current_value,71.80622136517258,20
VNEXT_A2_BURR,sleeper:12524,sleeper:player:12524,Shedeur Sanders,QB,102.62186532669867,111.55511396154779,43.741241498645614,122.93182852738276,135.3782343027851,56.701250937293636,78.54456128002265,101.54306378629249,99.1951862037827,6.601986497577059,140.12774067361556,0.39942913987930034,0.8611648260742605,unvalidated_no_exact_total_intrinsic_sd,forecast_uncertainty_preserved_but_not_consumed_by_current_value,48.58827198173648,38
VNEXT_A2_BURR,sleeper:12526,sleeper:player:12526,Tetairoa McMillan,WR,70.11901972592388,89.60416325947938,55.78735650760782,88.3333421668612,104.49541605288967,55.82573454688019,61.02757325480961,79.36154600046629,77.3212904663083,5.465279718748718,109.21215425192506,0.6289133356807908,1.1369260344912595,unvalidated_no_exact_total_intrinsic_sd,forecast_uncertainty_preserved_but_not_consumed_by_current_value,29.468837273172255,3
VNEXT_A2_BURR,sleeper:12527,sleeper:player:12527,Ashton Jeanty,RB,78.56614801044013,112.48496725307513,80.49986487396731,96.26004943633784,120.47883517349891,72.4510359296326,70.69597399907795,88.53012328776468,87.76254841348141,3.8714361761937184,124.05459197462622,0.6787172362179048,1.1742405338738333,unvalidated_no_exact_total_intrinsic_sd,forecast_uncertainty_preserved_but_not_consumed_by_current_value,37.81196155546678,4
VNEXT_A2_BURR,sleeper:12529,sleeper:player:12529,TreVeyon Henderson,RB,85.49946179386588,110.5432610758253,70.06892750882763,93.27284968287955,111.35915039496135,60.83613965993056,76.21981292495337,83.8697454959541,88.7084933120815,4.19094986538353,125.3827321070372,0.567979538429939,1.1221196055403402,unvalidated_no_exact_total_intrinsic_sd,forecast_uncertainty_preserved_but_not_consumed_by_current_value,72.1261910299853,21
VNEXT_A2_BURR,sleeper:12531,sleeper:player:12531,Trevor Etienne,RB,29.81264835966524,32.56603509784088,13.105443135459161,40.94300824924569,44.37804029645342,17.11959509030055,17.148903096650542,30.60225908841313,26.48271642892701,7.5335645592255265,36.68669982353145,0.11628392619768313,0.30412006142536785,unvalidated_no_exact_total_intrinsic_sd,forecast_uncertainty_preserved_but_not_consumed_by_current_value,13.442968178621008,34
VNEXT_A2_BURR,sleeper:12533,sleeper:player:12533,Jacory Croskey-Merritt,RB,75.74034696826577,91.30736808765027,50.9944635055647,87.34450326577476,102.19257623143757,53.04960307177841,62.69950430389947,74.98766163614373,75.99757393909262,0.8840068737992937,107.47316419042838,0.4783619305346184,0.9914430022150784,unvalidated_no_exact_total_intrinsic_sd,forecast_uncertainty_preserved_but_not_consumed_by_current_value,67.62833231558966,32
VNEXT_A2_BURR,sleeper:12534,sleeper:player:12534,Kyle Monangai,RB,87.26320320978432,102.26233710182956,53.317154416717635,87.71282350598409,98.60940223160316,45.05857078383852,73.3059071717043,75.36306383278148,82.74854036260403,7.860207476764046,116.75983471513327,0.43675398576426916,0.9057956007012837,unvalidated_no_exact_total_intrinsic_sd,forecast_uncertainty_preserved_but_not_consumed_by_current_value,51.80751418476149,14
VNEXT_A2_BURR,sleeper:12535,sleeper:player:12535,Isaac TeSlaa,WR,57.16852789262436,62.81130254538144,26.019591580915925,60.66511864615006,65.70923596976643,25.247714181267618,40.112833032608904,47.870458082653805,48.56696845800038,0.4904978869998047,68.68231404243494,0.31305075452033604,0.6937601372074946,unvalidated_no_exact_total_intrinsic_sd,forecast_uncertainty_preserved_but_not_consumed_by_current_value,23.480239920289904,25
VNEXT_A2_BURR,sleeper:12536,sleeper:player:12536,Jaylin Noel,WR,55.555348296343425,61.0537676065858,25.32125223267912,60.38005849320112,65.49518668549321,25.374554485255874,38.16865595888953,48.292358494027305,47.64419494605149,2.4478714468786293,67.33458657699083,0.3100697986143344,0.6945534496491466,unvalidated_no_exact_total_intrinsic_sd,forecast_uncertainty_preserved_but_not_consumed_by_current_value,15.075102510080157,15
VNEXT_A2_BURR,sleeper:12540,sleeper:player:12540,Chimere Dike,WR,51.082109243779925,54.997893554840715,20.381030657847592,59.35154693280356,63.41571694849206,22.337122302894787,33.27475878337617,46.276282424686464,43.793062608495454,5.1510690859662205,61.71815901770571,0.2234174170209566,0.5089176892929703,unvalidated_no_exact_total_intrinsic_sd,forecast_uncertainty_preserved_but_not_consumed_by_current_value,11.156537757229103,13
VNEXT_A2_BURR,sleeper:12543,sleeper:player:12543,Tahj Brooks,RB,41.36258444155531,45.306828815844426,18.48906016171285,41.53673415877134,44.955669022810824,17.19627554768971,26.80001778673175,31.100311542517503,31.997325971564482,0.31004002925309493,45.24999020819088,0.14522278906543493,0.3595018389373065,unvalidated_no_exact_total_intrinsic_sd,forecast_uncertainty_preserved_but_not_consumed_by_current_value,9.67325425687752,12
VNEXT_A2_BURR,sleeper:12544,sleeper:player:12544,LeQuint Allen,RB,51.49106830958355,56.87668659173593,24.158380781673987,57.662407880593236,62.93650910079077,25.22004946874646,36.82096270677846,47.485554046313474,46.43935569605342,3.0104944976997885,65.60613109922318,0.19882921929627542,0.4912748529221046,unvalidated_no_exact_total_intrinsic_sd,forecast_uncertainty_preserved_but_not_consumed_by_current_value,27.399909757188198,55
VNEXT_A2_BURR,sleeper:12545,sleeper:player:12545,Tyler Shough,QB,97.99907175334727,124.69205066868125,77.09921812472074,109.72912033854695,138.47079261524783,84.46111861219725,81.50489854280714,94.52289409833337,97.2805624579787,0.9863727753402287,137.5719547474319,0.9858810377626754,1.608944142113663,unvalidated_no_exact_total_intrinsic_sd,forecast_uncertainty_preserved_but_not_consumed_by_current_value,44.49341307161484,6
VNEXT_A2_BURR,sleeper:12670,sleeper:player:12670,KeAndre Lambert-Smith,WR,36.47552184571605,38.723022126575486,13.000336484027855,43.21195512949748,45.78732071405524,15.139540021349662,21.7747067987365,31.792954892479106,29.49922596456533,4.4619091308901275,41.478910688742175,0.11631695181440023,0.29966192315307866,unvalidated_no_exact_total_intrinsic_sd,forecast_uncertainty_preserved_but_not_consumed_by_current_value,9.841990295643782,13
VNEXT_A2_BURR,sleeper:12718,sleeper:player:12718,Konata Mumpfield,WR,37.2933626487036,39.798366323233324,13.89658462898534,40.235341965925514,42.812383343096094,14.629334379979326,21.853912724583928,28.428928678976845,27.69384113161199,1.9640751546644317,39.1157267864571,0.14345393918010046,0.3553558556725631,unvalidated_no_exact_total_intrinsic_sd,forecast_uncertainty_preserved_but_not_consumed_by_current_value,15.896570136415857,44
VNEXT_A2_BURR,sleeper:13079,sleeper:player:13079,Jahdae Walker,WR,41.213449465351644,43.9331951505013,15.21766142674153,42.209703175421,44.86661354029313,15.210324402091809,24.53140694185502,30.656974468816806,30.420401700549455,1.2979681531433727,43.00135995429691,0.14728978421041924,0.36032353754376834,unvalidated_no_exact_total_intrinsic_sd,forecast_uncertainty_preserved_but_not_consumed_by_current_value,12.535287937414687,36
VNEXT_A2_BURR,sleeper:13269,sleeper:player:13269,Fernando Mendoza,QB,123.35493307153452,146.73997639521477,79.47440568752576,106.43873887828421,124.01530510613978,63.64425163806523,102.17355230541492,90.29989522055077,108.62305326836496,21.60584516275476,152.08919375645058,0.8325717191970589,1.3958009423689226,unvalidated_no_exact_total_intrinsic_sd,forecast_uncertainty_preserved_but_not_consumed_by_current_value,53.71805160244321,21
VNEXT_A2_BURR,sleeper:13272,sleeper:player:13272,Carson Beck,QB,119.11566675073962,127.79164744947023,46.283507779515105,113.31040119667098,124.28564377092164,51.06539168754017,93.05619030955056,90.28682866625945,102.5265830451307,13.865528051745528,144.32999547449043,0.38549491329825875,0.6812682722577997,unvalidated_no_exact_total_intrinsic_sd,forecast_uncertainty_preserved_but_not_consumed_by_current_value,55.931811626052465,54
VNEXT_A2_BURR,sleeper:13274,sleeper:player:13274,Germie Bernard,WR,92.58717003781236,100.95398304822854,40.24080811429158,77.82767642433033,83.82159656841065,31.12736470803671,71.85312234515212,62.56168361020912,75.98215737460154,15.874337585003211,106.27597040175539,0.34769315979449467,0.6749467954501132,unvalidated_no_exact_total_intrinsic_sd,forecast_uncertainty_preserved_but_not_consumed_by_current_value,67.68638563924877,45
VNEXT_A2_BURR,sleeper:13275,sleeper:player:13275,Ty Simpson,QB,100.82878941279009,107.33377112055177,36.798011474945554,102.59506691297109,111.27601801734156,43.08833288627801,78.49528081896763,81.4603159301616,88.96971714872926,7.865910436580741,125.57606695566423,0.25284071424792715,0.4857057745009993,unvalidated_no_exact_total_intrinsic_sd,forecast_uncertainty_preserved_but_not_consumed_by_current_value,30.503618530701225,28
VNEXT_A2_BURR,sleeper:13276,sleeper:player:13276,Omar Cooper,WR,82.664979753408,88.33504289335596,31.138094439764323,68.56122267490464,72.94489943140121,24.90616587071117,61.89488812849172,54.18005680638407,65.57605632173409,13.465563866605478,91.75574595183045,0.2297990069585501,0.4751531040363866,unvalidated_no_exact_total_intrinsic_sd,forecast_uncertainty_preserved_but_not_consumed_by_current_value,56.84868232133038,66
VNEXT_A2_BURR,sleeper:13279,sleeper:player:13279,Carnell Tate,WR,76.62712824749423,95.49496676301466,56.98747137407789,84.3813439392919,97.37298927246778,48.59308422867446,61.83821718428348,72.2247763498264,74.06630646280598,0.3800836938913932,104.74488551939052,0.6795094220505232,1.060386720700559,unvalidated_no_exact_total_intrinsic_sd,forecast_uncertainty_preserved_but_not_consumed_by_current_value,18.368708672905825,6
VNEXT_A2_BURR,sleeper:13281,sleeper:player:13281,Jordyn Tyson,WR,94.13432157585837,103.10569907248598,42.06559975418064,80.36532854836999,86.85397616622491,32.93975019935205,73.29148324834205,65.67240786938271,78.30934530662718,14.849446075461735,109.74607544671974,0.377900951777164,0.7203570466390008,unvalidated_no_exact_total_intrinsic_sd,forecast_uncertainty_preserved_but_not_consumed_by_current_value,86.22016098953264,59
VNEXT_A2_BURR,sleeper:13285,sleeper:player:13285,Malachi Fields,WR,86.53089843680722,93.50171789762355,35.425624419701215,70.70920284266293,75.85290116881588,27.456715919448502,65.75430326547541,55.45079715109263,68.76686402036405,15.827956833989681,95.95435871731851,0.29107435977030116,0.6004963005697219,unvalidated_no_exact_total_intrinsic_sd,forecast_uncertainty_preserved_but_not_consumed_by_current_value,51.04855975474456,50
VNEXT_A2_BURR,sleeper:13286,sleeper:player:13286,Jadarian Price,RB,101.44562093798488,123.09985875712712,69.73063328646406,93.4926044903692,108.25327203397076,54.5701732787085,84.7279148390764,81.2680815988532,92.92086941288187,13.302538658043517,130.73491656838638,0.5423366437553638,0.9703734345224617,unvalidated_no_exact_total_intrinsic_sd,forecast_uncertainty_preserved_but_not_consumed_by_current_value,80.41271164416827,19
VNEXT_A2_BURR,sleeper:13287,sleeper:player:13287,Jeremiyah Love,RB,90.33127675904612,123.35805430127634,84.00874954477811,97.77326050788082,117.57289793725032,65.29759458832424,76.21197971089121,87.51166674775745,90.52153484369059,1.5530035290027797,128.00736197951227,0.6899950789022673,1.1017428710183084,unvalidated_no_exact_total_intrinsic_sd,forecast_uncertainty_preserved_but_not_consumed_by_current_value,61.441320511232334,19
VNEXT_A2_BURR,sleeper:13288,sleeper:player:13288,Nicholas Singleton,RB,79.10579352641736,85.76909507772406,33.14530284983825,67.52592500173776,72.76754749267799,27.11762195987757,61.18532651332352,54.25892804904014,65.12745692224743,12.805452020893483,91.20960305175649,0.15549279161878202,0.36160760330317554,unvalidated_no_exact_total_intrinsic_sd,forecast_uncertainty_preserved_but_not_consumed_by_current_value,43.75243889440267,91
VNEXT_A2_BURR,sleeper:13293,sleeper:player:13293,Ja'Kobi Lane,WR,86.42576793124654,93.81080810081741,36.4836176115076,72.1496087815083,77.71432767710452,28.87820422013241,65.45751706831646,57.588056407473104,69.47560238519097,14.03151875366968,97.2462602624683,0.3135157688607426,0.6471836071004293,unvalidated_no_exact_total_intrinsic_sd,forecast_uncertainty_preserved_but_not_consumed_by_current_value,60.93765284552964,41
VNEXT_A2_BURR,sleeper:13294,sleeper:player:13294,Makai Lemon,WR,100.35343800308387,110.8670170461099,47.124122799937886,83.70253300375991,90.46836139764062,34.327982503033795,78.9446983459701,69.73870110265642,83.91413506264675,16.716782047405317,117.48920514074383,0.4223724656983972,0.7520458693809733,unvalidated_no_exact_total_intrinsic_sd,forecast_uncertainty_preserved_but_not_consumed_by_current_value,78.03497998724933,38
VNEXT_A2_BURR,sleeper:13296,sleeper:player:13296,Caleb Douglas,WR,88.5733565279305,96.038076556529,37.1224010814742,73.87955530099823,79.33317321029666,28.90611838593478,67.21155939569022,58.784759894743125,71.18768722012238,14.657836462384779,99.60181451028859,0.31090971479881485,0.6370116184125192,unvalidated_no_exact_total_intrinsic_sd,forecast_uncertainty_preserved_but_not_consumed_by_current_value,51.44647053896257,42
VNEXT_A2_BURR,sleeper:13298,sleeper:player:13298,KC Concepcion,WR,100.95864678158395,112.64743726886375,49.96795736543534,91.17025579931132,99.33155525707379,39.43022098945484,78.88439773569885,76.55074398594716,86.91893215711825,11.743825545497202,122.35965060519084,0.473556569105575,0.7961006616011359,unvalidated_no_exact_total_intrinsic_sd,forecast_uncertainty_preserved_but_not_consumed_by_current_value,61.02646091102997,30
VNEXT_A2_BURR,sleeper:13301,sleeper:player:13301,Antonio Williams,WR,75.20286490771646,80.19854166092135,27.862792290262032,63.291934681022155,67.34376969094889,23.00683204008739,55.414600848941234,49.87067988805975,59.30354846035235,11.07084450247688,83.13397694072322,0.2023288438959884,0.45195507450402084,unvalidated_no_exact_total_intrinsic_sd,forecast_uncertainty_preserved_but_not_consumed_by_current_value,71.23798529715759,84
VNEXT_A2_BURR,sleeper:13303,sleeper:player:13303,Cade Klubnik,QB,110.32517503673557,117.92511533444825,41.649592792206015,106.2589505340733,115.96399543129186,46.440108395502726,85.37900518161625,84.40854768422045,94.79403594255125,11.586978702524533,133.55733010622308,0.30857089771003193,0.5915725464211463,unvalidated_no_exact_total_intrinsic_sd,forecast_uncertainty_preserved_but_not_consumed_by_current_value,24.622238107540525,29
VNEXT_A2_BURR,sleeper:13305,sleeper:player:13305,Mike Washington,RB,100.3140424732432,112.14139204353103,50.127683889616144,77.9960101262759,85.38905446885498,34.75504319472138,80.25890691588339,63.47653980370659,82.20269320805615,22.35827087032287,114.08187088667889,0.3034737503988265,0.6352953067935591,unvalidated_no_exact_total_intrinsic_sd,forecast_uncertainty_preserved_but_not_consumed_by_current_value,60.302239505757996,53
VNEXT_A2_BURR,sleeper:13311,sleeper:player:13311,Chris Bell,WR,84.05534932139219,89.78225519969155,31.55236281487132,70.3318393864182,74.87278227851648,25.678120932988964,63.24958287116363,56.354843606671736,67.44028050996316,13.04577093466876,94.4785199463094,0.22076511428342177,0.47768022616355216,unvalidated_no_exact_total_intrinsic_sd,forecast_uncertainty_preserved_but_not_consumed_by_current_value,70.10593842671467,72
VNEXT_A2_BURR,sleeper:13317,sleeper:player:13317,Ted Hurst,WR,65.92930469121288,69.71908570637086,22.673281515155708,62.2826068461748,65.95799961173242,21.710241758813133,48.65730572921496,49.005572890539206,54.44414564267514,5.95218345641814,76.76523628324729,0.1377082518187918,0.33146622013991633,unvalidated_no_exact_total_intrinsic_sd,forecast_uncertainty_preserved_but_not_consumed_by_current_value,54.60466529496631,95
VNEXT_A2_BURR,sleeper:13320,sleeper:player:13320,Zachariah Branch,WR,79.45721036960269,84.71399259796316,29.377070346929738,66.48753211402395,70.70433354134252,24.052252595381724,59.678943005731085,52.60397139773529,63.38551050655276,12.720732220007676,88.73347088973517,0.20403393360327912,0.4537594280257736,unvalidated_no_exact_total_intrinsic_sd,forecast_uncertainty_preserved_but_not_consumed_by_current_value,67.39401467200396,78
VNEXT_A2_BURR,sleeper:13329,sleeper:player:13329,Malik Benson,WR,62.417956716990965,66.13761066227039,21.867378063908454,52.258682536464605,55.294779366709584,18.070493207605068,43.81343847223166,39.43504790251636,46.89037739182094,8.749600591828841,65.73324481096498,0.14258329548049867,0.33552641695441143,unvalidated_no_exact_total_intrinsic_sd,forecast_uncertainty_preserved_but_not_consumed_by_current_value,46.07360679711583,89
VNEXT_A2_BURR,sleeper:13330,sleeper:player:13330,Kenyon Sadiq,TE,66.54303255848691,77.68812463088571,40.09326036360952,68.13089734335448,76.4353087638413,34.64876986291216,47.70112184846454,55.11956282305465,56.83235081330273,0.7220694315378751,80.36983771085184,0.5019844907398918,0.8524323911663363,unvalidated_no_exact_total_intrinsic_sd,forecast_uncertainty_preserved_but_not_consumed_by_current_value,106.054738218885,89
VNEXT_A2_BURR,sleeper:13337,sleeper:player:13337,Emmett Johnson,RB,103.68671668134215,115.85393367592513,51.68364085500114,77.27820244230094,84.2457129736996,33.54727383460137,83.08764547274339,63.276645092932036,84.13024596083238,24.90712257218849,116.34187473147529,0.2996787415176222,0.6189660731688319,unvalidated_no_exact_total_intrinsic_sd,forecast_uncertainty_preserved_but_not_consumed_by_current_value,63.50021410577096,64
VNEXT_A2_BURR,sleeper:13345,sleeper:player:13345,Jonah Coleman,RB,106.71446221975965,117.63450022374134,49.496456398785675,79.53487498085887,86.24590809042384,33.355064444863324,85.79022149811325,65.62297079089099,86.9800374666054,25.509091876977536,120.334284669815,0.25228199022658154,0.523363307995856,unvalidated_no_exact_total_intrinsic_sd,forecast_uncertainty_preserved_but_not_consumed_by_current_value,60.19709388707743,64
VNEXT_A2_BURR,sleeper:13346,sleeper:player:13346,Denzel Boston,WR,97.51666053819565,106.72819696061276,43.37521116884236,82.30387432142577,88.78874644929246,33.30936456493425,76.4867871625345,67.29281379253241,81.1825287143857,16.394711123049653,113.63282705325898,0.3701355119733563,0.6956416164423973,unvalidated_no_exact_total_intrinsic_sd,forecast_uncertainty_preserved_but_not_consumed_by_current_value,72.37527801028521,47
VNEXT_A2_BURR,sleeper:13347,sleeper:player:13347,Demond Claiborne,RB,66.64139824951556,72.2752817663789,27.975710782014577,54.29615251877122,58.4714445295242,21.698793676782103,49.7818155959745,42.33449045253044,52.21173156541117,11.727873904625088,72.90121260853157,0.13951327323730064,0.3417512593903502,unvalidated_no_exact_total_intrinsic_sd,forecast_uncertainty_preserved_but_not_consumed_by_current_value,44.633917696217864,89
VNEXT_A2_BURR,sleeper:13349,sleeper:player:13349,Eli Stowers,TE,54.647905143032204,59.10384242922871,22.513788072584557,55.02645539425818,59.13265912599544,21.65087947532124,35.80875349794255,40.70203261335378,42.32283409914169,1.0302219101030623,59.844659036399264,0.18808489600036685,0.42505992568775575,unvalidated_no_exact_total_intrinsic_sd,forecast_uncertainty_preserved_but_not_consumed_by_current_value,68.60734570934241,126
VNEXT_A2_BURR,sleeper:13405,sleeper:player:13405,Kaytron Allen,RB,86.38133094108404,94.18804155410253,37.54534374119193,64.53939127308904,69.58783418488609,26.021791649352657,67.27455032119391,51.65401541718462,68.28412627304559,19.863341634098944,94.5033939119307,0.1834057756584131,0.4129508493546936,unvalidated_no_exact_total_intrinsic_sd,forecast_uncertainty_preserved_but_not_consumed_by_current_value,35.87971422025573,65
VNEXT_A2_BURR,sleeper:13413,sleeper:player:13413,Cyrus Allen,WR,80.1267550735037,85.42757202974795,29.623861738276503,65.36449014390828,69.39426147682148,23.303367871198088,59.56933318141685,51.91494938233079,63.01338416956557,13.125382275470336,88.1424841329383,0.20776515776014787,0.4323895506284888,unvalidated_no_exact_total_intrinsic_sd,forecast_uncertainty_preserved_but_not_consumed_by_current_value,42.72036552255963,51
VNEXT_A2_BURR,sleeper:13414,sleeper:player:13414,Kaelon Black,RB,93.2080670303326,101.94062916532452,41.28132889202137,66.15388052162247,71.27555750737504,26.53053316309391,72.88655863000935,53.29643622492222,72.94524979558159,23.446899663001645,100.46025000801424,0.20946378197948487,0.4283102993016328,unvalidated_no_exact_total_intrinsic_sd,forecast_uncertainty_preserved_but_not_consumed_by_current_value,45.951208537027696,57
VNEXT_A2_BURR,sleeper:13417,sleeper:player:13417,De'Zhaun Stribling,WR,98.38976027895869,107.77037585797352,43.976232044343256,82.12238658830573,88.42799048696878,32.79364454592238,76.36416285057747,66.7281656575893,80.85516873629186,16.69843873538258,113.12063811059912,0.3923631509485039,0.6935169464998108,unvalidated_no_exact_total_intrinsic_sd,forecast_uncertainty_preserved_but_not_consumed_by_current_value,60.09064436117866,36
VNEXT_A2_BURR,sleeper:13424,sleeper:player:13424,Seth McGowan,RB,90.05861061940536,98.12912084918997,38.97141275264806,63.78903943864149,68.61329373066079,25.27335601113108,70.31288840933155,51.011853777500875,70.21637184039632,22.90989079368743,96.62201950217619,0.18031512857288035,0.38711236681992284,unvalidated_no_exact_total_intrinsic_sd,forecast_uncertainty_preserved_but_not_consumed_by_current_value,40.34314627294896,63
VNEXT_A2_BURR,sleeper:13425,sleeper:player:13425,Jalon Daniels,QB,72.3253036494509,76.67877637736575,25.469299141216826,77.96938566431484,83.86280730024784,30.882767806785672,54.91014435302673,60.5141433234116,63.953059881597866,2.9521541489078444,90.3950912512376,0.14086927370316898,0.3218853083330766,unvalidated_no_exact_total_intrinsic_sd,forecast_uncertainty_preserved_but_not_consumed_by_current_value,17.34757873561998,36
VNEXT_A2_BURR,sleeper:13434,sleeper:player:13434,Will Kacmarek,TE,63.998126011410136,71.21490052251875,31.23782840499496,65.10654269474811,71.00191930008914,28.326853736928,43.44623438626842,50.33361842265036,51.829161257137876,0.563259917963272,73.29533853869304,0.3192532754561889,0.6451941761844677,unvalidated_no_exact_total_intrinsic_sd,forecast_uncertainty_preserved_but_not_consumed_by_current_value,66.32580319496972,93
VNEXT_A2_BURR,sleeper:1373,sleeper:player:1373,Geno Smith,QB,86.35515944483022,95.42839358157443,40.61237174578487,83.87492618171346,91.75385296890282,37.19900929663524,66.61220238713234,64.73679299825076,73.44057228450285,9.848039087826315,103.39270497029867,0.38331853233563273,0.8791618201437557,unvalidated_no_exact_total_intrinsic_sd,forecast_uncertainty_preserved_but_not_consumed_by_current_value,34.413716667429725,9
VNEXT_A2_BURR,sleeper:1466,sleeper:player:1466,Travis Kelce,TE,57.54726916519045,64.47655019069424,29.078124700919663,52.04690349692577,55.637699513017225,19.66401392092909,37.00880538129927,37.38961699486262,41.46479758465473,4.443486295316138,58.47148285289262,0.31723747037183825,0.5508430280223527,unvalidated_no_exact_total_intrinsic_sd,forecast_uncertainty_preserved_but_not_consumed_by_current_value,12.337784776616374,20
VNEXT_A2_BURR,sleeper:1479,sleeper:player:1479,Keenan Allen,WR,49.7074289681005,52.595215317025925,17.18802430838291,30.439979212077464,31.95086290027459,9.709032168060576,31.931264785395744,21.337110001257138,31.21410040341499,11.725513091678101,42.55763704349466,0.11651040992511005,0.2294235361573588,unvalidated_no_exact_total_intrinsic_sd,forecast_uncertainty_preserved_but_not_consumed_by_current_value,6.073383067866011,28
VNEXT_A2_BURR,sleeper:19,sleeper:player:19,Joe Flacco,QB,24.59454978609762,25.982895693593967,8.37967716820579,38.398814025111,40.789130436571796,13.758061027506981,14.82948523975007,30.292910681722965,25.25692149201087,9.28156551375728,34.4916904213324,0.029261417139371537,0.07129435805547846,unvalidated_no_exact_total_intrinsic_sd,forecast_uncertainty_preserved_but_not_consumed_by_current_value,9.285732031764308,13
VNEXT_A2_BURR,sleeper:2133,sleeper:player:2133,Davante Adams,WR,79.00321954996843,87.22613619449595,36.97147733267149,67.52353464608753,71.79828078507471,24.40420850163032,58.29157075310309,51.756683665059725,62.07507113148802,12.153631192131975,86.94203908814328,0.37029259164966816,0.6414759991906278,unvalidated_no_exact_total_intrinsic_sd,forecast_uncertainty_preserved_but_not_consumed_by_current_value,27.77186062023455,24
VNEXT_A2_BURR,sleeper:2216,sleeper:player:2216,Mike Evans,WR,77.91249187031102,84.38317385956967,32.406228431785784,59.628066019319434,63.119883246846,20.702980555735284,57.6535369033577,45.62064307185568,59.058966693620675,16.044591748438314,81.96642098726977,0.27134815350835106,0.5248380287605336,unvalidated_no_exact_total_intrinsic_sd,forecast_uncertainty_preserved_but_not_consumed_by_current_value,37.951877028247054,17
VNEXT_A2_BURR,sleeper:2306,sleeper:player:2306,Jameis Winston,QB,40.406458529988704,42.776240689535804,14.04011668731431,58.01876043624596,61.816701025088456,21.333728297385626,27.694619078367207,45.687207252064226,40.543140300238306,9.468581023004276,56.54943345622853,0.06311197304330012,0.1612679307704495,unvalidated_no_exact_total_intrinsic_sd,forecast_uncertainty_preserved_but_not_consumed_by_current_value,12.77644991728355,28
VNEXT_A2_BURR,sleeper:2307,sleeper:player:2307,Marcus Mariota,QB,43.34490410606641,45.92984813383201,15.191123646155312,59.62372689966515,63.52636975194732,21.92283842150176,31.002263333047868,48.07945373820901,43.60173412236975,8.385481492765322,61.0893291589467,0.0675963066876126,0.17832300154015973,unvalidated_no_exact_total_intrinsic_sd,forecast_uncertainty_preserved_but_not_consumed_by_current_value,20.36951036400213,52
VNEXT_A2_BURR,sleeper:2449,sleeper:player:2449,Stefon Diggs,WR,75.21117818766172,83.21034716432182,35.59832230359682,64.58489151295586,68.91413576193516,24.04058851347346,55.83408071063409,49.38970582428026,59.3776558519165,11.77490614599649,83.14303106208146,0.3490880987663904,0.6865988535654909,unvalidated_no_exact_total_intrinsic_sd,forecast_uncertainty_preserved_but_not_consumed_by_current_value,41.15469137303056,22
VNEXT_A2_BURR,sleeper:2505,sleeper:player:2505,Darren Waller,TE,62.095008705929146,69.36963262421317,30.925003221162058,62.48777265274986,67.00334118532643,24.181108305772668,43.4398761039788,47.440076937417736,50.38036179578926,2.648439101097665,71.19935027566629,0.2998912056800325,0.5936766970990514,unvalidated_no_exact_total_intrinsic_sd,forecast_uncertainty_preserved_but_not_consumed_by_current_value,43.58540394971718,43
VNEXT_A2_BURR,sleeper:3163,sleeper:player:3163,Jared Goff,QB,127.420299832615,161.3596972106158,99.00009633565061,140.14771448384306,167.1996198925828,91.1829535449438,111.49208304412495,122.75193366606005,129.79458661119293,6.079998513777824,183.4565426612346,0.9640309007137182,1.578481658359468,unvalidated_no_exact_total_intrinsic_sd,forecast_uncertainty_preserved_but_not_consumed_by_current_value,96.74099355688907,10
VNEXT_A2_BURR,sleeper:3198,sleeper:player:3198,Derrick Henry,RB,106.65653849062637,125.94028078389942,66.97265950464384,91.21336388486226,99.59083674122732,39.9807079930496,88.27778024773897,74.53645844532736,92.360813484865,21.183521983829117,128.88870443732714,0.4698462112156905,0.7662176681843285,unvalidated_no_exact_total_intrinsic_sd,forecast_uncertainty_preserved_but_not_consumed_by_current_value,98.27245528185728,21
VNEXT_A2_BURR,sleeper:3202,sleeper:player:3202,Austin Hooper,TE,33.98946610439454,36.768638364081454,14.023158028305081,31.55978738579761,33.55376064584707,11.394501904078373,18.364574554644822,19.815457435368423,21.18101974662532,1.2932203743944157,29.92655636850178,0.1266512268578352,0.28313201153774853,unvalidated_no_exact_total_intrinsic_sd,forecast_uncertainty_preserved_but_not_consumed_by_current_value,9.26478303316117,16
VNEXT_A2_BURR,sleeper:3214,sleeper:player:3214,Hunter Henry,TE,53.096747206447226,61.819082844320626,31.659665819582106,57.158108012933866,62.61168648162645,25.55726848580007,35.75702722343001,41.91955963386985,42.90755668670201,0.10659130444454235,60.68035497538647,0.4065470725187111,0.7557232489168527,unvalidated_no_exact_total_intrinsic_sd,forecast_uncertainty_preserved_but_not_consumed_by_current_value,22.02520136259517,22
VNEXT_A2_BURR,sleeper:3257,sleeper:player:3257,Jacoby Brissett,QB,113.28776518218476,129.0262470551299,61.75479486774757,114.05811557915791,127.20553418339586,56.32045984732855,94.73780349278441,95.24807664977739,105.92621116830686,11.710397589402604,149.3438683483309,0.5575452468486456,1.2114361540304075,unvalidated_no_exact_total_intrinsic_sd,forecast_uncertainty_preserved_but_not_consumed_by_current_value,20.8724380259776,3
VNEXT_A2_BURR,sleeper:3271,sleeper:player:3271,Tyler Higbee,TE,39.061449916737075,42.00770579835387,15.454788152650119,32.30123060802821,34.23379502664741,11.339454269650282,22.291774609983587,21.43596289110862,24.472211966865302,3.460525229660071,34.435491607312024,0.1174937665249433,0.2532126092055341,unvalidated_no_exact_total_intrinsic_sd,forecast_uncertainty_preserved_but_not_consumed_by_current_value,11.033391861991305,11
VNEXT_A2_BURR,sleeper:3294,sleeper:player:3294,Dak Prescott,QB,102.85905057948828,138.83967373798927,93.2548696720851,124.24060536103055,153.94799182435946,90.90795436196834,86.45492965517899,105.27154568451145,105.76019208265747,2.572001550157381,149.54538196396166,1.0890926891401558,1.6222096147941933,unvalidated_no_exact_total_intrinsic_sd,forecast_uncertainty_preserved_but_not_consumed_by_current_value,37.87448025360641,4
VNEXT_A2_BURR,sleeper:3634,sleeper:player:3634,Kalif Raymond,WR,33.25157830823771,35.05057990004909,11.084930822556377,21.411490248358735,22.47780409925619,6.8410351898654325,19.84450436201789,14.188500779980675,19.738555643985947,6.616636894179168,27.119020521251244,0.06603598889975168,0.15356401813221557,unvalidated_no_exact_total_intrinsic_sd,forecast_uncertainty_preserved_but_not_consumed_by_current_value,3.7629218461719667,19
VNEXT_A2_BURR,sleeper:4017,sleeper:player:4017,Deshaun Watson,QB,155.32356635695973,169.77186595612437,68.53521871548519,131.09318923818438,143.81538663119196,59.13916779293403,125.85922013461804,108.77376396151229,132.7442293984811,28.39129265223272,185.56938157661796,0.5278627665371239,0.9069048154489694,unvalidated_no_exact_total_intrinsic_sd,forecast_uncertainty_preserved_but_not_consumed_by_current_value,99.11793087177881,35
VNEXT_A2_BURR,sleeper:4033,sleeper:player:4033,David Njoku,TE,51.442376946067995,55.959509327140736,22.026087675141106,44.951400187043156,48.019530121462076,16.889253811530583,33.82998706214142,31.093199361475293,36.49036898279178,6.290652464154309,51.220325541486105,0.18496855181420074,0.4096990241688701,unvalidated_no_exact_total_intrinsic_sd,forecast_uncertainty_preserved_but_not_consumed_by_current_value,16.546713570622984,2
VNEXT_A2_BURR,sleeper:4034,sleeper:player:4034,Christian McCaffrey,RB,116.96798973259449,143.77905428388237,83.61163692144333,114.75193605534123,128.06425516842512,56.85460951756134,100.12912138230746,98.39535381456389,110.89431737598291,14.019110043938937,156.20039630598376,0.5557820409776845,0.9048029868756696,unvalidated_no_exact_total_intrinsic_sd,forecast_uncertainty_preserved_but_not_consumed_by_current_value,103.53215719023439,14
VNEXT_A2_BURR,sleeper:4035,sleeper:player:4035,Alvin Kamara,RB,61.19038761632718,66.3497284937629,25.651957713977414,39.61559873767463,42.28299227150167,14.780249391922393,43.45477380264975,29.838827982554307,42.76775086365051,15.378004514856798,58.49511094964777,0.12978793784139275,0.267070734326971,unvalidated_no_exact_total_intrinsic_sd,forecast_uncertainty_preserved_but_not_consumed_by_current_value,18.329252616782078,21
VNEXT_A2_BURR,sleeper:4037,sleeper:player:4037,Chris Godwin,WR,79.73335103603335,87.54499643271245,36.1485702755768,68.13143098644892,72.88878062717623,25.90139866986664,61.8575487564681,53.27685377233332,65.16300390295899,14.086389592487059,91.07144329350871,0.3222100737161523,0.6792460325600851,unvalidated_no_exact_total_intrinsic_sd,forecast_uncertainty_preserved_but_not_consumed_by_current_value,50.27613328146958,28
VNEXT_A2_BURR,sleeper:4039,sleeper:player:4039,Cooper Kupp,WR,53.20978678163017,56.58731951589293,19.257292661410425,36.07517373831075,37.95977445236291,11.812125813119236,34.599749453657346,25.274457315194336,34.61780210374513,11.148991625380837,47.67058244583665,0.1486441661679583,0.30440343642799716,unvalidated_no_exact_total_intrinsic_sd,forecast_uncertainty_preserved_but_not_consumed_by_current_value,15.006402544976282,12
VNEXT_A2_BURR,sleeper:4046,sleeper:player:4046,Patrick Mahomes,QB,116.66368394458516,151.65881068138242,96.90190764773074,129.90801919820768,157.18663725480462,88.49601956851865,100.59072412078126,111.73149182991084,117.58953733688475,4.776112655553504,166.22811834977463,1.003802681484404,1.582275083835584,unvalidated_no_exact_total_intrinsic_sd,forecast_uncertainty_preserved_but_not_consumed_by_current_value,66.05739434905149,1
VNEXT_A2_BURR,sleeper:4054,sleeper:player:4054,Mo Alie-Cox,TE,20.73352135615515,22.086622069118423,7.6118306995050276,17.009029519224583,17.974961706564642,5.813102714266453,10.090144656227428,10.014894650507687,11.221172139339357,1.3408615728015105,15.812384342785116,0.04620534535456424,0.11214930903251308,unvalidated_no_exact_total_intrinsic_sd,forecast_uncertainty_preserved_but_not_consumed_by_current_value,2.348366359226741,6
VNEXT_A2_BURR,sleeper:4066,sleeper:player:4066,Evan Engram,TE,56.72741112917575,64.53990522229327,30.779866677490094,57.034125946650114,61.88696094732402,24.02299758142727,40.14878659556444,41.41794604031033,45.38820910503588,4.202002592105558,64.05093462035398,0.3359334963298212,0.6934283269963429,unvalidated_no_exact_total_intrinsic_sd,forecast_uncertainty_preserved_but_not_consumed_by_current_value,38.489461792720306,37
VNEXT_A2_BURR,sleeper:4137,sleeper:player:4137,James Conner,RB,21.586328417694485,23.045725787666484,8.070681664131689,16.275671201726134,17.289418126174013,5.833224329217687,13.668826794727217,11.951642698991865,14.475976647481213,2.983440925496513,20.253564625539756,0.022080326439759223,0.05151183507671953,unvalidated_no_exact_total_intrinsic_sd,forecast_uncertainty_preserved_but_not_consumed_by_current_value,2.8175645827845326,1
VNEXT_A2_BURR,sleeper:4147,sleeper:player:4147,Samaje Perine,RB,54.692254314564224,59.58911544455253,23.65628875067347,37.884093815225825,40.50317253293006,14.328378171707655,37.14700930065898,27.313528010039004,37.234522549206645,11.840933918306956,51.30898189281331,0.14568489993036424,0.30276990268516,unvalidated_no_exact_total_intrinsic_sd,forecast_uncertainty_preserved_but_not_consumed_by_current_value,15.361581635079858,14
VNEXT_A2_BURR,sleeper:4177,sleeper:player:4177,Mack Hollins,WR,30.4704144799552,32.05358735203126,9.949186074952802,20.891278581408628,21.908005995569976,6.596605637440148,17.197938807649788,13.915421653595946,17.74186916456672,4.564355841779248,24.67214013122539,0.056362215243175556,0.12432142302465624,unvalidated_no_exact_total_intrinsic_sd,forecast_uncertainty_preserved_but_not_consumed_by_current_value,3.753250811262072,13
VNEXT_A2_BURR,sleeper:4179,sleeper:player:4179,Joshua Dobbs,QB,25.41996359916352,26.879168263413604,8.735853544451322,27.873887886763733,29.651804013182495,10.113152590182331,16.967777156874803,19.39980250739914,20.111438743289888,0.40625327174770476,28.43896789493946,0.03227227333284429,0.09068006096987825,unvalidated_no_exact_total_intrinsic_sd,forecast_uncertainty_preserved_but_not_consumed_by_current_value,3.1149634990519157,4
VNEXT_A2_BURR,sleeper:4199,sleeper:player:4199,Aaron Jones,RB,85.13886451952324,92.93473216564558,37.25906857432894,47.15631531942075,50.411234554810434,17.82061993409537,65.52423868699246,36.01729774980024,61.474958830478585,29.67310525971292,81.71810050817427,0.1927587569900989,0.3644926382820763,unvalidated_no_exact_total_intrinsic_sd,forecast_uncertainty_preserved_but_not_consumed_by_current_value,17.369695890963612,9
VNEXT_A2_BURR,sleeper:421,sleeper:player:421,Matthew Stafford,QB,106.87543271219164,135.64543477067537,83.53038882171772,154.9939805818427,179.66797398277384,90.87049498308056,86.88182354926458,130.9489405154873,120.020512713046,20.761059505564674,168.46015953931445,0.9753717589945341,1.4391626494894239,unvalidated_no_exact_total_intrinsic_sd,forecast_uncertainty_preserved_but_not_consumed_by_current_value,73.92115152590839,11
VNEXT_A2_BURR,sleeper:4217,sleeper:player:4217,George Kittle,TE,64.47769376643683,74.49575816552293,37.31279929484881,68.88444683573154,74.8887585541607,29.3812719588287,45.097677627580346,52.85039015206201,54.10609771732063,0.14861909857849298,76.51743286830809,0.429554257573599,0.7336894906134465,unvalidated_no_exact_total_intrinsic_sd,forecast_uncertainty_preserved_but_not_consumed_by_current_value,11.695229139994893,16
VNEXT_A2_BURR,sleeper:4454,sleeper:player:4454,Kendrick Bourne,WR,45.63282617615752,48.18812071342778,15.4835445899342,34.318328288247514,36.07099401727316,11.107157732481626,30.209725926508565,24.527144082120138,31.19939637033847,7.957405438200482,43.39912863686408,0.09854771528905072,0.2188308953292,unvalidated_no_exact_total_intrinsic_sd,forecast_uncertainty_preserved_but_not_consumed_by_current_value,10.224487754399043,26
VNEXT_A2_BURR,sleeper:4866,sleeper:player:4866,Saquon Barkley,RB,96.29132562871678,114.39824414896056,61.765191435221986,82.06733771127728,91.02088878649694,39.36691855437774,80.93139648909673,67.24616282076767,84.2189568531321,20.206334377727586,117.37703965373686,0.4638128488613308,0.868200655988183,unvalidated_no_exact_total_intrinsic_sd,forecast_uncertainty_preserved_but_not_consumed_by_current_value,36.67290129392211,13
VNEXT_A2_BURR,sleeper:4881,sleeper:player:4881,Lamar Jackson,QB,121.53034885101339,155.38460173615485,96.82328627378047,131.63078989975216,157.09852361752058,85.75127563582932,105.92696284366534,115.38924758978234,122.7076693829728,6.669187033497806,173.40664980073325,0.9767144327380474,1.5857595131643587,unvalidated_no_exact_total_intrinsic_sd,forecast_uncertainty_preserved_but_not_consumed_by_current_value,83.65130926087141,11
VNEXT_A2_BURR,sleeper:4892,sleeper:player:4892,Baker Mayfield,QB,110.8620634536658,138.77464538262024,83.47457749439275,138.0066141117754,163.94158464430188,88.49303722377435,95.21077397402759,120.81703857503769,119.03414165440905,6.3611524925412795,168.21946824838818,0.9041838646153777,1.5224369808231004,unvalidated_no_exact_total_intrinsic_sd,forecast_uncertainty_preserved_but_not_consumed_by_current_value,30.676501680488457,7
VNEXT_A2_BURR,sleeper:4943,sleeper:player:4943,Sam Darnold,QB,111.86011588019291,138.040288621909,80.8853247387297,141.59470967329239,166.92621279150734,88.40417812214324,96.17346874285087,125.61187785408812,122.14351981824151,9.007133318155425,172.50203018100189,0.8697518462753494,1.5253363644508688,unvalidated_no_exact_total_intrinsic_sd,forecast_uncertainty_preserved_but_not_consumed_by_current_value,52.03962660647369,11
VNEXT_A2_BURR,sleeper:4981,sleeper:player:4981,Calvin Ridley,WR,51.12957441975591,54.22487183977761,18.05833175282116,41.4700507299923,43.65364418128016,13.633618109573108,33.021689877136765,30.194745290241208,35.54943093326355,6.2527329233669775,49.88413986776552,0.13088435427907383,0.28292809932092194,unvalidated_no_exact_total_intrinsic_sd,forecast_uncertainty_preserved_but_not_consumed_by_current_value,12.164700767786478,14
VNEXT_A2_BURR,sleeper:4983,sleeper:player:4983,DJ Moore,WR,71.85729119181656,82.3729642629982,40.2720119195411,78.27605173280584,85.5816007289659,34.59870096485185,56.149116482042416,63.96084461812691,66.433159897972,1.5150387731393664,93.93845924633274,0.44399402677161476,0.8864424175910226,unvalidated_no_exact_total_intrinsic_sd,forecast_uncertainty_preserved_but_not_consumed_by_current_value,30.59570815540488,11
VNEXT_A2_BURR,sleeper:4984,sleeper:player:4984,Josh Allen,QB,106.21155277064138,156.0459072497228,114.32161312472088,139.80442505052207,184.33890486353351,120.14805276233076,92.076576835941,124.54698604381342,119.25921396451065,11.720107106105331,168.25028772720503,1.1778430500460373,1.7158012071831121,unvalidated_no_exact_total_intrinsic_sd,forecast_uncertainty_preserved_but_not_consumed_by_current_value,89.46742966285126,0
VNEXT_A2_BURR,sleeper:4993,sleeper:player:4993,Mike Gesicki,TE,48.70509671740298,55.73482468181853,27.09583429351215,58.33888778446395,63.732878973252625,25.66035920035005,32.18196666563969,43.26196470609132,41.536293786626494,3.9020978343572352,58.61144116594471,0.32964882012118457,0.6941809016465574,unvalidated_no_exact_total_intrinsic_sd,forecast_uncertainty_preserved_but_not_consumed_by_current_value,37.32704023266929,42
VNEXT_A2_BURR,sleeper:5001,sleeper:player:5001,Dalton Schultz,TE,63.1126653477288,73.67604741966576,38.01251683446428,67.8101797565785,75.11114111464401,32.302678541020036,48.11865336644033,53.23497675149104,56.14469019352961,2.4385846585220037,79.36312606442655,0.4162127248440493,0.8274067755214753,unvalidated_no_exact_total_intrinsic_sd,forecast_uncertainty_preserved_but_not_consumed_by_current_value,36.099971543512396,17
VNEXT_A2_BURR,sleeper:5008,sleeper:player:5008,Durham Smythe,TE,25.908349003495026,27.96410751747042,10.52372373077819,24.534740180698115,26.035356499184346,8.711275010310374,12.565615322433832,14.329083184121274,14.874764060466918,0.3280104235411372,21.033535624596375,0.0929241676035374,0.21121217982879212,unvalidated_no_exact_total_intrinsic_sd,forecast_uncertainty_preserved_but_not_consumed_by_current_value,4.980483668312242,3
VNEXT_A2_BURR,sleeper:5012,sleeper:player:5012,Mark Andrews,TE,56.19985965898757,66.12382194873867,34.84157865853089,59.26285401054486,65.56028168673444,28.03684485402762,39.54704447544492,44.049375475511525,46.290829725658945,1.7893140230711104,65.44066158518525,0.43211017596437173,0.806308166387937,unvalidated_no_exact_total_intrinsic_sd,forecast_uncertainty_preserved_but_not_consumed_by_current_value,14.915911554288698,14
VNEXT_A2_BURR,sleeper:5022,sleeper:player:5022,Dallas Goedert,TE,59.12530737165739,69.43207797401594,36.40070713594539,64.34769583291096,70.83719206760638,29.618943617525076,41.918204711551105,48.717858114807456,50.084686429839984,0.431821516870059,70.82912649276682,0.4471887513456936,0.804137321268255,unvalidated_no_exact_total_intrinsic_sd,forecast_uncertainty_preserved_but_not_consumed_by_current_value,7.46047217152946,13
VNEXT_A2_BURR,sleeper:5045,sleeper:player:5045,Courtland Sutton,WR,74.45870989309134,84.37315181093354,39.682858611336194,77.48309708154231,83.90262692244237,32.18727188096002,57.54854692283877,62.107954621015374,66.38062103642379,4.04326767072935,93.78926209809656,0.4172522786682053,0.8225175847945423,unvalidated_no_exact_total_intrinsic_sd,forecast_uncertainty_preserved_but_not_consumed_by_current_value,36.343094859764506,16
VNEXT_A2_BURR,sleeper:5127,sleeper:player:5127,Kyle Allen,QB,24.74737060835108,26.182657946312148,8.549808483615514,29.18034224057064,31.054352358810725,10.624520090260178,15.843405553621789,20.608587713532998,20.076368127132827,1.4228099024490675,28.35659934360611,0.035397364041390524,0.09909699037674784,unvalidated_no_exact_total_intrinsic_sd,forecast_uncertainty_preserved_but_not_consumed_by_current_value,7.085409117937953,11
VNEXT_A2_BURR,sleeper:5844,sleeper:player:5844,T.J. Hockenson,TE,54.0133389414908,62.494322492154225,31.43405096618963,66.47362023673637,73.59194396297103,31.575813985885176,39.58317380025339,52.40157689420584,50.650006160192824,4.214441575848333,71.5058370362791,0.37116669379857997,0.796328959426373,unvalidated_no_exact_total_intrinsic_sd,forecast_uncertainty_preserved_but_not_consumed_by_current_value,41.299247898117684,29
VNEXT_A2_BURR,sleeper:5846,sleeper:player:5846,DK Metcalf,WR,72.12497174697606,83.10352410133522,41.28176556979013,79.34220324386554,87.01111414620182,35.71762547220203,56.4166498364396,65.17602039312997,67.20891455169337,0.8644776269372585,95.04382709501006,0.4563374543967569,0.9092744847719698,unvalidated_no_exact_total_intrinsic_sd,forecast_uncertainty_preserved_but_not_consumed_by_current_value,35.67650662912868,10
VNEXT_A2_BURR,sleeper:5848,sleeper:player:5848,Marquise Brown,WR,36.22087805243044,38.35967928043214,12.62984511419587,34.8918638439451,36.75414245101616,11.55096640135294,21.130683704701333,24.405726841219256,25.169981707782018,0.32794350621522383,35.59421879177704,0.10228913333004815,0.2378416825921983,unvalidated_no_exact_total_intrinsic_sd,forecast_uncertainty_preserved_but_not_consumed_by_current_value,3.377646058335529,12
VNEXT_A2_BURR,sleeper:5849,sleeper:player:5849,Kyler Murray,QB,116.49180402253793,138.4288480030082,74.78105077500959,131.57593721212086,150.49220712020474,73.04571959165457,96.68311804235029,113.71384182037116,116.20515242549347,0.022399620779580687,164.33890105121588,0.7958706636472948,1.383045618580479,unvalidated_no_exact_total_intrinsic_sd,forecast_uncertainty_preserved_but_not_consumed_by_current_value,46.02585293545235,16
VNEXT_A2_BURR,sleeper:5850,sleeper:player:5850,Josh Jacobs,RB,81.36473823937133,90.51705695321144,39.66253863167997,63.78858619922532,68.94232409440492,26.15454687510313,63.35817489536579,49.80702980933183,64.7708540875636,17.868869623818675,89.84002769830317,0.27006855461271845,0.5522585796350493,unvalidated_no_exact_total_intrinsic_sd,forecast_uncertainty_preserved_but_not_consumed_by_current_value,24.83644248255736,30
VNEXT_A2_BURR,sleeper:5854,sleeper:player:5854,Drew Lock,QB,22.659513507305775,23.966017470102326,7.804898525251754,32.95759312855181,35.09218976803891,12.052337445030705,14.41560169617432,24.11950174979272,21.30304537504486,5.173078572477067,29.679601455973412,0.035505825767440886,0.09956988453917137,unvalidated_no_exact_total_intrinsic_sd,forecast_uncertainty_preserved_but_not_consumed_by_current_value,5.603306424865947,9
VNEXT_A2_BURR,sleeper:5857,sleeper:player:5857,Noah Fant,TE,38.18988168143079,41.74671188246471,16.861817522314634,46.55957504986538,49.95691389542396,18.107987660995253,22.38583394796076,33.34388615684847,30.69914434391019,5.062998892556372,43.11891660408966,0.17889128436250223,0.41431254483461,unvalidated_no_exact_total_intrinsic_sd,forecast_uncertainty_preserved_but_not_consumed_by_current_value,16.12533859406546,19
VNEXT_A2_BURR,sleeper:5859,sleeper:player:5859,A.J. Brown,WR,79.01484612140128,92.04260162918061,47.206933887717376,86.30647362522632,94.84444196866431,39.32760840332714,63.32612650332247,71.67123232989016,74.69131133426235,2.044742169478468,105.60967288616973,0.5122076539043758,0.9298389926200203,unvalidated_no_exact_total_intrinsic_sd,forecast_uncertainty_preserved_but_not_consumed_by_current_value,27.949916304995497,10
VNEXT_A2_BURR,sleeper:5870,sleeper:player:5870,Daniel Jones,QB,105.6478095979648,131.53529140573028,78.35861926005688,134.19101293065123,158.15374560566508,83.69814393251036,89.12471531252693,117.83602507594331,113.96140210767187,9.380520101721146,160.89253613301693,0.8830110042492227,1.5096962515938381,unvalidated_no_exact_total_intrinsic_sd,forecast_uncertainty_preserved_but_not_consumed_by_current_value,36.841069648019186,8
VNEXT_A2_BURR,sleeper:5872,sleeper:player:5872,Deebo Samuel,WR,64.37268790192634,69.40824168517817,25.954981527816408,56.345924695784966,59.72968808404599,19.818486541468175,45.13288017117007,42.449944020978116,49.11588212619586,7.692863590337879,69.03303270065125,0.23692675911550432,0.4962407940683734,unvalidated_no_exact_total_intrinsic_sd,forecast_uncertainty_preserved_but_not_consumed_by_current_value,11.788525658585101,11
VNEXT_A2_BURR,sleeper:5892,sleeper:player:5892,David Montgomery,RB,81.55808342389196,96.71181203491052,51.97550976467036,77.76213243404479,86.50267477927214,37.891470059613745,66.71251432138627,63.81689669879439,73.08522430538996,10.597929308299385,102.81334503805726,0.4262615146723245,0.8604445903318515,unvalidated_no_exact_total_intrinsic_sd,forecast_uncertainty_preserved_but_not_consumed_by_current_value,18.67013824232069,4
VNEXT_A2_BURR,sleeper:5906,sleeper:player:5906,Dawson Knox,TE,39.37822906949062,43.278449269626364,17.95492262679921,46.30452330223504,49.74814514409965,18.18705767932729,22.30538034120876,32.28160903181001,30.0574337480351,4.363889235455282,42.283035815510175,0.19499954819865678,0.4441778759323944,unvalidated_no_exact_total_intrinsic_sd,forecast_uncertainty_preserved_but_not_consumed_by_current_value,15.225424480886929,18
VNEXT_A2_BURR,sleeper:5927,sleeper:player:5927,Terry McLaurin,WR,79.20833720754815,88.72712100546775,39.98176232651907,75.10073735394982,80.92982290513964,30.158174420052543,61.15259686882503,59.66077248350863,67.52720251108107,8.874799219166292,95.08461545783625,0.403205265879194,0.7799411651846234,unvalidated_no_exact_total_intrinsic_sd,forecast_uncertainty_preserved_but_not_consumed_by_current_value,22.756385167429613,6
VNEXT_A2_BURR,sleeper:5947,sleeper:player:5947,Jakobi Meyers,WR,65.74807121504955,70.9591590404678,26.69069844030266,55.25954075800969,58.60025898349593,19.503166618440726,46.577748663377406,42.15875885107419,49.952453821227834,9.131383093969696,70.0507896337719,0.2430645213190483,0.5104156579395376,unvalidated_no_exact_total_intrinsic_sd,forecast_uncertainty_preserved_but_not_consumed_by_current_value,9.358391854731323,10
VNEXT_A2_BURR,sleeper:5967,sleeper:player:5967,Tony Pollard,RB,79.7735381952613,94.20104220080545,50.1000893764384,77.16760925852655,85.53270670090382,36.89178766210989,64.63783643740476,62.430886177995006,71.08600937533298,9.835845708192657,100.04847623539544,0.4139931284294398,0.8356526378375526,unvalidated_no_exact_total_intrinsic_sd,forecast_uncertainty_preserved_but_not_consumed_by_current_value,44.56166927346786,11
VNEXT_A2_BURR,sleeper:5973,sleeper:player:5973,Josh Oliver,TE,30.342523331319946,33.24158903548454,13.576984919058816,36.023458537886505,38.573289817622985,13.791632329913266,15.68435777030753,23.602216894924254,21.645451238083755,3.7208976018213704,30.38430581134417,0.14953123235757884,0.3483845977474093,unvalidated_no_exact_total_intrinsic_sd,forecast_uncertainty_preserved_but_not_consumed_by_current_value,9.580608519802297,18
VNEXT_A2_BURR,sleeper:5995,sleeper:player:5995,Justice Hill,RB,60.33612196487292,66.17176041089303,27.17083477033065,45.56434963332334,48.9795031014835,17.96891111226552,43.35036219850516,33.91391821854623,44.250971089186564,12.345001955829737,61.35061378162903,0.17964965445665473,0.39520243356283286,unvalidated_no_exact_total_intrinsic_sd,forecast_uncertainty_preserved_but_not_consumed_by_current_value,23.667313386642356,24
VNEXT_A2_BURR,sleeper:6001,sleeper:player:6001,Drew Sample,TE,20.47381510180412,21.93066484312154,7.8598317818172605,22.531264259002405,23.89636271044335,7.96104777526603,9.531872001688727,13.585215125829771,12.7273071728541,1.7132267269765915,17.917409129847428,0.061204343728634404,0.1546380060850999,unvalidated_no_exact_total_intrinsic_sd,forecast_uncertainty_preserved_but_not_consumed_by_current_value,4.038962573208046,7
VNEXT_A2_BURR,sleeper:6039,sleeper:player:6039,Ty Johnson,RB,53.59743434289128,58.91156264616642,24.451732970745635,40.19640536341789,43.19125567942911,15.802960577866637,37.25239599877464,29.670243411234885,38.23842525076634,10.22778573434124,53.101287463575645,0.1710563553678326,0.3797118868331629,unvalidated_no_exact_total_intrinsic_sd,forecast_uncertainty_preserved_but_not_consumed_by_current_value,16.63280568639418,26
VNEXT_A2_BURR,sleeper:6136,sleeper:player:6136,Jarrett Stidham,QB,23.709477483530957,25.056358859365115,8.104430686187852,32.0296561120298,34.07216510002302,11.619533723361664,15.839681273939652,24.025709968688368,21.96797993790561,3.89484636952864,30.82230453522605,0.030792258491712597,0.08714936649475405,unvalidated_no_exact_total_intrinsic_sd,forecast_uncertainty_preserved_but_not_consumed_by_current_value,5.452841825346502,9
VNEXT_A2_BURR,sleeper:6271,sleeper:player:6271,Olamide Zaccheaus,WR,43.78173704122917,46.795835327795366,16.52300534644962,43.19891310519144,45.71937617727792,14.970479770854629,26.891806976408645,30.459376284322794,31.730008292697132,0.8511365645241327,44.864935295370564,0.15196300582193603,0.3550792930217138,unvalidated_no_exact_total_intrinsic_sd,forecast_uncertainty_preserved_but_not_consumed_by_current_value,16.120964608344842,22
VNEXT_A2_BURR,sleeper:6768,sleeper:player:6768,Tua Tagovailoa,QB,93.64881828474465,104.54017167602736,46.460158500850476,116.81058881082714,128.61738789175683,53.83046358491169,71.7459884176546,97.5015733380898,93.17478907617814,9.460796581763468,131.42897689177627,0.46486050308306665,1.0048024410015293,unvalidated_no_exact_total_intrinsic_sd,forecast_uncertainty_preserved_but_not_consumed_by_current_value,59.95997637630097,25
VNEXT_A2_BURR,sleeper:6770,sleeper:player:6770,Joe Burrow,QB,125.4025321556729,156.2255570854642,93.16989650959724,139.21252281367364,166.50496061537245,91.34426857432888,108.35433024577144,120.8244295839822,126.89821930298599,4.80553033447859,179.39683108333284,0.9504108484043993,1.538111520537138,unvalidated_no_exact_total_intrinsic_sd,forecast_uncertainty_preserved_but_not_consumed_by_current_value,89.3410479563646,12
VNEXT_A2_BURR,sleeper:6783,sleeper:player:6783,Jerry Jeudy,WR,67.79458455636829,73.88270128739624,29.3691650264704,70.20481405916527,75.00798286217528,26.409876485330475,49.83443913490061,55.907798485459196,58.53147474018429,1.9658888589212538,82.75265767040977,0.2997804820082675,0.6350286875828657,unvalidated_no_exact_total_intrinsic_sd,forecast_uncertainty_preserved_but_not_consumed_by_current_value,19.00465473290275,16
VNEXT_A2_BURR,sleeper:6786,sleeper:player:6786,CeeDee Lamb,WR,79.85776291144192,97.58887483225433,56.09212238635059,94.26205911781543,106.17768251610264,48.870895995057815,65.57928691297984,80.20753936175016,80.40777856789087,2.207553312831621,113.69234106489735,0.6217647742196266,1.0162029200754834,unvalidated_no_exact_total_intrinsic_sd,forecast_uncertainty_preserved_but_not_consumed_by_current_value,37.49159093105715,14
VNEXT_A2_BURR,sleeper:6790,sleeper:player:6790,D'Andre Swift,RB,86.89945033160465,108.05796573559289,64.22623678045866,92.58588349483931,105.07573584829123,49.686662612213325,74.804871871755,78.8539526789241,85.37417405605578,6.612160280469084,120.5561219015144,0.5141648847464279,0.9890601205996185,unvalidated_no_exact_total_intrinsic_sd,forecast_uncertainty_preserved_but_not_consumed_by_current_value,30.056056421950643,9
VNEXT_A2_BURR,sleeper:6794,sleeper:player:6794,Justin Jefferson,WR,83.27628236003382,101.15622604877062,57.42510657127159,92.3698007622915,104.22608541959976,48.279361936838775,70.1461205364788,79.11948488233686,82.59993178208832,2.4603746285186077,116.78803028349536,0.6012402310198268,1.0300874773349222,unvalidated_no_exact_total_intrinsic_sd,forecast_uncertainty_preserved_but_not_consumed_by_current_value,20.354150403785184,2
VNEXT_A2_BURR,sleeper:6797,sleeper:player:6797,Justin Herbert,QB,106.68463112972228,142.1541055938304,93.94774727420011,132.57321208629313,165.84551159420545,99.64475476946328,92.580959240788,116.9149315383502,115.44727299521458,5.777222681788203,163.16485339112782,1.0443729690289743,1.650809005654061,unvalidated_no_exact_total_intrinsic_sd,forecast_uncertainty_preserved_but_not_consumed_by_current_value,42.062592224362334,6
VNEXT_A2_BURR,sleeper:6801,sleeper:player:6801,Tee Higgins,WR,74.5393443485385,89.64096771645204,49.793465808597794,88.27699574937796,98.61178663061109,43.9483388075758,61.59156054248931,74.99900093153002,75.34603750192126,1.8339517119145228,106.53960463414634,0.5617613949213502,1.0165006405543977,unvalidated_no_exact_total_intrinsic_sd,forecast_uncertainty_preserved_but_not_consumed_by_current_value,25.905991107021975,6
VNEXT_A2_BURR,sleeper:6804,sleeper:player:6804,Jordan Love,QB,102.97708564864833,131.14821684422475,81.21314310338408,131.83739103380816,158.63797125048845,88.23212707324672,88.00613173511431,115.25259594666592,111.93619938953522,8.464788596618959,158.07521254631325,0.939114111473902,1.5730656554436706,unvalidated_no_exact_total_intrinsic_sd,forecast_uncertainty_preserved_but_not_consumed_by_current_value,29.616374826533388,6
VNEXT_A2_BURR,sleeper:6806,sleeper:player:6806,J.K. Dobbins,RB,82.96756643888953,98.00128497739513,52.15970452781595,80.04754005613968,89.10527704882537,39.14258204192256,68.03832046435713,65.53364365372734,74.74252459331665,10.48451485488556,105.18062993452155,0.42355245475332465,0.8573060743559394,unvalidated_no_exact_total_intrinsic_sd,forecast_uncertainty_preserved_but_not_consumed_by_current_value,53.0936583791198,23
VNEXT_A2_BURR,sleeper:6813,sleeper:player:6813,Jonathan Taylor,RB,88.87699319868024,119.08849515587183,79.26506013655609,97.19842776961217,113.44428684249041,58.49847738460147,76.66249873916306,83.51105792961671,88.80740304717787,4.826384574140533,125.49986328243666,0.6553623789676106,1.0667584777426744,unvalidated_no_exact_total_intrinsic_sd,forecast_uncertainty_preserved_but_not_consumed_by_current_value,63.44398104911261,11
VNEXT_A2_BURR,sleeper:6819,sleeper:player:6819,Michael Pittman,WR,68.07098014817596,78.21180720636845,38.51530148074634,74.34464983295467,81.37232404007705,33.08063120465892,53.424608583739385,60.77177811639183,63.166681077052814,1.5033076070853824,89.31852698527157,0.43264497350129544,0.8976475786633994,unvalidated_no_exact_total_intrinsic_sd,forecast_uncertainty_preserved_but_not_consumed_by_current_value,44.30448273103755,18
VNEXT_A2_BURR,sleeper:6826,sleeper:player:6826,Cole Kmet,TE,45.86159599123916,51.07504602374781,22.48053245508907,54.35178464129563,58.95136905949787,22.82865349282221,29.846254369279663,40.40325322689356,38.67476110631295,3.8220342425428804,54.56066667031831,0.25274269021109325,0.5699672143012886,unvalidated_no_exact_total_intrinsic_sd,forecast_uncertainty_preserved_but_not_consumed_by_current_value,20.284552046210457,8
VNEXT_A2_BURR,sleeper:6847,sleeper:player:6847,Devin Duvernay,WR,13.25791304757716,13.916829323143983,4.231534004637499,12.306061237159591,12.903936464534263,3.882323158627468,6.420601559999012,6.991549570194897,7.436465351181559,0.4061167615333483,10.508905890464973,0.023442335077065037,0.05943376247035666,unvalidated_no_exact_total_intrinsic_sd,forecast_uncertainty_preserved_but_not_consumed_by_current_value,3.9448014828632196,0
VNEXT_A2_BURR,sleeper:6865,sleeper:player:6865,Colby Parkinson,TE,50.936333646610166,57.067644139343194,25.733362047270866,61.21454692984827,66.53152791452673,26.06191571651736,33.464068947706515,46.90819185719335,44.245887216517104,5.446710011271655,62.33562722237273,0.28657759065564076,0.6230391501890161,unvalidated_no_exact_total_intrinsic_sd,forecast_uncertainty_preserved_but_not_consumed_by_current_value,22.72894473390147,7
VNEXT_A2_BURR,sleeper:6869,sleeper:player:6869,Adam Trautman,TE,26.865893083297344,28.900784490080525,10.652658493489549,27.4865118565002,29.23994803401321,9.973275640142855,14.409404004183486,17.832426927750028,17.776640707817208,0.6359350517434308,25.131921858855357,0.08659860641728308,0.22066159224143922,unvalidated_no_exact_total_intrinsic_sd,forecast_uncertainty_preserved_but_not_consumed_by_current_value,5.970566142796461,8
VNEXT_A2_BURR,sleeper:6904,sleeper:player:6904,Jalen Hurts,QB,100.22698622090134,145.46572971058845,105.42689293206563,123.81096648670423,163.43389398282693,106.68403010768816,86.23966405787114,109.8773239675451,108.0538280149635,6.082652117360851,152.69008101574178,1.1566561338496388,1.719322249198134,unvalidated_no_exact_total_intrinsic_sd,forecast_uncertainty_preserved_but_not_consumed_by_current_value,84.72639532318442,6
VNEXT_A2_BURR,sleeper:7002,sleeper:player:7002,Juwan Johnson,TE,53.160608790903616,63.057912956291695,33.91533663969386,62.049973133162666,69.12519546282033,30.46462673244016,37.873997645031196,47.616267139871,47.11615536199022,2.209855010280279,66.59565100683331,0.4224972752706313,0.8409728556167306,unvalidated_no_exact_total_intrinsic_sd,forecast_uncertainty_preserved_but_not_consumed_by_current_value,31.635576329275267,18
VNEXT_A2_BURR,sleeper:7021,sleeper:player:7021,Rico Dowdle,RB,80.26546541936247,95.54793826327747,51.834964718577844,81.69873200784892,91.25558383507357,40.65585775001952,66.89952460241872,67.76326291268859,75.03706939416591,7.90563845763841,105.82355336647342,0.4304715811677781,0.8878994009224918,unvalidated_no_exact_total_intrinsic_sd,forecast_uncertainty_preserved_but_not_consumed_by_current_value,39.45488137626592,10
VNEXT_A2_BURR,sleeper:7049,sleeper:player:7049,Jauan Jennings,WR,61.130235748315364,66.1684473659616,25.325041049866357,59.200408293420594,62.95349500434921,21.411543408986624,41.991591779891095,44.8652503834637,48.215363505594816,3.277709610854906,68.10799641495996,0.2487343250542032,0.5309565470800753,unvalidated_no_exact_total_intrinsic_sd,forecast_uncertainty_preserved_but_not_consumed_by_current_value,16.548491445848967,18
VNEXT_A2_BURR,sleeper:7083,sleeper:player:7083,Tyler Huntley,QB,42.96238587784742,45.523302946109084,15.053388681827125,55.510203514812574,59.19125768366764,20.548048372495934,30.281837879415697,43.530485853365526,40.64082153388418,5.711213831553245,57.19033822655993,0.06759464701319637,0.18517263549282664,unvalidated_no_exact_total_intrinsic_sd,forecast_uncertainty_preserved_but_not_consumed_by_current_value,5.209423151814647,11
VNEXT_A2_BURR,sleeper:7090,sleeper:player:7090,Darnell Mooney,WR,45.56371740116833,48.9529685682568,17.898066605955197,44.94265424521823,47.646523733842784,15.822422485650279,28.036255246368132,32.435150093562946,33.42272804765573,0.396421016813683,47.26521290201214,0.18231209229570491,0.4105653548903309,unvalidated_no_exact_total_intrinsic_sd,forecast_uncertainty_preserved_but_not_consumed_by_current_value,17.27793043132852,19
VNEXT_A2_BURR,sleeper:7523,sleeper:player:7523,Trevor Lawrence,QB,108.01698774216634,147.39151304544907,100.28254323128962,133.00637850402703,171.55029074293907,108.34576840481782,95.09633522510859,118.4184174336137,117.70236333691736,4.725421654443593,166.38919153712817,1.0860180342113237,1.6918527160132633,unvalidated_no_exact_total_intrinsic_sd,forecast_uncertainty_preserved_but_not_consumed_by_current_value,45.40944488203763,5
VNEXT_A2_BURR,sleeper:7525,sleeper:player:7525,DeVonta Smith,WR,71.59884711215733,85.68847299914637,47.07567840334706,82.39770130866326,91.8739511698025,40.637934526739514,58.25351138240385,69.33384214613483,70.43551730150652,0.5782162755391411,99.60918562562568,0.5332553782808679,1.0050836971540256,unvalidated_no_exact_total_intrinsic_sd,forecast_uncertainty_preserved_but_not_consumed_by_current_value,14.625228128054658,9
VNEXT_A2_BURR,sleeper:7526,sleeper:player:7526,Jaylen Waddle,WR,78.30277147441365,92.87815809201149,49.950257556797766,84.41859833460009,94.029375822053,41.41284550361567,65.77724732879658,71.30488774474996,76.02686187933176,4.392878833895246,107.42844162505892,0.5261882603491445,1.0060217975685837,unvalidated_no_exact_total_intrinsic_sd,forecast_uncertainty_preserved_but_not_consumed_by_current_value,26.098739907726497,9
VNEXT_A2_BURR,sleeper:7527,sleeper:player:7527,Mac Jones,QB,77.47451041999915,82.94800828998997,29.632285002302616,97.79642049712685,105.48402311416002,39.531497192717026,57.51179648833037,76.79269428336292,73.94645538900158,6.597694604648893,104.36774863481051,0.2157087357226433,0.49479595838614965,unvalidated_no_exact_total_intrinsic_sd,forecast_uncertainty_preserved_but_not_consumed_by_current_value,27.67103104686548,72
VNEXT_A2_BURR,sleeper:7528,sleeper:player:7528,Najee Harris,RB,53.63774267129194,58.3607439982019,22.999326102125828,40.92447081553221,43.82974525964703,15.691853236447354,37.08481368477175,29.879833239318465,38.20591257448509,9.9339121166484,53.11027114746358,0.13704584022769908,0.30383772547107757,unvalidated_no_exact_total_intrinsic_sd,forecast_uncertainty_preserved_but_not_consumed_by_current_value,10.253310724873039,14
VNEXT_A2_BURR,sleeper:7543,sleeper:player:7543,Travis Etienne,RB,86.38314242072387,107.59825204932505,64.15088892284362,89.65768761433914,102.03034703079567,48.700007873450836,74.815927879554,76.66148273760317,84.33243733922718,8.205617419702612,118.98145997553917,0.5172562461310308,0.9994581259600889,unvalidated_no_exact_total_intrinsic_sd,forecast_uncertainty_preserved_but_not_consumed_by_current_value,31.734504459456616,12
VNEXT_A2_BURR,sleeper:7547,sleeper:player:7547,Amon-Ra St. Brown,WR,78.92691546467317,102.63176617943667,65.6035170119933,98.60028372991684,114.65682995158426,58.51643105082884,66.35621419740868,85.98734871668016,83.91004848714736,5.723077380004035,118.52864151559879,0.7065733485301607,1.0960996498341373,unvalidated_no_exact_total_intrinsic_sd,forecast_uncertainty_preserved_but_not_consumed_by_current_value,76.68012053742137,12
VNEXT_A2_BURR,sleeper:7553,sleeper:player:7553,Kyle Pitts,TE,55.30585694534169,71.31525789610777,45.02364041622758,65.97033780819488,77.31188008525577,40.31180139598848,44.298924736346436,54.84009285971262,54.660136028160686,1.9678810652478944,77.27605311703684,0.5839243251904767,1.0278278883066028,unvalidated_no_exact_total_intrinsic_sd,forecast_uncertainty_preserved_but_not_consumed_by_current_value,25.086330576251726,21
VNEXT_A2_BURR,sleeper:7564,sleeper:player:7564,Ja'Marr Chase,WR,86.96683880374344,112.67262148031175,71.6372010880472,101.10063606246521,117.86419354978868,60.58572033826953,74.5514680727701,88.49481372568299,90.02001157973638,0.5687550549513674,127.30625077866054,0.7191821633925165,1.1056860225821856,unvalidated_no_exact_total_intrinsic_sd,forecast_uncertainty_preserved_but_not_consumed_by_current_value,94.11667512613514,11
VNEXT_A2_BURR,sleeper:7569,sleeper:player:7569,Nico Collins,WR,74.64981028242875,91.69545706906156,53.24906263871231,88.40867252332447,99.70086846826662,46.08871657998489,61.949996692653336,75.24746614305324,75.68689427392238,1.7087970996006305,107.0237914771113,0.6119733282558076,1.0445324231425792,unvalidated_no_exact_total_intrinsic_sd,forecast_uncertainty_preserved_but_not_consumed_by_current_value,21.39786774052874,5
VNEXT_A2_BURR,sleeper:7571,sleeper:player:7571,Rashod Bateman,WR,63.239660835496316,68.86409255130476,27.258182997515853,63.52928714451433,67.96128888751555,24.14055637640092,45.837050788112705,49.699720822011884,52.98477028642427,3.053444875992213,74.86954146379938,0.28290477941320374,0.6169672051361754,unvalidated_no_exact_total_intrinsic_sd,forecast_uncertainty_preserved_but_not_consumed_by_current_value,17.75517301694849,15
VNEXT_A2_BURR,sleeper:7585,sleeper:player:7585,Davis Mills,QB,43.895091348232626,46.673767026384425,15.863842030338153,51.42526800001733,54.91435317347917,19.262086999803408,28.237308033579456,38.23430858284641,36.594855587992804,3.6225761225639914,51.625999779649064,0.08822204096667573,0.23087605448062332,unvalidated_no_exact_total_intrinsic_sd,forecast_uncertainty_preserved_but_not_consumed_by_current_value,5.68073030618031,13
VNEXT_A2_BURR,sleeper:7587,sleeper:player:7587,Dyami Brown,WR,45.09315212477396,48.01106745112778,16.482421825955523,44.937963486788405,47.50228446452112,15.396313422646234,27.55608319812838,33.761106628662645,33.81731300478221,0.9697288207996344,47.815070257617876,0.14630551838762887,0.3369946725064859,unvalidated_no_exact_total_intrinsic_sd,forecast_uncertainty_preserved_but_not_consumed_by_current_value,11.297899273909692,15
VNEXT_A2_BURR,sleeper:7588,sleeper:player:7588,Javonte Williams,RB,87.86241591989094,113.1643241613734,71.31872216760824,91.3587439659617,105.68551788368073,53.131992163889905,77.23204098336056,78.94205364764362,86.96334262232068,8.611601075433974,122.68286859627898,0.5817365231656227,1.0557161489710016,unvalidated_no_exact_total_intrinsic_sd,forecast_uncertainty_preserved_but_not_consumed_by_current_value,39.93018263559463,5
VNEXT_A2_BURR,sleeper:7591,sleeper:player:7591,Justin Fields,QB,64.89578900221025,69.24411733087872,24.151280601928878,80.91647057911032,86.84444354046906,31.535411252648853,47.45094050578425,63.766712352335425,61.23196483879185,5.738150244645723,86.40474910447895,0.15251285246967258,0.3821995590110483,unvalidated_no_exact_total_intrinsic_sd,forecast_uncertainty_preserved_but_not_consumed_by_current_value,35.93435116044107,96
VNEXT_A2_BURR,sleeper:7594,sleeper:player:7594,Chuba Hubbard,RB,74.92556819134332,87.64927887558268,45.48137331495199,84.04022297418135,94.19793137602507,42.549867191005546,60.73058372299203,70.425543282614,72.48276673840445,0.7385411428546149,102.50345118623183,0.4075056714224887,0.8578214950026917,unvalidated_no_exact_total_intrinsic_sd,forecast_uncertainty_preserved_but_not_consumed_by_current_value,47.091710202103826,24
VNEXT_A2_BURR,sleeper:7600,sleeper:player:7600,Pat Freiermuth,TE,50.922470270350644,62.10427026875211,35.55056127798072,63.007281626718076,71.6064990346811,34.02312692882915,37.21377151429189,50.30902144930757,48.184659357470814,4.716562209976608,67.97997378427283,0.46784858880174773,0.9228711879087952,unvalidated_no_exact_total_intrinsic_sd,forecast_uncertainty_preserved_but_not_consumed_by_current_value,43.61695604134145,28
VNEXT_A2_BURR,sleeper:7610,sleeper:player:7610,Trey Lance,QB,60.1188952464595,63.72458717000934,21.1315272598397,78.02411442518333,83.40927166310915,29.484642910102234,45.97880095541164,63.64798653102087,60.34967352236051,6.903689456562681,85.06765108076246,0.09688305511132982,0.25425574925955907,unvalidated_no_exact_total_intrinsic_sd,forecast_uncertainty_preserved_but_not_consumed_by_current_value,7.5980792485380135,24
VNEXT_A2_BURR,sleeper:7611,sleeper:player:7611,Rhamondre Stevenson,RB,74.17671980514498,87.04030944856731,45.53932045882293,80.32293518396888,89.36058334877028,39.160438453424575,59.46696638964559,66.12614241185904,69.55250260128291,2.770783538630603,98.3230593237669,0.39999840820471144,0.8400050484963655,unvalidated_no_exact_total_intrinsic_sd,forecast_uncertainty_preserved_but_not_consumed_by_current_value,38.89865154608498,12
VNEXT_A2_BURR,sleeper:7694,sleeper:player:7694,Tommy Tremble,TE,38.185630339237484,42.66117132064435,19.02191299644896,51.71964498218678,56.20509150240076,22.00205976061796,21.7371690490245,37.81038057346378,32.97965488749225,8.841406272656755,45.794593655998405,0.23931497345986902,0.5464656071453207,unvalidated_no_exact_total_intrinsic_sd,forecast_uncertainty_preserved_but_not_consumed_by_current_value,13.078316456160856,10
VNEXT_A2_BURR,sleeper:7716,sleeper:player:7716,John Bates,TE,20.879138402029007,22.44844908459292,8.245874477123591,23.960795209529564,25.483321569097974,8.676403121169452,9.887638695422213,14.75260069715988,13.573670751423435,2.2542611125891305,19.06324689480689,0.07194931733015242,0.18497154268335714,unvalidated_no_exact_total_intrinsic_sd,forecast_uncertainty_preserved_but_not_consumed_by_current_value,6.115220104185678,15
VNEXT_A2_BURR,sleeper:7828,sleeper:player:7828,Noah Gray,TE,35.239167682295566,38.98569399519292,16.67589270011884,44.26584302331499,47.767876697429244,17.95286009570729,19.423814304818293,30.62649011497264,27.60834128753237,5.617396948972182,38.63788126716328,0.1989373828660935,0.4600970277746186,unvalidated_no_exact_total_intrinsic_sd,forecast_uncertainty_preserved_but_not_consumed_by_current_value,14.984573693720488,12
VNEXT_A2_BURR,sleeper:7891,sleeper:player:7891,Brock Wright,TE,31.58854189079132,34.049664807872816,12.709984057512207,38.4769770969919,40.999751846311455,14.159868817777946,17.226962179019953,27.13779199480223,24.47144535721419,4.964136864077652,34.24997256841157,0.11488346666168571,0.27824769537099064,unvalidated_no_exact_total_intrinsic_sd,forecast_uncertainty_preserved_but_not_consumed_by_current_value,15.44111403398006,37
VNEXT_A2_BURR,sleeper:8110,sleeper:player:8110,Jake Ferguson,TE,53.55790289407009,67.15099563290018,40.50687907108047,66.84179175107668,76.89396842177672,38.01127799949499,41.518002341385575,54.88529995374587,53.083849077308756,4.364327226403653,74.94493120675912,0.5238072580474116,0.977069393423132,unvalidated_no_exact_total_intrinsic_sd,forecast_uncertainty_preserved_but_not_consumed_by_current_value,29.106336338676442,11
VNEXT_A2_BURR,sleeper:8111,sleeper:player:8111,Cade Otton,TE,54.04582387004687,60.676953221243146,27.58154409058349,60.41124549925188,65.84580954876346,26.194504239652026,36.760613760948154,46.3853826431082,45.820254353842905,2.2669172628397405,64.7599606564516,0.2976509583558087,0.6520608564062467,unvalidated_no_exact_total_intrinsic_sd,forecast_uncertainty_preserved_but_not_consumed_by_current_value,23.03055811589836,33
VNEXT_A2_BURR,sleeper:8112,sleeper:player:8112,Drake London,WR,79.05739649774848,99.49136025191102,60.40247365607906,92.48831892251815,106.38816220809123,52.5771045313614,67.4127086105486,81.01005486751995,81.90918932219867,1.228962322816848,115.83056696074948,0.6495302950668378,1.0922638644828904,unvalidated_no_exact_total_intrinsic_sd,forecast_uncertainty_preserved_but_not_consumed_by_current_value,68.22952821936167,15
VNEXT_A2_BURR,sleeper:8117,sleeper:player:8117,Jalen Tolbert,WR,46.28212575180669,49.34558077812068,17.11581660990749,44.05295758904896,46.568947798431985,15.099795585058004,28.464531094631518,32.34047532503492,33.635702525049766,0.8288580080990577,47.56084485277452,0.15291089837883717,0.34569603106427166,unvalidated_no_exact_total_intrinsic_sd,forecast_uncertainty_preserved_but_not_consumed_by_current_value,11.781291089356273,16
VNEXT_A2_BURR,sleeper:8119,sleeper:player:8119,Jahan Dotson,WR,43.11177034740835,46.17443398455561,16.536432847092694,39.857611024083695,42.240948487406065,13.988158297950976,26.281917639495514,28.841285497269077,30.54953643136928,1.501801221794281,43.17745876534809,0.16171131049562903,0.37436075471318286,unvalidated_no_exact_total_intrinsic_sd,forecast_uncertainty_preserved_but_not_consumed_by_current_value,8.742986375110227,15
VNEXT_A2_BURR,sleeper:8121,sleeper:player:8121,Romeo Doubs,WR,68.60889298330528,79.19707261308034,39.56003177560508,72.6626848598038,80.45537775956736,34.54275668500597,56.35225766769553,60.45695929513712,64.82522746777038,4.219265926804638,91.57957210827776,0.44950517913165106,0.9560406431657997,unvalidated_no_exact_total_intrinsic_sd,forecast_uncertainty_preserved_but_not_consumed_by_current_value,39.97386454390903,19
VNEXT_A2_BURR,sleeper:8126,sleeper:player:8126,Wan'Dale Robinson,WR,84.45743336908991,93.46815795402964,40.040460786873716,80.54652699027535,86.74360557808104,32.19798283263312,68.19808815400023,67.3537219099287,75.68636797849503,9.305310850976717,106.63143901082367,0.37497608577306385,0.7912322865959099,unvalidated_no_exact_total_intrinsic_sd,forecast_uncertainty_preserved_but_not_consumed_by_current_value,14.288594200023311,16
VNEXT_A2_BURR,sleeper:8127,sleeper:player:8127,Charlie Kolar,TE,35.69073654130206,39.66116249138335,17.296795521346713,42.50213036553436,45.93394756490221,17.42114959715081,19.899284309643516,29.384806722187854,27.144644888233785,4.316131193583736,38.14491451997771,0.20589540325788563,0.473859464324552,unvalidated_no_exact_total_intrinsic_sd,forecast_uncertainty_preserved_but_not_consumed_by_current_value,14.567496367499928,21
VNEXT_A2_BURR,sleeper:8130,sleeper:player:8130,Trey McBride,TE,53.49781131031032,77.37900742197418,55.90612644975834,65.83275835534691,81.04458932009844,47.26810114009146,41.99265851844929,54.397065966473896,53.09126358072137,3.6081204200954886,74.99563990145928,0.729045113988446,1.0923542933994985,unvalidated_no_exact_total_intrinsic_sd,forecast_uncertainty_preserved_but_not_consumed_by_current_value,86.77405615593045,29
VNEXT_A2_BURR,sleeper:8131,sleeper:player:8131,Isaiah Likely,TE,46.331654392051654,56.42737725013759,32.20910903183797,59.4708335264817,67.79546553127847,32.54911836391682,32.868250743416844,47.29695030615154,44.1391135653056,6.234033464290167,62.110059728098804,0.4477768939383235,0.9068419071204665,unvalidated_no_exact_total_intrinsic_sd,forecast_uncertainty_preserved_but_not_consumed_by_current_value,33.9264041219175,24
VNEXT_A2_BURR,sleeper:8132,sleeper:player:8132,Tyler Allgeier,RB,74.43113256514903,84.08762743696508,39.12461620319174,67.09332013716129,73.2280556644989,29.33998175485691,57.94006295332491,53.419067744193676,62.570477347890126,10.653777065146244,87.8443299555061,0.32148977635803927,0.6675306036552201,unvalidated_no_exact_total_intrinsic_sd,forecast_uncertainty_preserved_but_not_consumed_by_current_value,21.671671088787605,15
VNEXT_A2_BURR,sleeper:8134,sleeper:player:8134,Khalil Shakir,WR,73.74281526807017,84.80559294677781,41.88061355082857,75.68947688828925,83.69845695929635,35.72862697815732,61.46632329418758,62.93761441212965,69.26344810657706,6.773948387295775,97.71880121282311,0.452782533988631,0.9604650600963425,unvalidated_no_exact_total_intrinsic_sd,forecast_uncertainty_preserved_but_not_consumed_by_current_value,44.35768941896953,16
VNEXT_A2_BURR,sleeper:8135,sleeper:player:8135,Treylon Burks,WR,50.266400041357926,53.55154266905774,18.467721817216212,47.45435104721755,50.19702972780535,16.365401314407677,33.016028455578514,35.61206366284185,38.07341970165417,2.3339081908385033,53.79334018364497,0.1586661764800839,0.3626215600246103,unvalidated_no_exact_total_intrinsic_sd,forecast_uncertainty_preserved_but_not_consumed_by_current_value,12.256324694729955,8
VNEXT_A2_BURR,sleeper:8136,sleeper:player:8136,Rachaad White,RB,74.35986768223323,87.65293658413259,46.407406414307786,82.2589652370417,92.48318629074132,42.26821955818729,60.45066790031055,68.60468316777956,71.39394649778924,1.8161841265432415,100.94995130398468,0.41764057173876484,0.8775828456193251,unvalidated_no_exact_total_intrinsic_sd,forecast_uncertainty_preserved_but_not_consumed_by_current_value,42.067857803060264,17
VNEXT_A2_BURR,sleeper:8137,sleeper:player:8137,George Pickens,WR,75.29507199088229,94.66908409238287,57.38368772376444,85.47060073353208,98.34661388985509,48.65010661704025,65.00966847408938,73.80220661328765,76.79008020031183,1.9361239248756519,108.5803124810763,0.6332861856147188,1.1088589069729797,unvalidated_no_exact_total_intrinsic_sd,forecast_uncertainty_preserved_but_not_consumed_by_current_value,33.97948507551337,2
VNEXT_A2_BURR,sleeper:8138,sleeper:player:8138,James Cook,RB,81.50567537766858,109.19165690451395,72.66115068441457,90.68505485849334,105.9863721405377,54.85737785225064,70.79971535331391,77.98991657711159,82.44190823813996,3.832043323353716,116.52747277727994,0.6319913858949934,1.0784661249885663,unvalidated_no_exact_total_intrinsic_sd,forecast_uncertainty_preserved_but_not_consumed_by_current_value,51.05236237501259,10
VNEXT_A2_BURR,sleeper:8142,sleeper:player:8142,Alec Pierce,WR,68.10819979014639,82.16132444322902,45.953850280591794,78.71546244424289,88.53079276907621,40.516382371950534,56.338200552441265,66.57491935856416,67.87382640367026,0.2129087669875318,95.98784970613767,0.526839658199813,1.0303313321551233,unvalidated_no_exact_total_intrinsic_sd,forecast_uncertainty_preserved_but_not_consumed_by_current_value,40.89667378562595,11
VNEXT_A2_BURR,sleeper:8144,sleeper:player:8144,Chris Olave,WR,76.84048610026755,95.29740301131952,56.36607771147855,87.72768932230842,99.87768840994505,47.74311644920767,65.0332773554589,75.91705011087278,77.87309492148141,0.4282170470344937,110.12835445724565,0.6128659144186117,1.078521437493437,unvalidated_no_exact_total_intrinsic_sd,forecast_uncertainty_preserved_but_not_consumed_by_current_value,49.43307247153825,16
VNEXT_A2_BURR,sleeper:8146,sleeper:player:8146,Garrett Wilson,WR,83.65279284290304,98.75529342034191,52.486362306033136,91.83397677795871,102.02212293370089,44.441357731785324,69.09432090075823,79.06094281393919,81.92742225763612,1.6086415825734335,115.85170394871557,0.5390631594465453,0.9946379890096119,unvalidated_no_exact_total_intrinsic_sd,forecast_uncertainty_preserved_but_not_consumed_by_current_value,38.43199359818021,9
VNEXT_A2_BURR,sleeper:8148,sleeper:player:8148,Jameson Williams,WR,68.90965341794997,84.72863179924623,49.299094437831776,81.42163648370334,92.62918788232048,44.166543446979155,58.52933100381298,70.09658065351265,70.9926007588163,0.8948481689218468,100.39471087540392,0.5672869976511664,1.071705801652445,unvalidated_no_exact_total_intrinsic_sd,forecast_uncertainty_preserved_but_not_consumed_by_current_value,9.474355834193773,5
VNEXT_A2_BURR,sleeper:8150,sleeper:player:8150,Kyren Williams,RB,83.33342561167733,109.00348429613112,70.26592178659541,91.18187622512045,106.23551019300139,54.5146684300117,73.27084947097431,79.75823861595532,84.84989343893466,4.654894650300449,119.90554945035588,0.5928935337274923,1.0811400473584858,unvalidated_no_exact_total_intrinsic_sd,forecast_uncertainty_preserved_but_not_consumed_by_current_value,32.24015127717945,7
VNEXT_A2_BURR,sleeper:8151,sleeper:player:8151,Kenneth Walker,RB,79.93927163825684,103.4286493306776,65.62924921339007,91.24254530783408,105.85987081903507,53.67597391357363,69.51885768257333,79.61637733569144,82.46590801691612,1.5681964051502675,116.61386165522438,0.5651677974208642,1.064308847056867,unvalidated_no_exact_total_intrinsic_sd,forecast_uncertainty_preserved_but_not_consumed_by_current_value,27.077063096060385,3
VNEXT_A2_BURR,sleeper:8154,sleeper:player:8154,Brian Robinson,RB,61.91055371840692,69.78533339446001,32.20366586673303,60.26300924759172,65.55123996372458,25.79408415134133,44.60289527127003,46.596559790816585,50.702615578243595,4.246446531714547,71.5784754294445,0.28590790423068785,0.5974899679943465,unvalidated_no_exact_total_intrinsic_sd,forecast_uncertainty_preserved_but_not_consumed_by_current_value,27.672564655452973,33
VNEXT_A2_BURR,sleeper:8155,sleeper:player:8155,Breece Hall,RB,83.51940362629065,107.17663355154666,67.16650949209185,93.06977098422948,108.05982262776357,54.90849656735103,73.34637673397174,81.93563306541466,85.9726033702855,3.1459253341138904,121.54291511363806,0.5573606421979069,1.0700929199396194,unvalidated_no_exact_total_intrinsic_sd,forecast_uncertainty_preserved_but_not_consumed_by_current_value,28.164781010191064,13
VNEXT_A2_BURR,sleeper:8160,sleeper:player:8160,Kenny Pickett,QB,29.02789260915306,30.825329655040733,10.372193548782766,32.39473809260847,34.543243190960105,11.992355651043434,18.219745416913838,22.45053864913436,22.426447477871164,0.7337305696228089,31.707297778376336,0.0568016759394579,0.15309330264727852,unvalidated_no_exact_total_intrinsic_sd,forecast_uncertainty_preserved_but_not_consumed_by_current_value,10.419125951224999,19
VNEXT_A2_BURR,sleeper:8161,sleeper:player:8161,Malik Willis,QB,108.41019683292528,125.43638859790467,63.099261541882925,127.6771249506229,145.0215760384669,68.7736088992272,88.57782551217525,110.88747387011458,109.94254410327936,4.825048185808811,155.40735155650674,0.6722098694066699,1.30176751140469,unvalidated_no_exact_total_intrinsic_sd,forecast_uncertainty_preserved_but_not_consumed_by_current_value,26.221719503754002,10
VNEXT_A2_BURR,sleeper:8167,sleeper:player:8167,Christian Watson,WR,79.41750670869904,93.83792671776914,49.98415867915708,84.05808309147665,93.4145869184674,40.74952412156871,66.49019168017024,71.35316757424069,76.49712615478727,4.963999355755817,108.06932650053359,0.5268331185856157,0.9942114984669621,unvalidated_no_exact_total_intrinsic_sd,forecast_uncertainty_preserved_but_not_consumed_by_current_value,39.25152307556269,4
VNEXT_A2_BURR,sleeper:8172,sleeper:player:8172,Greg Dulcich,TE,53.17412147245294,64.03121041480316,35.67224008690253,65.18106192560242,73.93439125753925,34.89589340987959,40.09168416652396,53.066746984332916,51.296360381400945,4.262793154635162,72.4186562377259,0.4540923113436342,0.9156332078338162,unvalidated_no_exact_total_intrinsic_sd,forecast_uncertainty_preserved_but_not_consumed_by_current_value,42.115349986687704,26
VNEXT_A2_BURR,sleeper:8180,sleeper:player:8180,Jalen Nailor,WR,62.548089655206645,68.55034229632861,28.05148675967194,63.49369538839459,68.0299896897711,24.42601365585719,44.64134205009594,49.3746585668271,52.08080499439668,2.2719499280489757,73.61833155711412,0.3056474178290844,0.6514976343157632,unvalidated_no_exact_total_intrinsic_sd,forecast_uncertainty_preserved_but_not_consumed_by_current_value,24.32902546678544,21
VNEXT_A2_BURR,sleeper:8183,sleeper:player:8183,Brock Purdy,QB,99.83779024131597,125.0031089574763,75.22096043501229,123.8015372598998,145.18736759565462,75.84557390804939,84.02056377590775,107.04305432967877,105.2697317901374,5.921127543671318,148.7560859627145,0.8818190234476289,1.4959641571913709,unvalidated_no_exact_total_intrinsic_sd,forecast_uncertainty_preserved_but_not_consumed_by_current_value,24.890682756416425,3
VNEXT_A2_BURR,sleeper:8188,sleeper:player:8188,Tyquan Thornton,WR,57.122936642406,62.27182559513277,24.794160044218113,58.090606429891345,62.24797040987701,22.36719170473555,39.27247270795422,44.40556206578367,46.299583376741964,1.2985832092323903,65.46462039428978,0.27376239713841727,0.6048835941255266,unvalidated_no_exact_total_intrinsic_sd,forecast_uncertainty_preserved_but_not_consumed_by_current_value,21.59989517185135,20
VNEXT_A2_BURR,sleeper:8205,sleeper:player:8205,Isiah Pacheco,RB,58.56959488886182,65.15669034070963,28.548149689773854,55.116694360391136,59.5787216404237,22.62242416476005,40.48831925837456,41.81989981734998,45.79668074051634,4.2001937515830186,64.62994898765373,0.2359905089341467,0.49336086812676727,unvalidated_no_exact_total_intrinsic_sd,forecast_uncertainty_preserved_but_not_consumed_by_current_value,27.857130186856658,36
VNEXT_A2_BURR,sleeper:8225,sleeper:player:8225,Daniel Bellinger,TE,37.23433763284889,41.712176994341654,18.80185657455928,51.83055489771967,56.43264088630827,22.321212699974414,21.056416596429163,38.035523620304964,32.79517883603579,9.582711708705546,45.378619922635124,0.24499668182551534,0.5589292957761494,unvalidated_no_exact_total_intrinsic_sd,forecast_uncertainty_preserved_but_not_consumed_by_current_value,14.02498398513395,11
VNEXT_A2_BURR,sleeper:8228,sleeper:player:8228,Jaylen Warren,RB,81.70750587669052,100.93204374770775,59.255049898719825,84.679391928485,95.99358170900251,45.21247960403158,69.40931535193494,71.77786952079187,78.55038629542965,7.138407320372579,110.85742877791681,0.4950610938795239,0.970642336454237,unvalidated_no_exact_total_intrinsic_sd,forecast_uncertainty_preserved_but_not_consumed_by_current_value,50.46384989146628,18
VNEXT_A2_BURR,sleeper:827,sleeper:player:827,Tyrod Taylor,QB,40.62865027728274,42.955529362348656,13.945977177876449,60.75465721393353,64.6296166589093,22.04220897040497,28.27788396172052,50.04173320893807,43.41582672165545,12.11895087599531,60.19135361092019,0.048151527309568294,0.12294452373409659,unvalidated_no_exact_total_intrinsic_sd,forecast_uncertainty_preserved_but_not_consumed_by_current_value,13.353815718534845,18
VNEXT_A2_BURR,sleeper:8408,sleeper:player:8408,Jordan Mason,RB,73.70789478604858,88.9716188364867,49.83066530354443,74.36695631738552,84.10938150761869,39.29305111189794,61.276875972737166,61.24372747397582,68.34340576099117,7.836751476879073,96.33393767677411,0.45045228620424227,0.9244396288914116,unvalidated_no_exact_total_intrinsic_sd,forecast_uncertainty_preserved_but_not_consumed_by_current_value,39.01682131101012,17
VNEXT_A2_BURR,sleeper:8676,sleeper:player:8676,Rashid Shaheed,WR,60.746224443294956,66.34705622962734,26.680106563171115,59.16108602887802,63.3044885889345,22.526077674336303,43.20956812540775,44.978106718856715,49.04069834940529,4.231450802222611,69.22481501097056,0.283431921134205,0.6183086177247846,unvalidated_no_exact_total_intrinsic_sd,forecast_uncertainty_preserved_but_not_consumed_by_current_value,14.458492229265545,14
VNEXT_A2_BURR,sleeper:8698,sleeper:player:8698,Jake Tonges,TE,42.255105646883464,47.09048946484202,20.785096699537256,55.20928048180262,59.66354709408838,22.620216633139254,25.38928654950534,40.60911612171422,36.42218605454802,7.759192830858986,50.92097996501806,0.24927714153417985,0.5421834627585249,unvalidated_no_exact_total_intrinsic_sd,forecast_uncertainty_preserved_but_not_consumed_by_current_value,18.878812625975733,24
VNEXT_A2_BURR,sleeper:8800,sleeper:player:8800,Malik Davis,RB,47.92263579994101,52.58407825753721,21.64500552508614,39.81692155287837,42.78745682179156,15.664584875719074,31.141211890016592,28.677086989086515,33.61469246884866,5.750834756899096,47.18922545612911,0.16027321693328747,0.3527316063160238,unvalidated_no_exact_total_intrinsic_sd,forecast_uncertainty_preserved_but_not_consumed_by_current_value,16.765847934504123,30
VNEXT_A2_BURR,sleeper:8917,sleeper:player:8917,KaVontae Turpin,WR,38.384037302862275,41.25411891764487,15.118465795300184,32.7006858984681,34.668185488141376,11.512959081396303,22.086335429837995,20.61208316942077,23.962856794222663,3.88115502545579,33.6656152052688,0.1568074460617654,0.36289629199312196,unvalidated_no_exact_total_intrinsic_sd,forecast_uncertainty_preserved_but_not_consumed_by_current_value,13.031905594513503,24
VNEXT_A2_BURR,sleeper:9221,sleeper:player:9221,Jahmyr Gibbs,RB,89.4762509814667,128.1975734005277,91.80750697021057,96.56227309850868,121.38740042507168,73.5569738094609,80.43525099526296,86.47864427203966,92.61913850064725,5.889142859424872,130.85078383252215,0.7243839634527863,1.159931606635145,unvalidated_no_exact_total_intrinsic_sd,forecast_uncertainty_preserved_but_not_consumed_by_current_value,91.76556814799255,12
VNEXT_A2_BURR,sleeper:9224,sleeper:player:9224,Chase Brown,RB,87.14461464209946,114.65121621822364,74.50313764666461,97.4212054796662,114.52381548471472,60.20642022297655,76.4108370690469,85.43877004006097,89.60431154580252,3.219700154745823,126.67872286263392,0.6157320339409563,1.082056738806377,unvalidated_no_exact_total_intrinsic_sd,forecast_uncertainty_preserved_but_not_consumed_by_current_value,26.450704083486585,5
VNEXT_A2_BURR,sleeper:9225,sleeper:player:9225,Tank Bigsby,RB,57.49805622312717,64.54356771976015,29.323125081705925,57.9855628727073,63.60036465693593,26.12816263786135,41.34806733218002,45.716395262466854,48.230887348580225,2.115761655220716,68.17595280948532,0.26871975740319426,0.605413208886165,unvalidated_no_exact_total_intrinsic_sd,forecast_uncertainty_preserved_but_not_consumed_by_current_value,20.70005679486733,18
VNEXT_A2_BURR,sleeper:9226,sleeper:player:9226,De'Von Achane,RB,94.65924450991184,125.17176191481559,81.89992313593466,99.84320530830828,118.7980032427767,64.3762372947797,85.40884967178192,89.75601187285594,97.34349764548891,7.748803642876226,137.44624079915303,0.6167500229099853,1.115738961727459,unvalidated_no_exact_total_intrinsic_sd,forecast_uncertainty_preserved_but_not_consumed_by_current_value,31.42685508166869,4
VNEXT_A2_BURR,sleeper:9228,sleeper:player:9228,Bryce Young,QB,97.96272896018239,120.82904979922665,70.73162666062358,118.42849094365711,141.88039770652665,78.132834238688,82.01879890369055,103.4381896796462,102.2032399241916,5.018112975407391,144.45007111168132,0.8669804386820404,1.5334773834716118,unvalidated_no_exact_total_intrinsic_sd,forecast_uncertainty_preserved_but_not_consumed_by_current_value,49.646956137878306,10
VNEXT_A2_BURR,sleeper:9230,sleeper:player:9230,Tanner McKee,QB,32.517752066243375,34.42703482673,11.305597176584934,46.10071574630657,49.1954395536884,17.173097581940496,21.61793697166697,34.64935310391383,31.054125794085692,6.658911191660817,43.40940404349466,0.05744006626430962,0.15764579462210299,unvalidated_no_exact_total_intrinsic_sd,forecast_uncertainty_preserved_but_not_consumed_by_current_value,8.954120981633718,27
VNEXT_A2_BURR,sleeper:9479,sleeper:player:9479,Darnell Washington,TE,51.236040373214244,57.336613307203415,25.736266093086147,57.814483698429974,63.503612751785376,26.271549387363752,35.275248494607645,44.47309801782835,43.94873556272801,2.1478520974644795,62.11577453829747,0.2910370294069075,0.6565403413026007,unvalidated_no_exact_total_intrinsic_sd,forecast_uncertainty_preserved_but_not_consumed_by_current_value,22.469600456066814,20
VNEXT_A2_BURR,sleeper:9480,sleeper:player:9480,Brenton Strange,TE,54.084321106793766,66.44858361685314,38.60441004733975,61.74459846984398,71.67139428885204,36.392215089299434,41.50489217258123,49.99982280758758,50.49381535507916,0.845713631787973,71.40403032517607,0.49934038843615464,0.9579621819787454,unvalidated_no_exact_total_intrinsic_sd,forecast_uncertainty_preserved_but_not_consumed_by_current_value,31.73129871443797,18
VNEXT_A2_BURR,sleeper:9481,sleeper:player:9481,Luke Musgrave,TE,30.023865152041505,32.57379581347673,12.634068823229583,39.22866819510565,42.055029281048775,15.157080176213903,15.81704582845022,27.035211045712956,23.712655429580934,6.088451026344922,32.9774289347103,0.1327776240870754,0.32458483557837026,unvalidated_no_exact_total_intrinsic_sd,forecast_uncertainty_preserved_but_not_consumed_by_current_value,8.497586330390398,10
VNEXT_A2_BURR,sleeper:9482,sleeper:player:9482,Michael Mayer,TE,50.724809352519195,56.93472123979826,25.856453716705165,59.01520858864198,64.85125029530083,26.886610424202477,35.03572123479393,45.32801268688222,44.26509984193276,2.9691261166975558,62.52985221584724,0.2998433343300851,0.670555984037537,unvalidated_no_exact_total_intrinsic_sd,forecast_uncertainty_preserved_but_not_consumed_by_current_value,17.72019820294902,7
VNEXT_A2_BURR,sleeper:9484,sleeper:player:9484,Tucker Kraft,TE,52.60692923427683,66.72312242793701,41.04249094625302,61.8513269730878,72.19483176923279,37.235830672297425,39.12349369659038,49.919008668619995,49.0579683326723,2.8115141209761205,69.32145340517977,0.5799267585519563,0.9854014169297671,unvalidated_no_exact_total_intrinsic_sd,forecast_uncertainty_preserved_but_not_consumed_by_current_value,16.90536242218056,19
VNEXT_A2_BURR,sleeper:9486,sleeper:player:9486,Dontayvion Wicks,WR,57.61652773419551,62.836027164730694,25.073931516646002,63.15074875587604,67.88761363940546,24.914072674402536,39.68312109557133,49.41488426997455,49.116268991450426,1.9716009538209747,69.43290681629225,0.28494172865068956,0.6289676791592276,unvalidated_no_exact_total_intrinsic_sd,forecast_uncertainty_preserved_but_not_consumed_by_current_value,22.88766852864481,33
VNEXT_A2_BURR,sleeper:9487,sleeper:player:9487,Parker Washington,WR,71.6544353598914,85.96508915538968,47.49356216108918,83.94213041403093,95.69007827534313,45.93810860162964,60.6409807657312,73.30422480211381,73.90450157922368,1.4174687686557021,104.50713607039873,0.5327073284249054,1.0656870580280122,unvalidated_no_exact_total_intrinsic_sd,forecast_uncertainty_preserved_but_not_consumed_by_current_value,31.711325826929993,10
VNEXT_A2_BURR,sleeper:9488,sleeper:player:9488,Jaxon Smith-Njigba,WR,73.97665346451869,100.35703560301664,67.81584871706366,90.01602238086282,109.51207661329579,62.36994980665264,63.417435860050176,79.80127313918887,78.93030102700162,3.7515993620213024,111.56124032410659,0.7429255984603987,1.1475961913108577,unvalidated_no_exact_total_intrinsic_sd,forecast_uncertainty_preserved_but_not_consumed_by_current_value,87.15468569846712,11
VNEXT_A2_BURR,sleeper:9493,sleeper:player:9493,Puka Nacua,WR,73.8422012991296,101.3971994576346,69.48900175675396,88.04767886309398,107.54287572071894,61.75011226794226,62.655960189957625,76.76657600709433,76.89347917417915,2.2062850036616695,108.72141732658963,0.7736013001155185,1.1534354374088744,unvalidated_no_exact_total_intrinsic_sd,forecast_uncertainty_preserved_but_not_consumed_by_current_value,83.3114249230382,14
VNEXT_A2_BURR,sleeper:9500,sleeper:player:9500,Josh Downs,WR,70.63947177362301,81.44510514846519,40.53850244135898,78.40488906539453,87.59404737587933,39.05624798071328,58.615098958971146,66.81465555610428,69.37329572233288,1.5492454758401308,98.09642275441081,0.45882872664666646,0.9823436642764763,unvalidated_no_exact_total_intrinsic_sd,forecast_uncertainty_preserved_but_not_consumed_by_current_value,39.67454839572969,24
VNEXT_A2_BURR,sleeper:9501,sleeper:player:9501,DeMario Douglas,WR,58.084956369439396,63.526367586322166,25.724253580480134,64.51598309942267,69.43140204649099,25.65945273883449,40.909504268400596,50.46146755991582,50.38236476942946,1.6853316838986743,71.23148894017967,0.29743515193287307,0.6519494757870771,unvalidated_no_exact_total_intrinsic_sd,forecast_uncertainty_preserved_but_not_consumed_by_current_value,24.937409934866942,34
VNEXT_A2_BURR,sleeper:9502,sleeper:player:9502,Tank Dell,WR,48.08238031282742,50.66812223570019,15.979465396078876,39.297493800092056,41.341988564020554,12.840054495964285,32.22234913964868,28.982742609782314,34.47668871435459,6.448965233133656,48.329028304269094,0.08715260631387346,0.20775482864531258,unvalidated_no_exact_total_intrinsic_sd,forecast_uncertainty_preserved_but_not_consumed_by_current_value,15.384119298207544,36
VNEXT_A2_BURR,sleeper:9504,sleeper:player:9504,Kayshon Boutte,WR,68.33789420845126,75.18507234691029,31.348481924403586,76.5565177097598,82.88342497678988,31.761009619317687,51.989152712929815,63.529861491261094,63.71549927847806,1.7095451214457995,90.09110473342648,0.34463459309437594,0.7522804613440306,unvalidated_no_exact_total_intrinsic_sd,forecast_uncertainty_preserved_but_not_consumed_by_current_value,15.62113005657757,14
VNEXT_A2_BURR,sleeper:9506,sleeper:player:9506,Sean Tucker,RB,69.30222957806487,78.43468393722462,36.73146634483182,70.17709819849222,77.26470345519918,32.326603416676,53.35069941430265,56.97023589541759,61.24277279916798,4.1870990677180515,86.50908993659645,0.32715237076063897,0.701808514734291,unvalidated_no_exact_total_intrinsic_sd,forecast_uncertainty_preserved_but_not_consumed_by_current_value,33.59482275836935,31
VNEXT_A2_BURR,sleeper:9508,sleeper:player:9508,Tyjae Spears,RB,85.29421360961138,96.34378738043351,44.799804592477464,80.81461077584778,88.7700522150649,36.73038055089512,69.35562387407134,67.28139662498758,76.409306431603,10.34147123140712,107.56308935451415,0.33894008910197565,0.7234573421026383,unvalidated_no_exact_total_intrinsic_sd,forecast_uncertainty_preserved_but_not_consumed_by_current_value,35.09938630348756,19
VNEXT_A2_BURR,sleeper:9509,sleeper:player:9509,Bijan Robinson,RB,90.85755674631469,128.97200595276166,91.53514462527163,99.76601502555108,124.16277999280142,73.91304473137555,81.50153149776463,89.55971618462644,94.79550749150961,4.569406829707333,133.98319671649253,0.70535167861981,1.1406712488046058,unvalidated_no_exact_total_intrinsic_sd,forecast_uncertainty_preserved_but_not_consumed_by_current_value,93.96755551621106,12
VNEXT_A2_BURR,sleeper:9511,sleeper:player:9511,Keaton Mitchell,RB,63.32623292234866,70.95378014870592,32.00354888532424,68.75298605841174,75.20267836165704,30.470801446937383,46.77795549004743,56.147248864022394,56.803078684128266,0.805125137715855,80.3276494707965,0.26906585925038123,0.6064692133372911,unvalidated_no_exact_total_intrinsic_sd,forecast_uncertainty_preserved_but_not_consumed_by_current_value,33.15411035760756,37
VNEXT_A2_BURR,sleeper:96,sleeper:player:96,Aaron Rodgers,QB,96.48501771056235,105.68020156683438,43.11550023598491,91.74793026972168,98.84223576853475,36.770978542117966,71.97440986931456,71.64734058280203,80.13996741134133,9.41304481784291,112.94345195999182,0.349281136441701,0.7344630573076318,unvalidated_no_exact_total_intrinsic_sd,forecast_uncertainty_preserved_but_not_consumed_by_current_value,61.37773793425825,22
VNEXT_A2_BURR,sleeper:9753,sleeper:player:9753,Zach Charbonnet,RB,84.61673007601325,97.26553530442293,47.96450092828088,83.83772615179268,92.60145880301096,39.322586971647134,68.12864431619705,69.91290953174884,76.84375370897077,7.397270532078963,108.42142480545603,0.3827065226229993,0.7927268737268751,unvalidated_no_exact_total_intrinsic_sd,forecast_uncertainty_preserved_but_not_consumed_by_current_value,35.608878318763075,15
VNEXT_A2_BURR,sleeper:9754,sleeper:player:9754,Quentin Johnston,WR,68.38301935014616,81.28352049279907,43.94056631702445,81.58377610087652,92.1100605526604,42.759218095479895,56.375731391982,70.11280891787628,69.73053581402958,2.737132759980909,98.57587612635031,0.5150234599188012,1.0397365600079551,unvalidated_no_exact_total_intrinsic_sd,forecast_uncertainty_preserved_but_not_consumed_by_current_value,43.04768474197596,15
VNEXT_A2_BURR,sleeper:9756,sleeper:player:9756,Jordan Addison,WR,77.20958314500169,85.2316713320278,36.09872668981389,77.55434468198129,83.79747386738997,31.738623906911037,60.97866231735534,64.57870736502595,69.73895478304532,5.173746898520797,98.48997904098329,0.36267608175071153,0.778696329933547,unvalidated_no_exact_total_intrinsic_sd,forecast_uncertainty_preserved_but_not_consumed_by_current_value,27.684806612954873,27
VNEXT_A2_BURR,sleeper:9757,sleeper:player:9757,Kendre Miller,RB,63.66152988876082,70.70615693159517,30.766381656895845,61.21549987401062,66.64178638893966,26.339898790315623,46.37938647059311,48.623287398567726,52.80408654554486,4.292153354538968,74.55280364546933,0.24461441452928448,0.5485804108926317,unvalidated_no_exact_total_intrinsic_sd,forecast_uncertainty_preserved_but_not_consumed_by_current_value,21.894145888548323,21
VNEXT_A2_BURR,sleeper:9758,sleeper:player:9758,C.J. Stroud,QB,99.85667623091062,123.85285963615242,73.26783095033974,119.48909823251329,143.82699425532158,80.0534801248584,83.96772864445073,103.80931819478978,103.5344315657745,3.6296630479524907,146.37480174351873,0.8934937583753089,1.5531563583040942,unvalidated_no_exact_total_intrinsic_sd,forecast_uncertainty_preserved_but_not_consumed_by_current_value,55.82195607119803,11
VNEXT_A2_BURR,sleeper:9997,sleeper:player:9997,Zay Flowers,WR,71.299977620202,88.25772627924786,52.0167226893557,87.08290886454306,99.98348775534768,49.124991678507676,59.8292557517936,75.42164084338447,74.5359669523655,3.637268120320705,105.34700289836982,0.6094906414664519,1.081152090882638,unvalidated_no_exact_total_intrinsic_sd,forecast_uncertainty_preserved_but_not_consumed_by_current_value,31.774098040103866,6
D1,sleeper:10213,sleeper:player:10213,Tre Tucker,WR,64.38377368196795,64.38377368196795,,71.00271918413983,71.00271918413983,,48.89254268306699,57.8689503720585,58.95103820368275,0.2516553632053231,83.3689779244192,0.3279431602603671,0.7213734743445211,unvalidated_no_exact_total_intrinsic_sd,not_represented_by_candidate,14.618120042143488,12
D1,sleeper:10218,sleeper:player:10218,Xavier Hutchinson,WR,43.550759161467916,43.550759161467916,,47.80885694137576,47.80885694137576,,27.055029314697492,36.10863739704388,34.77730573498736,3.091715601871332,49.08526543685707,0.17593599696487586,0.4009807618550637,unvalidated_no_exact_total_intrinsic_sd,not_represented_by_candidate,12.085639044654194,32
D1,sleeper:10219,sleeper:player:10219,Chris Rodriguez,RB,67.93665427690239,67.93665427690239,,63.76007299563435,63.76007299563435,,51.82564193676701,50.56189029856112,57.22824615177456,7.520829905541561,80.58276138696236,0.3004869914032227,0.6245253238405364,unvalidated_no_exact_total_intrinsic_sd,not_represented_by_candidate,24.71766100437692,10
D1,sleeper:10222,sleeper:player:10222,Jayden Reed,WR,71.68759695414784,71.68759695414784,,75.61521181617886,75.61521181617886,,57.822728786233576,62.9686154974257,66.97338783724194,3.654494771408473,94.6441441651886,0.41963016312180657,0.8368400217888152,unvalidated_no_exact_total_intrinsic_sd,not_represented_by_candidate,50.36980249096908,17
D1,sleeper:10226,sleeper:player:10226,Andrei Iosivas,WR,50.70538260764882,50.70538260764882,,55.285890230630635,55.285890230630635,,34.369659670306795,42.73391627897963,42.5058989921677,1.6610437918020011,60.08946523132355,0.24183817698715188,0.5236205839091073,unvalidated_no_exact_total_intrinsic_sd,not_represented_by_candidate,26.45170649061189,30
D1,sleeper:10227,sleeper:player:10227,Payne Durham,TE,25.14224164690225,25.14224164690225,,30.783828529012624,30.783828529012624,,12.373087470984116,19.889578136027666,17.80767063069163,3.853095852943488,24.887344553616487,0.10393642472127758,0.2928203468558532,unvalidated_no_exact_total_intrinsic_sd,not_represented_by_candidate,14.629568416124616,33
D1,sleeper:10229,sleeper:player:10229,Rashee Rice,WR,76.49555211309813,76.49555211309813,,84.24045106736516,84.24045106736516,,63.81180738877159,72.4517119597047,75.3798589738455,1.8936743895692203,106.5863981713425,0.5224511152217097,0.9423447772015692,unvalidated_no_exact_total_intrinsic_sd,not_represented_by_candidate,28.269645944086335,6
D1,sleeper:10231,sleeper:player:10231,Elijah Higgins,TE,35.437759228404694,35.437759228404694,,44.01757738674211,44.01757738674211,,20.005563207044755,32.00158680335836,28.701014144453904,6.1164177394383685,40.12587519141445,0.1885270193800054,0.47337193134418576,unvalidated_no_exact_total_intrinsic_sd,not_represented_by_candidate,10.701348125713665,8
D1,sleeper:10232,sleeper:player:10232,Michael Wilson,WR,68.32575286311109,68.32575286311109,,71.36402703528684,71.36402703528684,,52.43068465370691,58.33518195558488,61.339379785468,2.4189129927408004,86.71325091856095,0.3292420293130194,0.7042809213966874,unvalidated_no_exact_total_intrinsic_sd,not_represented_by_candidate,10.836819162076466,19
D1,sleeper:10235,sleeper:player:10235,Roschon Johnson,RB,25.08142279270974,25.08142279270974,,26.89113078613555,26.89113078613555,,14.428456737556974,18.85155074966558,18.328158611129755,1.3560571897099525,25.88443364355681,0.06887189069399567,0.18308233844255645,unvalidated_no_exact_total_intrinsic_sd,not_represented_by_candidate,5.486482096397392,10
D1,sleeper:10236,sleeper:player:10236,Dalton Kincaid,TE,49.51214311400444,49.51214311400444,,56.91415623382975,56.91415623382975,,37.92860666427149,45.78795032297343,46.19284117642965,0.8424784437175319,65.32110977297907,0.49909567694278034,0.9143380771650282,unvalidated_no_exact_total_intrinsic_sd,not_represented_by_candidate,24.65268408404785,10
D1,sleeper:10859,sleeper:player:10859,Sam LaPorta,TE,51.1060263116093,51.1060263116093,,57.379615255850005,57.379615255850005,,38.925585088626406,46.57056459409353,47.18971425736208,0.5604855939001254,66.73398024456502,0.5459468801334877,0.9330840900021898,unvalidated_no_exact_total_intrinsic_sd,not_represented_by_candidate,20.79563805779145,21
D1,sleeper:10871,sleeper:player:10871,Luke Schoonmaker,TE,27.67970384155027,27.67970384155027,,31.458538775701243,31.458538775701243,,14.017327623186357,20.20870114864284,18.84525732105562,2.686058100186049,26.515515059602855,0.1202913926107261,0.3119406188648588,unvalidated_no_exact_total_intrinsic_sd,not_represented_by_candidate,6.157549694869836,9
D1,sleeper:11199,sleeper:player:11199,Emari Demercado,RB,36.57539597904265,36.57539597904265,,34.095819379493825,34.095819379493825,,23.040775334945486,24.972284650626673,26.628740065014316,1.5421833746258926,37.62713469478143,0.10920902828067156,0.25038416542134223,unvalidated_no_exact_total_intrinsic_sd,not_represented_by_candidate,8.807456475148566,16
D1,sleeper:11201,sleeper:player:11201,Blake Whiteheart,TE,23.438517751208646,23.438517751208646,,25.975667024513083,25.975667024513083,,10.985047290291625,16.151127818150652,14.945065404382696,2.331899651865964,21.006480045361727,0.10199581862615018,0.26640220097689205,unvalidated_no_exact_total_intrinsic_sd,not_represented_by_candidate,4.979551366688726,10
D1,sleeper:11237,sleeper:player:11237,Jacob Saylors,RB,26.765944363331126,26.765944363331126,,26.37460649714196,26.37460649714196,,15.10633107459154,18.358139367436344,18.46083990300895,0.42337427956994844,26.104137106375564,0.0877149868858996,0.22241685162845026,unvalidated_no_exact_total_intrinsic_sd,not_represented_by_candidate,6.152669314144202,14
D1,sleeper:11256,sleeper:player:11256,Tyson Bagent,QB,35.713249220236555,35.713249220236555,,49.099661797641765,49.099661797641765,,24.304308550004173,36.73548266280527,33.63369604084232,5.882723956373255,47.20004849138035,0.07677573816169662,0.22925223856278087,unvalidated_no_exact_total_intrinsic_sd,not_represented_by_candidate,21.713751563943,65
D1,sleeper:11292,sleeper:player:11292,Tommy DeVito,QB,43.61073247643064,43.61073247643064,,56.755983653081145,56.755983653081145,,32.81561742885834,44.30878924642076,42.460256313986214,4.119825416009409,59.906375045068586,0.060373227898326644,0.16338543563495422,unvalidated_no_exact_total_intrinsic_sd,not_represented_by_candidate,12.350644033439576,24
D1,sleeper:11370,sleeper:player:11370,Chris Brooks,RB,36.00730546007611,36.00730546007611,,34.47884846035809,34.47884846035809,,22.447732810376625,25.941252528917094,26.746058174984643,0.33801793667753444,37.82312784096273,0.12175987412123962,0.2938798599541315,unvalidated_no_exact_total_intrinsic_sd,not_represented_by_candidate,9.490830664415991,16
D1,sleeper:11435,sleeper:player:11435,Emanuel Wilson,RB,27.508955837464764,27.508955837464764,,29.59463554548477,29.59463554548477,,15.475537128746467,21.001493383562376,20.08159976086765,2.019372410189318,28.32778552905831,0.07210032799694867,0.17001660607751665,unvalidated_no_exact_total_intrinsic_sd,not_represented_by_candidate,7.924310834503059,13
D1,sleeper:11559,sleeper:player:11559,Michael Penix,QB,95.89674133014756,95.89674133014756,,104.5039896449211,104.5039896449211,,74.84808925070446,85.77831687242914,88.81720490715361,1.6460419227687382,125.59570980342883,0.4130149253204597,0.9216207366968794,unvalidated_no_exact_total_intrinsic_sd,not_represented_by_candidate,44.85532808036449,15
D1,sleeper:11560,sleeper:player:11560,Caleb Williams,QB,83.74472130810913,83.74472130810913,,96.76919419108239,96.76919419108239,,72.61911549464288,85.60034058194768,87.3789898442817,0.11999790001074473,123.57249424090364,1.0917924992817227,1.6812247697315215,unvalidated_no_exact_total_intrinsic_sd,not_represented_by_candidate,29.93297181370758,3
D1,sleeper:11562,sleeper:player:11562,Spencer Rattler,QB,36.48536208872838,36.48536208872838,,50.62676996863265,50.62676996863265,,24.14092795913635,36.86690508244572,33.623745807722784,6.116550156801132,47.156127687332926,0.08186285719702499,0.19229600327748717,unvalidated_no_exact_total_intrinsic_sd,not_represented_by_candidate,12.037640368274193,45
D1,sleeper:11563,sleeper:player:11563,Bo Nix,QB,85.23258333184262,85.23258333184262,,97.2470294229119,97.2470294229119,,73.97043393256257,85.12960723370851,87.95598069796183,1.3687276163237883,124.38101006903258,1.071712143193625,1.6531380894718686,unvalidated_no_exact_total_intrinsic_sd,not_represented_by_candidate,55.38977074682498,4
D1,sleeper:11564,sleeper:player:11564,Drake Maye,QB,79.53149948260628,79.53149948260628,,92.54019073141258,92.54019073141258,,69.05265625078432,81.99270753530807,83.3931672663563,0.5449733810933992,117.93448900742675,1.1401055038004078,1.726152926216456,unvalidated_no_exact_total_intrinsic_sd,not_represented_by_candidate,43.93291659432816,3
D1,sleeper:11565,sleeper:player:11565,J.J. McCarthy,QB,63.72842071098782,63.72842071098782,,85.90978439351268,85.90978439351268,,45.95052525195678,67.99286827797411,62.75965110861768,10.066900866673024,88.18279379499955,0.19489751275588718,0.5191977072690377,unvalidated_no_exact_total_intrinsic_sd,not_represented_by_candidate,34.87726584857971,94
D1,sleeper:11566,sleeper:player:11566,Jayden Daniels,QB,98.65940547059489,98.65940547059489,,108.11274244937242,108.11274244937242,,83.10369835108291,94.76874515853866,98.37654966382253,2.167725221376287,139.10856197546465,1.0530284133225667,1.633741555530424,unvalidated_no_exact_total_intrinsic_sd,not_represented_by_candidate,93.60834376062013,9
D1,sleeper:11570,sleeper:player:11570,Rasheen Ali,RB,35.74020633215122,35.74020633215122,,36.73350842256788,36.73350842256788,,23.20289450324841,27.61161921116455,28.052696794799093,0.22693455230523796,39.671855207827534,0.134965937352597,0.336868584800853,unvalidated_no_exact_total_intrinsic_sd,not_represented_by_candidate,10.487934019270071,17
D1,sleeper:11571,sleeper:player:11571,Isaiah Davis,RB,46.51331695009051,46.51331695009051,,47.18713789030496,47.18713789030496,,32.17987091104933,36.87963679687885,38.185930387988094,0.7073526886469637,53.99842786013689,0.19465069445749014,0.4720452830402534,unvalidated_no_exact_total_intrinsic_sd,not_represented_by_candidate,15.517864023102767,18
D1,sleeper:11575,sleeper:player:11575,Ray Davis,RB,46.19724413866023,46.19724413866023,,47.23800326328188,47.23800326328188,,31.922014226706853,36.219110773868614,37.696401036834594,0.9654045585807545,53.30201962682089,0.2082906804861254,0.468784868039517,unvalidated_no_exact_total_intrinsic_sd,not_represented_by_candidate,22.672534133851364,25
D1,sleeper:11576,sleeper:player:11576,Braelon Allen,RB,67.99884333987228,67.99884333987228,,67.71776568900698,67.71776568900698,,53.75422151686686,56.0112030727335,61.03558141663609,5.222994069286884,86.15918250938678,0.30987923685549607,0.7105861622483309,unvalidated_no_exact_total_intrinsic_sd,not_represented_by_candidate,34.71143176889677,17
D1,sleeper:11577,sleeper:player:11577,Will Shipley,RB,32.88388883987414,32.88388883987414,,35.88685487256299,35.88685487256299,,20.7113533373877,26.795054133499956,26.166985156959417,1.7547762746741746,36.964076948233256,0.14642182743734614,0.3812219378294627,unvalidated_no_exact_total_intrinsic_sd,not_represented_by_candidate,12.848950062011,36
D1,sleeper:11581,sleeper:player:11581,MarShawn Lloyd,RB,84.31994002889809,84.31994002889809,,84.14131691784951,84.14131691784951,,69.65149511522095,72.02647121904789,78.82358188268076,7.164645392175714,111.24289630369991,0.4648194130493795,0.8357323166328768,unvalidated_no_exact_total_intrinsic_sd,not_represented_by_candidate,70.23080736625698,16
D1,sleeper:11583,sleeper:player:11583,Jonathon Brooks,RB,82.9223788112155,82.9223788112155,,85.17983114847901,85.17983114847901,,69.98231534823856,74.68737581511336,80.31387694924756,5.523339019583375,113.44659707242216,0.4838210396934776,0.9233797468014877,unvalidated_no_exact_total_intrinsic_sd,not_represented_by_candidate,77.28919816623193,19
D1,sleeper:11584,sleeper:player:11584,Bucky Irving,RB,76.07669835443933,76.07669835443933,,81.83827492010982,81.83827492010982,,66.8777598033845,72.45717073373531,77.27893072866382,4.49578997775307,109.19640168800058,0.48264043531397605,0.9859885517771643,unvalidated_no_exact_total_intrinsic_sd,not_represented_by_candidate,21.6384011495324,9
D1,sleeper:11586,sleeper:player:11586,Blake Corum,RB,67.94974502508806,67.94974502508806,,66.14686443452655,66.14686443452655,,54.16502041884465,54.15980623197711,60.42267056518572,6.909807353414493,85.1707273586214,0.36387510596802913,0.7573101849600018,unvalidated_no_exact_total_intrinsic_sd,not_represented_by_candidate,21.62518366263447,6
D1,sleeper:11597,sleeper:player:11597,Theo Johnson,TE,39.143855157901996,39.143855157901996,,49.0602481778988,49.0602481778988,,24.27642857568237,36.41214824783117,33.43502486378321,5.672812819728001,46.94274139838803,0.2779081548996912,0.6324467824094075,unvalidated_no_exact_total_intrinsic_sd,not_represented_by_candidate,15.90276863963264,22
D1,sleeper:11599,sleeper:player:11599,Cade Stover,TE,36.6368124293655,36.6368124293655,,40.491957310575195,40.491957310575195,,20.820954247009976,28.035272785692413,26.897902780046138,2.557673477704288,37.95329569762124,0.15229697778620777,0.39365255940405186,unvalidated_no_exact_total_intrinsic_sd,not_represented_by_candidate,21.313733699816027,46
D1,sleeper:11600,sleeper:player:11600,Ja'Tavion Sanders,TE,23.579697034575133,23.579697034575133,,34.71749893661069,34.71749893661069,,10.668666980008032,22.829227611790444,18.822623960969104,7.425750016511769,25.56248388252542,0.13862591747099057,0.3726707534813932,unvalidated_no_exact_total_intrinsic_sd,not_represented_by_candidate,8.245862833751858,22
D1,sleeper:11603,sleeper:player:11603,AJ Barner,TE,45.92921329847238,45.92921329847238,,54.12961787592804,54.12961787592804,,36.67889810680406,45.681155241383905,45.401709118032244,1.827571271116419,64.18169805268332,0.4835299931607295,0.9559914448178379,unvalidated_no_exact_total_intrinsic_sd,not_represented_by_candidate,22.87373068636944,2
D1,sleeper:11604,sleeper:player:11604,Brock Bowers,TE,40.24349662077491,40.24349662077491,,50.42034543243319,50.42034543243319,,31.44764922722357,42.387549797778824,40.649854162480906,3.894502885755159,57.35550657203523,0.702391411176322,1.058480145363347,unvalidated_no_exact_total_intrinsic_sd,not_represented_by_candidate,75.61010997848541,27
D1,sleeper:11608,sleeper:player:11608,Isaiah Williams,WR,43.81592237460664,43.81592237460664,,45.747277893497525,45.747277893497525,,27.744387003696392,34.470656255304625,34.2987839108795,1.322320191315658,48.48777809759952,0.17712468952493232,0.4201043147907736,unvalidated_no_exact_total_intrinsic_sd,not_represented_by_candidate,11.112278287762557,25
D1,sleeper:11610,sleeper:player:11610,Malik Washington,WR,58.72996351077847,58.72996351077847,,65.56807934841278,65.56807934841278,,43.21154046652879,52.684175206957306,52.89585140201683,1.3345071904771828,74.79412598357612,0.3011764188638943,0.6560393409051376,unvalidated_no_exact_total_intrinsic_sd,not_represented_by_candidate,26.609376592441023,20
D1,sleeper:11618,sleeper:player:11618,Jalen McMillan,WR,60.10655207821836,60.10655207821836,,61.110653774089435,61.110653774089435,,42.797687563859206,48.314275295169026,50.41690687764988,1.4709705285207093,71.28509833003994,0.24712910850562023,0.5448306900551007,unvalidated_no_exact_total_intrinsic_sd,not_represented_by_candidate,15.400072189574388,11
D1,sleeper:11620,sleeper:player:11620,Rome Odunze,WR,66.79536737468648,66.79536737468648,,75.28500822217332,75.28500822217332,,57.18499438088566,65.93700989520285,68.0601591409121,0.9677555744687609,96.24673487303687,0.5130226707885741,1.0075772815922899,unvalidated_no_exact_total_intrinsic_sd,not_represented_by_candidate,9.706986700992445,6
D1,sleeper:11623,sleeper:player:11623,Jordan Whittington,WR,36.07444371947421,36.07444371947421,,38.399080711525215,38.399080711525215,,21.493560502593603,28.103105954652936,27.313880621245367,2.034967625032184,38.5740204794413,0.13885438982356874,0.3353268110211838,unvalidated_no_exact_total_intrinsic_sd,not_represented_by_candidate,7.64746582535351,10
D1,sleeper:11624,sleeper:player:11624,Xavier Worthy,WR,61.553836427943814,61.553836427943814,,69.2128829139074,69.2128829139074,,51.73595351905674,60.46867100847181,61.9882648892046,0.28694568757735084,87.6641752948191,0.4380872083658366,0.9530979080694123,unvalidated_no_exact_total_intrinsic_sd,not_represented_by_candidate,14.799492545187036,17
D1,sleeper:11625,sleeper:player:11625,Adonai Mitchell,WR,54.8319876833904,54.8319876833904,,62.594729177354395,62.594729177354395,,39.84536567321543,50.35253797710975,49.70475446500713,2.5111478662286757,70.24826951069491,0.30840431889629877,0.6911586296411585,unvalidated_no_exact_total_intrinsic_sd,not_represented_by_candidate,18.2093652537138,8
D1,sleeper:11626,sleeper:player:11626,Xavier Legette,WR,55.15219701860045,55.15219701860045,,61.4674428535251,61.4674428535251,,39.2238702312834,48.67103020932161,48.457604514661526,1.824529629643969,68.50510902282574,0.27632688156258706,0.6063819744366019,unvalidated_no_exact_total_intrinsic_sd,not_represented_by_candidate,27.29560911683606,38
D1,sleeper:11627,sleeper:player:11627,Troy Franklin,WR,46.98598461456921,46.98598461456921,,55.23793789223977,55.23793789223977,,30.358179247385248,43.03346498432344,40.40497779389325,5.2872260908962225,56.896130811451144,0.23588770580520188,0.5555524478834214,unvalidated_no_exact_total_intrinsic_sd,not_represented_by_candidate,29.22819120529745,50
D1,sleeper:11628,sleeper:player:11628,Marvin Harrison,WR,64.94657055491632,64.94657055491632,,72.89669726105738,72.89669726105738,,55.31122947902903,63.68155234327688,65.78206693034382,1.004623489157133,93.02446662519222,0.46140814198852925,0.9745419705052474,unvalidated_no_exact_total_intrinsic_sd,not_represented_by_candidate,31.481641222012485,7
D1,sleeper:11629,sleeper:player:11629,Devontez Walker,WR,41.4624106755733,41.4624106755733,,42.8996581208176,42.8996581208176,,25.32002833803032,32.00733898638055,31.59077607029716,1.6032783303341738,44.64732650498571,0.16976161593231698,0.4077918613610966,unvalidated_no_exact_total_intrinsic_sd,not_represented_by_candidate,8.547350610248358,13
D1,sleeper:11631,sleeper:player:11631,Brian Thomas,WR,63.56989191659053,63.56989191659053,,71.58988297585277,71.58988297585277,,54.128124361920115,62.34714650268029,64.38901074417466,0.9630923594455894,91.0547190558186,0.45442425210149673,0.9707806840488432,unvalidated_no_exact_total_intrinsic_sd,not_represented_by_candidate,47.64677985485517,14
D1,sleeper:11632,sleeper:player:11632,Malik Nabers,WR,74.40639351789316,74.40639351789316,,80.01055350009962,80.01055350009962,,62.93700120105317,70.07457318236435,73.6556425076164,2.86757189663696,104.12533014515343,0.5207073782462773,0.9764727240061919,unvalidated_no_exact_total_intrinsic_sd,not_represented_by_candidate,72.42388584561081,16
D1,sleeper:11635,sleeper:player:11635,Ladd McConkey,WR,67.00145798070727,67.00145798070727,,76.39203743956575,76.39203743956575,,57.698891281171655,66.9003940267033,68.85959263609719,0.7085229047027823,97.37959227328903,0.5014735027729146,1.0003634487764925,unvalidated_no_exact_total_intrinsic_sd,not_represented_by_candidate,24.500702119394703,11
D1,sleeper:11637,sleeper:player:11637,Keon Coleman,WR,45.45676745618993,45.45676745618993,,52.10717723674035,52.10717723674035,,29.218149671325886,39.875650229604226,38.03713459708589,3.9747300702620443,53.64558451151605,0.2139840755354774,0.5097828306274891,unvalidated_no_exact_total_intrinsic_sd,not_represented_by_candidate,21.902454784992628,40
D1,sleeper:11643,sleeper:player:11643,Jaylen Wright,RB,59.46432082202031,59.46432082202031,,63.21701984831919,63.21701984831919,,45.15296864285838,51.723341171980124,53.56819590207415,1.0099093496739897,75.75013734318526,0.28657475073016475,0.6598041051365444,unvalidated_no_exact_total_intrinsic_sd,not_represented_by_candidate,26.105379879329064,22
D1,sleeper:11646,sleeper:player:11646,Jalen Coker,WR,63.64664806278697,63.64664806278697,,68.64574668463347,68.64574668463347,,47.995353259700785,55.83594139335719,57.37378957668585,0.45458261404510125,81.13751792744623,0.31183872255003126,0.68611815334927,unvalidated_no_exact_total_intrinsic_sd,not_represented_by_candidate,16.042527095973895,10
D1,sleeper:11647,sleeper:player:11647,Kimani Vidal,RB,58.053293498630495,58.053293498630495,,59.51263349939549,59.51263349939549,,42.80983096727461,47.787477437576754,50.16162272613417,1.8619038735342102,70.91480877083262,0.268153175563722,0.5964980825126426,unvalidated_no_exact_total_intrinsic_sd,not_represented_by_candidate,29.38092253287109,34
D1,sleeper:11655,sleeper:player:11655,Tyrone Tracy,RB,53.84105995474094,53.84105995474094,,50.271502482549366,50.271502482549366,,36.778155206197745,38.2541125046324,41.72731875643467,3.6228356406711733,58.900028209864985,0.19087550305896403,0.3994746640615502,unvalidated_no_exact_total_intrinsic_sd,not_represented_by_candidate,27.712453544402617,56
D1,sleeper:1166,sleeper:player:1166,Kirk Cousins,QB,42.260333536561426,42.260333536561426,,40.21771133780538,40.21771133780538,,29.442234909454402,29.884909649769376,33.05304102350141,3.4340524510778714,46.61774689499461,0.06793682827332538,0.15779745232003606,unvalidated_no_exact_total_intrinsic_sd,not_represented_by_candidate,8.527803207734134,34
D1,sleeper:11783,sleeper:player:11783,Ryan Flournoy,WR,55.44621192307528,55.44621192307528,,60.572248082987315,60.572248082987315,,38.961648234856746,47.418100495778276,47.64956355374561,1.1421766085715674,67.37697860782802,0.2768335001678886,0.5936887583212467,unvalidated_no_exact_total_intrinsic_sd,not_represented_by_candidate,29.446902955504385,24
D1,sleeper:11834,sleeper:player:11834,Devaughn Vele,WR,49.35436840213446,49.35436840213446,,48.22439361020242,48.22439361020242,,32.95627417231494,36.49281616118887,38.46931138130585,1.6467733700087415,54.37889272292665,0.17705950219697159,0.387211314879894,unvalidated_no_exact_total_intrinsic_sd,not_represented_by_candidate,21.517772946434597,19
D1,sleeper:12048,sleeper:player:12048,George Holani,RB,44.60575383585069,44.60575383585069,,42.02092145961995,42.02092145961995,,30.13739618084229,31.37930269083975,34.208460509324375,2.945240559584228,48.288332947847664,0.16783312735831757,0.37665859013159064,unvalidated_no_exact_total_intrinsic_sd,not_represented_by_candidate,21.60476934808988,35
D1,sleeper:12467,sleeper:player:12467,Jordan James,RB,73.69683345939193,73.69683345939193,,63.47636361711947,63.47636361711947,,55.63111179707077,50.65388283569481,59.79447960701923,10.68901467872066,83.88387537629964,0.25208755763594115,0.5719073372721022,unvalidated_no_exact_total_intrinsic_sd,not_represented_by_candidate,52.69898920818471,68
D1,sleeper:12469,sleeper:player:12469,Dylan Sampson,RB,75.9347430620127,75.9347430620127,,80.8209108120711,80.8209108120711,,64.78537108837985,72.01972697947822,75.7627891536377,3.0333126824498535,107.10181816779587,0.39355538227972175,0.8942197127280503,unvalidated_no_exact_total_intrinsic_sd,not_represented_by_candidate,58.72859567790189,23
D1,sleeper:12470,sleeper:player:12470,Riley Leonard,QB,58.66546099571355,58.66546099571355,,75.1205523602019,75.1205523602019,,42.99618496309141,58.386629100903534,55.813833091732526,5.637582306775101,78.7310967440305,0.15625228906541624,0.4269879759661893,unvalidated_no_exact_total_intrinsic_sd,not_represented_by_candidate,17.470258048827937,65
D1,sleeper:12471,sleeper:player:12471,DJ Giddens,RB,45.434938993551135,45.434938993551135,,47.27203588793433,47.27203588793433,,30.515697213672027,36.028196683491366,36.7474882180924,0.09202947220128621,51.968714735443726,0.1637312694331295,0.41678231472726146,unvalidated_no_exact_total_intrinsic_sd,not_represented_by_candidate,14.600865358395176,37
D1,sleeper:12472,sleeper:player:12472,Raheim Sanders,RB,53.73211159113263,53.73211159113263,,50.375554021347,50.375554021347,,37.25423048078289,38.49848748430999,42.14765237317438,3.85093870125149,59.481253116079415,0.17974585470118104,0.42226665716074674,unvalidated_no_exact_total_intrinsic_sd,not_represented_by_candidate,19.640810781583397,19
D1,sleeper:12474,sleeper:player:12474,Woody Marks,RB,73.47127773484947,73.47127773484947,,74.4794558309692,74.4794558309692,,59.041985596839936,62.19892056524967,67.36536068822822,5.246967648921057,95.12440786570683,0.34941856634167423,0.7431835803932707,unvalidated_no_exact_total_intrinsic_sd,not_represented_by_candidate,55.305935262687214,35
D1,sleeper:12481,sleeper:player:12481,Cam Skattebo,RB,77.13455585758958,77.13455585758958,,83.86038370774614,83.86038370774614,,67.32955807432104,74.79587863549767,78.71220455772882,3.1901020490258247,111.27014667731994,0.5275648062851938,1.004285070436236,unvalidated_no_exact_total_intrinsic_sd,not_represented_by_candidate,42.02058410006612,17
D1,sleeper:12482,sleeper:player:12482,Savion Williams,WR,30.95062026359993,30.95062026359993,,34.268682507736585,34.268682507736585,,16.989101010651524,23.58184665907807,22.33437598288056,2.597148352130109,31.4786200702377,0.12403235013795857,0.30648142484970115,unvalidated_no_exact_total_intrinsic_sd,not_represented_by_candidate,10.184745055552852,21
D1,sleeper:12483,sleeper:player:12483,Jack Bech,WR,45.97809339232743,45.97809339232743,,51.281147616749095,51.281147616749095,,31.398103006261717,39.85076303300477,39.25887728775537,2.103788736023482,55.4805638466684,0.22866108656261733,0.5553693969904586,unvalidated_no_exact_total_intrinsic_sd,not_represented_by_candidate,14.896440422598005,8
D1,sleeper:12487,sleeper:player:12487,Terrance Ferguson,TE,40.32080360582236,40.32080360582236,,47.32596209269658,47.32596209269658,,26.54288976437914,36.728872992927634,34.83117884585664,3.9751544376679426,49.098067037112486,0.32030230086504935,0.7354172483899895,unvalidated_no_exact_total_intrinsic_sd,not_represented_by_candidate,20.824515676689586,19
D1,sleeper:12489,sleeper:player:12489,RJ Harvey,RB,79.22967763424978,79.22967763424978,,79.46347339129589,79.46347339129589,,65.89003516123599,67.6036717782213,74.31307970118255,7.1628770272857025,104.85018274681546,0.399027576979005,0.830480775054071,unvalidated_no_exact_total_intrinsic_sd,not_represented_by_candidate,53.985246415967765,18
D1,sleeper:12490,sleeper:player:12490,Bhayshul Tuten,RB,72.56720406847415,72.56720406847415,,78.71224735570492,78.71224735570492,,63.86643886435151,70.13809017357755,74.26273280955893,3.611702884289002,104.96124318510856,0.46924809854832444,0.9862693621944648,unvalidated_no_exact_total_intrinsic_sd,not_represented_by_candidate,58.41384146382998,18
D1,sleeper:12492,sleeper:player:12492,Pat Bryant,WR,54.33188328993455,54.33188328993455,,62.061633463594376,62.061633463594376,,38.83070390728741,50.01219690574087,48.93929826986783,3.1277139432034815,69.13991058559208,0.30097683736057756,0.6828163734323789,unvalidated_no_exact_total_intrinsic_sd,not_represented_by_candidate,24.591247229464315,18
D1,sleeper:12493,sleeper:player:12493,Oronde Gadsden,TE,48.492297250709214,48.492297250709214,,52.75278292368071,52.75278292368071,,35.34122820002569,42.678056830323996,43.048752092787105,0.7948520898872502,60.87494002993092,0.39739785742763417,0.8396286393756847,unvalidated_no_exact_total_intrinsic_sd,not_represented_by_candidate,30.43443376137678,23
D1,sleeper:12495,sleeper:player:12495,Ollie Gordon,RB,47.549428475045374,47.549428475045374,,50.59849755317731,50.59849755317731,,33.66428678058632,40.714202944251866,41.03778232025672,0.8013678637235948,58.03065539072034,0.2474437823651069,0.6049593665398263,unvalidated_no_exact_total_intrinsic_sd,not_represented_by_candidate,12.840776422788124,6
D1,sleeper:12496,sleeper:player:12496,Tai Felton,WR,26.012723745517746,26.012723745517746,,33.33453941272345,33.33453941272345,,14.078532071111084,23.570960790524158,20.81405084630847,5.063266910709279,28.99677143159812,0.08962963579865833,0.23220420276713,unvalidated_no_exact_total_intrinsic_sd,not_represented_by_candidate,10.939344739157946,29
D1,sleeper:12497,sleeper:player:12497,Tory Horton,WR,54.857820103091576,54.857820103091576,,60.304139429677996,60.304139429677996,,37.297584360039714,48.28255385000202,47.137887236852286,3.181198450592696,66.5870918626602,0.24867107461149177,0.5793368428899428,unvalidated_no_exact_total_intrinsic_sd,not_represented_by_candidate,27.932086553381808,13
D1,sleeper:12498,sleeper:player:12498,Mason Taylor,TE,50.6122550039451,50.6122550039451,,55.48185623796805,55.48185623796805,,37.45940582910269,46.289493380484835,46.17714681527424,1.6036640126630033,65.28465392213758,0.4194130858930952,0.8689093878052904,unvalidated_no_exact_total_intrinsic_sd,not_represented_by_candidate,30.16648577360681,27
D1,sleeper:12499,sleeper:player:12499,Elic Ayomanor,WR,43.70607259016239,43.70607259016239,,51.66997124856748,51.66997124856748,,27.468055715701023,40.285406573435225,37.31344554575218,5.758358890961077,52.45405360765282,0.2136426287069519,0.5102099667683586,unvalidated_no_exact_total_intrinsic_sd,not_represented_by_candidate,22.51169658176189,44
D1,sleeper:12500,sleeper:player:12500,Quinn Ewers,QB,49.999881260749724,49.999881260749724,,67.13256173187912,67.13256173187912,,35.35758740653907,51.19897876254686,47.66123523524616,6.9373128603818905,67.0452114514983,0.1228449018776477,0.3552210332745217,unvalidated_no_exact_total_intrinsic_sd,not_represented_by_candidate,37.95660546812959,101
D1,sleeper:12501,sleeper:player:12501,Matthew Golden,WR,62.58122889979111,62.58122889979111,,67.25492180405529,67.25492180405529,,48.7314068143751,56.786154409808134,58.30140121917856,0.39369923113245875,82.44969235330521,0.35376804261193256,0.8026505647743303,unvalidated_no_exact_total_intrinsic_sd,not_represented_by_candidate,30.307356215806806,29
D1,sleeper:12502,sleeper:player:12502,Gunnar Helm,TE,52.39273139865351,52.39273139865351,,55.17846008433657,55.17846008433657,,38.12532401260789,44.56406594900509,45.68221010196269,0.20898776256053253,64.60406305887287,0.3709056878954654,0.8034083536496832,unvalidated_no_exact_total_intrinsic_sd,not_represented_by_candidate,5.017089652795761,19
D1,sleeper:12503,sleeper:player:12503,Isaiah Bond,WR,45.63891419327374,45.63891419327374,,53.97319821477176,53.97319821477176,,29.490759513506084,42.290176801082715,39.52149531383354,5.487507152302086,55.62179832526243,0.23849653478680524,0.5642073505482477,unvalidated_no_exact_total_intrinsic_sd,not_represented_by_candidate,23.36559762723723,41
D1,sleeper:12506,sleeper:player:12506,Harold Fannin,TE,38.30129715769445,38.30129715769445,,47.61874582010075,47.61874582010075,,30.963655491171362,41.211541845989984,39.73998255774679,3.4562318162321013,56.09444615122342,0.6853863057939852,1.0704250991749573,unvalidated_no_exact_total_intrinsic_sd,not_represented_by_candidate,54.21955454436613,20
D1,sleeper:12507,sleeper:player:12507,Omarion Hampton,RB,75.02969568804616,75.02969568804616,,82.01418578963322,82.01418578963322,,66.47912680058349,74.34881509027647,77.96530190839454,2.790238877771216,110.22427668322071,0.5490960574242784,1.034150864484145,unvalidated_no_exact_total_intrinsic_sd,not_represented_by_candidate,36.54761072662882,8
D1,sleeper:12508,sleeper:player:12508,Jaxson Dart,QB,86.51602279455163,86.51602279455163,,98.1740814762669,98.1740814762669,,75.2553417755497,87.82319955420905,90.09978792178465,0.5147788313012072,127.41930218713327,1.0307282707477743,1.648261758472926,unvalidated_no_exact_total_intrinsic_sd,not_represented_by_candidate,24.132438462464847,6
D1,sleeper:12509,sleeper:player:12509,Tre' Harris,WR,51.13858862875016,51.13858862875016,,58.48378891275719,58.48378891275719,,35.69204032390705,46.088660641857324,45.04703849231523,2.9608230384209193,63.637291589062905,0.2659039772586267,0.6165871037951489,unvalidated_no_exact_total_intrinsic_sd,not_represented_by_candidate,22.860948505034223,24
D1,sleeper:12511,sleeper:player:12511,Will Howard,QB,97.17316635323175,97.17316635323175,,109.72544015462323,109.72544015462323,,74.26512924297539,89.5748587193279,90.40580334843949,1.5924755681853284,127.84319528124348,0.2920155160713293,0.5686378065255036,unvalidated_no_exact_total_intrinsic_sd,not_represented_by_candidate,52.2015706537708,59
D1,sleeper:12512,sleeper:player:12512,Quinshon Judkins,RB,68.1303447013866,68.1303447013866,,78.28011339306342,78.28011339306342,,60.664937106082164,71.28190425020611,72.87894486851886,0.06402071939592702,103.06637236094375,0.5920686264282605,1.0809892011113695,unvalidated_no_exact_total_intrinsic_sd,not_represented_by_candidate,57.10993285098442,22
D1,sleeper:12514,sleeper:player:12514,Emeka Egbuka,WR,64.15086444256943,64.15086444256943,,73.6492795465977,73.6492795465977,,56.217244709978324,65.79578782801373,67.40314036126055,0.2472012977416611,95.3221147092215,0.5658321136955418,1.0494066945226528,unvalidated_no_exact_total_intrinsic_sd,not_represented_by_candidate,17.26802982670199,2
D1,sleeper:12517,sleeper:player:12517,Colston Loveland,TE,35.34080567737945,35.34080567737945,,44.32504126196899,44.32504126196899,,27.59694638077898,37.831690872841286,36.01894494608539,3.875992231965693,50.79080107928996,0.7031595433547683,1.0740023571061719,unvalidated_no_exact_total_intrinsic_sd,not_represented_by_candidate,43.695494793602194,20
D1,sleeper:12518,sleeper:player:12518,Tyler Warren,TE,41.04101842784877,41.04101842784877,,49.903658904738705,49.903658904738705,,32.06593471507287,41.87965144369379,40.72396642215729,3.0020036602568183,57.5140926758807,0.6760184789136219,1.0451142413336394,unvalidated_no_exact_total_intrinsic_sd,not_represented_by_candidate,22.587681943045055,11
D1,sleeper:12519,sleeper:player:12519,Luther Burden,WR,61.53365172109617,61.53365172109617,,70.7673459443799,70.7673459443799,,53.93614859958138,63.99161924820509,65.11073861127996,0.3882185971840002,92.07967121647235,0.5755691680581184,1.0700400811298036,unvalidated_no_exact_total_intrinsic_sd,not_represented_by_candidate,34.623174833652854,6
D1,sleeper:12521,sleeper:player:12521,Elijah Arroyo,TE,38.36811551216831,38.36811551216831,,46.97013037958024,46.97013037958024,,24.534974148348216,36.1636615962013,33.430598171747114,5.273517477159455,46.982973529351426,0.2942918619790424,0.6912259758669199,unvalidated_no_exact_total_intrinsic_sd,not_represented_by_candidate,12.637185682797451,23
D1,sleeper:12522,sleeper:player:12522,Cam Ward,QB,96.39215977012269,96.39215977012269,,107.0054167096918,107.0054167096918,,82.5680868015111,95.06817094221998,98.20135375523039,1.496120275530501,138.86962728703836,0.8432009558930221,1.5259765427812184,unvalidated_no_exact_total_intrinsic_sd,not_represented_by_candidate,71.80622136517258,20
D1,sleeper:12524,sleeper:player:12524,Shedeur Sanders,QB,99.65555257985744,99.65555257985744,,109.65175071610248,109.65175071610248,,77.35168480153563,89.82300108866205,92.38267170704492,0.8518137947469597,130.6460503678636,0.3910009109632064,0.8724626419497561,unvalidated_no_exact_total_intrinsic_sd,not_represented_by_candidate,48.58827198173648,38
D1,sleeper:12526,sleeper:player:12526,Tetairoa McMillan,WR,63.69838598137031,63.69838598137031,,73.66167216955242,73.66167216955242,,56.200819429196976,66.1999301402759,67.59952431418722,0.05875301153189838,95.60014604116677,0.5792434814725749,1.0631431732352594,unvalidated_no_exact_total_intrinsic_sd,not_represented_by_candidate,29.468837273172255,3
D1,sleeper:12527,sleeper:player:12527,Ashton Jeanty,RB,67.12482021529996,67.12482021529996,,79.75917867207897,79.75917867207897,,60.66082192388118,73.54679879873956,74.04194267777588,1.5758634967903262,104.69926076738832,0.6261008961445513,1.0983438147422466,unvalidated_no_exact_total_intrinsic_sd,not_represented_by_candidate,37.81196155546678,4
D1,sleeper:12529,sleeper:player:12529,TreVeyon Henderson,RB,71.35095045596533,71.35095045596533,,80.18814396448518,80.18814396448518,,63.808101643227175,72.35790190661118,75.33053965286648,1.9583022692165244,106.51547052426966,0.5221081089734524,1.0470932114018152,unvalidated_no_exact_total_intrinsic_sd,not_represented_by_candidate,72.1261910299853,21
D1,sleeper:12531,sleeper:player:12531,Trevor Etienne,RB,28.493519136316635,28.493519136316635,,38.16294555890539,38.16294555890539,,16.975273149250732,28.76249994028085,25.29904325144039,6.351924029989789,35.209888383716034,0.1394981936930251,0.38230746966964824,unvalidated_no_exact_total_intrinsic_sd,not_represented_by_candidate,13.442968178621008,34
D1,sleeper:12533,sleeper:player:12533,Jacory Croskey-Merritt,RB,66.09054189970793,66.09054189970793,,80.07049366960581,80.07049366960581,,55.375362212980676,68.9382123502857,68.52969407856575,2.7388005420478407,96.87691630411499,0.43220582875574565,0.9104079376239428,unvalidated_no_exact_total_intrinsic_sd,not_represented_by_candidate,67.62833231558966,32
D1,sleeper:12534,sleeper:player:12534,Kyle Monangai,RB,71.2447703181667,71.2447703181667,,72.67243934270162,72.67243934270162,,59.10871282500745,61.780002492725,67.2062234553289,5.6063541002625215,94.87845770225015,0.39984806442251924,0.8530431707542476,unvalidated_no_exact_total_intrinsic_sd,not_represented_by_candidate,51.80751418476149,14
D1,sleeper:12535,sleeper:player:12535,Isaac TeSlaa,WR,48.120625574390026,48.120625574390026,,53.22508577677619,53.22508577677619,,33.069912517515135,41.51150600423522,41.10551858427957,1.8826374481720833,58.10148872794781,0.27810621114646705,0.6290486568388794,unvalidated_no_exact_total_intrinsic_sd,not_represented_by_candidate,23.480239920289904,25
D1,sleeper:12536,sleeper:player:12536,Jaylin Noel,WR,48.95992451936682,48.95992451936682,,54.19215588679058,54.19215588679058,,33.719007502568516,43.33729966082966,42.44823986933848,2.650042627766183,59.97235538213266,0.28118207030965214,0.644246746254961,unvalidated_no_exact_total_intrinsic_sd,not_represented_by_candidate,15.075102510080157,15
D1,sleeper:12540,sleeper:player:12540,Chimere Dike,WR,43.15191070254902,43.15191070254902,,50.17048076202679,50.17048076202679,,27.08121814620415,38.12644271758438,35.89815675111098,4.527319439181184,50.56539028772824,0.20032969402298934,0.4650046589249275,unvalidated_no_exact_total_intrinsic_sd,not_represented_by_candidate,11.156537757229103,13
D1,sleeper:12543,sleeper:player:12543,Tahj Brooks,RB,33.98176127482994,33.98176127482994,,35.78636995434321,35.78636995434321,,21.5081390159868,26.44241821708041,26.442694169062673,0.8227289982518151,37.38656532542937,0.1356191516643669,0.35129471267379464,unvalidated_no_exact_total_intrinsic_sd,not_represented_by_candidate,9.67325425687752,12
D1,sleeper:12544,sleeper:player:12544,LeQuint Allen,RB,42.9663593554437,42.9663593554437,,49.49355546592726,49.49355546592726,,30.891669666555277,40.54470306030288,39.3394239120435,3.0356287444968437,55.551467177640816,0.215708359340471,0.5645542865175539,unvalidated_no_exact_total_intrinsic_sd,not_represented_by_candidate,27.399909757188198,55
D1,sleeper:12545,sleeper:player:12545,Tyler Shough,QB,95.52187321866762,95.52187321866762,,102.64912714455483,102.64912714455483,,79.8541985201508,87.61792753928657,92.81460622464958,4.572116094993646,131.18002138926272,0.9505006867838705,1.5362739700402628,unvalidated_no_exact_total_intrinsic_sd,not_represented_by_candidate,44.49341307161484,6
D1,sleeper:12670,sleeper:player:12670,KeAndre Lambert-Smith,WR,31.769916610819607,31.769916610819607,,38.78795509876528,38.78795509876528,,18.1982296068448,28.245297785256298,25.60721154377502,4.938732484029593,35.87572281566575,0.10713867979856273,0.28272317358438265,unvalidated_no_exact_total_intrinsic_sd,not_represented_by_candidate,9.841990295643782,13
D1,sleeper:12718,sleeper:player:12718,Konata Mumpfield,WR,32.229695482375185,32.229695482375185,,35.783316444356345,35.783316444356345,,18.317231114979244,25.025668795462778,23.86080686572911,2.511399256989499,33.65069215245421,0.1261660153934396,0.31289143538352315,unvalidated_no_exact_total_intrinsic_sd,not_represented_by_candidate,15.896570136415857,44
D1,sleeper:13079,sleeper:player:13079,Jahdae Walker,WR,33.78874499013657,33.78874499013657,,36.500365000952,36.500365000952,,18.750057226407677,25.83011458293879,24.541502040582888,2.7247091437267503,34.5998064286198,0.1281771296165,0.31560826748632315,unvalidated_no_exact_total_intrinsic_sd,not_represented_by_candidate,12.535287937414687,36
D1,sleeper:13269,sleeper:player:13269,Fernando Mendoza,QB,108.59528964511755,108.59528964511755,,109.30693446678939,109.30693446678939,,89.54587839853137,95.00608980997647,102.49415058684093,7.472096751043665,144.75589652645965,0.8018025336932401,1.3543578816202997,unvalidated_no_exact_total_intrinsic_sd,not_represented_by_candidate,53.71805160244321,21
D1,sleeper:13272,sleeper:player:13272,Carson Beck,QB,105.42781675978154,105.42781675978154,,110.58376070954463,110.58376070954463,,80.99769961648535,88.3838519828542,93.90320676454895,4.9907116164003895,132.7053777316247,0.37231269771952935,0.6493095334836061,unvalidated_no_exact_total_intrinsic_sd,not_represented_by_candidate,55.931811626052465,54
D1,sleeper:13274,sleeper:player:13274,Germie Bernard,WR,76.86671772943323,76.86671772943323,,70.87420688875372,70.87420688875372,,57.99288871155855,57.02574434173279,64.24503641764244,8.09285511792283,90.49505569172669,0.3201726584414567,0.6314235767854461,unvalidated_no_exact_total_intrinsic_sd,not_represented_by_candidate,67.68638563924877,45
D1,sleeper:13275,sleeper:player:13275,Ty Simpson,QB,80.60557483342494,80.60557483342494,,92.58307811618596,92.58307811618596,,59.81992160440645,72.9545802491946,73.23743198752962,1.8627508662976098,103.55661759378859,0.24558046043533552,0.4924676418419841,unvalidated_no_exact_total_intrinsic_sd,not_represented_by_candidate,30.503618530701225,28
D1,sleeper:13276,sleeper:player:13276,Omar Cooper,WR,66.6553020097597,66.6553020097597,,60.60774554807222,60.60774554807222,,47.45720685692936,47.41440464067449,52.92202221294227,6.08171847550264,74.59553318127728,0.21244237001679905,0.4545497036172255,unvalidated_no_exact_total_intrinsic_sd,not_represented_by_candidate,56.84868232133038,66
D1,sleeper:13279,sleeper:player:13279,Carnell Tate,WR,68.0109533315565,68.0109533315565,,78.54980085440101,78.54980085440101,,55.27828558125161,67.90798334527724,67.93352629103117,2.0769752228989375,96.05006071102667,0.6244782747885625,0.9890387753395031,unvalidated_no_exact_total_intrinsic_sd,not_represented_by_candidate,18.368708672905825,6
D1,sleeper:13281,sleeper:player:13281,Jordyn Tyson,WR,77.82235073528021,77.82235073528021,,72.59339650376737,72.59339650376737,,58.96355396212884,59.33209746046154,65.95099468921777,7.251580452626058,92.98646128299298,0.34914450026906446,0.6812758555006666,unvalidated_no_exact_total_intrinsic_sd,not_represented_by_candidate,86.22016098953264,59
D1,sleeper:13285,sleeper:player:13285,Malachi Fields,WR,71.71748399421905,71.71748399421905,,64.48974407316909,64.48974407316909,,52.63613588488949,50.60842185286496,57.78148911558552,8.176130713461134,81.305300290851,0.26719007951949164,0.5511297098860242,unvalidated_no_exact_total_intrinsic_sd,not_represented_by_candidate,51.04855975474456,50
D1,sleeper:13286,sleeper:player:13286,Jadarian Price,RB,81.94448001670656,81.94448001670656,,85.56311236430763,85.56311236430763,,68.1952279749748,74.76917966293895,79.23566215465344,3.9452114722551954,111.98667608520196,0.49954624089747585,0.9118613078888733,unvalidated_no_exact_total_intrinsic_sd,not_represented_by_candidate,80.41271164416827,19
D1,sleeper:13287,sleeper:player:13287,Jeremiyah Love,RB,73.07937204517899,73.07937204517899,,85.01738473345888,85.01738473345888,,61.66494871418751,76.45886185067796,76.15103573754537,2.8263212800554456,107.6567340941742,0.6352044369188292,1.0349455433271455,unvalidated_no_exact_total_intrinsic_sd,not_represented_by_candidate,61.441320511232334,19
D1,sleeper:13288,sleeper:player:13288,Nicholas Singleton,RB,59.837809445593685,59.837809445593685,,54.53720371701568,54.53720371701568,,43.3394550925647,42.3465222876888,47.88688748687389,6.243174475824837,67.43389918153514,0.1480668483130872,0.37626436215696474,unvalidated_no_exact_total_intrinsic_sd,not_represented_by_candidate,43.75243889440267,91
D1,sleeper:13293,sleeper:player:13293,Ja'Kobi Lane,WR,70.32356125878319,70.32356125878319,,65.11856656472754,65.11856656472754,,51.232371748971524,51.90439182471178,57.46916896440299,6.046592893271537,81.04843907998006,0.28827298028882586,0.6041219571287202,unvalidated_no_exact_total_intrinsic_sd,not_represented_by_candidate,60.93765284552964,41
D1,sleeper:13294,sleeper:player:13294,Makai Lemon,WR,83.12664309802945,83.12664309802945,,75.0814041979442,75.0814041979442,,63.935147366886696,62.53470113992437,70.67331382044478,9.163553688258332,99.52619683544904,0.39001813275214153,0.7161206639413451,unvalidated_no_exact_total_intrinsic_sd,not_represented_by_candidate,78.03497998724933,38
D1,sleeper:13296,sleeper:player:13296,Caleb Douglas,WR,73.54952178307813,73.54952178307813,,67.46503342628371,67.46503342628371,,54.0118561681672,53.7282386927211,60.121734978484994,7.0914252874511305,84.72873019843311,0.2851413222037572,0.5882139898970948,unvalidated_no_exact_total_intrinsic_sd,not_represented_by_candidate,51.44647053896257,42
D1,sleeper:13298,sleeper:player:13298,KC Concepcion,WR,84.31296285893723,84.31296285893723,,81.7182694793251,81.7182694793251,,64.58729443516577,68.48921037586281,73.90896061498091,5.4157457733300305,104.38265476645178,0.4356590634688916,0.7526960949182715,unvalidated_no_exact_total_intrinsic_sd,not_represented_by_candidate,61.02646091102997,30
D1,sleeper:13301,sleeper:player:13301,Antonio Williams,WR,59.18876193772096,59.18876193772096,,55.49136796910054,55.49136796910054,,40.8336869815441,43.17944395469103,46.66852610670102,3.5114856770482135,65.90578219157675,0.18704356975040579,0.43436594269262596,unvalidated_no_exact_total_intrinsic_sd,not_represented_by_candidate,71.23798529715759,84
D1,sleeper:13303,sleeper:player:13303,Cade Klubnik,QB,97.61609747308248,97.61609747308248,,106.0862862913361,106.0862862913361,,74.79972804063361,85.8693638363002,88.8336927114702,1.539153462811683,125.62038420626546,0.29892678974397663,0.6017846912514637,unvalidated_no_exact_total_intrinsic_sd,not_represented_by_candidate,24.622238107540525,29
D1,sleeper:13305,sleeper:player:13305,Mike Washington,RB,78.49804349595829,78.49804349595829,,67.2841483113182,67.2841483113182,,60.843014774052,54.13019453122295,64.83919995581964,12.607497009135628,90.82562810675277,0.2774377543586138,0.5906636717696282,unvalidated_no_exact_total_intrinsic_sd,not_represented_by_candidate,60.302239505757996,53
D1,sleeper:13311,sleeper:player:13311,Chris Bell,WR,66.78697641983588,66.78697641983588,,61.78395935409548,61.78395935409548,,47.55954983939974,48.96413523180024,53.71902360306935,5.049029658514108,75.80220506846544,0.20433958626351334,0.46042860459240553,unvalidated_no_exact_total_intrinsic_sd,not_represented_by_candidate,70.10593842671467,72
D1,sleeper:13317,sleeper:player:13317,Ted Hurst,WR,51.28187039953161,51.28187039953161,,54.321722640899985,54.321722640899985,,34.90871904926842,42.00554298617836,42.44424670961184,0.67659361563571,60.02141599939202,0.12957713157364179,0.33181699434481793,unvalidated_no_exact_total_intrinsic_sd,not_represented_by_candidate,54.60466529496631,95
D1,sleeper:13320,sleeper:player:13320,Zachariah Branch,WR,62.92897231034552,62.92897231034552,,58.49907277094327,58.49907277094327,,44.59260510629385,45.76922041478921,50.30110829733804,4.835452590664573,70.97197609003497,0.18841251491596997,0.43442789570223783,unvalidated_no_exact_total_intrinsic_sd,not_represented_by_candidate,67.39401467200396,78
D1,sleeper:13329,sleeper:player:13329,Malik Benson,WR,50.61519083079638,50.61519083079638,,46.44695376936697,46.44695376936697,,33.37849008183635,34.81434029207728,37.916300765086284,3.2183557085350607,53.525077430586734,0.12820144948881648,0.3016726373251716,unvalidated_no_exact_total_intrinsic_sd,not_represented_by_candidate,46.07360679711583,89
D1,sleeper:13330,sleeper:player:13330,Kenyon Sadiq,TE,52.09078194115454,52.09078194115454,,56.941450995364534,56.941450995364534,,35.307781209225276,45.20349089629344,44.354722015777014,2.647908144730522,62.671136200413486,0.46992896673779344,0.8226808542344395,unvalidated_no_exact_total_intrinsic_sd,not_represented_by_candidate,106.054738218885,89
D1,sleeper:13337,sleeper:player:13337,Emmett Johnson,RB,80.69600405763485,80.69600405763485,,67.19888954181211,67.19888954181211,,62.77057342387544,54.476428442004895,66.30160514713398,13.995767860945591,92.71420695964265,0.275442362271298,0.5831455405722736,unvalidated_no_exact_total_intrinsic_sd,not_represented_by_candidate,63.50021410577096,64
D1,sleeper:13345,sleeper:player:13345,Jonah Coleman,RB,78.76533164530736,78.76533164530736,,63.407556197247864,63.407556197247864,,59.9989067821672,50.69641165449934,62.78954638225381,14.370913344466345,87.62722818521789,0.232850196723452,0.5067322661128377,unvalidated_no_exact_total_intrinsic_sd,not_represented_by_candidate,60.19709388707743,64
D1,sleeper:13346,sleeper:player:13346,Denzel Boston,WR,80.82088845612763,80.82088845612763,,74.72393136538051,74.72393136538051,,61.77493616296362,61.14430205590614,68.62032567941267,8.331937503126895,96.68545397391125,0.3412069162614409,0.6543027311148859,unvalidated_no_exact_total_intrinsic_sd,not_represented_by_candidate,72.37527801028521,47
D1,sleeper:13347,sleeper:player:13347,Demond Claiborne,RB,52.059329329089046,52.059329329089046,,45.59241624140838,45.59241624140838,,36.968620682137285,34.815014286413216,40.25098230400668,6.269479757883147,56.57717540175024,0.1285341490449246,0.332414696789983,unvalidated_no_exact_total_intrinsic_sd,not_represented_by_candidate,44.633917696217864,89
D1,sleeper:13349,sleeper:player:13349,Eli Stowers,TE,43.103153045122724,43.103153045122724,,45.23323512665924,45.23323512665924,,25.435735912944764,31.81189116368752,31.55485848162196,1.3637158397611806,44.604466891767274,0.18200326189882074,0.4523934707635293,unvalidated_no_exact_total_intrinsic_sd,not_represented_by_candidate,68.60734570934241,126
D1,sleeper:13405,sleeper:player:13405,Kaytron Allen,RB,65.68286325389579,65.68286325389579,,52.884084285625775,52.884084285625775,,48.45836848764375,41.199499105318274,50.81965152133693,11.422975110904737,70.95625131808964,0.167482329871964,0.39012134093917755,unvalidated_no_exact_total_intrinsic_sd,not_represented_by_candidate,35.87971422025573,65
D1,sleeper:13413,sleeper:player:13413,Cyrus Allen,WR,65.23861513353258,65.23861513353258,,58.267509141148444,58.267509141148444,,46.20376181435931,45.93173129833385,51.41666196551714,6.0875216791592095,72.45887340525162,0.19110311398489296,0.4070234191076059,unvalidated_no_exact_total_intrinsic_sd,not_represented_by_candidate,42.72036552255963,51
D1,sleeper:13414,sleeper:player:13414,Kaelon Black,RB,71.65272081873044,71.65272081873044,,53.98464600679234,53.98464600679234,,53.10660684024888,42.282981236055555,54.506369648920725,14.591161871161408,75.69006975726168,0.1912531277636779,0.39707121857549654,unvalidated_no_exact_total_intrinsic_sd,not_represented_by_candidate,45.951208537027696,57
D1,sleeper:13417,sleeper:player:13417,De'Zhaun Stribling,WR,82.27642557279225,82.27642557279225,,75.04658195964392,75.04658195964392,,62.22029149457995,61.05255375445855,68.86795007894212,8.776777682796663,96.99771785798926,0.36217661393250866,0.6498937851040876,unvalidated_no_exact_total_intrinsic_sd,not_represented_by_candidate,60.09064436117866,36
D1,sleeper:13424,sleeper:player:13424,Seth McGowan,RB,69.32809588972145,69.32809588972145,,52.24989518435061,52.24989518435061,,51.37750042120845,40.70197909346316,52.64909860496031,14.263695463000055,73.07805525305432,0.16342872433783812,0.3524590692765767,unvalidated_no_exact_total_intrinsic_sd,not_represented_by_candidate,40.34314627294896,63
D1,sleeper:13425,sleeper:player:13425,Jalon Daniels,QB,59.868752598276465,59.868752598276465,,73.20586052280575,73.20586052280575,,43.53713784257472,56.90079632259665,55.313524330081584,4.104258176887562,78.11739250926459,0.13737354211040445,0.32414705354683937,unvalidated_no_exact_total_intrinsic_sd,not_represented_by_candidate,17.34757873561998,36
D1,sleeper:13434,sleeper:player:13434,Will Kacmarek,TE,51.095797293961084,51.095797293961084,,53.38994511536793,53.38994511536793,,32.607514777754325,39.97638220335334,40.030265295336214,1.1665485808316092,56.59932370301396,0.2976972090685136,0.6307233951378686,unvalidated_no_exact_total_intrinsic_sd,not_represented_by_candidate,66.32580319496972,93
D1,sleeper:1373,sleeper:player:1373,Geno Smith,QB,79.73748659813252,79.73748659813252,,76.5775310442275,76.5775310442275,,61.70810697783319,59.83670984286908,67.97211680497404,9.219868069685305,95.68391379263112,0.3296431901271803,0.7698949573815648,unvalidated_no_exact_total_intrinsic_sd,not_represented_by_candidate,34.413716667429725,9
D1,sleeper:1466,sleeper:player:1466,Travis Kelce,TE,61.976947114463286,61.976947114463286,,37.881719843925296,37.881719843925296,,43.61691951191245,21.702170573863757,40.253775847079375,21.394563345509017,52.754199824742145,0.29593783434008103,0.5420741458843525,unvalidated_no_exact_total_intrinsic_sd,not_represented_by_candidate,12.337784776616374,20
D1,sleeper:1479,sleeper:player:1479,Keenan Allen,WR,45.35616697193072,45.35616697193072,,18.03291279995567,18.03291279995567,,29.92664923666443,7.908196237755714,26.07144370630361,19.723980069386265,31.151323632943267,0.100506183173542,0.2038936038485255,unvalidated_no_exact_total_intrinsic_sd,not_represented_by_candidate,6.073383067866011,28
D1,sleeper:19,sleeper:player:19,Joe Flacco,QB,29.6652682160926,29.6652682160926,,31.19368916695869,31.19368916695869,,20.476033515389425,23.84145813793366,24.487493568130315,0.17917498342394111,34.63008199273808,0.02903666750293778,0.06775411202582782,unvalidated_no_exact_total_intrinsic_sd,not_represented_by_candidate,9.285732031764308,13
D1,sleeper:2133,sleeper:player:2133,Davante Adams,WR,81.97501984784405,81.97501984784405,,51.97618139298276,51.97618139298276,,63.48746022850322,34.84721666954944,59.54861200816515,28.78722715047827,79.1414552379772,0.34066124388436614,0.6150216006504639,unvalidated_no_exact_total_intrinsic_sd,not_represented_by_candidate,27.77186062023455,24
D1,sleeper:2216,sleeper:player:2216,Mike Evans,WR,73.78692558959507,73.78692558959507,,42.80514272970631,42.80514272970631,,55.61030608949127,26.882241828659915,51.1034839948248,27.846340454860787,66.69117989727437,0.24753549115382784,0.5024265527328662,unvalidated_no_exact_total_intrinsic_sd,not_represented_by_candidate,37.951877028247054,17
D1,sleeper:2306,sleeper:player:2306,Jameis Winston,QB,51.233031011678314,51.233031011678314,,57.04721438614548,57.04721438614548,,37.20575145803079,43.99739905390833,44.83991762722031,0.16323207712259702,63.413009555774934,0.08062573425699249,0.23647103483706916,unvalidated_no_exact_total_intrinsic_sd,not_represented_by_candidate,12.77644991728355,28
D1,sleeper:2307,sleeper:player:2307,Marcus Mariota,QB,44.75733705513554,44.75733705513554,,55.61152251392961,55.61152251392961,,31.44101416752828,43.00265146214658,40.9820307204138,4.344553639001862,57.79427772379994,0.08716989968831121,0.2569050391077573,unvalidated_no_exact_total_intrinsic_sd,not_represented_by_candidate,20.36951036400213,52
D1,sleeper:2449,sleeper:player:2449,Stefon Diggs,WR,72.73180382179073,72.73180382179073,,48.253910424708614,48.253910424708614,,55.630130747713174,31.209112554142344,52.38671255926631,24.737027315188353,69.83419495592403,0.317394372160435,0.6581096847109823,unvalidated_no_exact_total_intrinsic_sd,not_represented_by_candidate,41.15469137303056,22
D1,sleeper:2505,sleeper:player:2505,Darren Waller,TE,49.26872617808952,49.26872617808952,,34.66356006653991,34.66356006653991,,32.59991884664415,17.467429830814787,30.448484047862326,15.089712966883845,40.33014907241121,0.2579685394338053,0.5581290542693542,unvalidated_no_exact_total_intrinsic_sd,not_represented_by_candidate,43.58540394971718,43
D1,sleeper:3163,sleeper:player:3163,Jared Goff,QB,100.33771846546503,100.33771846546503,,121.83869731631424,121.83869731631424,,86.71988349193632,107.10844381565411,106.87382385886573,3.673949688664223,151.09775162495595,0.9297246680631849,1.5544580212486818,unvalidated_no_exact_total_intrinsic_sd,not_represented_by_candidate,96.74099355688907,10
D1,sleeper:3198,sleeper:player:3198,Derrick Henry,RB,87.11224468328084,87.11224468328084,,52.58391882496545,52.58391882496545,,70.13866609650525,34.529942017764384,64.62729175557767,34.66998307419469,84.56574928986423,0.4309270679630223,0.7238991024692799,unvalidated_no_exact_total_intrinsic_sd,not_represented_by_candidate,98.27245528185728,21
D1,sleeper:3202,sleeper:player:3202,Austin Hooper,TE,32.22462342064564,32.22462342064564,,15.303255204327792,15.303255204327792,,17.695750634371628,5.5887683517955455,15.573948455771777,11.003502905043602,19.079273173388167,0.11458021301193634,0.259729361463537,unvalidated_no_exact_total_intrinsic_sd,not_represented_by_candidate,9.26478303316117,16
D1,sleeper:3214,sleeper:player:3214,Hunter Henry,TE,54.015338890421,54.015338890421,,43.3726240923818,43.3726240923818,,38.50555285697494,26.575353557935905,37.94602978158492,13.529026982820003,51.93041287403739,0.3813228876954416,0.759810948244406,unvalidated_no_exact_total_intrinsic_sd,not_represented_by_candidate,22.02520136259517,22
D1,sleeper:3257,sleeper:player:3257,Jacoby Brissett,QB,99.13474370423451,99.13474370423451,,102.03675639652792,102.03675639652792,,81.681417819576,85.34358666206252,92.85721055885158,7.768463783299438,131.08994650997977,0.5133415114741264,1.1227232831890146,unvalidated_no_exact_total_intrinsic_sd,not_represented_by_candidate,20.8724380259776,3
D1,sleeper:3271,sleeper:player:3271,Tyler Higbee,TE,35.2318413126144,35.2318413126144,,14.419226706789104,14.419226706789104,,19.641452693934394,5.309022787135789,17.130206893991456,12.859465826138628,20.531003753549843,0.10630447816869575,0.2329390683241932,unvalidated_no_exact_total_intrinsic_sd,not_represented_by_candidate,11.033391861991305,11
D1,sleeper:3294,sleeper:player:3294,Dak Prescott,QB,93.80097225230598,93.80097225230598,,115.92260416819704,115.92260416819704,,79.57784503542301,98.96836859450272,98.42886817468148,3.8634780294186584,139.14581458963778,1.046148058454865,1.578592219443966,unvalidated_no_exact_total_intrinsic_sd,not_represented_by_candidate,37.87448025360641,4
D1,sleeper:3634,sleeper:player:3634,Kalif Raymond,WR,24.666011942210726,24.666011942210726,,8.273796593150763,8.273796593150763,,13.156941824373414,3.006194541564643,11.392362603730012,9.011424994436947,13.355376106997856,0.05063748641812116,0.11566379149457491,unvalidated_no_exact_total_intrinsic_sd,not_represented_by_candidate,3.7629218461719667,19
D1,sleeper:4017,sleeper:player:4017,Deshaun Watson,QB,124.41672065616315,124.41672065616315,,112.17766933677052,112.17766933677052,,97.81809344116738,92.34432332717677,106.60463813048857,16.42660582110706,149.86415302887747,0.509458591837021,0.9102574191494193,unvalidated_no_exact_total_intrinsic_sd,not_represented_by_candidate,99.11793087177881,35
D1,sleeper:4033,sleeper:player:4033,David Njoku,TE,44.222899938590025,44.222899938590025,,27.47275156984199,27.47275156984199,,27.65798147876613,11.55103059150776,24.94665935193532,15.163664654586853,31.854903859315563,0.173841133411361,0.4203437465537361,unvalidated_no_exact_total_intrinsic_sd,not_represented_by_candidate,16.546713570622984,2
D1,sleeper:4034,sleeper:player:4034,Christian McCaffrey,RB,91.61074501909452,91.61074501909452,,70.06477335441393,70.06477335441393,,76.25147960420983,52.63516481188772,75.1466627195379,26.784851086989484,102.84266424016724,0.5117197073913623,0.8626670294713816,unvalidated_no_exact_total_intrinsic_sd,not_represented_by_candidate,103.53215719023439,14
D1,sleeper:4035,sleeper:player:4035,Alvin Kamara,RB,50.1521514191521,50.1521514191521,,13.009039420000816,13.009039420000816,,34.4794081419873,4.839167811673715,29.515309259146235,25.811198176754946,32.803795664623465,0.11234397332218589,0.231882248273363,unvalidated_no_exact_total_intrinsic_sd,not_represented_by_candidate,18.329252616782078,21
D1,sleeper:4037,sleeper:player:4037,Chris Godwin,WR,69.16687324294477,69.16687324294477,,49.56865581789361,49.56865581789361,,53.09720759861937,32.19047528723907,50.77273662587837,21.87500806379624,68.39024485385669,0.2940301281412051,0.663972711404782,unvalidated_no_exact_total_intrinsic_sd,not_represented_by_candidate,50.27613328146958,28
D1,sleeper:4039,sleeper:player:4039,Cooper Kupp,WR,46.09370407420088,46.09370407420088,,13.982390396214743,13.982390396214743,,30.05753989922954,5.374179377058708,25.842276000783464,21.666064314420193,29.431753514270024,0.12169676615813123,0.24333112563791898,unvalidated_no_exact_total_intrinsic_sd,not_represented_by_candidate,15.006402544976282,12
D1,sleeper:4046,sleeper:player:4046,Patrick Mahomes,QB,97.7984624854846,97.7984624854846,,118.07103246950939,118.07103246950939,,83.88103964751097,102.12473984156887,102.60494831948952,2.486240835149175,145.08400823591782,0.9621689539082902,1.538871306411417,unvalidated_no_exact_total_intrinsic_sd,not_represented_by_candidate,66.05739434905149,1
D1,sleeper:4054,sleeper:player:4054,Mo Alie-Cox,TE,20.82333473435306,20.82333473435306,,4.41548741225465,4.41548741225465,,9.573120812808984,1.4763076934924937,8.206762966996124,7.070520382339309,9.203784999435962,0.049682526425951584,0.11006143526583617,unvalidated_no_exact_total_intrinsic_sd,not_represented_by_candidate,2.348366359226741,6
D1,sleeper:4066,sleeper:player:4066,Evan Engram,TE,51.82843022538869,51.82843022538869,,40.47433686895561,40.47433686895561,,36.98146709704746,22.384399999566153,35.350658406837766,15.261518032803792,47.60697603217688,0.31168966908925105,0.6988622145731893,unvalidated_no_exact_total_intrinsic_sd,not_represented_by_candidate,38.489461792720306,37
D1,sleeper:4137,sleeper:player:4137,James Conner,RB,16.94689729629085,16.94689729629085,,0.0,0.0,,9.818241452402138,0.0,8.345505234541816,8.345505234541816,8.345505234541816,0.01815355970094433,0.03502401714481303,unvalidated_no_exact_total_intrinsic_sd,not_represented_by_candidate,2.8175645827845326,1
D1,sleeper:4147,sleeper:player:4147,Samaje Perine,RB,46.35296981602443,46.35296981602443,,13.056312723697992,13.056312723697992,,31.128982145584164,4.630164015902849,26.670269282801222,23.114341322256728,29.804928325236347,0.12449946558332776,0.2613784203092157,unvalidated_no_exact_total_intrinsic_sd,not_represented_by_candidate,15.361581635079858,14
D1,sleeper:4177,sleeper:player:4177,Mack Hollins,WR,23.622479509100007,23.622479509100007,,1.0356223580669641,1.0356223580669641,,12.822926932786963,0.343273743318124,10.902309292332754,10.651472613321575,11.147503172416263,0.04071647448967787,0.07007458573265964,unvalidated_no_exact_total_intrinsic_sd,not_represented_by_candidate,3.753250811262072,13
D1,sleeper:4179,sleeper:player:4179,Joshua Dobbs,QB,25.010021966572715,25.010021966572715,,29.455022881854607,29.455022881854607,,16.867638706041017,20.998949113502913,20.874516032149867,0.8342478343709896,29.509233634640715,0.037039915501201746,0.11091383177904098,unvalidated_no_exact_total_intrinsic_sd,not_represented_by_candidate,3.1149634990519157,4
D1,sleeper:4199,sleeper:player:4199,Aaron Jones,RB,66.58599643281936,66.58599643281936,,21.810191426072556,21.810191426072556,,48.60986872335876,9.430136548824905,41.87636468366769,34.50511475832895,48.13166207138094,0.17130065833967034,0.3384797188914378,unvalidated_no_exact_total_intrinsic_sd,not_represented_by_candidate,17.369695890963612,9
D1,sleeper:421,sleeper:player:421,Matthew Stafford,QB,104.90308330280327,104.90308330280327,,134.6908283188432,134.6908283188432,,87.37672206561234,112.44509134785528,110.07387850125322,6.971364743054949,155.51179225459592,0.9359930147716186,1.398926044652087,unvalidated_no_exact_total_intrinsic_sd,not_represented_by_candidate,73.92115152590839,11
D1,sleeper:4217,sleeper:player:4217,George Kittle,TE,62.552222731413956,62.552222731413956,,46.082529602701946,46.082529602701946,,45.115453700404956,28.37846507251084,43.485291776930225,17.844694630455137,58.85157666023329,0.399764078898082,0.7219539363745406,unvalidated_no_exact_total_intrinsic_sd,not_represented_by_candidate,11.695229139994893,16
D1,sleeper:4454,sleeper:player:4454,Kendrick Bourne,WR,38.356082042085816,38.356082042085816,,17.702458430213603,17.702458430213603,,24.150442489344478,6.895788779469962,21.12382750213662,15.545668722775758,25.510083509109855,0.08809505416831663,0.2079346765819991,unvalidated_no_exact_total_intrinsic_sd,not_represented_by_candidate,10.224487754399043,26
D1,sleeper:4866,sleeper:player:4866,Saquon Barkley,RB,85.68858977101168,85.68858977101168,,83.96011996262376,83.96011996262376,,71.99276685601114,70.65657928502668,79.69144590324,10.1444732941777,112.24323036104124,0.4295479537567495,0.8207094181621317,unvalidated_no_exact_total_intrinsic_sd,not_represented_by_candidate,36.67290129392211,13
D1,sleeper:4881,sleeper:player:4881,Lamar Jackson,QB,102.42305724199018,102.42305724199018,,121.22772920422902,121.22772920422902,,92.08527424941835,109.96766916588638,111.53091439470434,1.179157860347317,157.7241240843585,0.9456787012836263,1.6548813973766145,unvalidated_no_exact_total_intrinsic_sd,not_represented_by_candidate,83.65130926087141,11
D1,sleeper:4892,sleeper:player:4892,Baker Mayfield,QB,100.73354552038204,100.73354552038204,,121.54495028280536,121.54495028280536,,88.59855875669545,107.65811594289691,108.2663610048967,2.474213825551871,153.09176371193416,0.8703808366988531,1.525171699090126,unvalidated_no_exact_total_intrinsic_sd,not_represented_by_candidate,30.676501680488457,7
D1,sleeper:4943,sleeper:player:4943,Sam Darnold,QB,101.82843510925737,101.82843510925737,,119.30028366584786,119.30028366584786,,89.53576450009098,106.80564540040568,108.38260899857055,1.0616789767157684,153.27247862687042,0.8378071551571904,1.527572720744204,unvalidated_no_exact_total_intrinsic_sd,not_represented_by_candidate,52.03962660647369,11
D1,sleeper:4981,sleeper:player:4981,Calvin Ridley,WR,47.87137761758753,47.87137761758753,,36.41721769434475,36.41721769434475,,31.63360599598925,26.591137261281695,33.04693013670195,7.676468425314841,46.10066176786688,0.11591841563563088,0.2394499771102223,unvalidated_no_exact_total_intrinsic_sd,not_represented_by_candidate,12.164700767786478,14
D1,sleeper:4983,sleeper:player:4983,DJ Moore,WR,71.37795138931092,71.37795138931092,,74.17207761710272,74.17207761710272,,57.53521563160571,61.25405698427105,65.95673587750862,4.648877115729022,93.16098945800069,0.4084722553712783,0.8181186539639944,unvalidated_no_exact_total_intrinsic_sd,not_represented_by_candidate,30.59570815540488,11
D1,sleeper:4984,sleeper:player:4984,Josh Allen,QB,85.41893608462736,85.41893608462736,,109.84808372447186,109.84808372447186,,73.93439913881734,96.59130816264917,93.91301563196956,6.942980879519283,132.63145941550874,1.134659199644859,1.6821228092755478,unvalidated_no_exact_total_intrinsic_sd,not_represented_by_candidate,89.46742966285126,0
D1,sleeper:4993,sleeper:player:4993,Mike Gesicki,TE,48.18103690117302,48.18103690117302,,53.23675172098991,53.23675172098991,,33.33008078981873,39.61978170274131,40.274414699291114,0.29472360888467364,56.95586095157651,0.3075892877422755,0.6472888783473987,unvalidated_no_exact_total_intrinsic_sd,not_represented_by_candidate,37.32704023266929,42
D1,sleeper:5001,sleeper:player:5001,Dalton Schultz,TE,56.67323530752233,56.67323530752233,,61.14031254710719,61.14031254710719,,43.36735178632999,47.92998392861312,50.57688873704453,2.2328356299575134,71.49166240680347,0.3898355462814393,0.785398730239778,unvalidated_no_exact_total_intrinsic_sd,not_represented_by_candidate,36.099971543512396,17
D1,sleeper:5008,sleeper:player:5008,Durham Smythe,TE,27.45281782617996,27.45281782617996,,22.53729827118636,22.53729827118636,,13.618377987688925,13.374595409598271,15.0788389166702,1.9124761061008364,21.238766472970337,0.10215213758959397,0.22978361260073532,unvalidated_no_exact_total_intrinsic_sd,not_represented_by_candidate,4.980483668312242,3
D1,sleeper:5012,sleeper:player:5012,Mark Andrews,TE,55.163699900222454,55.163699900222454,,57.6457498526313,57.6457498526313,,40.289864924684764,43.87362212935194,46.66499729010712,2.5476931975252732,65.94507717443882,0.40128641960739075,0.7536911646197311,unvalidated_no_exact_total_intrinsic_sd,not_represented_by_candidate,14.915911554288698,14
D1,sleeper:5022,sleeper:player:5022,Dallas Goedert,TE,56.77477120595921,56.77477120595921,,60.493962613559475,60.493962613559475,,41.636138720191525,46.207480436602545,48.65238709992207,2.005813296717456,68.77562252760814,0.41628788219136437,0.7638559635749147,unvalidated_no_exact_total_intrinsic_sd,not_represented_by_candidate,7.46047217152946,13
D1,sleeper:5045,sleeper:player:5045,Courtland Sutton,WR,73.31126220426948,73.31126220426948,,73.61864061743265,73.61864061743265,,58.265049781145464,59.69806578689396,65.67428173602762,6.393439782942764,92.65714484500452,0.38182314490520997,0.7498332356351167,unvalidated_no_exact_total_intrinsic_sd,not_represented_by_candidate,36.343094859764506,16
D1,sleeper:5127,sleeper:player:5127,Kyle Allen,QB,26.56292706526034,26.56292706526034,,29.293526700963785,29.293526700963785,,18.16316803163077,21.535516340328876,21.91913531710621,0.12071772900145561,30.998103382773767,0.03679393183196435,0.10336117581220261,unvalidated_no_exact_total_intrinsic_sd,not_represented_by_candidate,7.085409117937953,11
D1,sleeper:5844,sleeper:player:5844,T.J. Hockenson,TE,49.04342377785239,49.04342377785239,,58.57348799166187,58.57348799166187,,36.39606069914542,45.87155259079192,45.33741961197393,2.2055451525735528,64.07884834112077,0.3577543744267901,0.77600885381898,unvalidated_no_exact_total_intrinsic_sd,not_represented_by_candidate,41.299247898117684,29
D1,sleeper:5846,sleeper:player:5846,DK Metcalf,WR,71.58780228314154,71.58780228314154,,75.20870926602572,75.20870926602572,,57.71443096418598,62.401582502640345,66.62796357666707,3.972122961400437,94.14240967771573,0.41886820469230784,0.8357386491487044,unvalidated_no_exact_total_intrinsic_sd,not_represented_by_candidate,35.67650662912868,10
D1,sleeper:5848,sleeper:player:5848,Marquise Brown,WR,31.994303874211845,31.994303874211845,,29.72218770782076,29.72218770782076,,18.074057221313847,20.59711504223706,21.388705469325455,0.48153302010049437,30.244364256133046,0.09099271840018311,0.2053985655084776,unvalidated_no_exact_total_intrinsic_sd,not_represented_by_candidate,3.377646058335529,12
D1,sleeper:5849,sleeper:player:5849,Kyler Murray,QB,110.73858709924743,110.73858709924743,,118.57373742794881,118.57373742794881,,94.22918209235038,103.18393150541317,109.42092340176963,5.544414265836821,154.64519529115884,0.7636708415338042,1.3789061632936241,unvalidated_no_exact_total_intrinsic_sd,not_represented_by_candidate,46.02585293545235,16
D1,sleeper:5850,sleeper:player:5850,Josh Jacobs,RB,68.40087377325202,68.40087377325202,,58.017243506862634,58.017243506862634,,51.838200891854875,45.216430806034886,54.852132853120075,11.39359950071644,76.73134201543684,0.24879911338369753,0.5227125882041581,unvalidated_no_exact_total_intrinsic_sd,not_represented_by_candidate,24.83644248255736,30
D1,sleeper:5854,sleeper:player:5854,Drew Lock,QB,27.506113821517825,27.506113821517825,,35.197112076549296,35.197112076549296,,17.34308957909537,25.09733143939679,23.36909869315455,3.391195822733115,32.87444810719524,0.0660240963863219,0.19043311114624756,unvalidated_no_exact_total_intrinsic_sd,not_represented_by_candidate,5.603306424865947,9
D1,sleeper:5857,sleeper:player:5857,Noah Fant,TE,36.55257439531137,36.55257439531137,,40.394087111999646,40.394087111999646,,21.23238262559172,28.03370012964356,27.128431466219805,2.2068231119145096,38.30187357542043,0.18230943582633413,0.43052172120387755,unvalidated_no_exact_total_intrinsic_sd,not_represented_by_candidate,16.12533859406546,19
D1,sleeper:5859,sleeper:player:5859,A.J. Brown,WR,78.14894585879406,78.14894585879406,,82.00834126738295,82.00834126738295,,64.21150987952181,68.74975851547885,73.79858121275274,4.908082870160079,104.251483925027,0.47132477956758184,0.8608338307266667,unvalidated_no_exact_total_intrinsic_sd,not_represented_by_candidate,27.949916304995497,10
D1,sleeper:5870,sleeper:player:5870,Daniel Jones,QB,100.25773646765889,100.25773646765889,,117.77499326853065,117.77499326853065,,86.78327928892972,104.32924036833002,105.46665636781185,1.6120887705281604,149.1436635617087,0.8489007136482521,1.4954302992332056,unvalidated_no_exact_total_intrinsic_sd,not_represented_by_candidate,36.841069648019186,8
D1,sleeper:5872,sleeper:player:5872,Deebo Samuel,WR,60.53406495058016,60.53406495058016,,51.57735661887803,51.57735661887803,,42.994343169780066,39.10089963439086,46.19129934667843,8.29479170846566,64.79559168016044,0.21365991591049882,0.43889958483219305,unvalidated_no_exact_total_intrinsic_sd,not_represented_by_candidate,11.788525658585101,11
D1,sleeper:5892,sleeper:player:5892,David Montgomery,RB,78.68344488644358,78.68344488644358,,77.54735271191277,77.54735271191277,,65.76007070321367,65.15009442733619,73.07559941883993,8.82511687398123,102.96700332148201,0.3933870930690354,0.8021450933568225,unvalidated_no_exact_total_intrinsic_sd,not_represented_by_candidate,18.67013824232069,4
D1,sleeper:5906,sleeper:player:5906,Dawson Knox,TE,37.63396514503968,37.63396514503968,,40.76189070997774,40.76189070997774,,21.70332458207959,27.952255185430044,27.35289156674031,1.7476784767055555,38.64333026624085,0.18550313957024625,0.4268934151784106,unvalidated_no_exact_total_intrinsic_sd,not_represented_by_candidate,15.225424480886929,18
D1,sleeper:5927,sleeper:player:5927,Terry McLaurin,WR,77.10555486588608,77.10555486588608,,71.97382118744468,71.97382118744468,,60.87550014324819,57.91575233264616,66.54615663752574,9.900044061424119,93.5883061820978,0.37018480302087703,0.7140278965925388,unvalidated_no_exact_total_intrinsic_sd,not_represented_by_candidate,22.756385167429613,6
D1,sleeper:5947,sleeper:player:5947,Jakobi Meyers,WR,62.46642396590193,62.46642396590193,,50.72285221132707,50.72285221132707,,44.87962984452121,38.92728371330668,47.3947192584412,10.022722884978961,66.2726478507071,0.22241734465934873,0.46071780434433485,unvalidated_no_exact_total_intrinsic_sd,not_represented_by_candidate,9.358391854731323,10
D1,sleeper:5967,sleeper:player:5967,Tony Pollard,RB,77.27067425070977,77.27067425070977,,76.17842926373386,76.17842926373386,,64.07827154889371,63.011820070336384,70.98748690682976,8.940490815741619,99.9925708173777,0.3797022954117392,0.7719241181047021,unvalidated_no_exact_total_intrinsic_sd,not_represented_by_candidate,44.56166927346786,11
D1,sleeper:5973,sleeper:player:5973,Josh Oliver,TE,29.474922002944755,29.474922002944755,,31.87031096725032,31.87031096725032,,15.267578642190763,20.31709684439761,19.59311221296307,1.7016606242151227,27.65654431593942,0.15320125588207953,0.36450202387400155,unvalidated_no_exact_total_intrinsic_sd,not_represented_by_candidate,9.580608519802297,18
D1,sleeper:5995,sleeper:player:5995,Justice Hill,RB,54.90826489531667,54.90826489531667,,43.27830007574081,43.27830007574081,,39.591694162802995,32.82194650890148,41.16876675761098,9.939083685701227,57.366796391063865,0.1693077420266773,0.38153513708529985,unvalidated_no_exact_total_intrinsic_sd,not_represented_by_candidate,23.667313386642356,24
D1,sleeper:6001,sleeper:player:6001,Drew Sample,TE,22.09452321045309,22.09452321045309,,21.583662669608056,21.583662669608056,,10.156293539902427,12.71535674679481,12.606514834916068,0.553995740642188,17.81969475847631,0.07233920053428679,0.18832983611030696,unvalidated_no_exact_total_intrinsic_sd,not_represented_by_candidate,4.038962573208046,7
D1,sleeper:6039,sleeper:player:6039,Ty Johnson,RB,47.78762518231909,47.78762518231909,,38.38239057773537,38.38239057773537,,33.41003127878886,29.201742503705784,35.378140756812435,7.300267628043098,49.49678554589795,0.1605443994281983,0.36063034272083117,unvalidated_no_exact_total_intrinsic_sd,not_represented_by_candidate,16.63280568639418,26
D1,sleeper:6136,sleeper:player:6136,Jarrett Stidham,QB,26.36539835117594,26.36539835117594,,30.592130717910546,30.592130717910546,,18.492297653336173,22.98868557546286,22.8678694403594,0.8908723229361684,32.32777833360766,0.03593174445582134,0.10569656825690305,unvalidated_no_exact_total_intrinsic_sd,not_represented_by_candidate,5.452841825346502,9
D1,sleeper:6271,sleeper:player:6271,Olamide Zaccheaus,WR,41.38553766442272,41.38553766442272,,39.119576220675974,39.119576220675974,,26.257396363262227,27.95056165338039,30.09879110344871,2.1245061142055626,42.513067703340226,0.13285736141642387,0.29933956864670586,unvalidated_no_exact_total_intrinsic_sd,not_represented_by_candidate,16.120964608344842,22
D1,sleeper:6768,sleeper:player:6768,Tua Tagovailoa,QB,95.48138349584671,95.48138349584671,,101.49107910277601,101.49107910277601,,73.46744616908933,81.97248146054628,86.06557682745134,3.2222113884812487,121.6724470989706,0.4280636055743181,0.8564768780821221,unvalidated_no_exact_total_intrinsic_sd,not_represented_by_candidate,59.95997637630097,25
D1,sleeper:6770,sleeper:player:6770,Joe Burrow,QB,107.13933056418439,107.13933056418439,,122.90685106996843,122.90685106996843,,93.95042842574777,107.57053748334991,111.43443053591182,2.1381508301653014,157.5775774936059,0.9140588923853761,1.5403059607364897,unvalidated_no_exact_total_intrinsic_sd,not_represented_by_candidate,89.3410479563646,12
D1,sleeper:6783,sleeper:player:6783,Jerry Jeudy,WR,61.78217222173513,61.78217222173513,,62.17119880280319,62.17119880280319,,45.23909443640383,49.14372854090033,52.33881325882082,2.9468864001427733,73.95957414174374,0.27483662972293926,0.5823447824241941,unvalidated_no_exact_total_intrinsic_sd,not_represented_by_candidate,19.00465473290275,16
D1,sleeper:6786,sleeper:player:6786,CeeDee Lamb,WR,73.33162111443542,73.33162111443542,,84.92138822917804,84.92138822917804,,60.516263735016636,72.2490350267578,73.2856404455936,0.7611036320683553,103.63875198159664,0.5723443329771222,0.942813442934356,unvalidated_no_exact_total_intrinsic_sd,not_represented_by_candidate,37.49159093105715,14
D1,sleeper:6790,sleeper:player:6790,D'Andre Swift,RB,78.24399499756593,78.24399499756593,,86.01717255664774,86.01717255664774,,67.6543291473458,73.78058706057217,78.41263226535624,4.199705623980549,110.81265392650732,0.4715154539770582,0.9166704967677797,unvalidated_no_exact_total_intrinsic_sd,not_represented_by_candidate,30.056056421950643,9
D1,sleeper:6794,sleeper:player:6794,Justin Jefferson,WR,73.87830207090943,73.87830207090943,,84.74403655539854,84.74403655539854,,62.23996154864714,72.9844102590852,74.69546874722461,0.1727309041610141,105.63520372853911,0.5543202902483771,0.9628361171853872,unvalidated_no_exact_total_intrinsic_sd,not_represented_by_candidate,20.354150403785184,2
D1,sleeper:6797,sleeper:player:6797,Justin Herbert,QB,91.87809468401088,91.87809468401088,,110.2099163558293,110.2099163558293,,80.13096844164025,96.7837581622034,97.61575139095098,1.8149420967977363,138.03758844758613,1.0051139124578026,1.611588790658548,unvalidated_no_exact_total_intrinsic_sd,not_represented_by_candidate,42.062592224362334,6
D1,sleeper:6801,sleeper:player:6801,Tee Higgins,WR,69.37947280609234,69.37947280609234,,79.30447195271417,79.30447195271417,,57.85382606556776,67.28471028529637,69.14837759204144,0.5625489746059742,97.78895533685922,0.5162537291690641,0.9393302574802118,unvalidated_no_exact_total_intrinsic_sd,not_represented_by_candidate,25.905991107021975,6
D1,sleeper:6804,sleeper:player:6804,Jordan Love,QB,95.2845214029508,95.2845214029508,,112.43545721931036,112.43545721931036,,82.16218888219434,97.32941610127082,99.10751700594828,0.48264258330297594,140.15836368303334,0.9005821900157719,1.5165781642235892,unvalidated_no_exact_total_intrinsic_sd,not_represented_by_candidate,29.616374826533388,6
D1,sleeper:6806,sleeper:player:6806,J.K. Dobbins,RB,74.52749354134988,74.52749354134988,,77.08981229935482,77.08981229935482,,61.513201420506405,64.22521876491882,69.90752036300573,5.8835006497766,98.68894176508428,0.39273429192634596,0.8106337936861678,unvalidated_no_exact_total_intrinsic_sd,not_represented_by_candidate,53.0936583791198,23
D1,sleeper:6813,sleeper:player:6813,Jonathan Taylor,RB,74.111822676653,74.111822676653,,91.31881619877328,91.31881619877328,,63.12106386273556,79.08331076865097,78.37952531491128,3.484787747025095,110.79059631367555,0.6039890345478293,0.9941687187374083,unvalidated_no_exact_total_intrinsic_sd,not_represented_by_candidate,63.44398104911261,11
D1,sleeper:6819,sleeper:player:6819,Michael Pittman,WR,70.49721794097616,70.49721794097616,,75.54673498699506,75.54673498699506,,57.72197688542401,63.37636317454196,67.11122061833808,3.2742579590038545,94.85310274621696,0.3950799359934993,0.8182481811761639,unvalidated_no_exact_total_intrinsic_sd,not_represented_by_candidate,44.30448273103755,18
D1,sleeper:6826,sleeper:player:6826,Cole Kmet,TE,41.0539678194999,41.0539678194999,,45.98704712972485,45.98704712972485,,26.07912274002585,33.313410022025444,32.72156745330798,1.9016844118914094,46.236193069935354,0.23988010317936795,0.5466744253549648,unvalidated_no_exact_total_intrinsic_sd,not_represented_by_candidate,20.284552046210457,8
D1,sleeper:6847,sleeper:player:6847,Devin Duvernay,WR,11.856347775922012,11.856347775922012,,11.081093586634001,11.081093586634001,,6.2129801570071335,7.167282272968662,7.3962651509346315,0.10267169123620512,10.45939457567592,0.01616498504172884,0.03642619373237108,unvalidated_no_exact_total_intrinsic_sd,not_represented_by_candidate,3.9448014828632196,0
D1,sleeper:6865,sleeper:player:6865,Colby Parkinson,TE,45.91961567190951,45.91961567190951,,50.854932099244664,50.854932099244664,,29.621455297285692,37.716607650075325,37.101478280616575,2.072012024486579,52.42848602987226,0.26674604287592385,0.5865758613943877,unvalidated_no_exact_total_intrinsic_sd,not_represented_by_candidate,22.72894473390147,7
D1,sleeper:6869,sleeper:player:6869,Adam Trautman,TE,27.357109486269795,27.357109486269795,,25.73279573824648,25.73279573824648,,13.811945631240889,16.160834057065188,16.557926145314177,0.06395118032515867,23.41635639278435,0.10432275014505475,0.27459015309425955,unvalidated_no_exact_total_intrinsic_sd,not_represented_by_candidate,5.970566142796461,8
D1,sleeper:6904,sleeper:player:6904,Jalen Hurts,QB,82.5324063680575,82.5324063680575,,102.0514276093159,102.0514276093159,,71.26322588570167,90.48715890833094,89.12534279774664,4.803230308422677,125.95071431411552,1.118495543623162,1.6905123547367864,unvalidated_no_exact_total_intrinsic_sd,not_represented_by_candidate,84.72639532318442,6
D1,sleeper:7002,sleeper:player:7002,Juwan Johnson,TE,53.06099630249008,53.06099630249008,,59.387897165280215,59.387897165280215,,39.490073976067556,46.39734951266393,47.438848297956305,0.0444778567577373,67.08864790255711,0.39160229943505986,0.7834455800401738,unvalidated_no_exact_total_intrinsic_sd,not_represented_by_candidate,31.635576329275267,18
D1,sleeper:7021,sleeper:player:7021,Rico Dowdle,RB,76.15704153260525,76.15704153260525,,80.20697628319883,80.20697628319883,,64.78667230463,67.78969006509152,73.69808724157244,6.090620386906878,104.04672253096412,0.3957478183100783,0.8270430280623337,unvalidated_no_exact_total_intrinsic_sd,not_represented_by_candidate,39.45488137626592,10
D1,sleeper:7049,sleeper:player:7049,Jauan Jennings,WR,57.15342665943476,57.15342665943476,,54.844122660334385,54.844122660334385,,39.72978533920281,41.859656312638315,45.33331875754696,3.5267158524412103,64.01391922420356,0.22445439902846012,0.4729280029411328,unvalidated_no_exact_total_intrinsic_sd,not_represented_by_candidate,16.548491445848967,18
D1,sleeper:7083,sleeper:player:7083,Tyler Huntley,QB,39.73222631293595,39.73222631293595,,49.345473387658124,49.345473387658124,,27.538399577278668,37.798970783292525,35.968602804114234,3.90211675024198,50.71739603161571,0.06880192257329601,0.20376925614361907,unvalidated_no_exact_total_intrinsic_sd,not_represented_by_candidate,5.209423151814647,11
D1,sleeper:7090,sleeper:player:7090,Darnell Mooney,WR,43.690246318840444,43.690246318840444,,42.62152074555417,42.62152074555417,,28.026335999394924,31.63025366414835,33.0115008272355,0.9695273271385041,46.67524387183286,0.15955664960145377,0.3444052444988522,unvalidated_no_exact_total_intrinsic_sd,not_represented_by_candidate,17.27793043132852,19
D1,sleeper:7523,sleeper:player:7523,Trevor Lawrence,QB,88.86466388927951,88.86466388927951,,107.04810249639962,107.04810249639962,,78.89090077530103,95.94524103421591,96.44687560840875,2.2631709882151085,136.37770230622687,1.047337646721672,1.6749477282541565,unvalidated_no_exact_total_intrinsic_sd,not_represented_by_candidate,45.40944488203763,5
D1,sleeper:7525,sleeper:player:7525,DeVonta Smith,WR,71.3808620448807,71.3808620448807,,80.45593242956258,80.45593242956258,,59.59516266033415,68.73545998884873,70.93849920965313,0.994518419340821,100.31725810322723,0.49050358154822377,0.9271384405908445,unvalidated_no_exact_total_intrinsic_sd,not_represented_by_candidate,14.625228128054658,9
D1,sleeper:7526,sleeper:player:7526,Jaylen Waddle,WR,70.8284732118023,70.8284732118023,,79.84687743509953,79.84687743509953,,59.66835387145457,68.07899322624156,70.65192042232985,1.5310281847768579,99.90517339669591,0.48425089770801166,0.9333037268718913,unvalidated_no_exact_total_intrinsic_sd,not_represented_by_candidate,26.098739907726497,9
D1,sleeper:7527,sleeper:player:7527,Mac Jones,QB,71.47423348786236,71.47423348786236,,91.34915205048388,91.34915205048388,,52.83878675018138,71.74440918390059,68.5862725424029,6.922366897713999,96.74830437302234,0.21438961234497217,0.5308394033291516,unvalidated_no_exact_total_intrinsic_sd,not_represented_by_candidate,27.67103104686548,72
D1,sleeper:7528,sleeper:player:7528,Najee Harris,RB,51.61340261533566,51.61340261533566,,37.76759023963179,37.76759023963179,,36.65442983899719,27.969582720446493,37.13592715663344,10.948241847625024,51.364288878670195,0.12464930042318632,0.271262655200092,unvalidated_no_exact_total_intrinsic_sd,not_represented_by_candidate,10.253310724873039,14
D1,sleeper:7543,sleeper:player:7543,Travis Etienne,RB,77.28655204108165,77.28655204108165,,86.10809612111764,86.10809612111764,,67.13239415827005,74.4599250483426,78.42373330225075,3.2652391871020185,110.85983088195707,0.4757174124916951,0.9277711038386959,unvalidated_no_exact_total_intrinsic_sd,not_represented_by_candidate,31.734504459456616,12
D1,sleeper:7547,sleeper:player:7547,Amon-Ra St. Brown,WR,66.96263173117987,66.96263173117987,,83.46546436666283,83.46546436666283,,55.67695075741625,72.04354951093731,70.34947913685238,4.726056377848387,99.376872665456,0.6493803170639819,1.015108683060958,unvalidated_no_exact_total_intrinsic_sd,not_represented_by_candidate,76.68012053742137,12
D1,sleeper:7553,sleeper:player:7553,Kyle Pitts,TE,50.17932171359762,50.17932171359762,,58.97265946067527,58.97265946067527,,40.02143594443286,48.77259875607155,48.97928390803941,1.2199820484937618,69.25642315402962,0.5400508133059013,0.9509316956401341,unvalidated_no_exact_total_intrinsic_sd,not_represented_by_candidate,25.086330576251726,21
D1,sleeper:7564,sleeper:player:7564,Ja'Marr Chase,WR,67.98428397374447,67.98428397374447,,83.74361890482946,83.74361890482946,,56.76276295206394,72.38058580586984,71.15242343405204,4.046624735486603,100.5433217539953,0.6619434775246126,1.0276847759145558,unvalidated_no_exact_total_intrinsic_sd,not_represented_by_candidate,94.11667512613514,11
D1,sleeper:7569,sleeper:player:7569,Nico Collins,WR,70.23523109403638,70.23523109403638,,81.97972909140238,81.97972909140238,,58.91386998494098,70.12308885489796,71.23565694517646,0.5871422104639379,100.7407211848636,0.5626864407528357,0.9667066009546657,unvalidated_no_exact_total_intrinsic_sd,not_represented_by_candidate,21.39786774052874,5
D1,sleeper:7571,sleeper:player:7571,Rashod Bateman,WR,58.050622369992915,58.050622369992915,,58.397013581519,58.397013581519,,41.87173723910766,45.83741667560187,48.61572428178553,2.4734431051191663,68.70851020136385,0.263003097020647,0.5738288054581044,unvalidated_no_exact_total_intrinsic_sd,not_represented_by_candidate,17.75517301694849,15
D1,sleeper:7585,sleeper:player:7585,Davis Mills,QB,41.62614569316962,41.62614569316962,,48.9566004658867,48.9566004658867,,27.65002785172164,36.727405846949026,35.447201177152365,3.033027050457278,50.03807439838406,0.07497778857712648,0.18048612722932017,unvalidated_no_exact_total_intrinsic_sd,not_represented_by_candidate,5.68073030618031,13
D1,sleeper:7587,sleeper:player:7587,Dyami Brown,WR,39.64357755268579,39.64357755268579,,38.572788384105436,38.572788384105436,,23.07170682407841,28.499477855522596,28.43542565059201,0.9799219501484231,40.20182355108172,0.13322382228340773,0.30711549552518375,unvalidated_no_exact_total_intrinsic_sd,not_represented_by_candidate,11.297899273909692,15
D1,sleeper:7588,sleeper:player:7588,Javonte Williams,RB,74.61748588735587,74.61748588735587,,84.81416631187007,84.81416631187007,,65.31753851861109,74.00283514640827,77.0790854865212,2.052859347539446,108.98695613409939,0.536047570371507,0.9894990881845325,unvalidated_no_exact_total_intrinsic_sd,not_represented_by_candidate,39.93018263559463,5
D1,sleeper:7591,sleeper:player:7591,Justin Fields,QB,61.734887857437,61.734887857437,,78.93021064915686,78.93021064915686,,44.87486233821675,62.512641960194934,59.11724480007712,7.021750828756595,83.30901680372507,0.1716522617041799,0.4901468097658362,unvalidated_no_exact_total_intrinsic_sd,not_represented_by_candidate,35.93435116044107,96
D1,sleeper:7594,sleeper:player:7594,Chuba Hubbard,RB,69.49312289823963,69.49312289823963,,83.8463510948965,83.8463510948965,,57.7300075367134,71.70682690723149,71.35826768319882,2.737676034268354,100.87868884668114,0.376656397808533,0.8099229533876036,unvalidated_no_exact_total_intrinsic_sd,not_represented_by_candidate,47.091710202103826,24
D1,sleeper:7600,sleeper:player:7600,Pat Freiermuth,TE,48.82329497394756,48.82329497394756,,56.94865080117999,56.94865080117999,,36.41880303395132,45.374314520195014,45.08873650246709,1.8269596619822757,63.73892481969952,0.43182387827248153,0.8509716169469063,unvalidated_no_exact_total_intrinsic_sd,not_represented_by_candidate,43.61695604134145,28
D1,sleeper:7610,sleeper:player:7610,Trey Lance,QB,50.17626077946311,50.17626077946311,,64.77783558141546,64.77783558141546,,35.643942980327594,50.31765533422433,47.32419692827899,6.057154445698618,66.65185751225553,0.1131304008914197,0.3446416398493295,unvalidated_no_exact_total_intrinsic_sd,not_represented_by_candidate,7.5980792485380135,24
D1,sleeper:7611,sleeper:player:7611,Rhamondre Stevenson,RB,72.15892036254405,72.15892036254405,,79.46721395243475,79.46721395243475,,59.65520474929563,66.52460973749214,69.8666098833054,2.642893501563215,98.77095457223936,0.3642395286492012,0.7693045797965182,unvalidated_no_exact_total_intrinsic_sd,not_represented_by_candidate,38.89865154608498,12
D1,sleeper:7694,sleeper:player:7694,Tommy Tremble,TE,36.468861655314726,36.468861655314726,,44.21766475066996,44.21766475066996,,21.020734494062875,31.618821735036946,29.002201446888105,4.976974383610749,40.71222302351764,0.22533004185149905,0.5156454922325826,unvalidated_no_exact_total_intrinsic_sd,not_represented_by_candidate,13.078316456160856,10
D1,sleeper:7716,sleeper:player:7716,John Bates,TE,22.667097632111265,22.667097632111265,,23.01802565666701,23.01802565666701,,10.461651151990704,13.675412016077436,13.292811104536167,0.9880817024238464,18.772888660808043,0.0899157553577367,0.24078945876782537,unvalidated_no_exact_total_intrinsic_sd,not_represented_by_candidate,6.115220104185678,15
D1,sleeper:7828,sleeper:player:7828,Noah Gray,TE,34.3659964802537,34.3659964802537,,39.44996156240611,39.44996156240611,,19.497460534312456,27.22740272544652,25.722339101939692,3.098957014969521,36.244639923300696,0.18964811279781757,0.4370072771785497,unvalidated_no_exact_total_intrinsic_sd,not_represented_by_candidate,14.984573693720488,12
D1,sleeper:7891,sleeper:player:7891,Brock Wright,TE,31.21140032645969,31.21140032645969,,33.38270675717451,33.38270675717451,,16.19268402514134,22.166847265959113,21.1172779855286,2.251765728285319,29.779328571025594,0.12575544978009437,0.3191210663560374,unvalidated_no_exact_total_intrinsic_sd,not_represented_by_candidate,15.44111403398006,37
D1,sleeper:8110,sleeper:player:8110,Jake Ferguson,TE,51.72290252229293,51.72290252229293,,61.547522889385085,61.547522889385085,,41.315039973423104,50.90388055441742,50.85158783642619,1.6602697231569437,71.89583767797622,0.4870340262198282,0.920719400311601,unvalidated_no_exact_total_intrinsic_sd,not_represented_by_candidate,29.106336338676442,11
D1,sleeper:8111,sleeper:player:8111,Cade Otton,TE,49.42416196621424,49.42416196621424,,53.003640342630135,53.003640342630135,,33.402040771953146,40.27439531361143,40.65462809553005,0.7065159579240792,57.48998527024443,0.2777327343743859,0.6155315890321312,unvalidated_no_exact_total_intrinsic_sd,not_represented_by_candidate,23.03055811589836,33
D1,sleeper:8112,sleeper:player:8112,Drake London,WR,68.90338851969794,68.90338851969794,,81.49821245660229,81.49821245660229,,58.59661319498757,71.45015170032447,71.7332283655291,1.815613387744989,101.42985581922386,0.5983209020171475,1.0195480523612357,unvalidated_no_exact_total_intrinsic_sd,not_represented_by_candidate,68.22952821936167,15
D1,sleeper:8117,sleeper:player:8117,Jalen Tolbert,WR,42.16351200935841,42.16351200935841,,40.74911875212429,40.74911875212429,,25.803677225317458,30.37524636258212,31.027310321922002,0.012989855445741938,43.87924113848541,0.1354793530132346,0.29630106799456407,unvalidated_no_exact_total_intrinsic_sd,not_represented_by_candidate,11.781291089356273,16
D1,sleeper:8119,sleeper:player:8119,Jahan Dotson,WR,39.426866176586834,39.426866176586834,,37.58049568150543,37.58049568150543,,23.71173926238742,27.70534224009217,28.40612322546179,0.1378686045627191,40.1720881414959,0.14801900558304112,0.3425687736838836,unvalidated_no_exact_total_intrinsic_sd,not_represented_by_candidate,8.742986375110227,15
D1,sleeper:8121,sleeper:player:8121,Romeo Doubs,WR,61.94873298952194,61.94873298952194,,69.70969014567584,69.70969014567584,,51.162624724299135,58.97893527382086,60.88540634945261,0.8759502803186976,86.10051175098982,0.41265458568321123,0.8878971249372305,unvalidated_no_exact_total_intrinsic_sd,not_represented_by_candidate,39.97386454390903,19
D1,sleeper:8126,sleeper:player:8126,Wan'Dale Robinson,WR,71.33118444775414,71.33118444775414,,70.68614873841669,70.68614873841669,,56.079597322498444,58.79036121835977,63.846841938352505,5.191621743858747,90.14369370438861,0.3488220171691067,0.7519763816103835,unvalidated_no_exact_total_intrinsic_sd,not_represented_by_candidate,14.288594200023311,16
D1,sleeper:8127,sleeper:player:8127,Charlie Kolar,TE,32.6851814104764,32.6851814104764,,36.57117975209651,36.57117975209651,,18.004610815645055,24.81887465980384,23.574425678778283,2.6277177484099763,33.23555613500657,0.2014451039932872,0.4738257929733428,unvalidated_no_exact_total_intrinsic_sd,not_represented_by_candidate,14.567496367499928,21
D1,sleeper:8130,sleeper:player:8130,Trey McBride,TE,45.56118663075552,45.56118663075552,,59.067784761320965,59.067784761320965,,35.36964568122709,48.86854756640403,46.373240305245645,5.243326787683888,65.37172444576994,0.6757711356663715,1.022288627770713,unvalidated_no_exact_total_intrinsic_sd,not_represented_by_candidate,86.77405615593045,29
D1,sleeper:8131,sleeper:player:8131,Isaiah Likely,TE,47.05238853143565,47.05238853143565,,54.69456528892944,54.69456528892944,,34.93429870457189,43.591462136094115,43.285877376632804,1.8006774944418922,61.1889852922141,0.414308124805803,0.8391244896195247,unvalidated_no_exact_total_intrinsic_sd,not_represented_by_candidate,33.9264041219175,24
D1,sleeper:8132,sleeper:player:8132,Tyler Allgeier,RB,62.77074837418575,62.77074837418575,,61.79616959185182,61.79616959185182,,48.168552733875835,49.38655600769925,54.309679128852764,5.261483108231758,76.62505653935716,0.2938906703205229,0.6268679417487577,unvalidated_no_exact_total_intrinsic_sd,not_represented_by_candidate,21.671671088787605,15
D1,sleeper:8134,sleeper:player:8134,Khalil Shakir,WR,65.67595797185693,65.67595797185693,,73.18043049586119,73.18043049586119,,54.87557880378221,62.0070730311434,64.67406891440311,1.8441317182137738,91.44435224821598,0.4174646192729751,0.8968799359784742,unvalidated_no_exact_total_intrinsic_sd,not_represented_by_candidate,44.35768941896953,16
D1,sleeper:8135,sleeper:player:8135,Treylon Burks,WR,45.015481468281955,45.015481468281955,,42.86000183246771,42.86000183246771,,28.541326741245634,32.061610344010006,33.54323302761554,1.0956142565115599,47.424641203606015,0.14802633293832432,0.33860590119095985,unvalidated_no_exact_total_intrinsic_sd,not_represented_by_candidate,12.256324694729955,8
D1,sleeper:8136,sleeper:player:8136,Rachaad White,RB,72.13624608928629,72.13624608928629,,85.6401337082033,85.6401337082033,,60.609971047828815,73.54114659785083,74.00891726854047,1.6150030262927189,104.6519538076017,0.3900625142563715,0.8319643151031191,unvalidated_no_exact_total_intrinsic_sd,not_represented_by_candidate,42.067857803060264,17
D1,sleeper:8137,sleeper:player:8137,George Pickens,WR,64.72968920398483,64.72968920398483,,77.92415328158376,77.92415328158376,,55.70221535686633,67.95285339921256,68.20658563236483,1.7490535275946826,96.44281963426745,0.5832334688540627,1.0371655044491637,unvalidated_no_exact_total_intrinsic_sd,not_represented_by_candidate,33.97948507551337,2
D1,sleeper:8138,sleeper:player:8138,James Cook,RB,71.48865200321806,71.48865200321806,,85.7004763704244,85.7004763704244,,61.890321655373164,74.31826946915125,75.17060749169931,1.088176284394585,106.30172309852895,0.5821617289364377,1.0011379709633283,unvalidated_no_exact_total_intrinsic_sd,not_represented_by_candidate,51.05236237501259,10
D1,sleeper:8142,sleeper:player:8142,Alec Pierce,WR,64.74531984421766,64.74531984421766,,74.70094292078136,74.70094292078136,,54.35792534227374,63.851073106601056,65.29188183511667,0.07183622141342028,92.33663686045193,0.4829479186744897,0.9494726413491203,unvalidated_no_exact_total_intrinsic_sd,not_represented_by_candidate,40.89667378562595,11
D1,sleeper:8144,sleeper:player:8144,Chris Olave,WR,70.55758973827895,70.55758973827895,,83.02080582513446,83.02080582513446,,60.13665847087753,72.76772475775336,73.3277497214281,1.4585214372308997,103.69084083772269,0.5648013431346868,1.0058710451405333,unvalidated_no_exact_total_intrinsic_sd,not_represented_by_candidate,49.43307247153825,16
D1,sleeper:8146,sleeper:player:8146,Garrett Wilson,WR,77.14794542716831,77.14794542716831,,83.41340258217576,83.41340258217576,,64.07330688895031,71.85737676258091,75.24302951232899,2.5453561446430584,106.37926556657246,0.49581988242971886,0.9221931461379838,unvalidated_no_exact_total_intrinsic_sd,not_represented_by_candidate,38.43199359818021,9
D1,sleeper:8148,sleeper:player:8148,Jameson Williams,WR,63.544153873896846,63.544153873896846,,74.37941575870958,74.37941575870958,,54.47983316720096,64.43721852469187,65.66482056472067,0.24803219196905957,92.86374857621068,0.5220868139604686,0.9966787063605171,unvalidated_no_exact_total_intrinsic_sd,not_represented_by_candidate,9.474355834193773,5
D1,sleeper:8150,sleeper:player:8150,Kyren Williams,RB,72.5050366602048,72.5050366602048,,83.56180992355281,83.56180992355281,,63.65193312489506,73.52100490928757,75.82135986016588,0.9852171092005406,107.22306920312107,0.5458261648018273,1.0060957926494707,unvalidated_no_exact_total_intrinsic_sd,not_represented_by_candidate,32.24015127717945,7
D1,sleeper:8151,sleeper:player:8151,Kenneth Walker,RB,75.09745164938732,75.09745164938732,,83.25034182500738,83.25034182500738,,66.03044611929596,73.17894716010007,77.10733053584617,3.254089878229273,108.99766852457387,0.5206625762663392,0.9905591737641519,unvalidated_no_exact_total_intrinsic_sd,not_represented_by_candidate,27.077063096060385,3
D1,sleeper:8154,sleeper:player:8154,Brian Robinson,RB,58.9792478963301,58.9792478963301,,54.68234247126563,54.68234247126563,,43.80054243478136,42.48829815143981,48.25413842104765,6.5326656551489,67.92825648397941,0.2584879016212422,0.5397312357607492,unvalidated_no_exact_total_intrinsic_sd,not_represented_by_candidate,27.672564655452973,33
D1,sleeper:8155,sleeper:player:8155,Breece Hall,RB,74.55132174577251,74.55132174577251,,83.23059047206519,83.23059047206519,,65.8110580255205,73.67992323786827,77.22077411003845,2.7056547823326014,109.17314386105224,0.5129771873873158,0.9992269410315159,unvalidated_no_exact_total_intrinsic_sd,not_represented_by_candidate,28.164781010191064,13
D1,sleeper:8160,sleeper:player:8160,Kenny Pickett,QB,26.70609407468147,26.70609407468147,,31.471592918849602,31.471592918849602,,18.108434919559397,23.14759815813748,22.729182457463732,1.3319699876288418,32.11630935087982,0.035704657498177514,0.08447089364611554,unvalidated_no_exact_total_intrinsic_sd,not_represented_by_candidate,10.419125951224999,19
D1,sleeper:8161,sleeper:player:8161,Malik Willis,QB,107.862931137776,107.862931137776,,113.1800076393541,113.1800076393541,,93.1851112525017,100.05703646440952,107.23722445740724,6.916135719090562,151.49855341016232,0.6472064125230975,1.3457510367040482,unvalidated_no_exact_total_intrinsic_sd,not_represented_by_candidate,26.221719503754002,10
D1,sleeper:8167,sleeper:player:8167,Christian Watson,WR,69.85427450767946,69.85427450767946,,77.03120896055707,77.03120896055707,,58.24005973908005,65.42754847545822,68.44878858074419,2.23264700469948,96.7754545517366,0.4843688757017071,0.9206714823296109,unvalidated_no_exact_total_intrinsic_sd,not_represented_by_candidate,39.25152307556269,4
D1,sleeper:8172,sleeper:player:8172,Greg Dulcich,TE,48.527979857330415,48.527979857330415,,56.26681758557443,56.26681758557443,,36.92996488711107,45.1438856098178,45.268034050067946,1.2259871990489515,64.00692750713776,0.4228719219864922,0.8578040214164148,unvalidated_no_exact_total_intrinsic_sd,not_represented_by_candidate,42.115349986687704,26
D1,sleeper:8180,sleeper:player:8180,Jalen Nailor,WR,57.03757365150945,57.03757365150945,,59.35052153944234,59.35052153944234,,40.63547924628437,46.486394193782886,48.17748504982727,0.9537375543335784,68.12657716434984,0.27603183854555446,0.5837187181530736,unvalidated_no_exact_total_intrinsic_sd,not_represented_by_candidate,24.32902546678544,21
D1,sleeper:8183,sleeper:player:8183,Brock Purdy,QB,99.06924097387767,99.06924097387767,,116.32118611910116,116.32118611910116,,85.4810957272917,101.13237978995195,103.04500974511377,0.4092130300423378,145.72707576643822,0.845561186227069,1.4548466957533392,unvalidated_no_exact_total_intrinsic_sd,not_represented_by_candidate,24.890682756416425,3
D1,sleeper:8188,sleeper:player:8188,Tyquan Thornton,WR,49.77171161498258,49.77171161498258,,52.40588198773324,52.40588198773324,,33.25711059547064,39.90804560243818,40.37926364472452,0.5650189416115374,57.10210695391163,0.24870895824487654,0.5510646006190911,unvalidated_no_exact_total_intrinsic_sd,not_represented_by_candidate,21.59989517185135,20
D1,sleeper:8205,sleeper:player:8205,Isiah Pacheco,RB,54.19614748187806,54.19614748187806,,50.123782886769526,50.123782886769526,,38.38824901665018,38.35366034334256,42.808767298270595,4.919492066087649,60.340531262217645,0.2126167348367077,0.44599466668941695,unvalidated_no_exact_total_intrinsic_sd,not_represented_by_candidate,27.857130186856658,36
D1,sleeper:8225,sleeper:player:8225,Daniel Bellinger,TE,34.92250645487432,34.92250645487432,,43.25444808282408,43.25444808282408,,19.827596485625964,30.760385445370687,27.891970391032523,5.370921471498249,39.07783549706239,0.2340355380227535,0.5406980548006216,unvalidated_no_exact_total_intrinsic_sd,not_represented_by_candidate,14.02498398513395,11
D1,sleeper:8228,sleeper:player:8228,Jaylen Warren,RB,77.48843725883407,77.48843725883407,,84.5113330919089,84.5113330919089,,66.71466966968141,72.9498624028153,77.41891597924112,4.00119363319515,109.41374480526324,0.45537910653953606,0.8978037721033871,unvalidated_no_exact_total_intrinsic_sd,not_represented_by_candidate,50.46384989146628,18
D1,sleeper:827,sleeper:player:827,Tyrod Taylor,QB,46.40427076001306,46.40427076001306,,52.41897564348345,52.41897564348345,,32.65747599072947,41.34645805349249,40.77915080858788,2.1139613515282676,57.63167053576837,0.05976734078156603,0.17383627638875854,unvalidated_no_exact_total_intrinsic_sd,not_represented_by_candidate,13.353815718534845,18
D1,sleeper:8408,sleeper:player:8408,Jordan Mason,RB,70.51720459054695,70.51720459054695,,76.335100877736,76.335100877736,,60.11487883310739,64.99534890740131,69.39834522802568,4.138507422543839,98.05678659373872,0.42266603652772455,0.8812974223509049,unvalidated_no_exact_total_intrinsic_sd,not_represented_by_candidate,39.01682131101012,17
D1,sleeper:8676,sleeper:player:8676,Rashid Shaheed,WR,58.125680328970866,58.125680328970866,,58.492517499985325,58.492517499985325,,42.04799255828307,45.73293296327006,48.67423351777712,2.698749608577998,68.78283774050323,0.2600800369737961,0.5641305676419558,unvalidated_no_exact_total_intrinsic_sd,not_represented_by_candidate,14.458492229265545,14
D1,sleeper:8698,sleeper:player:8698,Jake Tonges,TE,36.770504374639636,36.770504374639636,,42.65795017394283,42.65795017394283,,20.930532666142707,29.305033320831765,27.655182628544157,3.3819338080796477,38.96383934052224,0.23420512983195432,0.5196213851125862,unvalidated_no_exact_total_intrinsic_sd,not_represented_by_candidate,18.878812625975733,24
D1,sleeper:8800,sleeper:player:8800,Malik Davis,RB,44.00624879757296,44.00624879757296,,37.96832185811371,37.96832185811371,,29.47805448066688,28.228367653607627,32.30752756048656,4.6613506788353405,45.451341938298356,0.14269615976010463,0.3127814658912031,unvalidated_no_exact_total_intrinsic_sd,not_represented_by_candidate,16.765847934504123,30
D1,sleeper:8917,sleeper:player:8917,KaVontae Turpin,WR,35.57702507879822,35.57702507879822,,32.40409845753852,32.40409845753852,,21.22593332013408,22.036571690488472,24.06256509723706,2.120620275736046,33.963466368491886,0.12932141582503517,0.2842228668580283,unvalidated_no_exact_total_intrinsic_sd,not_represented_by_candidate,13.031905594513503,24
D1,sleeper:9221,sleeper:player:9221,Jahmyr Gibbs,RB,68.05253601406676,68.05253601406676,,83.04148009054295,83.04148009054295,,60.222875559529996,74.31669033751078,74.1847983095719,2.504364543251036,104.88325299445202,0.6667203306548706,1.0814378272193725,unvalidated_no_exact_total_intrinsic_sd,not_represented_by_candidate,91.76556814799255,12
D1,sleeper:9224,sleeper:player:9224,Chase Brown,RB,77.12406505908854,77.12406505908854,,89.25990001537384,89.25990001537384,,67.45472891733297,78.38663515628619,80.59109992144158,0.7021756793162552,113.97086348014979,0.5666545951962597,0.9998714425641906,unvalidated_no_exact_total_intrinsic_sd,not_represented_by_candidate,26.450704083486585,5
D1,sleeper:9225,sleeper:player:9225,Tank Bigsby,RB,46.25635831804864,46.25635831804864,,49.93686940204477,49.93686940204477,,32.85308748216761,39.04553099727598,39.69431975989144,0.285271785689428,56.13552050537436,0.245110358069503,0.5810364079165456,unvalidated_no_exact_total_intrinsic_sd,not_represented_by_candidate,20.70005679486733,18
D1,sleeper:9226,sleeper:player:9226,De'Von Achane,RB,75.58904130132932,75.58904130132932,,88.06645888436135,88.06645888436135,,67.55812684782295,79.26684829095072,81.10147738473005,0.15410993043762033,114.6947057108614,0.5681662360060746,1.0413165868300618,unvalidated_no_exact_total_intrinsic_sd,not_represented_by_candidate,31.42685508166869,4
D1,sleeper:9228,sleeper:player:9228,Bryce Young,QB,97.15549379605548,97.15549379605548,,108.79801740623259,108.79801740623259,,82.18847182913319,94.56669128697456,97.71732719935366,1.5357665999241021,138.18463550960232,0.8333937902266535,1.4675628972061872,unvalidated_no_exact_total_intrinsic_sd,not_represented_by_candidate,49.646956137878306,10
D1,sleeper:9230,sleeper:player:9230,Tanner McKee,QB,30.28636635884595,30.28636635884595,,43.55787551659694,43.55787551659694,,19.821624726995264,32.38215861473357,28.83133516334419,6.547728581199028,40.244490617090975,0.05948733813208025,0.17512083184863003,unvalidated_no_exact_total_intrinsic_sd,not_represented_by_candidate,8.954120981633718,27
D1,sleeper:9479,sleeper:player:9479,Darnell Washington,TE,44.571070812238915,44.571070812238915,,51.625885944758544,51.625885944758544,,30.043692498436478,39.34691399992894,38.213935913161855,2.89100674127765,53.96528398861966,0.29010321245430626,0.6743192828542369,unvalidated_no_exact_total_intrinsic_sd,not_represented_by_candidate,22.469600456066814,20
D1,sleeper:9480,sleeper:player:9480,Brenton Strange,TE,48.51055307038666,48.51055307038666,,55.82339879335431,55.82339879335431,,37.43623001126911,45.198976611806074,45.595990869484524,0.8354650924511375,64.47705611160862,0.46490187443053177,0.9015092571632803,unvalidated_no_exact_total_intrinsic_sd,not_represented_by_candidate,31.73129871443797,18
D1,sleeper:9481,sleeper:player:9481,Luke Musgrave,TE,28.69071235960118,28.69071235960118,,34.39617241525813,34.39617241525813,,13.958200946579455,22.75937928795022,20.277064464449193,4.579180730951496,28.308122340136567,0.14368879908726603,0.3673147553204759,unvalidated_no_exact_total_intrinsic_sd,not_represented_by_candidate,8.497586330390398,10
D1,sleeper:9482,sleeper:player:9482,Michael Mayer,TE,45.87638498283445,45.87638498283445,,53.268259343159166,53.268259343159166,,31.442351906692398,40.716443523448106,39.7451381937251,2.6916313250027137,56.143629566379786,0.29149802906317224,0.6669027125527286,unvalidated_no_exact_total_intrinsic_sd,not_represented_by_candidate,17.72019820294902,7
D1,sleeper:9484,sleeper:player:9484,Tucker Kraft,TE,49.11881766137988,49.11881766137988,,56.33589299871214,56.33589299871214,,36.93632962601221,45.52167960653033,45.4688334336536,1.4935333336077825,64.28529369782854,0.5387669555407425,0.923987254209105,unvalidated_no_exact_total_intrinsic_sd,not_represented_by_candidate,16.90536242218056,19
D1,sleeper:9486,sleeper:player:9486,Dontayvion Wicks,WR,52.95222521602478,52.95222521602478,,59.35220116072175,59.35220116072175,,36.45488010270254,46.79443281747607,45.86086930623572,2.822329623329299,64.79562579792362,0.26255340321689796,0.5822826944886363,unvalidated_no_exact_total_intrinsic_sd,not_represented_by_candidate,22.88766852864481,33
D1,sleeper:9487,sleeper:player:9487,Parker Washington,WR,64.70031223803284,64.70031223803284,,74.4451551997721,74.4451551997721,,55.18953610604256,65.0924069698418,66.42592500531488,0.1181583455745212,93.94036972584686,0.4910142146557771,0.9954194853422673,unvalidated_no_exact_total_intrinsic_sd,not_represented_by_candidate,31.711325826929993,10
D1,sleeper:9488,sleeper:player:9488,Jaxon Smith-Njigba,WR,59.82079233783548,59.82079233783548,,74.34550525801313,74.34550525801313,,50.536565742021935,65.32228341861725,63.81712877072152,4.239268889232314,90.1514306506696,0.683496913283672,1.068005486182816,unvalidated_no_exact_total_intrinsic_sd,not_represented_by_candidate,87.15468569846712,11
D1,sleeper:9493,sleeper:player:9493,Puka Nacua,WR,60.27299535330026,60.27299535330026,,75.83323193417397,75.83323193417397,,50.329497670722844,65.73601415126669,63.920578468473025,4.714197204175761,90.27434324440459,0.7117302401238096,1.0716079242466225,unvalidated_no_exact_total_intrinsic_sd,not_represented_by_candidate,83.3114249230382,14
D1,sleeper:9500,sleeper:player:9500,Josh Downs,WR,64.54395892276548,64.54395892276548,,73.29856546863729,73.29856546863729,,54.232988290863524,63.14628740424667,64.8575747598999,0.4748473976657763,91.72123269680222,0.4237031095052518,0.9223612305990194,unvalidated_no_exact_total_intrinsic_sd,not_represented_by_candidate,39.67454839572969,24
D1,sleeper:9501,sleeper:player:9501,DeMario Douglas,WR,51.663971463175656,51.663971463175656,,58.53576671472032,58.53576671472032,,35.93740506642598,45.57109754067851,44.91291613719271,2.378323666678135,63.4719122796023,0.2708779550078766,0.5965774159697549,unvalidated_no_exact_total_intrinsic_sd,not_represented_by_candidate,24.937409934866942,34
D1,sleeper:9502,sleeper:player:9502,Tank Dell,WR,40.61225229261577,40.61225229261577,,34.344644714005774,34.344644714005774,,25.833874479050884,25.12193198094759,28.48916870398989,3.8081974509586196,40.10938916342788,0.07865285576170719,0.18423944976858542,unvalidated_no_exact_total_intrinsic_sd,not_represented_by_candidate,15.384119298207544,36
D1,sleeper:9504,sleeper:player:9504,Kayshon Boutte,WR,56.28214212417036,56.28214212417036,,64.33439379817001,64.33439379817001,,41.25688843342462,52.20437905624316,51.50156989730974,2.649308699724756,72.7860190365466,0.316371207774567,0.7068708467477185,unvalidated_no_exact_total_intrinsic_sd,not_represented_by_candidate,15.62113005657757,14
D1,sleeper:9506,sleeper:player:9506,Sean Tucker,RB,56.39972372556155,56.39972372556155,,61.4836189093349,61.4836189093349,,42.68317890017532,49.59018935667208,50.99019772312008,0.45179025495345115,72.10961387534459,0.29685467905250357,0.66262022569022,unvalidated_no_exact_total_intrinsic_sd,not_represented_by_candidate,33.59482275836935,31
D1,sleeper:9508,sleeper:player:9508,Tyjae Spears,RB,71.66557013898974,71.66557013898974,,72.29991679367456,72.29991679367456,,57.57564776705562,60.05146650569587,65.40262171060198,5.552116051632012,92.32648515236254,0.314339193533051,0.6937247412772354,unvalidated_no_exact_total_intrinsic_sd,not_represented_by_candidate,35.09938630348756,19
D1,sleeper:9509,sleeper:player:9509,Bijan Robinson,RB,69.91339954568723,69.91339954568723,,85.17914355213186,85.17914355213186,,61.73298335817343,76.27858806146081,76.0964694396341,2.638244019958016,107.58431572885283,0.6490550142176488,1.0621364149693981,unvalidated_no_exact_total_intrinsic_sd,not_represented_by_candidate,93.96755551621106,12
D1,sleeper:9511,sleeper:player:9511,Keaton Mitchell,RB,53.03974050813038,53.03974050813038,,58.945394223694315,58.945394223694315,,39.00248429146578,47.553053805524186,47.74381161237571,1.2049697267453112,67.50919302223713,0.2443439178803643,0.5667448878128942,unvalidated_no_exact_total_intrinsic_sd,not_represented_by_candidate,33.15411035760756,37
D1,sleeper:96,sleeper:player:96,Aaron Rodgers,QB,85.93540042706523,85.93540042706523,,70.20329352391846,70.20329352391846,,63.36089881005948,53.14446240647142,66.1428073723821,15.459889899874966,92.25363807722616,0.28367738635637335,0.5332865922655202,unvalidated_no_exact_total_intrinsic_sd,not_represented_by_candidate,61.37773793425825,22
D1,sleeper:9753,sleeper:player:9753,Zach Charbonnet,RB,70.16413410428532,70.16413410428532,,71.51723204691858,71.51723204691858,,55.44960137022914,58.79639367026756,63.45096159010176,4.651766737926458,89.61255559146306,0.3461285184314888,0.7325713639886995,unvalidated_no_exact_total_intrinsic_sd,not_represented_by_candidate,35.608878318763075,15
D1,sleeper:9754,sleeper:player:9754,Quentin Johnston,WR,63.82031243784027,63.82031243784027,,72.95855201321018,72.95855201321018,,53.24967014227672,62.627835566489495,64.00082296542693,0.013608424146561049,90.51083081772387,0.47156403888628956,0.9597898716493871,unvalidated_no_exact_total_intrinsic_sd,not_represented_by_candidate,43.04768474197596,15
D1,sleeper:9756,sleeper:player:9756,Jordan Addison,WR,65.18158910880958,65.18158910880958,,66.72237215423297,66.72237215423297,,50.137323680870324,54.829367231613006,58.18480484260871,3.002507303899378,82.23094295358017,0.3421799144208924,0.75422561026556,unvalidated_no_exact_total_intrinsic_sd,not_represented_by_candidate,27.684806612954873,27
D1,sleeper:9757,sleeper:player:9757,Kendre Miller,RB,52.316840398461764,52.316840398461764,,54.479009336714284,54.479009336714284,,37.23204884599641,42.985923035725904,44.340789402227976,0.5899121257849842,62.70457091240891,0.2243244269259857,0.5280173362641568,unvalidated_no_exact_total_intrinsic_sd,not_represented_by_candidate,21.894145888548323,21
D1,sleeper:9758,sleeper:player:9758,C.J. Stroud,QB,97.24697538053685,97.24697538053685,,108.6513816781897,108.6513816781897,,82.70660365438796,93.91425393347183,97.70472040473692,2.447564639296374,138.15366157316316,0.8585333637825178,1.4950737563964112,unvalidated_no_exact_total_intrinsic_sd,not_represented_by_candidate,55.82195607119803,11
D1,sleeper:9997,sleeper:player:9997,Zay Flowers,WR,67.09007628149152,67.09007628149152,,78.282068377019,78.282068377019,,57.131676823588094,67.87645951315284,69.01633838872381,0.4788166982030404,97.6026672983028,0.5624241787677656,1.0089692053102548,unvalidated_no_exact_total_intrinsic_sd,not_represented_by_candidate,31.774098040103866,6
N1_histgb,sleeper:10213,sleeper:player:10213,Tre Tucker,WR,54.124988896475884,54.124988896475884,,67.32692401815136,67.32692401815136,,43.58346631271539,58.204044765917544,56.042915404928294,5.006475977567341,79.09836870918349,0.2298716420362927,0.5178120638244103,unvalidated_no_exact_total_intrinsic_sd,not_represented_by_candidate,14.618120042143488,12
N1_histgb,sleeper:10218,sleeper:player:10218,Xavier Hutchinson,WR,43.29521584406296,43.29521584406296,,50.57076765870365,50.57076765870365,,32.03684182517869,42.21805269597504,40.889481294956546,3.2712275214400783,57.73385862424385,0.10687762470433904,0.25114872939323607,unvalidated_no_exact_total_intrinsic_sd,not_represented_by_candidate,12.085639044654194,32
N1_histgb,sleeper:10219,sleeper:player:10219,Chris Rodriguez,RB,54.64444079947615,54.64444079947615,,62.270848995390445,62.270848995390445,,43.81672150553522,53.11269685507122,53.47606404648113,1.1297101980840125,75.61813675749389,0.1792589423730702,0.4030225107912782,unvalidated_no_exact_total_intrinsic_sd,not_represented_by_candidate,24.71766100437692,10
N1_histgb,sleeper:10222,sleeper:player:10222,Jayden Reed,WR,75.21162581312099,75.21162581312099,,61.708111930460106,61.708111930460106,,66.05705551923234,52.79610976059899,67.88010904333221,18.00330788931472,94.29368649338025,0.24905204836514272,0.5468135713517182,unvalidated_no_exact_total_intrinsic_sd,not_represented_by_candidate,50.36980249096908,17
N1_histgb,sleeper:10226,sleeper:player:10226,Andrei Iosivas,WR,45.441091527185264,45.441091527185264,,39.29547984622988,39.29547984622988,,34.29615682528468,32.42242457266566,37.397374663006126,5.726531547741043,52.57693505524291,0.10938517009309265,0.2439847956604586,unvalidated_no_exact_total_intrinsic_sd,not_represented_by_candidate,26.45170649061189,30
N1_histgb,sleeper:10227,sleeper:player:10227,Payne Durham,TE,22.667701505294016,22.667701505294016,,32.64219787714759,32.64219787714759,,15.105399846235203,26.135850095000666,22.834808645941663,6.043561824338058,31.722741562937905,0.05115536051670993,0.1358978170975533,unvalidated_no_exact_total_intrinsic_sd,not_represented_by_candidate,14.629568416124616,33
N1_histgb,sleeper:10229,sleeper:player:10229,Rashee Rice,WR,77.11505400094501,77.11505400094501,,85.01218822417513,85.01218822417513,,71.19326954416869,76.76577153592906,82.08624908205498,5.0510091778346435,115.97754904725213,0.3844261881402996,0.7209868670374467,unvalidated_no_exact_total_intrinsic_sd,not_represented_by_candidate,28.269645944086335,6
N1_histgb,sleeper:10231,sleeper:player:10231,Elijah Higgins,TE,33.54097223657367,33.54097223657367,,30.889307445372502,30.889307445372502,,22.377962976512126,23.2910417338812,25.396510729259692,2.193490877306143,35.84904618276447,0.11597951357945183,0.2510917857694572,unvalidated_no_exact_total_intrinsic_sd,not_represented_by_candidate,10.701348125713665,8
N1_histgb,sleeper:10232,sleeper:player:10232,Michael Wilson,WR,65.48036931893786,65.48036931893786,,66.32190105417556,66.32190105417556,,55.597955594713845,58.16177277236525,63.23908458964074,5.236381427472878,89.28014308354065,0.25187215279335684,0.5641993575987846,unvalidated_no_exact_total_intrinsic_sd,not_represented_by_candidate,10.836819162076466,19
N1_histgb,sleeper:10235,sleeper:player:10235,Roschon Johnson,RB,18.688563874884526,18.688563874884526,,16.63889558662474,16.63889558662474,,12.080637341673981,12.295166461622927,13.577747164269317,1.3852839719003196,19.151799508945444,0.047681329664785096,0.10314294791543148,unvalidated_no_exact_total_intrinsic_sd,not_represented_by_candidate,5.486482096397392,10
N1_histgb,sleeper:10236,sleeper:player:10236,Dalton Kincaid,TE,50.208268856967514,50.208268856967514,,50.59781003427848,50.59781003427848,,40.96565024221475,42.78383531759261,46.56176616168668,3.9094816889218755,65.7321237228432,0.2997527780743054,0.6221186467935721,unvalidated_no_exact_total_intrinsic_sd,not_represented_by_candidate,24.65268408404785,10
N1_histgb,sleeper:10859,sleeper:player:10859,Sam LaPorta,TE,53.25754510612766,53.25754510612766,,46.82763115959592,46.82763115959592,,48.579415798580676,41.11382431314936,50.86690773972283,11.587765362543166,70.99724149504398,0.39115331567388495,0.7581258447472791,unvalidated_no_exact_total_intrinsic_sd,not_represented_by_candidate,20.79563805779145,21
N1_histgb,sleeper:10871,sleeper:player:10871,Luke Schoonmaker,TE,23.243561745674683,23.243561745674683,,21.100845513518642,21.100845513518642,,13.679257443332485,15.707538647414632,16.247726671920788,0.2786721540755419,22.97606549958968,0.07281655122349392,0.1625038786874303,unvalidated_no_exact_total_intrinsic_sd,not_represented_by_candidate,6.157549694869836,9
N1_histgb,sleeper:11199,sleeper:player:11199,Emari Demercado,RB,28.38609243071653,28.38609243071653,,20.41984131103463,20.41984131103463,,20.759074674173565,15.929280137111064,21.06676174653068,6.136308573984788,29.154118372110272,0.04779854324816222,0.10331391160983358,unvalidated_no_exact_total_intrinsic_sd,not_represented_by_candidate,8.807456475148566,16
N1_histgb,sleeper:11201,sleeper:player:11201,Blake Whiteheart,TE,20.660379938218075,20.660379938218075,,26.415750669735804,26.415750669735804,,13.196325945210935,21.146810114651593,18.953971654596028,4.06169325440648,26.49544736126507,0.0543609083754036,0.1397260046967524,unvalidated_no_exact_total_intrinsic_sd,not_represented_by_candidate,4.979551366688726,10
N1_histgb,sleeper:11237,sleeper:player:11237,Jacob Saylors,RB,20.36825629692838,20.36825629692838,,17.76377538042786,17.76377538042786,,13.59785148298551,13.099288197098652,14.938645805025484,2.093938038133908,21.022409482941455,0.04247922842274317,0.1080503458697316,unvalidated_no_exact_total_intrinsic_sd,not_represented_by_candidate,6.152669314144202,14
N1_histgb,sleeper:11256,sleeper:player:11256,Tyson Bagent,QB,44.585955551174784,44.585955551174784,,74.08739616582083,74.08739616582083,,34.13873248025459,62.23279478247827,53.51381754175052,15.94527162212415,73.98111683855694,0.11622929956134741,0.2909276081957703,unvalidated_no_exact_total_intrinsic_sd,not_represented_by_candidate,21.713751563943,65
N1_histgb,sleeper:11292,sleeper:player:11292,Tommy DeVito,QB,35.69498764898242,35.69498764898242,,36.484029361472295,36.484029361472295,,27.95594921969117,30.20550295606575,32.263341537345745,1.9390809509799922,45.586032722495,0.04291887769859065,0.11663420342131575,unvalidated_no_exact_total_intrinsic_sd,not_represented_by_candidate,12.350644033439576,24
N1_histgb,sleeper:11370,sleeper:player:11370,Chris Brooks,RB,29.404299447857824,29.404299447857824,,27.46651599284819,27.46651599284819,,21.14276035353359,22.274818031687833,24.124092386566602,1.8777902726090936,34.064902328398006,0.052622317914637964,0.13019540290579135,unvalidated_no_exact_total_intrinsic_sd,not_represented_by_candidate,9.490830664415991,16
N1_histgb,sleeper:11435,sleeper:player:11435,Emanuel Wilson,RB,31.85911981430615,31.85911981430615,,29.708798972184205,29.708798972184205,,21.370605637604164,24.003449845554712,25.11433473078771,0.822522278550263,35.50750730537682,0.07694416401639262,0.1586612060690074,unvalidated_no_exact_total_intrinsic_sd,not_represented_by_candidate,7.924310834503059,13
N1_histgb,sleeper:11559,sleeper:player:11559,Michael Penix,QB,72.79854897171502,72.79854897171502,,87.90885499111111,87.90885499111111,,59.734081159927,74.91854027461191,74.21526914212885,3.3546763624691565,104.90261433434506,0.2273895110406426,0.5448400112309324,unvalidated_no_exact_total_intrinsic_sd,not_represented_by_candidate,44.85532808036449,15
N1_histgb,sleeper:11560,sleeper:player:11560,Caleb Williams,QB,92.79388692534889,92.79388692534889,,101.52061496051189,101.52061496051189,,86.56824601243676,94.86477041506939,100.55925094762475,5.043212485683611,142.12280573545888,0.7675418793208814,1.2503044000364103,unvalidated_no_exact_total_intrinsic_sd,not_represented_by_candidate,29.93297181370758,3
N1_histgb,sleeper:11562,sleeper:player:11562,Spencer Rattler,QB,56.85688619500382,56.85688619500382,,46.57766947725356,46.57766947725356,,43.347241957836744,36.55563894023055,45.333543224535894,10.433706529844663,63.2566047984778,0.12975834249678692,0.2817932147911282,unvalidated_no_exact_total_intrinsic_sd,not_represented_by_candidate,12.037640368274193,45
N1_histgb,sleeper:11563,sleeper:player:11563,Bo Nix,QB,89.7527737297139,89.7527737297139,,100.58818331255614,100.58818331255614,,80.54852345226006,94.50501805796408,96.69419889588735,0.18636938754200116,136.74612048130007,0.8006985786355022,1.2341506173877186,unvalidated_no_exact_total_intrinsic_sd,not_represented_by_candidate,55.38977074682498,4
N1_histgb,sleeper:11564,sleeper:player:11564,Drake Maye,QB,98.36931501971497,98.36931501971497,,76.67329362245742,76.67329362245742,,92.31619266633597,72.1662926955051,94.21221662395399,26.328617293883127,130.608910238888,0.7938061038887063,1.2878187073658378,unvalidated_no_exact_total_intrinsic_sd,not_represented_by_candidate,43.93291659432816,3
N1_histgb,sleeper:11565,sleeper:player:11565,J.J. McCarthy,QB,101.32834851804168,101.32834851804168,,101.36067065818898,101.36067065818898,,85.7679765244739,88.2318800014668,96.84298291758897,9.155246744743053,136.65031334686256,0.20010030915814023,0.4473898598180225,unvalidated_no_exact_total_intrinsic_sd,not_represented_by_candidate,34.87726584857971,94
N1_histgb,sleeper:11566,sleeper:player:11566,Jayden Daniels,QB,93.20953602651866,93.20953602651866,,100.3824712929257,100.3824712929257,,86.16094215089096,93.40139595902114,99.58673586306871,5.754292247864541,140.71930940865008,0.810358256063771,1.270353907772481,unvalidated_no_exact_total_intrinsic_sd,not_represented_by_candidate,93.60834376062013,9
N1_histgb,sleeper:11570,sleeper:player:11570,Rasheen Ali,RB,29.31249262495379,29.31249262495379,,23.329683762844358,23.329683762844358,,21.36631005158668,17.578396639635347,22.16156745037301,5.460971971712139,30.86175511598521,0.07259984698551984,0.16466802788345208,unvalidated_no_exact_total_intrinsic_sd,not_represented_by_candidate,10.487934019270071,17
N1_histgb,sleeper:11571,sleeper:player:11571,Isaiah Davis,RB,43.12917915317546,43.12917915317546,,37.25184565707417,37.25184565707417,,33.92935994738943,30.215507641727736,36.17074381979006,7.009251684132725,50.670660226429305,0.11205278971071855,0.2583805758898367,unvalidated_no_exact_total_intrinsic_sd,not_represented_by_candidate,15.517864023102767,18
N1_histgb,sleeper:11575,sleeper:player:11575,Ray Davis,RB,35.946421321331236,35.946421321331236,,32.403755014643025,32.403755014643025,,25.992089157575336,26.164480112445695,29.076930438025826,3.189438902697024,40.99711266518105,0.09137618922625766,0.2086850740156226,unvalidated_no_exact_total_intrinsic_sd,not_represented_by_candidate,22.672534133851364,25
N1_histgb,sleeper:11576,sleeper:player:11576,Braelon Allen,RB,63.16709362960314,63.16709362960314,,55.96821847068002,55.96821847068002,,52.39477036212841,47.42930175222763,56.19331708158403,10.267884291824693,78.80322532379361,0.13352232982515064,0.32663396663649025,unvalidated_no_exact_total_intrinsic_sd,not_represented_by_candidate,34.71143176889677,17
N1_histgb,sleeper:11577,sleeper:player:11577,Will Shipley,RB,32.92474648876206,32.92474648876206,,34.06800210293265,34.06800210293265,,23.80400789246193,26.742691015702928,27.97703972436626,0.911812449747277,39.555000967438005,0.09209694550839913,0.21285781519498906,unvalidated_no_exact_total_intrinsic_sd,not_represented_by_candidate,12.848950062011,36
N1_histgb,sleeper:11581,sleeper:player:11581,MarShawn Lloyd,RB,70.12048198252121,70.12048198252121,,60.75933189659226,60.75933189659226,,61.206606095906174,53.35780883330299,64.75218558208374,13.47459829945884,90.57663206358166,0.2221445454364021,0.5305981315150106,unvalidated_no_exact_total_intrinsic_sd,not_represented_by_candidate,70.23080736625698,16
N1_histgb,sleeper:11583,sleeper:player:11583,Jonathon Brooks,RB,76.64897840230356,76.64897840230356,,71.67834598380006,71.67834598380006,,67.31717875190402,64.31969158512469,73.71319125658108,10.748624768865838,103.690579109371,0.23527252262410903,0.5669070407858373,unvalidated_no_exact_total_intrinsic_sd,not_represented_by_candidate,77.28919816623193,19
N1_histgb,sleeper:11584,sleeper:player:11584,Bucky Irving,RB,95.08953728779842,95.08953728779842,,77.35586727920601,77.35586727920601,,87.34084839893654,69.12808715338583,89.47649698059375,24.2946781707748,124.18476410741732,0.33859903227691884,0.6802433939572108,unvalidated_no_exact_total_intrinsic_sd,not_represented_by_candidate,21.6384011495324,9
N1_histgb,sleeper:11586,sleeper:player:11586,Blake Corum,RB,60.038594924542515,60.038594924542515,,61.888286215644136,61.888286215644136,,49.44871874330333,52.78388392472051,56.754040950584454,3.8950547961972646,80.1677670674184,0.21129079355057886,0.467209968442615,unvalidated_no_exact_total_intrinsic_sd,not_represented_by_candidate,21.62518366263447,6
N1_histgb,sleeper:11597,sleeper:player:11597,Theo Johnson,TE,42.96363443884506,42.96363443884506,,41.84598776709168,41.84598776709168,,31.92421444921508,32.73619576083868,35.996559104578644,3.483680844626871,50.78748371903876,0.18200638545681633,0.40822138959735677,unvalidated_no_exact_total_intrinsic_sd,not_represented_by_candidate,15.90276863963264,22
N1_histgb,sleeper:11599,sleeper:player:11599,Cade Stover,TE,28.50897118341952,28.50897118341952,,26.488183690412612,26.488183690412612,,19.705190435800827,18.769801541269423,21.551065977382112,3.1882302568635446,30.31059348399786,0.06807297237163329,0.1755250113891848,unvalidated_no_exact_total_intrinsic_sd,not_represented_by_candidate,21.313733699816027,46
N1_histgb,sleeper:11600,sleeper:player:11600,Ja'Tavion Sanders,TE,28.923796224893625,28.923796224893625,,41.95077903976071,41.95077903976071,,17.995436558753898,33.319031870332914,28.52158260474401,8.776879451374716,39.36912160125634,0.1273145415763789,0.2693945931029119,unvalidated_no_exact_total_intrinsic_sd,not_represented_by_candidate,8.245862833751858,22
N1_histgb,sleeper:11603,sleeper:player:11603,AJ Barner,TE,44.7362794728969,44.7362794728969,,56.769364913914806,56.769364913914806,,36.81542310967695,49.0073577287365,47.25433463853025,4.114706315786712,66.70092560223753,0.31807809032964446,0.6506705793984301,unvalidated_no_exact_total_intrinsic_sd,not_represented_by_candidate,22.87373068636944,2
N1_histgb,sleeper:11604,sleeper:player:11604,Brock Bowers,TE,38.51284905038431,38.51284905038431,,43.1676279361474,43.1676279361474,,35.003026204294684,40.33087137211473,41.64492835772066,0.6135177072975928,58.89162684000337,0.5634597488078283,0.8307253810531351,unvalidated_no_exact_total_intrinsic_sd,not_represented_by_candidate,75.61010997848541,27
N1_histgb,sleeper:11608,sleeper:player:11608,Isaiah Williams,WR,37.22243598638448,37.22243598638448,,49.74498600352616,49.74498600352616,,27.280096205283737,41.23142415560146,37.75067678801852,6.601622177930874,52.977785726913226,0.08771887915536696,0.22226205726001816,unvalidated_no_exact_total_intrinsic_sd,not_represented_by_candidate,11.112278287762557,25
N1_histgb,sleeper:11610,sleeper:player:11610,Malik Washington,WR,54.34896612533454,54.34896612533454,,58.39899942460009,58.39899942460009,,43.34115768597033,49.692712899742624,51.44131375167674,0.9369989630107369,72.74296910313882,0.16721526040674303,0.41325167318671047,unvalidated_no_exact_total_intrinsic_sd,not_represented_by_candidate,26.609376592441023,20
N1_histgb,sleeper:11618,sleeper:player:11618,Jalen McMillan,WR,58.813989569262304,58.813989569262304,,39.637485777873124,39.637485777873124,,46.89317718271772,31.7431042601943,45.98632674266261,16.924807777319685,62.793593433300444,0.15969176982950786,0.34765564347619554,unvalidated_no_exact_total_intrinsic_sd,not_represented_by_candidate,15.400072189574388,11
N1_histgb,sleeper:11620,sleeper:player:11620,Rome Odunze,WR,79.21223875561374,79.21223875561374,,78.90041179202926,78.90041179202926,,70.60055305438095,72.30903947692516,79.56517412236104,7.767189074145378,112.25375111830223,0.3507541684160896,0.6887374033220339,unvalidated_no_exact_total_intrinsic_sd,not_represented_by_candidate,9.706986700992445,6
N1_histgb,sleeper:11623,sleeper:player:11623,Jordan Whittington,WR,34.781716068055964,34.781716068055964,,29.573351037963352,29.573351037963352,,26.142419206918987,23.220088721928164,27.842894419203873,5.444542224288043,38.99757042747424,0.07900070335490612,0.19116139913892377,unvalidated_no_exact_total_intrinsic_sd,not_represented_by_candidate,7.64746582535351,10
N1_histgb,sleeper:11624,sleeper:player:11624,Xavier Worthy,WR,66.33009866511685,66.33009866511685,,71.68825943539659,71.68825943539659,,57.01076180298839,64.70276896491603,67.33231886400533,1.7113969553883024,95.20689810969196,0.28883252247356017,0.6426464463954665,unvalidated_no_exact_total_intrinsic_sd,not_represented_by_candidate,14.799492545187036,17
N1_histgb,sleeper:11625,sleeper:player:11625,Adonai Mitchell,WR,59.33246084102744,59.33246084102744,,54.182918312059336,54.182918312059336,,48.06113162649214,45.15014489874609,52.27820870633697,8.23098219317427,73.47294157186236,0.15637930692658503,0.3755183594760459,unvalidated_no_exact_total_intrinsic_sd,not_represented_by_candidate,18.2093652537138,8
N1_histgb,sleeper:11626,sleeper:player:11626,Xavier Legette,WR,54.28668678839594,54.28668678839594,,56.850893110760985,56.850893110760985,,42.9644749822653,47.76611167573411,50.246455282908705,2.0087880492076167,71.03081942064338,0.14318928896640065,0.3386132111379154,unvalidated_no_exact_total_intrinsic_sd,not_represented_by_candidate,27.29560911683606,38
N1_histgb,sleeper:11627,sleeper:player:11627,Troy Franklin,WR,61.597057257727364,61.597057257727364,,65.73061749628515,65.73061749628515,,50.75085020685914,56.14643345888446,59.21562494077716,2.5724245017862515,83.7040208498743,0.16483327207179294,0.39954722637800666,unvalidated_no_exact_total_intrinsic_sd,not_represented_by_candidate,29.22819120529745,50
N1_histgb,sleeper:11628,sleeper:player:11628,Marvin Harrison,WR,71.99446253050277,71.99446253050277,,78.4941801617587,78.4941801617587,,62.979516609415406,70.30260946535256,73.7951996311381,2.738953779285879,104.32622445672031,0.2775758156870834,0.6117003640214986,unvalidated_no_exact_total_intrinsic_sd,not_represented_by_candidate,31.481641222012485,7
N1_histgb,sleeper:11629,sleeper:player:11629,Devontez Walker,WR,36.11260700340405,36.11260700340405,,43.6135179454996,43.6135179454996,,25.86221970142508,36.01768785652288,34.065119423992336,4.039892730126464,48.005666222549095,0.08706453773745634,0.21655867913159033,unvalidated_no_exact_total_intrinsic_sd,not_represented_by_candidate,8.547350610248358,13
N1_histgb,sleeper:11631,sleeper:player:11631,Brian Thomas,WR,68.3554957664118,68.3554957664118,,66.33210673385845,66.33210673385845,,59.73341744993851,59.16965698711264,66.37399894983902,8.023327659258854,93.52348200563661,0.26527496802783734,0.614740504460175,unvalidated_no_exact_total_intrinsic_sd,not_represented_by_candidate,47.64677985485517,14
N1_histgb,sleeper:11632,sleeper:player:11632,Malik Nabers,WR,82.63261624793455,82.63261624793455,,85.8342716801007,85.8342716801007,,75.85457462870546,80.00298547990542,86.59269034083334,6.6742314251679815,122.27854544363129,0.39929178399599624,0.7337664004301052,unvalidated_no_exact_total_intrinsic_sd,not_represented_by_candidate,72.42388584561081,16
N1_histgb,sleeper:11635,sleeper:player:11635,Ladd McConkey,WR,73.29059074783342,73.29059074783342,,78.67740651414091,78.67740651414091,,66.00468034222338,71.73395867471022,76.3791574504427,4.276193148411743,107.93176343336799,0.3205743855380581,0.6930360894273817,unvalidated_no_exact_total_intrinsic_sd,not_represented_by_candidate,24.500702119394703,11
N1_histgb,sleeper:11637,sleeper:player:11637,Keon Coleman,WR,55.93155724395257,55.93155724395257,,62.229350109667365,62.229350109667365,,44.16894076370774,52.53658592896716,53.388272107979006,0.4140836845271991,75.50128298283035,0.1488233044268308,0.34073298946747504,unvalidated_no_exact_total_intrinsic_sd,not_represented_by_candidate,21.902454784992628,40
N1_histgb,sleeper:11643,sleeper:player:11643,Jaylen Wright,RB,65.81923318262949,65.81923318262949,,57.612282198549174,57.612282198549174,,54.845150268058106,49.958463536213024,58.95864176023971,10.523387822935483,82.7133676327633,0.12410121490920685,0.2997244317919656,unvalidated_no_exact_total_intrinsic_sd,not_represented_by_candidate,26.105379879329064,22
N1_histgb,sleeper:11646,sleeper:player:11646,Jalen Coker,WR,60.85307588935675,60.85307588935675,,58.72582436689546,58.72582436689546,,49.734125455832746,50.03425204351407,55.62279975587187,6.1242595360189185,78.42375373889675,0.2014807589375554,0.4619363186982744,unvalidated_no_exact_total_intrinsic_sd,not_represented_by_candidate,16.042527095973895,10
N1_histgb,sleeper:11647,sleeper:player:11647,Kimani Vidal,RB,51.29421955975231,51.29421955975231,,69.9526167676718,69.9526167676718,,40.332884024202,61.104765756726515,55.89618704491419,9.865241838663202,78.43114467980661,0.12464621927377267,0.28784193385942064,unvalidated_no_exact_total_intrinsic_sd,not_represented_by_candidate,29.38092253287109,34
N1_histgb,sleeper:11655,sleeper:player:11655,Tyrone Tracy,RB,50.39883678649411,50.39883678649411,,38.36263194538928,38.36263194538928,,39.369608368716335,31.71472797910629,40.55732831123962,10.550276148504594,56.378058078313174,0.09007409835316481,0.2028847912108952,unvalidated_no_exact_total_intrinsic_sd,not_represented_by_candidate,27.712453544402617,56
N1_histgb,sleeper:1166,sleeper:player:1166,Kirk Cousins,QB,38.634980946845566,38.634980946845566,,29.29102819167803,29.29102819167803,,28.515100873099286,22.473157412052252,29.17375844321612,8.000979511926644,40.47469197234214,0.056183000685643705,0.1303704573022916,unvalidated_no_exact_total_intrinsic_sd,not_represented_by_candidate,8.527803207734134,34
N1_histgb,sleeper:11783,sleeper:player:11783,Ryan Flournoy,WR,47.929314995266026,47.929314995266026,,53.472319170197416,53.472319170197416,,36.40320275139536,45.11213077604651,44.942065509477196,1.6507921470075466,63.53623682437966,0.12450125071097146,0.29398259107846886,unvalidated_no_exact_total_intrinsic_sd,not_represented_by_candidate,29.446902955504385,24
N1_histgb,sleeper:11834,sleeper:player:11834,Devaughn Vele,WR,34.18263334813199,34.18263334813199,,28.39639689139439,28.39639689139439,,25.54416190057407,21.88399420662384,26.859409646487943,5.901351801202239,37.52372342977368,0.054981984208416525,0.13366463751860294,unvalidated_no_exact_total_intrinsic_sd,not_represented_by_candidate,21.517772946434597,19
N1_histgb,sleeper:12048,sleeper:player:12048,George Holani,RB,28.16979454751862,28.16979454751862,,28.756972646699936,28.756972646699936,,19.889557549150243,22.524923841689596,23.46632656110113,0.6318664411569728,33.18038139239844,0.05909108184238983,0.14613609286050522,unvalidated_no_exact_total_intrinsic_sd,not_represented_by_candidate,21.60476934808988,35
N1_histgb,sleeper:12467,sleeper:player:12467,Jordan James,RB,43.161613586686826,43.161613586686826,,41.705986562097124,41.705986562097124,,33.6371716623515,33.37256735826314,37.40123614588813,4.479915996653656,52.703275829343895,0.0974041744286062,0.24767279608509052,unvalidated_no_exact_total_intrinsic_sd,not_represented_by_candidate,52.69898920818471,68
N1_histgb,sleeper:12469,sleeper:player:12469,Dylan Sampson,RB,89.17379931186447,89.17379931186447,,67.24646127135013,67.24646127135013,,78.44233348589185,59.04868528593301,79.15674714814939,24.013308343921473,109.33865858209467,0.17635693513369807,0.4048934971098779,unvalidated_no_exact_total_intrinsic_sd,not_represented_by_candidate,58.72859567790189,23
N1_histgb,sleeper:12470,sleeper:player:12470,Riley Leonard,QB,82.60674667105471,82.60674667105471,,73.42117880129116,73.42117880129116,,69.84169986206581,62.980737650908125,74.79861033246651,13.861861929974822,104.86902783553705,0.15579767990467122,0.3964310247896099,unvalidated_no_exact_total_intrinsic_sd,not_represented_by_candidate,17.470258048827937,65
N1_histgb,sleeper:12471,sleeper:player:12471,DJ Giddens,RB,46.03305043514004,46.03305043514004,,41.018340192751914,41.018340192751914,,35.434428420590955,32.83371628968935,38.339541445806475,6.396904138201759,53.84162417680287,0.11173764113475033,0.2642362451103281,unvalidated_no_exact_total_intrinsic_sd,not_represented_by_candidate,14.600865358395176,37
N1_histgb,sleeper:12472,sleeper:player:12472,Raheim Sanders,RB,43.28776643509479,43.28776643509479,,42.330710360924975,42.330710360924975,,33.373448003073854,35.59300922389501,38.28865591477509,2.6514816383486313,54.08337996687692,0.08456016980306627,0.21033630992998859,unvalidated_no_exact_total_intrinsic_sd,not_represented_by_candidate,19.640810781583397,19
N1_histgb,sleeper:12474,sleeper:player:12474,Woody Marks,RB,58.33526696034878,58.33526696034878,,53.6661419552603,53.6661419552603,,48.71173909042699,47.06081751304485,53.576769111792935,7.403537573688034,75.40641888003785,0.19459479023815246,0.45931689699629724,unvalidated_no_exact_total_intrinsic_sd,not_represented_by_candidate,55.305935262687214,35
N1_histgb,sleeper:12481,sleeper:player:12481,Cam Skattebo,RB,85.57965782553133,85.57965782553133,,77.89468752732589,77.89468752732589,,78.59026720441646,70.99187175217828,84.22174174166227,15.510099782805185,118.0933544647028,0.3863361650528897,0.7288910004502274,unvalidated_no_exact_total_intrinsic_sd,not_represented_by_candidate,42.02058410006612,17
N1_histgb,sleeper:12482,sleeper:player:12482,Savion Williams,WR,31.694461566356864,31.694461566356864,,31.00948340899842,31.00948340899842,,22.79166608807152,25.2287914830601,26.60004964795836,1.1451143283498695,37.60071802137171,0.07423373874164395,0.18119162006206466,unvalidated_no_exact_total_intrinsic_sd,not_represented_by_candidate,10.184745055552852,21
N1_histgb,sleeper:12483,sleeper:player:12483,Jack Bech,WR,45.11222107019201,45.11222107019201,,49.365976162475235,49.365976162475235,,34.278677226250885,41.089578482110504,41.59673761774997,0.5503448110115876,58.82409609563808,0.12311029062413617,0.2948675902576895,unvalidated_no_exact_total_intrinsic_sd,not_represented_by_candidate,14.896440422598005,8
N1_histgb,sleeper:12487,sleeper:player:12487,Terrance Ferguson,TE,38.65527287597242,38.65527287597242,,49.60028239939853,49.60028239939853,,28.80074666595408,41.09753524271983,38.483423630562015,5.2123345468041045,54.173603878926045,0.184683255444994,0.44297606365462505,unvalidated_no_exact_total_intrinsic_sd,not_represented_by_candidate,20.824515676689586,19
N1_histgb,sleeper:12489,sleeper:player:12489,RJ Harvey,RB,73.68017176878425,73.68017176878425,,68.08759778441309,68.08759778441309,,62.54241746117958,60.76218144872332,68.94466704294109,9.260378745300052,97.06173093870524,0.212905117849239,0.48721166588482134,unvalidated_no_exact_total_intrinsic_sd,not_represented_by_candidate,53.985246415967765,18
N1_histgb,sleeper:12490,sleeper:player:12490,Bhayshul Tuten,RB,68.04156697496776,68.04156697496776,,67.25930855473605,67.25930855473605,,59.53608140602847,59.75322798562693,66.51864444606895,7.433961975508751,93.77737641473965,0.2810343155597566,0.6181177032440834,unvalidated_no_exact_total_intrinsic_sd,not_represented_by_candidate,58.41384146382998,18
N1_histgb,sleeper:12492,sleeper:player:12492,Pat Bryant,WR,54.3957026105796,54.3957026105796,,65.57825539154986,65.57825539154986,,43.40100409287689,56.27835896124646,54.902288572956365,3.7702608705552123,77.55196782844592,0.12816822422947463,0.3186918175214681,unvalidated_no_exact_total_intrinsic_sd,not_represented_by_candidate,24.591247229464315,18
N1_histgb,sleeper:12493,sleeper:player:12493,Oronde Gadsden,TE,50.93447621352559,50.93447621352559,,48.84402546938045,48.84402546938045,,41.43868467845231,40.642781972150274,45.857605562394895,5.858472001805893,64.58729195156303,0.285278786731661,0.5662777359601667,unvalidated_no_exact_total_intrinsic_sd,not_represented_by_candidate,30.43443376137678,23
N1_histgb,sleeper:12495,sleeper:player:12495,Ollie Gordon,RB,55.13186719587668,55.13186719587668,,42.43742168851899,42.43742168851899,,44.01779859542028,35.017493243028476,45.1662361761763,12.114989938019171,62.71526767419531,0.13006889555271023,0.3128959737950337,unvalidated_no_exact_total_intrinsic_sd,not_represented_by_candidate,12.840776422788124,6
N1_histgb,sleeper:12496,sleeper:player:12496,Tai Felton,WR,38.373228183357156,38.373228183357156,,44.52182094421328,44.52182094421328,,27.94491836436894,37.85012046312325,36.222316990791306,3.5935314248929444,51.09989264432014,0.0924231029206135,0.2151217757969345,unvalidated_no_exact_total_intrinsic_sd,not_represented_by_candidate,10.939344739157946,29
N1_histgb,sleeper:12497,sleeper:player:12497,Tory Horton,WR,45.61802611404725,45.61802611404725,,52.708794411814466,52.708794411814466,,34.167531170135604,44.29572190559709,43.21684022320562,2.961257582178632,61.04606057140916,0.11381118765400908,0.2763360022241906,unvalidated_no_exact_total_intrinsic_sd,not_represented_by_candidate,27.932086553381808,13
N1_histgb,sleeper:12498,sleeper:player:12498,Mason Taylor,TE,62.875489226190695,62.875489226190695,,52.48549872143128,52.48549872143128,,52.36941532012825,44.087747069199445,54.73696540635242,12.660605764612413,76.3674002796056,0.27532645069533085,0.536465549922061,unvalidated_no_exact_total_intrinsic_sd,not_represented_by_candidate,30.16648577360681,27
N1_histgb,sleeper:12499,sleeper:player:12499,Elic Ayomanor,WR,54.98757496100387,54.98757496100387,,53.071879253920805,53.071879253920805,,43.724413978173565,44.7761988308454,49.27339657519231,4.814948226161725,69.51655553673334,0.13170560652388266,0.3237186421862206,unvalidated_no_exact_total_intrinsic_sd,not_represented_by_candidate,22.51169658176189,44
N1_histgb,sleeper:12500,sleeper:player:12500,Quinn Ewers,QB,93.2859780964572,93.2859780964572,,83.13152553715886,83.13152553715886,,78.56463084654627,71.14198747558619,84.27056851161429,15.379850268453303,118.18002217067533,0.1798723310830223,0.4144821630237439,unvalidated_no_exact_total_intrinsic_sd,not_represented_by_candidate,37.95660546812959,101
N1_histgb,sleeper:12501,sleeper:player:12501,Matthew Golden,WR,65.1917421198333,65.1917421198333,,71.77012127899236,71.77012127899236,,55.35368091182759,63.05962725546891,65.49448970048611,1.490048082977161,92.61120946712973,0.23913101058630268,0.5445957566057871,unvalidated_no_exact_total_intrinsic_sd,not_represented_by_candidate,30.307356215806806,29
N1_histgb,sleeper:12502,sleeper:player:12502,Gunnar Helm,TE,57.418873906759906,57.418873906759906,,50.498117114920205,50.498117114920205,,46.86780980251654,42.144964466371874,50.142037261294576,9.387901505185383,70.28737515909273,0.2826183895139053,0.5536088492307171,unvalidated_no_exact_total_intrinsic_sd,not_represented_by_candidate,5.017089652795761,19
N1_histgb,sleeper:12503,sleeper:player:12503,Isaiah Bond,WR,52.0207868938756,52.0207868938756,,63.26663049792756,63.26663049792756,,40.8277507569374,54.411445249197634,52.438473844055146,4.608681049148501,74.01585733594207,0.12698329856414695,0.3169517032558021,unvalidated_no_exact_total_intrinsic_sd,not_represented_by_candidate,23.36559762723723,41
N1_histgb,sleeper:12506,sleeper:player:12506,Harold Fannin,TE,43.12356771917319,43.12356771917319,,45.48291671010819,45.48291671010819,,40.29626192483243,41.74539742346535,45.63853929727198,4.0907729976538505,64.41287227456127,0.5079619419502676,0.8212480567185189,unvalidated_no_exact_total_intrinsic_sd,not_represented_by_candidate,54.21955454436613,20
N1_histgb,sleeper:12507,sleeper:player:12507,Omarion Hampton,RB,82.7789077134348,82.7789077134348,,82.80674995794526,82.80674995794526,,76.46003616181106,76.20001672768873,85.17530966969446,9.936518651784297,120.04554282329451,0.41000925697335516,0.7419341762435581,unvalidated_no_exact_total_intrinsic_sd,not_represented_by_candidate,36.54761072662882,8
N1_histgb,sleeper:12508,sleeper:player:12508,Jaxson Dart,QB,101.39890407085505,101.39890407085505,,119.73166829238824,119.73166829238824,,93.0717745615434,113.167218023195,113.77078416633337,2.6523066444464973,160.87432339907028,0.6819566362847754,1.175991526590569,unvalidated_no_exact_total_intrinsic_sd,not_represented_by_candidate,24.132438462464847,6
N1_histgb,sleeper:12509,sleeper:player:12509,Tre' Harris,WR,48.31428776476908,48.31428776476908,,64.63372300967552,64.63372300967552,,37.04189846549303,55.17362513068513,50.79761989159164,8.377330461250928,71.34855785258907,0.13584870853599926,0.3173062111536919,unvalidated_no_exact_total_intrinsic_sd,not_represented_by_candidate,22.860948505034223,24
N1_histgb,sleeper:12511,sleeper:player:12511,Will Howard,QB,58.249487901879924,58.249487901879924,,75.65307077281194,75.65307077281194,,46.633339597267906,64.51262605423952,61.18598450413447,6.9720336665103275,86.24871098186577,0.10800448656122003,0.2715256344703869,unvalidated_no_exact_total_intrinsic_sd,not_represented_by_candidate,52.2015706537708,59
N1_histgb,sleeper:12512,sleeper:player:12512,Quinshon Judkins,RB,73.8590957254501,73.8590957254501,,88.54226743360775,88.54226743360775,,64.4736607566782,82.50656331021459,80.97404898570282,4.808380348453561,114.41360363480649,0.3499088312125592,0.6952762263055872,unvalidated_no_exact_total_intrinsic_sd,not_represented_by_candidate,57.10993285098442,22
N1_histgb,sleeper:12514,sleeper:player:12514,Emeka Egbuka,WR,64.37448848474678,64.37448848474678,,81.27229723326855,81.27229723326855,,58.217780309926674,76.47496692940538,74.17336801859142,5.768050343057716,104.73827686993306,0.404034619589675,0.7613601583713424,unvalidated_no_exact_total_intrinsic_sd,not_represented_by_candidate,17.26802982670199,2
N1_histgb,sleeper:12517,sleeper:player:12517,Colston Loveland,TE,39.41793881786359,39.41793881786359,,41.67678436437489,41.67678436437489,,35.5735380732356,37.84168396231749,40.76537956382738,2.896890699475879,57.57812402502465,0.48613586698834765,0.8110714611881961,unvalidated_no_exact_total_intrinsic_sd,not_represented_by_candidate,43.695494793602194,20
N1_histgb,sleeper:12518,sleeper:player:12518,Tyler Warren,TE,35.95034263683868,35.95034263683868,,44.777314941170495,44.777314941170495,,32.471514746795435,41.22142535124775,40.605413143407,2.1816922815003785,57.38326735105262,0.49692907164088607,0.8135691021990488,unvalidated_no_exact_total_intrinsic_sd,not_represented_by_candidate,22.587681943045055,11
N1_histgb,sleeper:12519,sleeper:player:12519,Luther Burden,WR,68.25011999234877,68.25011999234877,,77.41985188439232,77.41985188439232,,60.310488551603214,70.88141831544976,72.46130002399681,0.05209053595028479,102.47574000177518,0.36301593880086325,0.704529362014484,unvalidated_no_exact_total_intrinsic_sd,not_represented_by_candidate,34.623174833652854,6
N1_histgb,sleeper:12521,sleeper:player:12521,Elijah Arroyo,TE,42.925665280617864,42.925665280617864,,52.787318764882926,52.787318764882926,,32.74509370115529,43.85220309493578,42.17250836656534,3.8498870901090996,59.516546382073095,0.1762941711895708,0.4280894031768204,unvalidated_no_exact_total_intrinsic_sd,not_represented_by_candidate,12.637185682797451,23
N1_histgb,sleeper:12522,sleeper:player:12522,Cam Ward,QB,112.24881853420156,112.24881853420156,,106.49815859827883,106.49815859827883,,99.30843680602045,97.15485618827323,109.78463530701477,14.217787689089988,154.60655488114477,0.4436916160693409,0.9313862475949448,unvalidated_no_exact_total_intrinsic_sd,not_represented_by_candidate,71.80622136517258,20
N1_histgb,sleeper:12524,sleeper:player:12524,Shedeur Sanders,QB,78.33685528969207,78.33685528969207,,85.91716198671425,85.91716198671425,,64.58804084328487,73.45774532378854,76.35940439047282,1.8266137203549278,107.97305571322936,0.18038875964706072,0.4130026893384856,unvalidated_no_exact_total_intrinsic_sd,not_represented_by_candidate,48.58827198173648,38
N1_histgb,sleeper:12526,sleeper:player:12526,Tetairoa McMillan,WR,60.512124887577734,60.512124887577734,,80.04348719040188,80.04348719040188,,55.438626278375615,75.32652506971473,71.98936975927525,7.3005820262496215,101.54624669948817,0.43502762797238087,0.7819521696935101,unvalidated_no_exact_total_intrinsic_sd,not_represented_by_candidate,29.468837273172255,3
N1_histgb,sleeper:12527,sleeper:player:12527,Ashton Jeanty,RB,73.5149683117695,73.5149683117695,,99.48662809702593,99.48662809702593,,67.00556337636435,93.52245226523938,88.37161435955063,10.61524289172575,124.52470063154513,0.4025161736708057,0.7408979916677292,unvalidated_no_exact_total_intrinsic_sd,not_represented_by_candidate,37.81196155546678,4
N1_histgb,sleeper:12529,sleeper:player:12529,TreVeyon Henderson,RB,78.7714321341386,78.7714321341386,,71.88718233485062,71.88718233485062,,70.0289246534674,65.81892112768432,76.187764545979,11.97041544069537,107.07875647019921,0.29548069440055663,0.6502004037184634,unvalidated_no_exact_total_intrinsic_sd,not_represented_by_candidate,72.1261910299853,21
N1_histgb,sleeper:12531,sleeper:player:12531,Trevor Etienne,RB,39.955171805060615,39.955171805060615,,41.852005124858906,41.852005124858906,,29.7683552199613,34.38272198016204,35.459102021120856,0.46158530630003725,50.144618567634176,0.1061300751595893,0.25596086466147433,unvalidated_no_exact_total_intrinsic_sd,not_represented_by_candidate,13.442968178621008,34
N1_histgb,sleeper:12533,sleeper:player:12533,Jacory Croskey-Merritt,RB,66.19359607562329,66.19359607562329,,74.72756137614762,74.72756137614762,,55.81713553493565,65.70253638099148,67.1147934763088,0.025517330571034336,94.91464773996164,0.2406236187007351,0.535462792640904,unvalidated_no_exact_total_intrinsic_sd,not_represented_by_candidate,67.62833231558966,32
N1_histgb,sleeper:12534,sleeper:player:12534,Kyle Monangai,RB,63.81021292226154,63.81021292226154,,62.259222695076254,62.259222695076254,,53.45928641764468,54.29078711957319,60.028637604393445,6.215299761106351,84.6654871488896,0.2184281977077299,0.48098298105570825,unvalidated_no_exact_total_intrinsic_sd,not_represented_by_candidate,51.80751418476149,14
N1_histgb,sleeper:12535,sleeper:player:12535,Isaac TeSlaa,WR,43.23660875244322,43.23660875244322,,52.52646822181691,52.52646822181691,,32.70391520770724,43.510052890958114,41.96391261888098,3.6376852871660823,59.234341140268384,0.14376169645699535,0.3435691395885413,unvalidated_no_exact_total_intrinsic_sd,not_represented_by_candidate,23.480239920289904,25
N1_histgb,sleeper:12536,sleeper:player:12536,Jaylin Noel,WR,41.53061973626942,41.53061973626942,,55.73195811123532,55.73195811123532,,31.667848579812112,46.95901563773903,43.308921322712855,7.010217505426148,60.84556009110674,0.16827808126618607,0.3858634748152199,unvalidated_no_exact_total_intrinsic_sd,not_represented_by_candidate,15.075102510080157,15
N1_histgb,sleeper:12540,sleeper:player:12540,Chimere Dike,WR,46.51079286834586,46.51079286834586,,44.36334692496753,44.36334692496753,,35.65661469704158,36.83634542631861,40.334862110911644,3.6938629219701546,56.92238206300054,0.1171158270326439,0.2710284447712689,unvalidated_no_exact_total_intrinsic_sd,not_represented_by_candidate,11.156537757229103,13
N1_histgb,sleeper:12543,sleeper:player:12543,Tahj Brooks,RB,29.19102055321573,29.19102055321573,,25.087136214671403,25.087136214671403,,20.560715910514748,19.40495465156994,22.405233346162994,3.4565287881782556,31.496688259696818,0.07891672315068933,0.19365069364459322,unvalidated_no_exact_total_intrinsic_sd,not_represented_by_candidate,9.67325425687752,12
N1_histgb,sleeper:12544,sleeper:player:12544,LeQuint Allen,RB,53.72022006546547,53.72022006546547,,52.2150662665079,52.2150662665079,,44.13104071045872,44.86511326681384,49.576598049469496,5.096340268616913,69.9264289391629,0.1244880074363634,0.30432082599490085,unvalidated_no_exact_total_intrinsic_sd,not_represented_by_candidate,27.399909757188198,55
N1_histgb,sleeper:12545,sleeper:player:12545,Tyler Shough,QB,105.08468057940955,105.08468057940955,,115.87288696252439,115.87288696252439,,94.23660378086448,103.63222807599136,109.64646305344478,5.226828428831055,154.97539799863856,0.6191819171510111,1.0649491867107828,unvalidated_no_exact_total_intrinsic_sd,not_represented_by_candidate,44.49341307161484,6
N1_histgb,sleeper:12670,sleeper:player:12670,KeAndre Lambert-Smith,WR,29.62176984819322,29.62176984819322,,29.051473486283204,29.051473486283204,,20.272343917306202,23.61567090273458,24.249683867930013,0.16917010248453934,34.293814556936,0.06251444977737264,0.14725831117283741,unvalidated_no_exact_total_intrinsic_sd,not_represented_by_candidate,9.841990295643782,13
N1_histgb,sleeper:12718,sleeper:player:12718,Konata Mumpfield,WR,41.31042081442805,41.31042081442805,,35.04006542061761,35.04006542061761,,30.365200203579025,28.44973220861042,32.99519660996905,5.255488652321144,46.3653516937632,0.09803758202310245,0.20334725694669725,unvalidated_no_exact_total_intrinsic_sd,not_represented_by_candidate,15.896570136415857,44
N1_histgb,sleeper:13079,sleeper:player:13079,Jahdae Walker,WR,33.11878663108054,33.11878663108054,,39.84849060529605,39.84849060529605,,23.430371501656253,33.372488756870645,31.273152828752867,4.195807350431224,44.02743890324685,0.08146196637457233,0.19709669924697054,unvalidated_no_exact_total_intrinsic_sd,not_represented_by_candidate,12.535287937414687,36
N1_histgb,sleeper:13269,sleeper:player:13269,Fernando Mendoza,QB,117.64850219313804,117.64850219313804,,115.04918487233752,115.04918487233752,,106.47599441558528,104.34730912405215,117.7916559659326,15.113664411119814,165.89552609537515,0.3812510400452574,0.8504225929803024,unvalidated_no_exact_total_intrinsic_sd,not_represented_by_candidate,53.71805160244321,21
N1_histgb,sleeper:13272,sleeper:player:13272,Carson Beck,QB,58.98471983773196,58.98471983773196,,73.68550761579729,73.68550761579729,,46.54456820245066,62.73935392646784,60.16607482392623,5.766300239789949,84.89206618395608,0.13713048510574716,0.347149369453683,unvalidated_no_exact_total_intrinsic_sd,not_represented_by_candidate,55.931811626052465,54
N1_histgb,sleeper:13274,sleeper:player:13274,Germie Bernard,WR,58.093334971562385,58.093334971562385,,55.77840793439162,55.77840793439162,,47.67783576154725,47.58819338535646,53.146250109098936,6.143690676395117,74.90863011823521,0.14503251647335724,0.3748642983204899,unvalidated_no_exact_total_intrinsic_sd,not_represented_by_candidate,67.68638563924877,45
N1_histgb,sleeper:13275,sleeper:player:13275,Ty Simpson,QB,59.23439827354801,59.23439827354801,,68.38640687359631,68.38640687359631,,47.904089930566485,57.448083187450486,58.14432294865155,0.787763661951459,82.22471654391448,0.11269323842769553,0.28917139705190753,unvalidated_no_exact_total_intrinsic_sd,not_represented_by_candidate,30.503618530701225,28
N1_histgb,sleeper:13276,sleeper:player:13276,Omar Cooper,WR,39.22885223470738,39.22885223470738,,47.498598164930904,47.498598164930904,,28.944098436174386,38.307009602200225,37.03090952410168,3.074330766841431,52.27929810833788,0.10704754822772702,0.25598082044579007,unvalidated_no_exact_total_intrinsic_sd,not_represented_by_candidate,56.84868232133038,66
N1_histgb,sleeper:13279,sleeper:player:13279,Carnell Tate,WR,81.68006883999014,81.68006883999014,,81.02657692823912,81.02657692823912,,75.30924738953384,74.73996586532073,83.74727349579483,10.013234943409536,118.01248561879797,0.3473828269763712,0.7153318704074507,unvalidated_no_exact_total_intrinsic_sd,not_represented_by_candidate,18.368708672905825,6
N1_histgb,sleeper:13281,sleeper:player:13281,Jordyn Tyson,WR,63.91568275237957,63.91568275237957,,58.89737214707588,58.89737214707588,,53.07420515552186,51.12613022618082,58.30653307430375,8.174445293777943,82.05170347060923,0.17180081427225644,0.4323433773418932,unvalidated_no_exact_total_intrinsic_sd,not_represented_by_candidate,86.22016098953264,59
N1_histgb,sleeper:13285,sleeper:player:13285,Malachi Fields,WR,47.22383476009566,47.22383476009566,,60.7780771791861,60.7780771791861,,36.79584509248035,51.825332636593615,48.787865719641566,6.167334501330586,68.72027115854718,0.11034762311324064,0.2812600748613308,unvalidated_no_exact_total_intrinsic_sd,not_represented_by_candidate,51.04855975474456,50
N1_histgb,sleeper:13286,sleeper:player:13286,Jadarian Price,RB,72.3565639343363,72.3565639343363,,73.76513857032765,73.76513857032765,,63.64204490376122,66.6789917230067,72.437798000964,5.920166648324695,102.27130968806937,0.22691252053428732,0.5617781123713288,unvalidated_no_exact_total_intrinsic_sd,not_represented_by_candidate,80.41271164416827,19
N1_histgb,sleeper:13287,sleeper:player:13287,Jeremiyah Love,RB,87.85398102567028,87.85398102567028,,83.70272459657431,83.70272459657431,,81.55016013903155,78.31942002822483,89.48120073535668,12.73185514778438,125.90341708856923,0.3364264267400655,0.7238720246859516,unvalidated_no_exact_total_intrinsic_sd,not_represented_by_candidate,61.441320511232334,19
N1_histgb,sleeper:13288,sleeper:player:13288,Nicholas Singleton,RB,29.971103482052925,29.971103482052925,,28.84573881778218,28.84573881778218,,21.211752811548283,21.463261931697552,23.7813791963218,2.52278314416456,33.537196635467524,0.06656417947123784,0.15917883668603072,unvalidated_no_exact_total_intrinsic_sd,not_represented_by_candidate,43.75243889440267,91
N1_histgb,sleeper:13293,sleeper:player:13293,Ja'Kobi Lane,WR,55.67667163723022,55.67667163723022,,65.70685612883041,65.70685612883041,,44.421419546613265,57.41205702179802,56.091800539863016,3.7220045836277933,79.23841781287034,0.14658095121965325,0.36999058543637686,unvalidated_no_exact_total_intrinsic_sd,not_represented_by_candidate,60.93765284552964,41
N1_histgb,sleeper:13294,sleeper:player:13294,Makai Lemon,WR,75.20888016286966,75.20888016286966,,65.95993843877143,65.95993843877143,,65.19375871026148,58.66693414118766,69.76700011392698,13.027834986714176,97.80155482073033,0.2674532358340779,0.5947379730435008,unvalidated_no_exact_total_intrinsic_sd,not_represented_by_candidate,78.03497998724933,38
N1_histgb,sleeper:13296,sleeper:player:13296,Caleb Douglas,WR,49.60302404762491,49.60302404762491,,62.86476659246014,62.86476659246014,,38.85552539666181,54.12777584928638,51.18767468402631,6.080121463946867,72.13451463827194,0.12140213234654597,0.3127186040700411,unvalidated_no_exact_total_intrinsic_sd,not_represented_by_candidate,51.44647053896257,42
N1_histgb,sleeper:13298,sleeper:player:13298,KC Concepcion,WR,78.06918212315175,78.06918212315175,,74.62581527410804,74.62581527410804,,68.19162929104233,67.05699614356713,75.54449411857189,9.514205183658731,106.41156461111323,0.26571821803529716,0.5933222933707671,unvalidated_no_exact_total_intrinsic_sd,not_represented_by_candidate,61.02646091102997,30
N1_histgb,sleeper:13301,sleeper:player:13301,Antonio Williams,WR,42.393481937877844,42.393481937877844,,54.177765252976236,54.177765252976236,,31.948506973428298,45.83790673802229,42.82820750949264,5.96165669080705,60.27411854563516,0.1108617888170491,0.2780939212053377,unvalidated_no_exact_total_intrinsic_sd,not_represented_by_candidate,71.23798529715759,84
N1_histgb,sleeper:13303,sleeper:player:13303,Cade Klubnik,QB,75.18132540845744,75.18132540845744,,99.80880689087095,99.80880689087095,,62.3563711879813,87.662055311994,82.58775358966365,10.332919453131552,116.33875047269976,0.18677539757595696,0.4610296388415732,unvalidated_no_exact_total_intrinsic_sd,not_represented_by_candidate,24.622238107540525,29
N1_histgb,sleeper:13305,sleeper:player:13305,Mike Washington,RB,46.08162415580527,46.08162415580527,,43.04505445767458,43.04505445767458,,36.71297422662908,35.144960893534154,40.23160137628918,5.813793847056292,56.59826233821315,0.107845337356195,0.28246855859143644,unvalidated_no_exact_total_intrinsic_sd,not_represented_by_candidate,60.302239505757996,53
N1_histgb,sleeper:13311,sleeper:player:13311,Chris Bell,WR,45.88252209699522,45.88252209699522,,58.332040048767546,58.332040048767546,,34.90910741617708,49.51289876500147,46.477780366010236,6.100328053963036,65.44581066146407,0.1181388025663915,0.288548326373098,unvalidated_no_exact_total_intrinsic_sd,not_represented_by_candidate,70.10593842671467,72
N1_histgb,sleeper:13317,sleeper:player:13317,Ted Hurst,WR,34.42188488253157,34.42188488253157,,40.865065033600416,40.865065033600416,,24.3187759801196,33.78349890494197,31.98542243050799,3.737618375718913,45.079537541922235,0.07989103391804353,0.1832569827952871,unvalidated_no_exact_total_intrinsic_sd,not_represented_by_candidate,54.60466529496631,95
N1_histgb,sleeper:13320,sleeper:player:13320,Zachariah Branch,WR,45.93387489918522,45.93387489918522,,53.739183309964496,53.739183309964496,,35.54050195638453,45.04456490126069,44.40458125466373,2.3352714782339916,62.754124804087695,0.10889056343239571,0.27917266237036525,unvalidated_no_exact_total_intrinsic_sd,not_represented_by_candidate,67.39401467200396,78
N1_histgb,sleeper:13329,sleeper:player:13329,Malik Benson,WR,30.48677771050335,30.48677771050335,,34.25197636323534,34.25197636323534,,22.28317864843314,28.11987987652921,27.776158103160842,1.3759113596241868,39.257315061960526,0.045097618239366845,0.12002203593925359,unvalidated_no_exact_total_intrinsic_sd,not_represented_by_candidate,46.07360679711583,89
N1_histgb,sleeper:13330,sleeper:player:13330,Kenyon Sadiq,TE,46.08409168589399,46.08409168589399,,43.275322084458345,43.275322084458345,,35.26341736960598,35.686731452402874,39.537732218354904,4.1902412898040104,55.75756823852616,0.1498797328587924,0.3604692155618768,unvalidated_no_exact_total_intrinsic_sd,not_represented_by_candidate,106.054738218885,89
N1_histgb,sleeper:13337,sleeper:player:13337,Emmett Johnson,RB,40.25704528331612,40.25704528331612,,46.331619556594106,46.331619556594106,,31.14809901471795,38.21145785022934,38.251298862540715,1.131894134280433,54.08366245930095,0.0892040155670762,0.23453657887073082,unvalidated_no_exact_total_intrinsic_sd,not_represented_by_candidate,63.50021410577096,64
N1_histgb,sleeper:13345,sleeper:player:13345,Jonah Coleman,RB,33.69858458668909,33.69858458668909,,36.55758222835394,36.55758222835394,,24.173369066031288,28.502431688662416,29.090652936154235,0.04564318893200081,41.14037060118518,0.08822627092489649,0.21721232021263182,unvalidated_no_exact_total_intrinsic_sd,not_represented_by_candidate,60.19709388707743,64
N1_histgb,sleeper:13346,sleeper:player:13346,Denzel Boston,WR,64.67269815061039,64.67269815061039,,61.338516296111685,61.338516296111685,,54.38722668361153,53.13462033510393,60.09082751113677,7.8393794889572135,84.6189058731824,0.17974276042359924,0.44167763135274035,unvalidated_no_exact_total_intrinsic_sd,not_represented_by_candidate,72.37527801028521,47
N1_histgb,sleeper:13347,sleeper:player:13347,Demond Claiborne,RB,27.71600889794689,27.71600889794689,,32.3699569673943,32.3699569673943,,19.295207404804025,25.16664375316242,24.486899349949486,1.781973817576425,34.58382640574327,0.06469266171993615,0.1584135738099976,unvalidated_no_exact_total_intrinsic_sd,not_represented_by_candidate,44.633917696217864,89
N1_histgb,sleeper:13349,sleeper:player:13349,Eli Stowers,TE,23.265237959719137,23.265237959719137,,29.373021479023848,29.373021479023848,,14.799144656777633,22.53362513601854,20.574115444638895,3.7012712025124035,28.859817119034382,0.058406010686663144,0.1482017178831248,unvalidated_no_exact_total_intrinsic_sd,not_represented_by_candidate,68.60734570934241,126
N1_histgb,sleeper:13405,sleeper:player:13405,Kaytron Allen,RB,32.06514297880133,32.06514297880133,,33.05489696297041,33.05489696297041,,23.25726865016919,25.626632987146643,27.08532522359492,1.2534360194303638,38.283920685857254,0.07077255019533805,0.17721353444027327,unvalidated_no_exact_total_intrinsic_sd,not_represented_by_candidate,35.87971422025573,65
N1_histgb,sleeper:13413,sleeper:player:13413,Cyrus Allen,WR,37.648671997286094,37.648671997286094,,45.17172136707628,45.17172136707628,,27.625631449038785,37.15095582029616,35.663201635670426,3.3597788484810067,50.32335231184694,0.08866197257882516,0.21840666167919354,unvalidated_no_exact_total_intrinsic_sd,not_represented_by_candidate,42.72036552255963,51
N1_histgb,sleeper:13414,sleeper:player:13414,Kaelon Black,RB,27.042043185925856,27.042043185925856,,29.128519798357875,29.128519798357875,,19.76945476745717,21.66435192896565,22.96467333282403,1.1515422836609126,32.45653082101627,0.05492457772586067,0.13712970072453823,unvalidated_no_exact_total_intrinsic_sd,not_represented_by_candidate,45.951208537027696,57
N1_histgb,sleeper:13417,sleeper:player:13417,De'Zhaun Stribling,WR,64.48960969324084,64.48960969324084,,59.829220083277974,59.829220083277974,,53.43698562922542,51.559389793793265,58.743451703854625,8.169778658825976,82.67309691085724,0.20208852181181955,0.47268119428410854,unvalidated_no_exact_total_intrinsic_sd,not_represented_by_candidate,60.09064436117866,36
N1_histgb,sleeper:13424,sleeper:player:13424,Seth McGowan,RB,28.5161469064908,28.5161469064908,,28.139992118252547,28.139992118252547,,21.361756277377147,21.37681274696357,23.837675273650625,2.712745626089399,33.60224004545175,0.04723120398495578,0.12626542107194952,unvalidated_no_exact_total_intrinsic_sd,not_represented_by_candidate,40.34314627294896,63
N1_histgb,sleeper:13425,sleeper:player:13425,Jalon Daniels,QB,47.573789215588,47.573789215588,,73.49477549340502,73.49477549340502,,38.34441319661834,63.14965930771644,56.071253239458066,13.032877632699538,78.21838006695071,0.07762452853689629,0.1884744641060011,unvalidated_no_exact_total_intrinsic_sd,not_represented_by_candidate,17.34757873561998,36
N1_histgb,sleeper:13434,sleeper:player:13434,Will Kacmarek,TE,30.484183500722068,30.484183500722068,,34.63330418910824,34.63330418910824,,20.623422594541083,26.933432819211415,26.190955842586472,1.9294960065203242,36.989314417240166,0.08992792455132852,0.2230528778800581,unvalidated_no_exact_total_intrinsic_sd,not_represented_by_candidate,66.32580319496972,93
N1_histgb,sleeper:1373,sleeper:player:1373,Geno Smith,QB,71.92791802288734,71.92791802288734,,62.25969333526034,62.25969333526034,,57.280540526334974,51.16673267165956,61.13261381564213,11.720495092110703,85.65642380265876,0.2528097218701173,0.5444013520517288,unvalidated_no_exact_total_intrinsic_sd,not_represented_by_candidate,34.413716667429725,9
N1_histgb,sleeper:1466,sleeper:player:1466,Travis Kelce,TE,58.986842945726956,58.986842945726956,,46.85604502874154,46.85604502874154,,45.261222907938084,38.103650834013116,47.30742583790142,10.9421517441729,66.00192719932184,0.19642922519178602,0.33113576386527227,unvalidated_no_exact_total_intrinsic_sd,not_represented_by_candidate,12.337784776616374,20
N1_histgb,sleeper:1479,sleeper:player:1479,Keenan Allen,WR,38.52892350105355,38.52892350105355,,26.584328066179456,26.584328066179456,,27.15997106558604,21.73071822024451,27.918921890636188,7.385531491621478,38.78641931987479,0.08903754787962508,0.15830619997748685,unvalidated_no_exact_total_intrinsic_sd,not_represented_by_candidate,6.073383067866011,28
N1_histgb,sleeper:19,sleeper:player:19,Joe Flacco,QB,51.93038729363995,51.93038729363995,,31.122514777759505,31.122514777759505,,41.65131241376114,25.82780682639188,40.02041515783853,16.743025119628836,54.06420598376509,0.04645951417161165,0.09170286422388885,unvalidated_no_exact_total_intrinsic_sd,not_represented_by_candidate,9.285732031764308,13
N1_histgb,sleeper:2133,sleeper:player:2133,Davante Adams,WR,67.92565532861751,67.92565532861751,,68.05098854620513,68.05098854620513,,58.90224036050176,57.746029970414966,65.17191898568989,8.345397652801687,91.7884109600513,0.2985780759177791,0.545606573914406,unvalidated_no_exact_total_intrinsic_sd,not_represented_by_candidate,27.77186062023455,24
N1_histgb,sleeper:2216,sleeper:player:2216,Mike Evans,WR,53.525009357983535,53.525009357983535,,37.52557645237549,37.52557645237549,,42.025357051330744,29.29170873819803,41.52003057975746,14.55829393028306,56.88481305697921,0.1179845144616871,0.2447468894449727,unvalidated_no_exact_total_intrinsic_sd,not_represented_by_candidate,37.951877028247054,17
N1_histgb,sleeper:2306,sleeper:player:2306,Jameis Winston,QB,46.375488733839056,46.375488733839056,,45.71647654796985,45.71647654796985,,36.93478784213876,37.06791035271143,41.26586047402562,4.613004435983942,58.176134895651956,0.06292242515556044,0.16892894995383792,unvalidated_no_exact_total_intrinsic_sd,not_represented_by_candidate,12.77644991728355,28
N1_histgb,sleeper:2307,sleeper:player:2307,Marcus Mariota,QB,66.87922494156199,66.87922494156199,,48.595341903664625,48.595341903664625,,54.737097796366925,40.30227664040509,54.887149723516195,17.40813825421921,75.64492799960456,0.08694377881811365,0.20681613779594687,unvalidated_no_exact_total_intrinsic_sd,not_represented_by_candidate,20.36951036400213,52
N1_histgb,sleeper:2449,sleeper:player:2449,Stefon Diggs,WR,53.17830877118082,53.17830877118082,,50.859114512168084,50.859114512168084,,40.62751401654694,41.5619927350716,45.76317309080801,4.504847162975672,64.56192666515412,0.17201985381904875,0.34374350939719084,unvalidated_no_exact_total_intrinsic_sd,not_represented_by_candidate,41.15469137303056,22
N1_histgb,sleeper:2505,sleeper:player:2505,Darren Waller,TE,32.865228545312114,32.865228545312114,,25.101117782343827,25.101117782343827,,22.76662409782195,17.21649762725967,23.00461522329434,6.912710947453547,31.790550018843767,0.07569770763370137,0.15850082267379015,unvalidated_no_exact_total_intrinsic_sd,not_represented_by_candidate,43.58540394971718,43
N1_histgb,sleeper:3163,sleeper:player:3163,Jared Goff,QB,90.13953387692973,90.13953387692973,,104.10494044611018,104.10494044611018,,81.62088778305218,98.20501424097338,99.23516750138123,1.575368173508906,140.33087740469762,0.7989177798423486,1.2495371596333489,unvalidated_no_exact_total_intrinsic_sd,not_represented_by_candidate,96.74099355688907,10
N1_histgb,sleeper:3198,sleeper:player:3198,Derrick Henry,RB,68.97929544442556,68.97929544442556,,79.31163794868822,79.31163794868822,,60.892175751228635,69.04218395098894,71.88350447812344,1.8753714839548365,101.64132729313384,0.35330219447256384,0.6211022875105869,unvalidated_no_exact_total_intrinsic_sd,not_represented_by_candidate,98.27245528185728,21
N1_histgb,sleeper:3202,sleeper:player:3202,Austin Hooper,TE,22.416140612676003,22.416140612676003,,17.434018853560662,17.434018853560662,,15.098329705942481,12.78447059425768,15.811985545252801,3.596800245699935,22.07036025440228,0.034260544951976564,0.08478336303390394,unvalidated_no_exact_total_intrinsic_sd,not_represented_by_candidate,9.26478303316117,16
N1_histgb,sleeper:3214,sleeper:player:3214,Hunter Henry,TE,51.06119397164027,51.06119397164027,,53.01806143138526,53.01806143138526,,39.07550448818887,43.07121277833856,45.51451197314464,2.0952275826109314,64.33313004731015,0.23160229854505696,0.4672770675289434,unvalidated_no_exact_total_intrinsic_sd,not_represented_by_candidate,22.02520136259517,22
N1_histgb,sleeper:3257,sleeper:player:3257,Jacoby Brissett,QB,109.83852361286866,109.83852361286866,,93.89191198371357,93.89191198371357,,96.07802292133816,82.57431586004445,101.13701874985692,22.006376274255317,141.32626269201955,0.37723632939728907,0.8361162375275313,unvalidated_no_exact_total_intrinsic_sd,not_represented_by_candidate,20.8724380259776,3
N1_histgb,sleeper:3271,sleeper:player:3271,Tyler Higbee,TE,20.37003886034749,20.37003886034749,,14.045856435933356,14.045856435933356,,13.814074818512552,9.783204436045889,13.705309035386488,4.673598390692515,18.810328800778823,0.02325373460848137,0.058228894900229054,unvalidated_no_exact_total_intrinsic_sd,not_represented_by_candidate,11.033391861991305,11
N1_histgb,sleeper:3294,sleeper:player:3294,Dak Prescott,QB,87.43828230612137,87.43828230612137,,90.35645926303584,90.35645926303584,,79.50285038155607,82.86202174302228,90.28212909931779,7.7096121149890635,127.44523353365625,0.7899131257950476,1.2354644122076883,unvalidated_no_exact_total_intrinsic_sd,not_represented_by_candidate,37.87448025360641,4
N1_histgb,sleeper:3634,sleeper:player:3634,Kalif Raymond,WR,26.5732410569,26.5732410569,,27.553516498758636,27.553516498758636,,18.847400082075943,21.98810976318798,22.561642105364193,0.13388076586124065,31.906699373667863,0.03446986946781597,0.0928898302515496,unvalidated_no_exact_total_intrinsic_sd,not_represented_by_candidate,3.7629218461719667,19
N1_histgb,sleeper:4017,sleeper:player:4017,Deshaun Watson,QB,75.48374243482729,75.48374243482729,,67.76171147899306,67.76171147899306,,62.44160704032545,57.3942988792633,67.35382807539737,11.607985044008899,94.54274692454436,0.16925023675663078,0.46835934487055175,unvalidated_no_exact_total_intrinsic_sd,not_represented_by_candidate,99.11793087177881,35
N1_histgb,sleeper:4033,sleeper:player:4033,David Njoku,TE,34.54601547988778,34.54601547988778,,23.97998882486097,23.97998882486097,,24.637400686152677,17.269655341525684,24.377084660581318,8.46446459897747,33.41911656748208,0.06422862262378135,0.15481277055677203,unvalidated_no_exact_total_intrinsic_sd,not_represented_by_candidate,16.546713570622984,2
N1_histgb,sleeper:4034,sleeper:player:4034,Christian McCaffrey,RB,92.65653732047535,92.65653732047535,,93.73958227352644,93.73958227352644,,84.8269318150118,84.72130249239247,94.58134504047378,10.891750992006479,133.3140330935136,0.36512513601457014,0.6782465720145643,unvalidated_no_exact_total_intrinsic_sd,not_represented_by_candidate,103.53215719023439,14
N1_histgb,sleeper:4035,sleeper:player:4035,Alvin Kamara,RB,30.083382932423582,30.083382932423582,,27.61154695272645,27.61154695272645,,22.295783585594076,22.31747402357066,24.882757861141776,2.8270410657251652,35.07579102978477,0.03421939765609579,0.08371644781887252,unvalidated_no_exact_total_intrinsic_sd,not_represented_by_candidate,18.329252616782078,21
N1_histgb,sleeper:4037,sleeper:player:4037,Chris Godwin,WR,62.19224473360099,62.19224473360099,,38.65896912871839,38.65896912871839,,51.07920068738867,30.514518923153204,48.69417283315862,21.37058066230218,65.46406050625856,0.1383357596588086,0.3086244558067403,unvalidated_no_exact_total_intrinsic_sd,not_represented_by_candidate,50.27613328146958,28
N1_histgb,sleeper:4039,sleeper:player:4039,Cooper Kupp,WR,30.258949134784995,30.258949134784995,,20.80522253574328,20.80522253574328,,22.271504721691382,16.473586585440188,22.361483780787875,7.028612705457141,30.832945321418208,0.03357480859528367,0.07574788780754124,unvalidated_no_exact_total_intrinsic_sd,not_represented_by_candidate,15.006402544976282,12
N1_histgb,sleeper:4046,sleeper:player:4046,Patrick Mahomes,QB,93.01411922642468,93.01411922642468,,99.51146800944171,99.51146800944171,,84.24242278666956,92.35334957720025,97.87590480003152,4.880764299141944,138.33135443819629,0.7803206596440092,1.2270438495238287,unvalidated_no_exact_total_intrinsic_sd,not_represented_by_candidate,66.05739434905149,1
N1_histgb,sleeper:4054,sleeper:player:4054,Mo Alie-Cox,TE,14.533175520574448,14.533175520574448,,10.655402163029622,10.655402163029622,,9.04586431426676,7.236706593355391,9.29827467724439,2.460464153427476,12.917505180826016,0.018962161577759446,0.04690486834555103,unvalidated_no_exact_total_intrinsic_sd,not_represented_by_candidate,2.348366359226741,6
N1_histgb,sleeper:4066,sleeper:player:4066,Evan Engram,TE,45.2117444724434,45.2117444724434,,35.3289905614701,35.3289905614701,,33.45919645358714,26.962403574408377,34.47223728750993,8.959980403039019,47.920653568059116,0.12502085564781265,0.2619704312188019,unvalidated_no_exact_total_intrinsic_sd,not_represented_by_candidate,38.489461792720306,37
N1_histgb,sleeper:4137,sleeper:player:4137,James Conner,RB,22.045940828870215,22.045940828870215,,18.35301699353454,18.35301699353454,,16.49563028526904,14.383434581047002,17.452529107652126,3.629254257672226,24.41331722728514,0.018309906659141624,0.04766055090754516,unvalidated_no_exact_total_intrinsic_sd,not_represented_by_candidate,2.8175645827845326,1
N1_histgb,sleeper:4147,sleeper:player:4147,Samaje Perine,RB,28.619910951210972,28.619910951210972,,19.571557977293274,19.571557977293274,,20.43921496220241,15.202366164696517,20.55418607710764,6.389623163878817,28.357042271865282,0.040707743338558186,0.0924617290791352,unvalidated_no_exact_total_intrinsic_sd,not_represented_by_candidate,15.361581635079858,14
N1_histgb,sleeper:4177,sleeper:player:4177,Mack Hollins,WR,26.405599682507745,26.405599682507745,,16.052809896954717,16.052809896954717,,19.368207486459067,12.40604569984119,18.744907494393438,7.499608345354947,25.426344381625466,0.024154595458933482,0.05713274054783896,unvalidated_no_exact_total_intrinsic_sd,not_represented_by_candidate,3.753250811262072,13
N1_histgb,sleeper:4179,sleeper:player:4179,Joshua Dobbs,QB,33.84084337502168,33.84084337502168,,22.795967720448512,22.795967720448512,,25.932924500769463,17.13215133209552,25.280577457567148,9.66500648821503,34.42096516309306,0.0397731169215325,0.10927968884400985,unvalidated_no_exact_total_intrinsic_sd,not_represented_by_candidate,3.1149634990519157,4
N1_histgb,sleeper:4199,sleeper:player:4199,Aaron Jones,RB,47.192264098351465,47.192264098351465,,41.706607388908736,41.706607388908736,,35.72737654391955,34.45292463716621,39.266465867634786,5.476032011979029,55.2605081126842,0.09158412400029621,0.20585654297322908,unvalidated_no_exact_total_intrinsic_sd,not_represented_by_candidate,17.369695890963612,9
N1_histgb,sleeper:421,sleeper:player:421,Matthew Stafford,QB,128.82304101551338,128.82304101551338,,114.61744491300851,114.61744491300851,,109.53164300467581,100.1737522948507,117.92447310891548,20.726360520944823,165.47743258700405,0.5185982967505106,0.799167455763591,unvalidated_no_exact_total_intrinsic_sd,not_represented_by_candidate,73.92115152590839,11
N1_histgb,sleeper:4217,sleeper:player:4217,George Kittle,TE,56.030750277940854,56.030750277940854,,56.11642048924661,56.11642048924661,,44.27622185358088,45.04816689604102,49.75644768596627,5.087487993154113,70.18208915793338,0.3212243945044143,0.5568727779981741,unvalidated_no_exact_total_intrinsic_sd,not_represented_by_candidate,11.695229139994893,16
N1_histgb,sleeper:4454,sleeper:player:4454,Kendrick Bourne,WR,27.38657178848058,27.38657178848058,,19.738765234740224,19.738765234740224,,19.783613248551088,15.43511195341152,20.17782003017926,5.664202874928602,27.967939647608244,0.03480809443548105,0.08197702119749936,unvalidated_no_exact_total_intrinsic_sd,not_represented_by_candidate,10.224487754399043,26
N1_histgb,sleeper:4866,sleeper:player:4866,Saquon Barkley,RB,85.83422456677575,85.83422456677575,,72.41715680512544,72.41715680512544,,77.667577502434,62.86136006974348,80.13137091697257,20.600108226679232,111.43477352745856,0.3004114227826204,0.5946093090884599,unvalidated_no_exact_total_intrinsic_sd,not_represented_by_candidate,36.67290129392211,13
N1_histgb,sleeper:4881,sleeper:player:4881,Lamar Jackson,QB,123.00936139694936,123.00936139694936,,105.80316107791842,105.80316107791842,,112.91949580474153,99.2941463229063,119.82943139149056,24.24155071573051,167.7215921523301,0.7450691681216792,1.213851526107004,unvalidated_no_exact_total_intrinsic_sd,not_represented_by_candidate,83.65130926087141,11
N1_histgb,sleeper:4892,sleeper:player:4892,Baker Mayfield,QB,102.94743797611784,102.94743797611784,,142.8739427602739,142.8739427602739,,92.67417969204574,132.9613563769471,124.2320303500091,17.291527244105396,174.83763272058314,0.631413778500151,1.0778342585340484,unvalidated_no_exact_total_intrinsic_sd,not_represented_by_candidate,30.676501680488457,7
N1_histgb,sleeper:4943,sleeper:player:4943,Sam Darnold,QB,111.34451624981612,111.34451624981612,,115.77680830112051,115.77680830112051,,99.91802271225943,105.7530805476509,114.24153258421138,8.523718609742744,161.3369200010983,0.5911465837446359,1.0622597370353837,unvalidated_no_exact_total_intrinsic_sd,not_represented_by_candidate,52.03962660647369,11
N1_histgb,sleeper:4981,sleeper:player:4981,Calvin Ridley,WR,33.87428831982697,33.87428831982697,,23.100830724041955,23.100830724041955,,25.269126999916406,18.080360636084915,25.13922421743886,8.415697390357595,34.541818509500295,0.041455600980079665,0.09916056802781809,unvalidated_no_exact_total_intrinsic_sd,not_represented_by_candidate,12.164700767786478,14
N1_histgb,sleeper:4983,sleeper:player:4983,DJ Moore,WR,59.443331856817586,59.443331856817586,,65.51505116045021,65.51505116045021,,49.82902283281094,57.16939423800264,59.16089703993928,1.0497820709323946,83.6595567448462,0.26088525970754,0.5786003036256159,unvalidated_no_exact_total_intrinsic_sd,not_represented_by_candidate,30.59570815540488,11
N1_histgb,sleeper:4984,sleeper:player:4984,Josh Allen,QB,79.11446716745797,79.11446716745797,,73.69924032448546,73.69924032448546,,73.63762256556907,68.52311901236837,79.80471988658645,13.084025694297566,112.09993266716985,0.8843289694083617,1.2916942673851382,unvalidated_no_exact_total_intrinsic_sd,not_represented_by_candidate,89.46742966285126,0
N1_histgb,sleeper:4993,sleeper:player:4993,Mike Gesicki,TE,39.45783620448037,39.45783620448037,,26.610904929224716,26.610904929224716,,28.53807258981401,20.166340826605815,28.296815691640095,9.687180454119208,38.827542948564606,0.11104488675209381,0.24090820136314872,unvalidated_no_exact_total_intrinsic_sd,not_represented_by_candidate,37.32704023266929,42
N1_histgb,sleeper:5001,sleeper:player:5001,Dalton Schultz,TE,43.66043466663227,43.66043466663227,,55.875872728579985,55.875872728579985,,33.24673404761439,46.88445581578302,44.11418346236404,5.6142953864309995,62.133743267375465,0.2412968653555626,0.5197494384735131,unvalidated_no_exact_total_intrinsic_sd,not_represented_by_candidate,36.099971543512396,17
N1_histgb,sleeper:5008,sleeper:player:5008,Durham Smythe,TE,20.683026879618,20.683026879618,,17.071248887472894,17.071248887472894,,13.810846891034679,12.255435337213143,14.70416180990933,2.884667826242982,20.59377188851597,0.04009485798228302,0.08723419042934757,unvalidated_no_exact_total_intrinsic_sd,not_represented_by_candidate,4.980483668312242,3
N1_histgb,sleeper:5012,sleeper:player:5012,Mark Andrews,TE,43.85140132871686,43.85140132871686,,56.056074594280986,56.056074594280986,,34.105857483693015,45.55641708356764,43.86096135870381,3.924532481738556,61.90449020401668,0.2741114084763752,0.5376590783143427,unvalidated_no_exact_total_intrinsic_sd,not_represented_by_candidate,14.915911554288698,14
N1_histgb,sleeper:5022,sleeper:player:5022,Dallas Goedert,TE,57.556505232391316,57.556505232391316,,54.81518316580504,54.81518316580504,,45.813798816396556,44.33966352498054,50.42544548222335,6.906322097138634,70.9771358907355,0.26782334129149793,0.5151198956536431,unvalidated_no_exact_total_intrinsic_sd,not_represented_by_candidate,7.46047217152946,13
N1_histgb,sleeper:5045,sleeper:player:5045,Courtland Sutton,WR,61.20026710535612,61.20026710535612,,67.71512688864489,67.71512688864489,,51.02110303590669,57.967091939181934,60.289426332754495,1.4867136544617452,85.24916150657964,0.24383925543040383,0.5146196700897807,unvalidated_no_exact_total_intrinsic_sd,not_represented_by_candidate,36.343094859764506,16
N1_histgb,sleeper:5127,sleeper:player:5127,Kyle Allen,QB,35.21759441314214,35.21759441314214,,29.883369701204707,29.883369701204707,,26.791214394139487,23.052936441747704,28.213509503502927,6.11678565585585,39.428278814181276,0.05296472267656603,0.14843162397328463,unvalidated_no_exact_total_intrinsic_sd,not_represented_by_candidate,7.085409117937953,11
N1_histgb,sleeper:5844,sleeper:player:5844,T.J. Hockenson,TE,41.39874389592321,41.39874389592321,,39.63043458964136,39.63043458964136,,30.73524061650585,30.56899509446922,34.20977953693932,4.038855568275963,48.21105347978398,0.15740197983008594,0.33166908624113334,unvalidated_no_exact_total_intrinsic_sd,not_represented_by_candidate,41.299247898117684,29
N1_histgb,sleeper:5846,sleeper:player:5846,DK Metcalf,WR,63.68167873838923,63.68167873838923,,62.58989595256257,62.58989595256257,,52.88314925102156,54.288169285216945,59.657547299682946,5.72747455479908,84.17387917193756,0.23943889618846145,0.537726393188187,unvalidated_no_exact_total_intrinsic_sd,not_represented_by_candidate,35.67650662912868,10
N1_histgb,sleeper:5848,sleeper:player:5848,Marquise Brown,WR,33.19942049442673,33.19942049442673,,32.511694500787264,32.511694500787264,,24.52391145727984,26.2617176586894,28.187651428533652,1.871233730284775,39.81941574709096,0.04702907948367156,0.12092404085169577,unvalidated_no_exact_total_intrinsic_sd,not_represented_by_candidate,3.377646058335529,12
N1_histgb,sleeper:5849,sleeper:player:5849,Kyler Murray,QB,106.4032403784424,106.4032403784424,,100.56024829089581,100.56024829089581,,94.43132743988737,89.98957632744202,103.29570602984971,15.249159427327399,145.2840972204811,0.49197400960056287,0.9579767332269455,unvalidated_no_exact_total_intrinsic_sd,not_represented_by_candidate,46.02585293545235,16
N1_histgb,sleeper:5850,sleeper:player:5850,Josh Jacobs,RB,66.53574131683176,66.53574131683176,,48.19411604057191,48.19411604057191,,55.21862794990312,40.13523260723021,55.17100160568402,17.938128198693832,75.93353931614148,0.14127387838038,0.30794876869130317,unvalidated_no_exact_total_intrinsic_sd,not_represented_by_candidate,24.83644248255736,30
N1_histgb,sleeper:5854,sleeper:player:5854,Drew Lock,QB,28.24961593802201,28.24961593802201,,31.749731773350867,31.749731773350867,,20.578370282019268,26.055005658798464,25.696837978159547,1.3331268487655095,36.31635632819827,0.03666178937142319,0.10104605339843103,unvalidated_no_exact_total_intrinsic_sd,not_represented_by_candidate,5.603306424865947,9
N1_histgb,sleeper:5857,sleeper:player:5857,Noah Fant,TE,28.483067612992787,28.483067612992787,,22.504084905631228,22.504084905631228,,20.109857894345755,16.253589796181917,20.738534098687452,5.3501605824524585,28.836597837935322,0.054773640900720864,0.1344147737248682,unvalidated_no_exact_total_intrinsic_sd,not_represented_by_candidate,16.12533859406546,19
N1_histgb,sleeper:5859,sleeper:player:5859,A.J. Brown,WR,60.527421897959826,60.527421897959826,,68.7596162230108,68.7596162230108,,54.63288466746957,61.86015514411139,64.45179307334305,1.7439898757286585,91.1319140589696,0.39143757377504385,0.7459000869579575,unvalidated_no_exact_total_intrinsic_sd,not_represented_by_candidate,27.949916304995497,10
N1_histgb,sleeper:5870,sleeper:player:5870,Daniel Jones,QB,108.82599158513278,108.82599158513278,,109.4544009092957,109.4544009092957,,98.11222543510652,98.97860114177821,109.85792238995595,11.88335229490579,154.90743094477529,0.6323537066673596,1.0797716370957167,unvalidated_no_exact_total_intrinsic_sd,not_represented_by_candidate,36.841069648019186,8
N1_histgb,sleeper:5872,sleeper:player:5872,Deebo Samuel,WR,47.843311858896854,47.843311858896854,,48.261047548988834,48.261047548988834,,36.25456960279094,39.73087465768841,42.11482556165725,2.1108272221924196,59.52194110255217,0.12392285547079503,0.28053114413739205,unvalidated_no_exact_total_intrinsic_sd,not_represented_by_candidate,11.788525658585101,11
N1_histgb,sleeper:5892,sleeper:player:5892,David Montgomery,RB,62.57180733441136,62.57180733441136,,71.94850146230901,71.94850146230901,,51.788343192932864,63.50636089037527,63.58498164745509,1.8632540293031923,89.90343745728906,0.24543516123457143,0.5438684271482818,unvalidated_no_exact_total_intrinsic_sd,not_represented_by_candidate,18.67013824232069,4
N1_histgb,sleeper:5906,sleeper:player:5906,Dawson Knox,TE,27.833164135354448,27.833164135354448,,26.6457837387623,26.6457837387623,,17.41001012647227,20.200310818135584,20.784654006422695,0.20378404139847106,29.393233173604386,0.08059205662422803,0.17808066113194543,unvalidated_no_exact_total_intrinsic_sd,not_represented_by_candidate,15.225424480886929,18
N1_histgb,sleeper:5927,sleeper:player:5927,Terry McLaurin,WR,71.14341968436507,71.14341968436507,,55.82388113674813,55.82388113674813,,60.060445587711875,46.80770935896961,61.236745095386155,17.23280873769955,84.86994876141063,0.23453175516881905,0.4895803165834146,unvalidated_no_exact_total_intrinsic_sd,not_represented_by_candidate,22.756385167429613,6
N1_histgb,sleeper:5947,sleeper:player:5947,Jakobi Meyers,WR,55.12265841178873,55.12265841178873,,39.82277109675217,39.82277109675217,,43.7423090057243,31.732956395538437,43.68150764163906,14.253901659089134,60.10802365064217,0.16767532056408707,0.34638154291526047,unvalidated_no_exact_total_intrinsic_sd,not_represented_by_candidate,9.358391854731323,10
N1_histgb,sleeper:5967,sleeper:player:5967,Tony Pollard,RB,57.35579592138493,57.35579592138493,,60.49816488559842,60.49816488559842,,46.821321425551545,51.52469447786233,54.49504330909259,2.5715314514632794,77.02471497197433,0.19883154060944555,0.41915736713204244,unvalidated_no_exact_total_intrinsic_sd,not_represented_by_candidate,44.56166927346786,11
N1_histgb,sleeper:5973,sleeper:player:5973,Josh Oliver,TE,22.99883881914432,22.99883881914432,,22.734495444469566,22.734495444469566,,15.118375386157174,16.557762424724842,17.557089205526903,0.8876357263699006,24.813602430097294,0.04990851171972621,0.13063552838557105,unvalidated_no_exact_total_intrinsic_sd,not_represented_by_candidate,9.580608519802297,18
N1_histgb,sleeper:5995,sleeper:player:5995,Justice Hill,RB,27.130348523206607,27.130348523206607,,19.78011747514357,19.78011747514357,,19.947243782442573,15.178979923918936,20.19277948812249,5.988344220044757,27.921970210107617,0.04225874580606856,0.09069003261031128,unvalidated_no_exact_total_intrinsic_sd,not_represented_by_candidate,23.667313386642356,24
N1_histgb,sleeper:6001,sleeper:player:6001,Drew Sample,TE,16.79530681657204,16.79530681657204,,14.388001109405076,14.388001109405076,,10.348007230348436,10.118430276481865,11.437245261145886,1.4852402710380241,16.106372020554318,0.029700889962968036,0.07404532567885634,unvalidated_no_exact_total_intrinsic_sd,not_represented_by_candidate,4.038962573208046,7
N1_histgb,sleeper:6039,sleeper:player:6039,Ty Johnson,RB,30.46331448358051,30.46331448358051,,27.60222141781006,27.60222141781006,,22.174562819701947,21.956044642574433,24.63541806027019,2.9851361424866276,34.71162065100668,0.050336213215049636,0.12016471514677303,unvalidated_no_exact_total_intrinsic_sd,not_represented_by_candidate,16.63280568639418,26
N1_histgb,sleeper:6136,sleeper:player:6136,Jarrett Stidham,QB,29.115372057938764,29.115372057938764,,32.515442952317436,32.515442952317436,,21.041900101617436,26.450894049110914,26.17473578357133,1.225155864107812,36.99638603685745,0.05755012923279423,0.1434592754314929,unvalidated_no_exact_total_intrinsic_sd,not_represented_by_candidate,5.452841825346502,9
N1_histgb,sleeper:6271,sleeper:player:6271,Olamide Zaccheaus,WR,30.320177310600556,30.320177310600556,,20.71568051984454,20.71568051984454,,22.738820228619197,15.974604730431603,22.511801450219046,7.786345276589486,30.86964911206315,0.032017951738073154,0.0780356460367567,unvalidated_no_exact_total_intrinsic_sd,not_represented_by_candidate,16.120964608344842,22
N1_histgb,sleeper:6768,sleeper:player:6768,Tua Tagovailoa,QB,72.13665945779124,72.13665945779124,,54.24547708012445,54.24547708012445,,58.488515214341895,45.30648310899953,59.52407345602878,16.981303885938452,82.44917197844276,0.22311459895770208,0.5055527868219633,unvalidated_no_exact_total_intrinsic_sd,not_represented_by_candidate,59.95997637630097,25
N1_histgb,sleeper:6770,sleeper:player:6770,Joe Burrow,QB,95.86646315824329,95.86646315824329,,110.93963319679611,110.93963319679611,,90.06186361455238,102.89689656622687,106.7107348504053,2.209576303270623,150.89559184146844,0.7795718654566965,1.2431989890238544,unvalidated_no_exact_total_intrinsic_sd,not_represented_by_candidate,89.3410479563646,12
N1_histgb,sleeper:6783,sleeper:player:6783,Jerry Jeudy,WR,52.3128356101179,52.3128356101179,,50.08454183280464,50.08454183280464,,40.926248294846445,41.39491062985792,45.87629979138589,4.879488120547137,64.69513398069182,0.18549808860042247,0.4158188379471305,unvalidated_no_exact_total_intrinsic_sd,not_represented_by_candidate,19.00465473290275,16
N1_histgb,sleeper:6786,sleeper:player:6786,CeeDee Lamb,WR,64.1805630053017,64.1805630053017,,67.47665695422467,67.47665695422467,,59.26129460032294,64.43927528191865,68.59254913015961,3.814724019088274,96.92947680146072,0.4411487544450345,0.7943426106955613,unvalidated_no_exact_total_intrinsic_sd,not_represented_by_candidate,37.49159093105715,14
N1_histgb,sleeper:6790,sleeper:player:6790,D'Andre Swift,RB,72.94723930116609,72.94723930116609,,81.92394681588199,81.92394681588199,,64.75580291427497,73.72121167679234,76.59424156735075,1.7788570406512676,108.30600791361618,0.30145938650889226,0.6286229759776842,unvalidated_no_exact_total_intrinsic_sd,not_represented_by_candidate,30.056056421950643,9
N1_histgb,sleeper:6794,sleeper:player:6794,Justin Jefferson,WR,61.44746430621341,61.44746430621341,,68.25863685728139,68.25863685728139,,55.94691810777908,64.23282484847397,66.44688974664585,1.1466644385897808,93.96309634463465,0.4220165478306071,0.7818533765419446,unvalidated_no_exact_total_intrinsic_sd,not_represented_by_candidate,20.354150403785184,2
N1_histgb,sleeper:6797,sleeper:player:6797,Justin Herbert,QB,85.36249031739032,85.36249031739032,,105.73993000279857,105.73993000279857,,78.41443167295287,98.3465323795227,97.42376630533994,4.4031027221952,137.7076365662151,0.7666217509976225,1.2294107695782734,unvalidated_no_exact_total_intrinsic_sd,not_represented_by_candidate,42.062592224362334,6
N1_histgb,sleeper:6801,sleeper:player:6801,Tee Higgins,WR,57.969575036350584,57.969575036350584,,75.81895545768654,75.81895545768654,,52.000256807681666,69.39332381164759,66.83820481148071,5.936458167385965,94.33689474044479,0.40248847802843246,0.7511325436368046,unvalidated_no_exact_total_intrinsic_sd,not_represented_by_candidate,25.905991107021975,6
N1_histgb,sleeper:6804,sleeper:player:6804,Jordan Love,QB,93.06664233449948,93.06664233449948,,97.99912341302422,97.99912341302422,,83.7016750943034,87.95058314554129,95.39230167556323,7.6021275075043135,134.69072015281145,0.6763222867332692,1.1288922667849,unvalidated_no_exact_total_intrinsic_sd,not_represented_by_candidate,29.616374826533388,6
N1_histgb,sleeper:6806,sleeper:player:6806,J.K. Dobbins,RB,64.21389716310743,64.21389716310743,,68.34119927008925,68.34119927008925,,52.8897124410797,58.35341218650762,61.63245257110736,2.795915270165999,87.11659587966949,0.206295281560438,0.45126854096891433,unvalidated_no_exact_total_intrinsic_sd,not_represented_by_candidate,53.0936583791198,23
N1_histgb,sleeper:6813,sleeper:player:6813,Jonathan Taylor,RB,80.61047231859239,80.61047231859239,,89.04908527604093,89.04908527604093,,74.96156853819214,78.74620242412006,85.4215472132015,6.823202006036581,120.61146450889005,0.40066387625669914,0.693932298896387,unvalidated_no_exact_total_intrinsic_sd,not_represented_by_candidate,63.44398104911261,11
N1_histgb,sleeper:6819,sleeper:player:6819,Michael Pittman,WR,53.06262999755696,53.06262999755696,,61.24049142694108,61.24049142694108,,44.37825507821796,52.608076756357484,53.55018592664938,0.2878186399830156,75.73085227295354,0.23489824518753302,0.529567385077691,unvalidated_no_exact_total_intrinsic_sd,not_represented_by_candidate,44.30448273103755,18
N1_histgb,sleeper:6826,sleeper:player:6826,Cole Kmet,TE,32.73140672394329,32.73140672394329,,36.87327594051101,36.87327594051101,,22.62376556276731,29.313473095142836,28.606817308265832,1.9487835828884847,40.40918503959291,0.10643460834398173,0.25717257983172365,unvalidated_no_exact_total_intrinsic_sd,not_represented_by_candidate,20.284552046210457,8
N1_histgb,sleeper:6847,sleeper:player:6847,Devin Duvernay,WR,20.84026603189109,20.84026603189109,,19.799691670414116,19.799691670414116,,14.4056507616064,15.756297687958007,16.719119424614753,0.860878067815781,23.6287282269151,0.035321633396033975,0.08131461479433705,unvalidated_no_exact_total_intrinsic_sd,not_represented_by_candidate,3.9448014828632196,0
N1_histgb,sleeper:6865,sleeper:player:6865,Colby Parkinson,TE,36.854526693724026,36.854526693724026,,41.138038848148675,41.138038848148675,,25.92452673705179,32.52927368001104,32.21709797258792,1.4665525073139527,45.53824796030199,0.1372996702172175,0.31928866858562327,unvalidated_no_exact_total_intrinsic_sd,not_represented_by_candidate,22.72894473390147,7
N1_histgb,sleeper:6869,sleeper:player:6869,Adam Trautman,TE,19.058606048180547,19.058606048180547,,20.020705499912026,20.020705499912026,,11.380597006086843,14.713082388392715,14.372819542131104,0.9566945704399199,20.303709480787553,0.04625970460501879,0.11881607180512724,unvalidated_no_exact_total_intrinsic_sd,not_represented_by_candidate,5.970566142796461,8
N1_histgb,sleeper:6904,sleeper:player:6904,Jalen Hurts,QB,94.60485450880495,94.60485450880495,,98.32998012961518,98.32998012961518,,87.37738682826266,94.10270565198175,100.69101527969362,6.2815739704664395,142.25998363758006,0.7793139391599325,1.2596552706696957,unvalidated_no_exact_total_intrinsic_sd,not_represented_by_candidate,84.72639532318442,6
N1_histgb,sleeper:7002,sleeper:player:7002,Juwan Johnson,TE,40.089663448206444,40.089663448206444,,51.54568723655153,51.54568723655153,,29.740050752869514,42.61505556271108,39.83736685298573,5.510334504119662,56.06842078399784,0.23429055433390328,0.49710890161344035,unvalidated_no_exact_total_intrinsic_sd,not_represented_by_candidate,31.635576329275267,18
N1_histgb,sleeper:7021,sleeper:player:7021,Rico Dowdle,RB,64.48290078207219,64.48290078207219,,61.16410732899446,61.16410732899446,,55.01094346454359,52.137951605195376,60.04528590070995,9.089631910108388,84.42897197961571,0.23734704769215859,0.48666907866328035,unvalidated_no_exact_total_intrinsic_sd,not_represented_by_candidate,39.45488137626592,10
N1_histgb,sleeper:7049,sleeper:player:7049,Jauan Jennings,WR,44.81103176590771,44.81103176590771,,43.149417381568426,43.149417381568426,,33.510587036224294,34.828953537037094,38.00738104472507,3.3200800502813514,53.64791791129994,0.12625713917511033,0.2837577262132778,unvalidated_no_exact_total_intrinsic_sd,not_represented_by_candidate,16.548491445848967,18
N1_histgb,sleeper:7083,sleeper:player:7083,Tyler Huntley,QB,46.49504911251445,46.49504911251445,,41.78977918459029,41.78977918459029,,36.11029791268708,33.615918444602826,39.140633561721806,6.40625214955848,54.98125430200956,0.05993621981303248,0.16473328342019253,unvalidated_no_exact_total_intrinsic_sd,not_represented_by_candidate,5.209423151814647,11
N1_histgb,sleeper:7090,sleeper:player:7090,Darnell Mooney,WR,34.26722376057003,34.26722376057003,,24.97543288974469,24.97543288974469,,25.88545847374784,20.140588393949553,26.379243586632207,7.451064588057113,36.55421481731421,0.05300667006718691,0.11741847973556821,unvalidated_no_exact_total_intrinsic_sd,not_represented_by_candidate,17.27793043132852,19
N1_histgb,sleeper:7523,sleeper:player:7523,Trevor Lawrence,QB,104.98354425323794,104.98354425323794,,91.7042636007525,91.7042636007525,,95.70438707013093,85.1512780906826,101.99287912581958,19.826930589093124,142.87052743012947,0.787852945649674,1.2251855970243106,unvalidated_no_exact_total_intrinsic_sd,not_represented_by_candidate,45.40944488203763,5
N1_histgb,sleeper:7525,sleeper:player:7525,DeVonta Smith,WR,60.37505446981207,60.37505446981207,,73.64949437723796,73.64949437723796,,53.68960826969042,67.59367012669937,66.84052895270034,3.200259637303432,94.47259369577714,0.34583529657770995,0.724343053889249,unvalidated_no_exact_total_intrinsic_sd,not_represented_by_candidate,14.625228128054658,9
N1_histgb,sleeper:7526,sleeper:player:7526,Jaylen Waddle,WR,66.90033759391704,66.90033759391704,,74.31685869188723,74.31685869188723,,58.66216126546458,65.61097658615317,68.79996479648214,2.4589064921492394,97.26676765914056,0.3159929094593053,0.6511230026696424,unvalidated_no_exact_total_intrinsic_sd,not_represented_by_candidate,26.098739907726497,9
N1_histgb,sleeper:7527,sleeper:player:7527,Mac Jones,QB,82.37858844174127,82.37858844174127,,78.82796591804441,78.82796591804441,,67.09063831411622,66.30681014111804,74.47907522085723,9.120372240041014,104.93371289395657,0.1935448516978147,0.42803479445267745,unvalidated_no_exact_total_intrinsic_sd,not_represented_by_candidate,27.67103104686548,72
N1_histgb,sleeper:7528,sleeper:player:7528,Najee Harris,RB,38.14001193420755,38.14001193420755,,24.591936763726245,24.591936763726245,,28.400561000401357,19.47871544567742,27.94319987877221,10.067104940839217,38.21384875984309,0.0669415439877972,0.1425920603624437,unvalidated_no_exact_total_intrinsic_sd,not_represented_by_candidate,10.253310724873039,14
N1_histgb,sleeper:7543,sleeper:player:7543,Travis Etienne,RB,76.96201189541112,76.96201189541112,,84.37914678386991,84.37914678386991,,68.66013605035108,76.42837030635177,80.34433849589058,3.1416180964592755,113.58061318913755,0.28432402878594915,0.6098041744577843,unvalidated_no_exact_total_intrinsic_sd,not_represented_by_candidate,31.734504459456616,12
N1_histgb,sleeper:7547,sleeper:player:7547,Amon-Ra St. Brown,WR,66.54095618603532,66.54095618603532,,52.952089760233434,52.952089760233434,,62.651313791362305,49.39016345473595,64.10400615154205,17.56922362661124,88.93800981870467,0.47315216507998875,0.81078360811236,unvalidated_no_exact_total_intrinsic_sd,not_represented_by_candidate,76.68012053742137,12
N1_histgb,sleeper:7553,sleeper:player:7553,Kyle Pitts,TE,43.655686076098746,43.655686076098746,,51.26768618239082,51.26768618239082,,39.28865219653891,45.66496285623971,46.94447248618333,0.4024187034248854,66.38829003069127,0.43454935469977957,0.7795572709680512,unvalidated_no_exact_total_intrinsic_sd,not_represented_by_candidate,25.086330576251726,21
N1_histgb,sleeper:7564,sleeper:player:7564,Ja'Marr Chase,WR,48.948919114752364,48.948919114752364,,54.485020054761364,54.485020054761364,,46.03286649633951,51.902289491917706,54.19594752985928,1.6285323639780387,76.62734067979912,0.564090758644398,0.8422108855264312,unvalidated_no_exact_total_intrinsic_sd,not_represented_by_candidate,94.11667512613514,11
N1_histgb,sleeper:7569,sleeper:player:7569,Nico Collins,WR,56.68753771316171,56.68753771316171,,78.97338019081135,78.97338019081135,,52.42974514903362,72.65680931081039,68.86030575407736,7.929261350381921,97.05982810373908,0.42169309805941985,0.7700928709144269,unvalidated_no_exact_total_intrinsic_sd,not_represented_by_candidate,21.39786774052874,5
N1_histgb,sleeper:7571,sleeper:player:7571,Rashod Bateman,WR,49.0996304094368,49.0996304094368,,50.57776731291487,50.57776731291487,,38.0214067899295,41.845286225130565,44.2550937974527,2.084976473783243,62.551415069096905,0.13552188749094832,0.3220548719764767,unvalidated_no_exact_total_intrinsic_sd,not_represented_by_candidate,17.75517301694849,15
N1_histgb,sleeper:7585,sleeper:player:7585,Davis Mills,QB,43.05118977386137,43.05118977386137,,41.70380691111552,41.70380691111552,,31.585605342591336,33.09310886937046,35.95107255275609,2.937993383082482,50.75753569932279,0.07482419996068772,0.1898214948642934,unvalidated_no_exact_total_intrinsic_sd,not_represented_by_candidate,5.68073030618031,13
N1_histgb,sleeper:7587,sleeper:player:7587,Dyami Brown,WR,33.78233175173411,33.78233175173411,,30.554541788006325,30.554541788006325,,24.829319564701322,25.33622257455722,27.937540121559813,2.799500819878535,39.41034244011371,0.042918419937198866,0.10629779235558912,unvalidated_no_exact_total_intrinsic_sd,not_represented_by_candidate,11.297899273909692,15
N1_histgb,sleeper:7588,sleeper:player:7588,Javonte Williams,RB,68.02933930049801,68.02933930049801,,88.92965771193974,88.92965771193974,,61.91256105875504,79.25664895462975,77.77213441789854,4.637251969778212,109.88860576966178,0.40466696175858424,0.7028509252421027,unvalidated_no_exact_total_intrinsic_sd,not_represented_by_candidate,39.93018263559463,5
N1_histgb,sleeper:7591,sleeper:player:7591,Justin Fields,QB,95.77524092475684,95.77524092475684,,69.11135563631738,69.11135563631738,,79.40433719342224,58.09900729934629,79.4822435296845,25.51715384063121,109.47021938818659,0.2218457880527185,0.4399849238087183,unvalidated_no_exact_total_intrinsic_sd,not_represented_by_candidate,35.93435116044107,96
N1_histgb,sleeper:7594,sleeper:player:7594,Chuba Hubbard,RB,59.8521446661528,59.8521446661528,,56.590825436965275,56.590825436965275,,49.12210563800604,49.09408865808186,54.78625599951255,6.2833107368409955,77.22426884776928,0.23307361891348122,0.48008321010925337,unvalidated_no_exact_total_intrinsic_sd,not_represented_by_candidate,47.091710202103826,24
N1_histgb,sleeper:7600,sleeper:player:7600,Pat Freiermuth,TE,43.08409369115498,43.08409369115498,,50.881370015402034,50.881370015402034,,33.76417740594172,42.15709264225687,41.84954484352875,1.7589486389801223,59.15805022908105,0.25982349829328266,0.5518493995330884,unvalidated_no_exact_total_intrinsic_sd,not_represented_by_candidate,43.61695604134145,28
N1_histgb,sleeper:7610,sleeper:player:7610,Trey Lance,QB,50.87274793081966,50.87274793081966,,55.963921063910675,55.963921063910675,,39.866246889768284,45.57314791406749,47.24873481493954,0.959710488389284,66.81290922421681,0.09220715105478085,0.22261420224738274,unvalidated_no_exact_total_intrinsic_sd,not_represented_by_candidate,7.5980792485380135,24
N1_histgb,sleeper:7611,sleeper:player:7611,Rhamondre Stevenson,RB,60.31406057671463,60.31406057671463,,56.048049914039716,56.048049914039716,,49.15514326254353,48.00472382048805,54.30160166554794,7.098458812859391,76.46528473346461,0.1962738654120318,0.43715211600693304,unvalidated_no_exact_total_intrinsic_sd,not_represented_by_candidate,38.89865154608498,12
N1_histgb,sleeper:7694,sleeper:player:7694,Tommy Tremble,TE,34.11949918513881,34.11949918513881,,38.14098232765293,38.14098232765293,,23.456990836788787,29.59471846190278,29.235924377660545,1.4437418774542863,41.320626299995226,0.10894816404388785,0.26143607867803753,unvalidated_no_exact_total_intrinsic_sd,not_represented_by_candidate,13.078316456160856,10
N1_histgb,sleeper:7716,sleeper:player:7716,John Bates,TE,15.751482127302504,15.751482127302504,,14.838759630993033,14.838759630993033,,9.705850600171095,9.912802363888833,10.925030639967396,1.0879733022357492,15.411972718055111,0.03044167802186924,0.07929283351777197,unvalidated_no_exact_total_intrinsic_sd,not_represented_by_candidate,6.115220104185678,15
N1_histgb,sleeper:7828,sleeper:player:7828,Noah Gray,TE,27.60812617085138,27.60812617085138,,23.121050587780847,23.121050587780847,,18.143448595571872,17.11524733579518,19.767350326487808,3.0561651061240767,27.787697506348106,0.07897356163294118,0.18362896497918568,unvalidated_no_exact_total_intrinsic_sd,not_represented_by_candidate,14.984573693720488,12
N1_histgb,sleeper:7891,sleeper:player:7891,Brock Wright,TE,19.422919552604625,19.422919552604625,,15.886087472905663,15.886087472905663,,12.398066333516585,11.345264701098142,13.35091779573215,2.3414026369456895,18.735310130032502,0.03605630457506149,0.09001166864936526,unvalidated_no_exact_total_intrinsic_sd,not_represented_by_candidate,15.44111403398006,37
N1_histgb,sleeper:8110,sleeper:player:8110,Jake Ferguson,TE,45.74212039290603,45.74212039290603,,56.52923280045944,56.52923280045944,,37.880742614590446,49.51448042043776,48.13051115707676,3.5755808813644023,67.97284332616816,0.30918200310611366,0.6553958556207871,unvalidated_no_exact_total_intrinsic_sd,not_represented_by_candidate,29.106336338676442,11
N1_histgb,sleeper:8111,sleeper:player:8111,Cade Otton,TE,45.391209374684685,45.391209374684685,,37.44314549218884,37.44314549218884,,34.89301273210616,28.67667601688912,36.17917412946089,8.940162400087843,50.37795924449262,0.22512548844377575,0.449634058266706,unvalidated_no_exact_total_intrinsic_sd,not_represented_by_candidate,23.03055811589836,33
N1_histgb,sleeper:8112,sleeper:player:8112,Drake London,WR,75.22137186184314,75.22137186184314,,69.57315088591768,69.57315088591768,,71.22218234036909,65.46276051543985,76.82411379550075,13.24201051690843,107.835699461719,0.463704826778513,0.8082012839897305,unvalidated_no_exact_total_intrinsic_sd,not_represented_by_candidate,68.22952821936167,15
N1_histgb,sleeper:8117,sleeper:player:8117,Jalen Tolbert,WR,33.59965610602999,33.59965610602999,,28.31615291356053,28.31615291356053,,24.19204871870309,23.26175073556152,26.557658065731886,3.756626504454431,37.369856317340826,0.05565519154201931,0.12869703650406306,unvalidated_no_exact_total_intrinsic_sd,not_represented_by_candidate,11.781291089356273,16
N1_histgb,sleeper:8119,sleeper:player:8119,Jahan Dotson,WR,30.800774171383992,30.800774171383992,,34.26037962260913,34.26037962260913,,21.745103918367125,27.365419110158136,27.065598337785506,1.288176976477196,38.25485363770131,0.06171594091240767,0.15531135803975554,unvalidated_no_exact_total_intrinsic_sd,not_represented_by_candidate,8.742986375110227,15
N1_histgb,sleeper:8121,sleeper:player:8121,Romeo Doubs,WR,60.59103481835513,60.59103481835513,,66.74934280932872,66.74934280932872,,50.96423050707075,57.590372242253416,60.06579667036199,1.7105519859820504,84.92863987603823,0.2528135016274666,0.5516250712629691,unvalidated_no_exact_total_intrinsic_sd,not_represented_by_candidate,39.97386454390903,19
N1_histgb,sleeper:8126,sleeper:player:8126,Wan'Dale Robinson,WR,71.73431176226691,71.73431176226691,,68.27620411762946,68.27620411762946,,61.701912758365815,61.958230240978686,68.95315651151938,7.681804495503847,97.21144719371804,0.2666959823886763,0.6008891613323919,unvalidated_no_exact_total_intrinsic_sd,not_represented_by_candidate,14.288594200023311,16
N1_histgb,sleeper:8127,sleeper:player:8127,Charlie Kolar,TE,25.797004194825494,25.797004194825494,,22.94828305782519,22.94828305782519,,16.172256423379984,16.37029154296124,18.1343487900175,1.9188823200834904,25.57395359966248,0.08476265884169845,0.2015191224693887,unvalidated_no_exact_total_intrinsic_sd,not_represented_by_candidate,14.567496367499928,21
N1_histgb,sleeper:8130,sleeper:player:8130,Trey McBride,TE,37.855433426182294,37.855433426182294,,38.96139980786988,38.96139980786988,,35.07967023338121,36.30825662293624,39.71462911568736,3.5850042883025957,56.050435108445456,0.5698369483250588,0.839673717615012,unvalidated_no_exact_total_intrinsic_sd,not_represented_by_candidate,86.77405615593045,29
N1_histgb,sleeper:8131,sleeper:player:8131,Isaiah Likely,TE,48.34127004586422,48.34127004586422,,49.813284179403254,49.813284179403254,,38.32791389256351,40.570194438000414,43.824248548726594,3.2667613272236835,61.890692290134275,0.2284104939741363,0.49762597443682755,unvalidated_no_exact_total_intrinsic_sd,not_represented_by_candidate,33.9264041219175,24
N1_histgb,sleeper:8132,sleeper:player:8132,Tyler Allgeier,RB,54.66705638162691,54.66705638162691,,51.97736918300447,51.97736918300447,,43.56298968391773,42.277019760835344,48.001238081545544,6.4833944541265325,67.5736880085336,0.15346793953120272,0.34409073398280726,unvalidated_no_exact_total_intrinsic_sd,not_represented_by_candidate,21.671671088787605,15
N1_histgb,sleeper:8134,sleeper:player:8134,Khalil Shakir,WR,59.49981843715616,59.49981843715616,,60.95305555458359,60.95305555458359,,50.1413408695192,51.5355533359494,56.593989356882304,5.385702453867879,79.85457702431475,0.21408304627988026,0.5009534437616932,unvalidated_no_exact_total_intrinsic_sd,not_represented_by_candidate,44.35768941896953,16
N1_histgb,sleeper:8135,sleeper:player:8135,Treylon Burks,WR,34.25176207896609,34.25176207896609,,36.95139104317342,36.95139104317342,,25.75603765871496,30.13072963105844,30.873878661415894,0.12317985146799515,43.662084168347434,0.053457139384527536,0.1347718162014191,unvalidated_no_exact_total_intrinsic_sd,not_represented_by_candidate,12.256324694729955,8
N1_histgb,sleeper:8136,sleeper:player:8136,Rachaad White,RB,56.81119564104214,56.81119564104214,,66.19437324208752,66.19437324208752,,46.45312624545921,57.890189279821485,57.519245726141286,2.3405044460306925,81.31081906331134,0.23615930753701986,0.5032036064856393,unvalidated_no_exact_total_intrinsic_sd,not_represented_by_candidate,42.067857803060264,17
N1_histgb,sleeper:8137,sleeper:player:8137,George Pickens,WR,53.35529093554126,53.35529093554126,,65.46642857136173,65.46642857136173,,49.193724442580745,61.33685581210559,60.92916662505881,2.5012125480526493,86.13054410043992,0.4480401236149536,0.8149733638591325,unvalidated_no_exact_total_intrinsic_sd,not_represented_by_candidate,33.97948507551337,2
N1_histgb,sleeper:8138,sleeper:player:8138,James Cook,RB,67.02000011526503,67.02000011526503,,71.39178692694989,71.39178692694989,,62.017915126766226,62.38307875992737,69.35675955538863,7.643453453703771,97.78700226179882,0.4182937244900753,0.7273132236585003,unvalidated_no_exact_total_intrinsic_sd,not_represented_by_candidate,51.05236237501259,10
N1_histgb,sleeper:8142,sleeper:player:8142,Alec Pierce,WR,62.85601666922364,62.85601666922364,,70.91139730226666,70.91139730226666,,54.68896040493067,63.2837121449832,65.20320459458217,0.7631343194407094,92.20809836894142,0.2974563061595586,0.6519706768544249,unvalidated_no_exact_total_intrinsic_sd,not_represented_by_candidate,40.89667378562595,11
N1_histgb,sleeper:8144,sleeper:player:8144,Chris Olave,WR,68.91955878838793,68.91955878838793,,76.37430739409922,76.37430739409922,,64.81867194346684,72.05554574283647,75.80113680507655,3.0357393527474628,107.15600295114615,0.4362269451280222,0.8015151751296812,unvalidated_no_exact_total_intrinsic_sd,not_represented_by_candidate,49.43307247153825,16
N1_histgb,sleeper:8146,sleeper:player:8146,Garrett Wilson,WR,73.26435579205601,73.26435579205601,,84.21583481167882,84.21583481167882,,65.40745760140662,77.88558030512492,79.10453987459925,0.6759928092571172,111.86867073164836,0.38865180557647794,0.7266544842706941,unvalidated_no_exact_total_intrinsic_sd,not_represented_by_candidate,38.43199359818021,9
N1_histgb,sleeper:8148,sleeper:player:8148,Jameson Williams,WR,63.33234056571714,63.33234056571714,,72.23569944508033,72.23569944508033,,56.38464763221157,65.93906596120478,67.5770308383465,0.2859753304093857,95.56792564435028,0.36385115352249586,0.7263813595234176,unvalidated_no_exact_total_intrinsic_sd,not_represented_by_candidate,9.474355834193773,5
N1_histgb,sleeper:8150,sleeper:player:8150,Kyren Williams,RB,73.72860533914402,73.72860533914402,,84.06578576357818,84.06578576357818,,66.26383044913251,74.56752561422995,77.94191067711873,2.4492186254814996,110.19929313804377,0.3835196358708768,0.6799320797652659,unvalidated_no_exact_total_intrinsic_sd,not_represented_by_candidate,32.24015127717945,7
N1_histgb,sleeper:8151,sleeper:player:8151,Kenneth Walker,RB,62.42078848458849,62.42078848458849,,81.3973677679757,81.3973677679757,,57.067322416786524,75.47043265502383,72.98072884807357,6.020163538986161,103.03461164752326,0.4002624669712553,0.7487925230907247,unvalidated_no_exact_total_intrinsic_sd,not_represented_by_candidate,27.077063096060385,3
N1_histgb,sleeper:8154,sleeper:player:8154,Brian Robinson,RB,42.15916425420064,42.15916425420064,,39.4770313631698,39.4770313631698,,32.26957186048703,31.33735775372624,35.56660370564433,4.787895104346767,50.07037705848118,0.16433979537633409,0.3627810086719901,unvalidated_no_exact_total_intrinsic_sd,not_represented_by_candidate,27.672564655452973,33
N1_histgb,sleeper:8155,sleeper:player:8155,Breece Hall,RB,76.75698078371501,76.75698078371501,,80.28610854889659,80.28610854889659,,70.1812938996511,74.19863991603789,80.20277274524014,6.045582475366061,113.2626171540408,0.37893785785287404,0.7405950920336617,unvalidated_no_exact_total_intrinsic_sd,not_represented_by_candidate,28.164781010191064,13
N1_histgb,sleeper:8160,sleeper:player:8160,Kenny Pickett,QB,39.05440593419151,39.05440593419151,,24.26847566603868,24.26847566603868,,30.067912356143715,18.141515512811345,28.72276454768366,12.450480544715962,38.664970460728355,0.06089916418058539,0.15625234455157444,unvalidated_no_exact_total_intrinsic_sd,not_represented_by_candidate,10.419125951224999,19
N1_histgb,sleeper:8161,sleeper:player:8161,Malik Willis,QB,118.09608362097143,118.09608362097143,,110.94413299798764,110.94413299798764,,106.54988262832654,97.50887809642823,114.74179557869287,20.117235809408157,161.01756465874695,0.4227220741671503,0.8399147987501743,unvalidated_no_exact_total_intrinsic_sd,not_represented_by_candidate,26.221719503754002,10
N1_histgb,sleeper:8167,sleeper:player:8167,Christian Watson,WR,69.36586093271212,69.36586093271212,,69.88360605398167,69.88360605398167,,60.91518616765781,60.204496141886565,67.62400389859913,8.280159779996097,95.27565670502217,0.2836388712339108,0.5848847365395258,unvalidated_no_exact_total_intrinsic_sd,not_represented_by_candidate,39.25152307556269,4
N1_histgb,sleeper:8172,sleeper:player:8172,Greg Dulcich,TE,50.90045385354279,50.90045385354279,,50.94577267254818,50.94577267254818,,40.58800068593686,41.6279401208518,45.76912986858972,4.423613845730909,64.57598732036175,0.2422319853924757,0.5028156911169496,unvalidated_no_exact_total_intrinsic_sd,not_represented_by_candidate,42.115349986687704,26
N1_histgb,sleeper:8180,sleeper:player:8180,Jalen Nailor,WR,44.393099539289175,44.393099539289175,,44.38019418648922,44.38019418648922,,33.56789111157154,36.70113404806509,38.95181438921006,2.0161380951087793,55.049276794562836,0.14692673592264544,0.3415828328139926,unvalidated_no_exact_total_intrinsic_sd,not_represented_by_candidate,24.32902546678544,21
N1_histgb,sleeper:8183,sleeper:player:8183,Brock Purdy,QB,99.84359468523982,99.84359468523982,,92.41475738175758,92.41475738175758,,90.85579352351856,84.56524480572489,98.47379487964638,16.129035122854546,138.325813867127,0.5743559364349774,1.097322751343276,unvalidated_no_exact_total_intrinsic_sd,not_represented_by_candidate,24.890682756416425,3
N1_histgb,sleeper:8188,sleeper:player:8188,Tyquan Thornton,WR,44.971553817435044,44.971553817435044,,48.78722739570937,48.78722739570937,,33.32991930588824,40.02633779002479,40.483621197494145,0.5885976432879048,57.24946046329791,0.11276514851409708,0.25189706047638744,unvalidated_no_exact_total_intrinsic_sd,not_represented_by_candidate,21.59989517185135,20
N1_histgb,sleeper:8205,sleeper:player:8205,Isiah Pacheco,RB,44.34598790411153,44.34598790411153,,37.07128439919187,37.07128439919187,,34.191580972864024,30.561788396673837,36.49951627040513,6.981951710337572,51.14373594353127,0.08100278154695799,0.18311020375779385,unvalidated_no_exact_total_intrinsic_sd,not_represented_by_candidate,27.857130186856658,36
N1_histgb,sleeper:8225,sleeper:player:8225,Daniel Bellinger,TE,33.891801167275595,33.891801167275595,,36.28950032878916,36.28950032878916,,23.459664894432347,27.92000880833759,28.364591142755582,0.23149120375641274,40.1129215242914,0.11591911526429316,0.26768584301712184,unvalidated_no_exact_total_intrinsic_sd,not_represented_by_candidate,14.02498398513395,11
N1_histgb,sleeper:8228,sleeper:player:8228,Jaylen Warren,RB,65.2674699413692,65.2674699413692,,70.09235224643339,70.09235224643339,,55.485871171633654,62.13140745395592,65.11109394717104,2.2730486104054606,92.05293238137176,0.2578554118796958,0.5501664141687703,unvalidated_no_exact_total_intrinsic_sd,not_represented_by_candidate,50.46384989146628,18
N1_histgb,sleeper:827,sleeper:player:827,Tyrod Taylor,QB,38.0879221563124,38.0879221563124,,44.72004712780359,44.72004712780359,,28.846728768804063,35.71556313580035,35.59618759843012,1.284774912132299,50.32421381909921,0.058122709008891195,0.14274852764311177,unvalidated_no_exact_total_intrinsic_sd,not_represented_by_candidate,13.353815718534845,18
N1_histgb,sleeper:8408,sleeper:player:8408,Jordan Mason,RB,71.01559209434387,71.01559209434387,,55.24825620279456,55.24825620279456,,61.45617541955305,47.32858152397777,62.43455475990923,18.042848955546162,86.43264925769402,0.2558504634768776,0.5665435851156492,unvalidated_no_exact_total_intrinsic_sd,not_represented_by_candidate,39.01682131101012,17
N1_histgb,sleeper:8676,sleeper:player:8676,Rashid Shaheed,WR,46.969921769178136,46.969921769178136,,43.80604729696308,43.80604729696308,,36.129919269952495,35.243428456369294,39.89378606748575,5.247054319732808,56.17380843918643,0.19058277445183702,0.4059378310292403,unvalidated_no_exact_total_intrinsic_sd,not_represented_by_candidate,14.458492229265545,14
N1_histgb,sleeper:8698,sleeper:player:8698,Jake Tonges,TE,38.473742642267275,38.473742642267275,,31.034565789903372,31.034565789903372,,27.776621158932553,23.3453525371564,29.016106095936543,6.743110776997174,40.477145193188164,0.09685016196636184,0.21283334201231754,unvalidated_no_exact_total_intrinsic_sd,not_represented_by_candidate,18.878812625975733,24
N1_histgb,sleeper:8800,sleeper:player:8800,Malik Davis,RB,29.74546581528873,29.74546581528873,,22.54642509409581,22.54642509409581,,22.175436505253767,17.73251473837329,22.791009061833535,6.0373791309910025,31.660862927940403,0.037882515772943416,0.09408561155505972,unvalidated_no_exact_total_intrinsic_sd,not_represented_by_candidate,16.765847934504123,30
N1_histgb,sleeper:8917,sleeper:player:8917,KaVontae Turpin,WR,27.460180497392955,27.460180497392955,,25.365588929065876,25.365588929065876,,18.876687152711938,19.102021228524944,21.164152214009555,2.2439737421958768,29.846394417414416,0.05593233434731318,0.13316173307665585,unvalidated_no_exact_total_intrinsic_sd,not_represented_by_candidate,13.031905594513503,24
N1_histgb,sleeper:9221,sleeper:player:9221,Jahmyr Gibbs,RB,56.13162583883467,56.13162583883467,,78.83606348123888,78.83606348123888,,52.153716012496325,72.89202957094822,68.8386224701419,8.333832754388212,96.99514997563196,0.5321328866215046,0.8086665462338101,unvalidated_no_exact_total_intrinsic_sd,not_represented_by_candidate,91.76556814799255,12
N1_histgb,sleeper:9224,sleeper:player:9224,Chase Brown,RB,70.03507580745782,70.03507580745782,,88.42729494564027,88.42729494564027,,63.89544939055847,81.46038173185872,80.0851102905312,4.54399381929322,113.16625778324261,0.4194508398075038,0.7280958288688596,unvalidated_no_exact_total_intrinsic_sd,not_represented_by_candidate,26.450704083486585,5
N1_histgb,sleeper:9225,sleeper:player:9225,Tank Bigsby,RB,44.01629206483659,44.01629206483659,,40.310105694340265,40.310105694340265,,34.13996925018168,31.737317146345877,36.985070634185135,6.088762224419533,51.94918550088932,0.1114114655967659,0.2773634507179415,unvalidated_no_exact_total_intrinsic_sd,not_represented_by_candidate,20.70005679486733,18
N1_histgb,sleeper:9226,sleeper:player:9226,De'Von Achane,RB,87.45656637054303,87.45656637054303,,77.41358583199434,77.41358583199434,,81.8086468845931,69.14867480478748,85.62380735330034,19.577432305445193,119.49726739836308,0.4177505889954193,0.7366157282455985,unvalidated_no_exact_total_intrinsic_sd,not_represented_by_candidate,31.42685508166869,4
N1_histgb,sleeper:9228,sleeper:player:9228,Bryce Young,QB,118.60811213485158,118.60811213485158,,107.13438250074005,107.13438250074005,,106.96422324432262,97.68906946314517,115.09977405339406,20.339237070551846,161.4999424447966,0.4451617042303363,0.9372605903073866,unvalidated_no_exact_total_intrinsic_sd,not_represented_by_candidate,49.646956137878306,10
N1_histgb,sleeper:9230,sleeper:player:9230,Tanner McKee,QB,49.22732005355567,49.22732005355567,,47.759160761973156,47.759160761973156,,37.89026369298452,38.488504151380546,42.55061507362995,4.398779889664397,60.01466838840928,0.07443410515590435,0.198571292377821,unvalidated_no_exact_total_intrinsic_sd,not_represented_by_candidate,8.954120981633718,27
N1_histgb,sleeper:9479,sleeper:player:9479,Darnell Washington,TE,40.910772400167296,40.910772400167296,,47.37863251462408,47.37863251462408,,30.301085335949846,38.27868950694339,37.79208139614935,1.9004306332092256,53.41227570432396,0.13664018095561636,0.3333069067134156,unvalidated_no_exact_total_intrinsic_sd,not_represented_by_candidate,22.469600456066814,20
N1_histgb,sleeper:9480,sleeper:player:9480,Brenton Strange,TE,52.55842472338513,52.55842472338513,,55.09887635959507,55.09887635959507,,43.21744346537252,46.38110448896445,49.72314283461213,3.2244789522898216,70.24517493884346,0.29414928652305483,0.6039995265597415,unvalidated_no_exact_total_intrinsic_sd,not_represented_by_candidate,31.73129871443797,18
N1_histgb,sleeper:9481,sleeper:player:9481,Luke Musgrave,TE,28.40372327716186,28.40372327716186,,33.73996011801207,33.73996011801207,,18.85915612365937,26.968788098406957,25.23159164161375,3.454666695988557,35.51523210620949,0.07388900560073586,0.16896768649376503,unvalidated_no_exact_total_intrinsic_sd,not_represented_by_candidate,8.497586330390398,10
N1_histgb,sleeper:9482,sleeper:player:9482,Michael Mayer,TE,42.09352091778195,42.09352091778195,,45.49938411379707,45.49938411379707,,31.639653308823316,36.42903899535861,37.629945098591776,0.5737246383532266,53.21368598664641,0.15747132182098458,0.3713763258557027,unvalidated_no_exact_total_intrinsic_sd,not_represented_by_candidate,17.72019820294902,7
N1_histgb,sleeper:9484,sleeper:player:9484,Tucker Kraft,TE,48.956670655318405,48.956670655318405,,50.55001923216656,50.55001923216656,,41.478876009523816,43.06448349711843,47.02282157766692,4.142955281427181,66.37113393476331,0.3564729158457166,0.6827899446345259,unvalidated_no_exact_total_intrinsic_sd,not_represented_by_candidate,16.90536242218056,19
N1_histgb,sleeper:9486,sleeper:player:9486,Dontayvion Wicks,WR,53.38968413919502,53.38968413919502,,55.90266691335097,55.90266691335097,,41.99257293315174,47.432397130175715,49.481974616233416,1.4237800666270246,69.96359391973093,0.12231673705919507,0.29859871736385857,unvalidated_no_exact_total_intrinsic_sd,not_represented_by_candidate,22.88766852864481,33
N1_histgb,sleeper:9487,sleeper:player:9487,Parker Washington,WR,72.29784100959688,72.29784100959688,,71.53244372864015,71.53244372864015,,64.59965293920357,64.86925691535986,72.19202657043881,8.04166687697554,101.77774311967052,0.316109589480237,0.6869937187178471,unvalidated_no_exact_total_intrinsic_sd,not_represented_by_candidate,31.711325826929993,10
N1_histgb,sleeper:9488,sleeper:player:9488,Jaxon Smith-Njigba,WR,57.781684268798266,57.781684268798266,,50.53635149533979,50.53635149533979,,54.691595350091255,47.717400444461425,57.87661920103956,12.01203422645419,80.96367786870094,0.5444301196270508,0.8335205267125684,unvalidated_no_exact_total_intrinsic_sd,not_represented_by_candidate,87.15468569846712,11
N1_histgb,sleeper:9493,sleeper:player:9493,Puka Nacua,WR,66.71448405674793,66.71448405674793,,60.621984114451216,60.621984114451216,,63.45834232937034,56.087373673141016,67.46557148466594,13.416463501120404,94.46271845880916,0.5429660034240201,0.8277225200498037,unvalidated_no_exact_total_intrinsic_sd,not_represented_by_candidate,83.3114249230382,14
N1_histgb,sleeper:9500,sleeper:player:9500,Josh Downs,WR,65.18085852674152,65.18085852674152,,74.4492779096764,74.4492779096764,,56.69948905748777,66.60286026759569,68.10510324016832,0.07399915552672098,96.31513224220248,0.28342629297289373,0.6255033595992587,unvalidated_no_exact_total_intrinsic_sd,not_represented_by_candidate,39.67454839572969,24
N1_histgb,sleeper:9501,sleeper:player:9501,DeMario Douglas,WR,50.04535082409926,50.04535082409926,,52.175332462485386,52.175332462485386,,38.75342759493824,42.91513434956073,45.237753260631166,1.9342288881398773,63.94659802325513,0.13716664953961702,0.32650914812001475,unvalidated_no_exact_total_intrinsic_sd,not_represented_by_candidate,24.937409934866942,34
N1_histgb,sleeper:9502,sleeper:player:9502,Tank Dell,WR,22.45470936697218,22.45470936697218,,24.946589161788435,24.946589161788435,,16.001920447259547,20.2025191144461,19.951364933375665,0.9946876800166926,28.19795244035792,0.027036111638446172,0.0734038551544794,unvalidated_no_exact_total_intrinsic_sd,not_represented_by_candidate,15.384119298207544,36
N1_histgb,sleeper:9504,sleeper:player:9504,Kayshon Boutte,WR,56.21090347209754,56.21090347209754,,67.96042217900029,67.96042217900029,,45.01151554303404,58.061371748371286,56.77639132358512,3.6895528766193237,80.20912929977717,0.17628134713910576,0.4124633419136562,unvalidated_no_exact_total_intrinsic_sd,not_represented_by_candidate,15.62113005657757,14
N1_histgb,sleeper:9506,sleeper:player:9506,Sean Tucker,RB,50.19069029575068,50.19069029575068,,47.66503765017794,47.66503765017794,,38.99099831573751,39.36412466781182,43.67243825901799,4.701768495882842,61.58292864087092,0.15128121271173886,0.336622783611764,unvalidated_no_exact_total_intrinsic_sd,not_represented_by_candidate,33.59482275836935,31
N1_histgb,sleeper:9508,sleeper:player:9508,Tyjae Spears,RB,66.79210343852615,66.79210343852615,,58.501212917394305,58.501212917394305,,56.469929993477955,49.878283877840424,60.02179594578329,11.962380392716554,84.03650059619596,0.17165190033571687,0.3912512418309736,unvalidated_no_exact_total_intrinsic_sd,not_represented_by_candidate,35.09938630348756,19
N1_histgb,sleeper:9509,sleeper:player:9509,Bijan Robinson,RB,59.591794135495185,59.591794135495185,,84.86992656433232,84.86992656433232,,55.49931986790394,79.03160589382826,74.0666886464466,9.925913370572559,104.27475714600926,0.5308428085453087,0.7971073126145294,unvalidated_no_exact_total_intrinsic_sd,not_represented_by_candidate,93.96755551621106,12
N1_histgb,sleeper:9511,sleeper:player:9511,Keaton Mitchell,RB,45.88171730414885,45.88171730414885,,39.810035310128136,39.810035310128136,,36.21088645796436,33.187591077956654,39.016773142087025,6.801218935446023,54.75728804309338,0.09933630773357692,0.24439585155276505,unvalidated_no_exact_total_intrinsic_sd,not_represented_by_candidate,33.15411035760756,37
N1_histgb,sleeper:96,sleeper:player:96,Aaron Rodgers,QB,68.34905254304608,68.34905254304608,,37.064751551592124,37.064751551592124,,55.08525058254447,29.36391457160397,51.404644128246495,25.607034717178927,68.03789127314667,0.08834340206468587,0.18440848141007246,unvalidated_no_exact_total_intrinsic_sd,not_represented_by_candidate,61.37773793425825,22
N1_histgb,sleeper:9753,sleeper:player:9753,Zach Charbonnet,RB,62.91751350693831,62.91751350693831,,61.01116186810858,61.01116186810858,,52.74031543623073,53.26921291483848,59.083948214099685,6.342261789825329,83.31627445176692,0.19742568295535587,0.4655184169739748,unvalidated_no_exact_total_intrinsic_sd,not_represented_by_candidate,35.608878318763075,15
N1_histgb,sleeper:9754,sleeper:player:9754,Quentin Johnston,WR,69.39163879193707,69.39163879193707,,67.05514850371144,67.05514850371144,,60.864195907579486,60.56932732345515,67.76075681000003,7.97322753024622,95.4959055126389,0.26584444574678856,0.6303982685245286,unvalidated_no_exact_total_intrinsic_sd,not_represented_by_candidate,43.04768474197596,15
N1_histgb,sleeper:9756,sleeper:player:9756,Jordan Addison,WR,57.605060542227484,57.605060542227484,,73.67640338289443,73.67640338289443,,47.54917708022134,64.93024369473387,61.921425943504055,6.495300551257081,87.32890158763337,0.2821584801314946,0.5701334758132508,unvalidated_no_exact_total_intrinsic_sd,not_represented_by_candidate,27.684806612954873,27
N1_histgb,sleeper:9757,sleeper:player:9757,Kendre Miller,RB,50.11449768672837,50.11449768672837,,45.1285578424049,45.1285578424049,,40.16222196584665,37.9635738444714,43.791871903341665,6.70920656833907,61.56657077360023,0.09292814619815767,0.22292910829954354,unvalidated_no_exact_total_intrinsic_sd,not_represented_by_candidate,21.894145888548323,21
N1_histgb,sleeper:9758,sleeper:player:9758,C.J. Stroud,QB,111.04509457905463,111.04509457905463,,109.16465338129262,109.16465338129262,,100.13357039738689,99.5614430377911,111.43917989713586,13.180392242974804,157.0466774325829,0.46750371424641984,0.9772100511949977,unvalidated_no_exact_total_intrinsic_sd,not_represented_by_candidate,55.82195607119803,11
N1_histgb,sleeper:9997,sleeper:player:9997,Zay Flowers,WR,53.935769783992434,53.935769783992434,,77.02355210763835,77.02355210763835,,49.78528251905792,72.67028077767148,67.43492541440746,10.186787720668406,94.82176800306686,0.4368256340287336,0.7984654231622299,unvalidated_no_exact_total_intrinsic_sd,not_represented_by_candidate,31.774098040103866,6
N2_spline_two_part,sleeper:10213,sleeper:player:10213,Tre Tucker,WR,63.32017490783971,63.32017490783971,,67.10853595110231,67.10853595110231,,51.527202847361814,55.73699257587017,59.49745024855402,3.5281452841913463,84.06809955632374,0.2973210879284169,0.5960977595378047,unvalidated_no_exact_total_intrinsic_sd,not_represented_by_candidate,14.618120042143488,12
N2_spline_two_part,sleeper:10218,sleeper:player:10218,Xavier Hutchinson,WR,43.63420959858187,43.63420959858187,,41.59227585876194,41.59227585876194,,31.992429601400524,32.03320744971797,35.70902364352017,4.049572778769214,50.33755754361168,0.11874557569417903,0.2251318837684586,unvalidated_no_exact_total_intrinsic_sd,not_represented_by_candidate,12.085639044654194,32
N2_spline_two_part,sleeper:10219,sleeper:player:10219,Chris Rodriguez,RB,54.96302942782328,54.96302942782328,,50.83595689795166,50.83595689795166,,42.0284083768696,39.73866814329066,45.831724695297,7.012959386811662,64.43533485386666,0.24424412161267134,0.5175530227221778,unvalidated_no_exact_total_intrinsic_sd,not_represented_by_candidate,24.71766100437692,10
N2_spline_two_part,sleeper:10222,sleeper:player:10222,Jayden Reed,WR,79.59074741470386,79.59074741470386,,65.75569813445411,65.75569813445411,,65.57391106381246,54.96843389409568,68.43947653366587,16.023130915756468,95.45251789272471,0.22584874540143202,0.4820802907702188,unvalidated_no_exact_total_intrinsic_sd,not_represented_by_candidate,50.36980249096908,17
N2_spline_two_part,sleeper:10226,sleeper:player:10226,Andrei Iosivas,WR,41.20147689797297,41.20147689797297,,39.621703927206774,39.621703927206774,,29.888398557425596,30.007436779256274,33.39849776115156,3.7247657007991,47.08551184682442,0.13259642254311932,0.2526887650719765,unvalidated_no_exact_total_intrinsic_sd,not_represented_by_candidate,26.45170649061189,30
N2_spline_two_part,sleeper:10227,sleeper:player:10227,Payne Durham,TE,34.28172684513261,34.28172684513261,,67.92818046867673,67.92818046867673,,24.245089844962912,57.52284130738775,46.389198443226675,20.95192647636917,62.16857921280612,0.10795667361224007,0.17200006812585794,unvalidated_no_exact_total_intrinsic_sd,not_represented_by_candidate,14.629568416124616,33
N2_spline_two_part,sleeper:10229,sleeper:player:10229,Rashee Rice,WR,78.52149933240572,78.52149933240572,,89.8845098919627,89.8845098919627,,68.49739001968808,79.01530776103716,81.54137571890483,1.134221659385524,115.31134137408421,0.4620015201951312,0.8151531751072094,unvalidated_no_exact_total_intrinsic_sd,not_represented_by_candidate,28.269645944086335,6
N2_spline_two_part,sleeper:10231,sleeper:player:10231,Elijah Higgins,TE,46.531744059988036,46.531744059988036,,41.911942738619516,41.911942738619516,,35.114103462504985,32.67674795718508,38.055554498954166,6.238037544063019,53.45593834219545,0.12662014313605768,0.23394049117770727,unvalidated_no_exact_total_intrinsic_sd,not_represented_by_candidate,10.701348125713665,8
N2_spline_two_part,sleeper:10232,sleeper:player:10232,Michael Wilson,WR,71.35917799578111,71.35917799578111,,67.69056485448462,67.69056485448462,,59.57502816383907,57.1275762676251,65.32904505480676,9.364100085904077,91.91344779262235,0.30958362375475146,0.6428434190659171,unvalidated_no_exact_total_intrinsic_sd,not_represented_by_candidate,10.836819162076466,19
N2_spline_two_part,sleeper:10235,sleeper:player:10235,Roschon Johnson,RB,20.356817785859317,20.356817785859317,,31.544557290875307,31.544557290875307,,12.031896965891443,25.224889562809416,20.89841676347782,7.9978702881220745,28.45209513013753,0.04556970869362426,0.0832880715774163,unvalidated_no_exact_total_intrinsic_sd,not_represented_by_candidate,5.486482096397392,10
N2_spline_two_part,sleeper:10236,sleeper:player:10236,Dalton Kincaid,TE,67.11764172590183,67.11764172590183,,68.89694910510498,68.89694910510498,,53.52417388108621,56.51021629001871,61.12955096242774,4.666916529384771,86.3241790684618,0.31630590898364797,0.5626034782242848,unvalidated_no_exact_total_intrinsic_sd,not_represented_by_candidate,24.65268408404785,10
N2_spline_two_part,sleeper:10859,sleeper:player:10859,Sam LaPorta,TE,67.84173904728999,67.84173904728999,,73.1791160474418,73.1791160474418,,56.03092040504185,61.58245621942792,65.17605929747586,3.132957725748902,92.11960696282225,0.45784883813159843,0.741340506825129,unvalidated_no_exact_total_intrinsic_sd,not_represented_by_candidate,20.79563805779145,21
N2_spline_two_part,sleeper:10871,sleeper:player:10871,Luke Schoonmaker,TE,35.54260023926866,35.54260023926866,,30.025793137293878,30.025793137293878,,25.98843397585791,22.557909689580725,27.4518358338109,5.792079128757148,38.38825863020129,0.07268066988074287,0.12741837573080897,unvalidated_no_exact_total_intrinsic_sd,not_represented_by_candidate,6.157549694869836,9
N2_spline_two_part,sleeper:11199,sleeper:player:11199,Emari Demercado,RB,32.062872773290785,32.062872773290785,,24.212300726511096,24.212300726511096,,22.59600149086485,17.825795675948882,23.125001876436,6.327463891362056,32.085738643108186,0.06096444003383828,0.12047989437451093,unvalidated_no_exact_total_intrinsic_sd,not_represented_by_candidate,8.807456475148566,16
N2_spline_two_part,sleeper:11201,sleeper:player:11201,Blake Whiteheart,TE,27.68426313220896,27.68426313220896,,50.2516678387252,50.2516678387252,,18.930636131945608,41.872460420307206,34.265969778848756,14.161811941518188,46.34389336582572,0.07225202654977396,0.11599900471000923,unvalidated_no_exact_total_intrinsic_sd,not_represented_by_candidate,4.979551366688726,10
N2_spline_two_part,sleeper:11237,sleeper:player:11237,Jacob Saylors,RB,28.953114034679626,28.953114034679626,,27.075100017660883,27.075100017660883,,19.086193204743896,19.59625964152515,21.53257283183172,2.0649666330303926,30.38156181503423,0.059767758798920066,0.12812571002220427,unvalidated_no_exact_total_intrinsic_sd,not_represented_by_candidate,6.152669314144202,14
N2_spline_two_part,sleeper:11256,sleeper:player:11256,Tyson Bagent,QB,39.74083756477893,39.74083756477893,,56.93369750133974,56.93369750133974,,25.60916980030873,41.137898183538304,36.84076501918706,7.954337107343999,51.48992576786884,0.18762871780039483,0.5551562907513612,unvalidated_no_exact_total_intrinsic_sd,not_represented_by_candidate,21.713751563943,65
N2_spline_two_part,sleeper:11292,sleeper:player:11292,Tommy DeVito,QB,41.03880499122448,41.03880499122448,,61.197456165136515,61.197456165136515,,27.47140520894625,46.590742309178104,40.96794443812926,10.311116890776862,57.01250574598549,0.10744813090357845,0.2863315019956416,unvalidated_no_exact_total_intrinsic_sd,not_represented_by_candidate,12.350644033439576,24
N2_spline_two_part,sleeper:11370,sleeper:player:11370,Chris Brooks,RB,34.94016970252946,34.94016970252946,,29.775164809331816,29.775164809331816,,24.327611011511628,21.975674964465895,26.070898044236355,4.8010441979582765,36.55589452161149,0.0824770921758829,0.17422177941620637,unvalidated_no_exact_total_intrinsic_sd,not_represented_by_candidate,9.490830664415991,16
N2_spline_two_part,sleeper:11435,sleeper:player:11435,Emanuel Wilson,RB,17.60639752079123,17.60639752079123,,24.593333025718234,24.593333025718234,,9.207369174818064,19.338855906729886,16.014875148840414,6.146059594016988,21.798587191207695,0.047844204084788865,0.06887206782510236,unvalidated_no_exact_total_intrinsic_sd,not_represented_by_candidate,7.924310834503059,13
N2_spline_two_part,sleeper:11559,sleeper:player:11559,Michael Penix,QB,67.96432825929233,67.96432825929233,,71.76740611994452,71.76740611994452,,50.736977353714515,56.193265953906405,59.230223392644305,2.526796098959963,83.7260654023547,0.44065268876172176,1.101828300554301,unvalidated_no_exact_total_intrinsic_sd,not_represented_by_candidate,44.85532808036449,15
N2_spline_two_part,sleeper:11560,sleeper:player:11560,Caleb Williams,QB,44.23840653153559,44.23840653153559,,50.01804855308001,50.01804855308001,,39.475559352198054,45.962856566541596,47.20877241656541,0.346061580042047,66.76238931869464,1.1743076880757102,1.818064592256463,unvalidated_no_exact_total_intrinsic_sd,not_represented_by_candidate,29.93297181370758,3
N2_spline_two_part,sleeper:11562,sleeper:player:11562,Spencer Rattler,QB,31.675443329918743,31.675443329918743,,36.964543917945186,36.964543917945186,,17.6712024990599,23.154216921238646,22.482724634365177,1.7083996013940066,31.74944384979583,0.10774705173309003,0.3001606251418197,unvalidated_no_exact_total_intrinsic_sd,not_represented_by_candidate,12.037640368274193,45
N2_spline_two_part,sleeper:11563,sleeper:player:11563,Bo Nix,QB,48.44517842740348,48.44517842740348,,57.11215631353678,57.11215631353678,,43.834451041598214,53.190751546983414,53.52703559333496,1.1710346073370346,75.689601378054,1.1229134334549935,1.8036087415898026,unvalidated_no_exact_total_intrinsic_sd,not_represented_by_candidate,55.38977074682498,4
N2_spline_two_part,sleeper:11564,sleeper:player:11564,Drake Maye,QB,36.36000603546995,36.36000603546995,,43.100610125594635,43.100610125594635,,32.687408321077854,38.96248656859841,39.552648325017906,0.3660994728961704,55.93469361872852,1.2297005775540306,1.8355234717044873,unvalidated_no_exact_total_intrinsic_sd,not_represented_by_candidate,43.93291659432816,3
N2_spline_two_part,sleeper:11565,sleeper:player:11565,J.J. McCarthy,QB,47.13730520380529,47.13730520380529,,64.22434362281206,64.22434362281206,,30.014595940979024,46.45408453248782,42.15878275711392,8.050669524890274,59.07548262455462,0.22375992463010624,0.6145865275242735,unvalidated_no_exact_total_intrinsic_sd,not_represented_by_candidate,34.87726584857971,94
N2_spline_two_part,sleeper:11566,sleeper:player:11566,Jayden Daniels,QB,61.80715948360243,61.80715948360243,,66.70165886030269,66.70165886030269,,50.35007739021251,57.39620153270271,59.59269526092691,1.3288101743029301,84.26632138905833,1.1381934190099148,1.7443246961813959,unvalidated_no_exact_total_intrinsic_sd,not_represented_by_candidate,93.60834376062013,9
N2_spline_two_part,sleeper:11570,sleeper:player:11570,Rasheen Ali,RB,39.813521577396166,39.813521577396166,,39.78870792278103,39.78870792278103,,28.85108831640336,30.802635722938497,33.11614625754989,2.268520759119795,46.77832937876592,0.10494518693402635,0.23865311278105322,unvalidated_no_exact_total_intrinsic_sd,not_represented_by_candidate,10.487934019270071,17
N2_spline_two_part,sleeper:11571,sleeper:player:11571,Isaiah Davis,RB,41.046699297625054,41.046699297625054,,38.80856278535457,38.80856278535457,,29.422873363036377,28.163775422655192,32.241691162505234,4.661114615712545,45.35777010144929,0.14699209626374019,0.2982758548080804,unvalidated_no_exact_total_intrinsic_sd,not_represented_by_candidate,15.517864023102767,18
N2_spline_two_part,sleeper:11575,sleeper:player:11575,Ray Davis,RB,30.352643604936112,30.352643604936112,,29.88915777022229,29.88915777022229,,20.183226729068018,20.516665616796146,22.672658900358638,2.3324518115726,31.979033627843027,0.10929793612530696,0.21676339851828347,unvalidated_no_exact_total_intrinsic_sd,not_represented_by_candidate,22.672534133851364,25
N2_spline_two_part,sleeper:11576,sleeper:player:11576,Braelon Allen,RB,62.34102943894707,62.34102943894707,,65.03863687938711,65.03863687938711,,50.54633039754975,54.60882723674862,58.332027167028976,3.5095031593664174,82.41925851646816,0.28389767933381255,0.6258060864009218,unvalidated_no_exact_total_intrinsic_sd,not_represented_by_candidate,34.71143176889677,17
N2_spline_two_part,sleeper:11577,sleeper:player:11577,Will Shipley,RB,41.74688167404582,41.74688167404582,,56.77878665791861,56.77878665791861,,29.829193131217355,46.622251521744055,42.160613257778884,8.329762562925321,59.03939088599482,0.1413737898448553,0.32218789777104684,unvalidated_no_exact_total_intrinsic_sd,not_represented_by_candidate,12.848950062011,36
N2_spline_two_part,sleeper:11581,sleeper:player:11581,MarShawn Lloyd,RB,81.69129079294648,81.69129079294648,,76.29352135160454,76.29352135160454,,68.06924230256027,65.8268804292155,74.89721829729714,10.298934847068026,105.41877706728442,0.2997904712256628,0.6234953471329786,unvalidated_no_exact_total_intrinsic_sd,not_represented_by_candidate,70.23080736625698,16
N2_spline_two_part,sleeper:11583,sleeper:player:11583,Jonathon Brooks,RB,78.08976809897071,78.08976809897071,,81.3134016416219,81.3134016416219,,66.93894209602597,71.84304957173583,77.01746126896492,4.9914974660429365,108.80470409720121,0.45451556680411376,0.8237516162146257,unvalidated_no_exact_total_intrinsic_sd,not_represented_by_candidate,77.28919816623193,19
N2_spline_two_part,sleeper:11584,sleeper:player:11584,Bucky Irving,RB,77.18803238802612,77.18803238802612,,91.41865178503154,91.41865178503154,,67.25215024731715,78.89121840867413,80.7256809695043,0.16542240995251944,114.16323301048664,0.38721283191853595,0.7722707978318426,unvalidated_no_exact_total_intrinsic_sd,not_represented_by_candidate,21.6384011495324,9
N2_spline_two_part,sleeper:11586,sleeper:player:11586,Blake Corum,RB,55.54097869009046,55.54097869009046,,62.620565022421125,62.620565022421125,,45.67060888167806,53.53732563291947,54.80138401284659,0.13929977964204454,77.50073531921066,0.3422241813393389,0.7282198961175326,unvalidated_no_exact_total_intrinsic_sd,not_represented_by_candidate,21.62518366263447,6
N2_spline_two_part,sleeper:11597,sleeper:player:11597,Theo Johnson,TE,49.37264534577729,49.37264534577729,,47.686292790098314,47.686292790098314,,37.38758845576562,38.0088825991782,42.00074898253494,4.318032509494532,59.240867865307024,0.16319398270769156,0.3153839761485148,unvalidated_no_exact_total_intrinsic_sd,not_represented_by_candidate,15.90276863963264,22
N2_spline_two_part,sleeper:11599,sleeper:player:11599,Cade Stover,TE,59.978424930622246,59.978424930622246,,54.19921520401044,54.19921520401044,,46.84421140576385,43.718170145065436,50.824589752249146,8.231201765089498,71.40395762470905,0.13670939468060062,0.27376693966785404,unvalidated_no_exact_total_intrinsic_sd,not_represented_by_candidate,21.313733699816027,46
N2_spline_two_part,sleeper:11600,sleeper:player:11600,Ja'Tavion Sanders,TE,31.372127094601684,31.372127094601684,,66.11895962168826,66.11895962168826,,21.12524651442686,54.69233663641978,43.40376152962626,21.55875368255046,57.47167275707612,0.14080406681553037,0.2118508195643975,unvalidated_no_exact_total_intrinsic_sd,not_represented_by_candidate,8.245862833751858,22
N2_spline_two_part,sleeper:11603,sleeper:player:11603,AJ Barner,TE,70.66623946250984,70.66623946250984,,74.98433076076499,74.98433076076499,,58.58024871538699,63.89439547706781,67.90030314821912,3.629510675897457,95.95691214026044,0.33202625686398124,0.6298044047260841,unvalidated_no_exact_total_intrinsic_sd,not_represented_by_candidate,22.87373068636944,2
N2_spline_two_part,sleeper:11604,sleeper:player:11604,Brock Bowers,TE,45.740735687395684,45.740735687395684,,55.29371288895308,55.29371288895308,,39.89315113478941,50.12616606404688,49.61292438236002,2.3069765167028677,70.12533344584486,0.637055473626041,0.9521620440299647,unvalidated_no_exact_total_intrinsic_sd,not_represented_by_candidate,75.61010997848541,27
N2_spline_two_part,sleeper:11608,sleeper:player:11608,Isaiah Williams,WR,39.08426947566617,39.08426947566617,,39.67802122879548,39.67802122879548,,27.92839870085245,29.913431543560378,32.10365860704127,2.126684605502213,45.35159318594695,0.11951558157089898,0.2385947156087131,unvalidated_no_exact_total_intrinsic_sd,not_represented_by_candidate,11.112278287762557,25
N2_spline_two_part,sleeper:11610,sleeper:player:11610,Malik Washington,WR,55.57901727210548,55.57901727210548,,57.10673145720822,57.10673145720822,,43.27037281120634,46.22598191941384,49.68097723263794,3.3815449527488965,70.17808882630189,0.23495204631478359,0.46025963265094394,unvalidated_no_exact_total_intrinsic_sd,not_represented_by_candidate,26.609376592441023,20
N2_spline_two_part,sleeper:11618,sleeper:player:11618,Jalen McMillan,WR,65.28382973697086,65.28382973697086,,57.28208816797409,57.28208816797409,,52.06048281028978,46.918839629841834,55.743341677520036,10.352548756185584,78.15027202130703,0.21480988169376466,0.4685151353436281,unvalidated_no_exact_total_intrinsic_sd,not_represented_by_candidate,15.400072189574388,11
N2_spline_two_part,sleeper:11620,sleeper:player:11620,Rome Odunze,WR,77.20987092477105,77.20987092477105,,85.11740794393205,85.11740794393205,,67.28970257831251,74.41679154349032,78.4997301347592,3.430115301393883,110.96237908173738,0.42721468849409244,0.8053560583919517,unvalidated_no_exact_total_intrinsic_sd,not_represented_by_candidate,9.706986700992445,6
N2_spline_two_part,sleeper:11623,sleeper:player:11623,Jordan Whittington,WR,43.4635029397432,43.4635029397432,,40.117337184826134,40.117337184826134,,32.34430948816206,31.1831566880824,35.54489828505013,4.96283235779822,50.02249377207728,0.1050183962603454,0.21311756714255914,unvalidated_no_exact_total_intrinsic_sd,not_represented_by_candidate,7.64746582535351,10
N2_spline_two_part,sleeper:11624,sleeper:player:11624,Xavier Worthy,WR,71.46761557220046,71.46761557220046,,79.95292778838748,79.95292778838748,,61.20024907884882,69.67097550081611,72.3874586146022,1.682931917681863,102.35749151636114,0.34823668007337133,0.7283607648586151,unvalidated_no_exact_total_intrinsic_sd,not_represented_by_candidate,14.799492545187036,17
N2_spline_two_part,sleeper:11625,sleeper:player:11625,Adonai Mitchell,WR,59.49848171398512,59.49848171398512,,62.28291483169574,62.28291483169574,,47.34132282777344,51.41745130020252,54.76608329200752,3.091015839211103,77.38923296800374,0.2643960199658426,0.5412688350760944,unvalidated_no_exact_total_intrinsic_sd,not_represented_by_candidate,18.2093652537138,8
N2_spline_two_part,sleeper:11626,sleeper:player:11626,Xavier Legette,WR,49.68976601814826,49.68976601814826,,49.30600181591836,49.30600181591836,,37.52581958460508,38.607151420014226,42.37300860899336,4.003279745954043,59.7906135478746,0.17793732160818268,0.348301144649883,unvalidated_no_exact_total_intrinsic_sd,not_represented_by_candidate,27.29560911683606,38
N2_spline_two_part,sleeper:11627,sleeper:player:11627,Troy Franklin,WR,70.8061931277575,70.8061931277575,,74.5894461772642,74.5894461772642,,57.32303675034497,62.21981913248672,66.29427342194171,3.7707619145715725,93.67840056101488,0.26204138759698753,0.5319596434414872,unvalidated_no_exact_total_intrinsic_sd,not_represented_by_candidate,29.22819120529745,50
N2_spline_two_part,sleeper:11628,sleeper:player:11628,Marvin Harrison,WR,74.7885288061049,74.7885288061049,,85.23504256120104,85.23504256120104,,63.71488732789795,74.03972470635098,76.12245114924524,0.6639531283746791,107.65135532905182,0.3356102646242493,0.6961781441343526,unvalidated_no_exact_total_intrinsic_sd,not_represented_by_candidate,31.481641222012485,7
N2_spline_two_part,sleeper:11629,sleeper:player:11629,Devontez Walker,WR,46.70329221051788,46.70329221051788,,49.63455819174747,49.63455819174747,,34.60038759208922,39.680719604841485,41.07185633630472,0.7410095387778668,58.079649367773804,0.11722250950223348,0.25442748086750705,unvalidated_no_exact_total_intrinsic_sd,not_represented_by_candidate,8.547350610248358,13
N2_spline_two_part,sleeper:11631,sleeper:player:11631,Brian Thomas,WR,76.92297726826745,76.92297726826745,,88.13751408611273,88.13751408611273,,67.69711446769774,78.37126649275193,80.73001958523353,0.9193072565298195,114.16578733855634,0.3906756826144439,0.8086386943701543,unvalidated_no_exact_total_intrinsic_sd,not_represented_by_candidate,47.64677985485517,14
N2_spline_two_part,sleeper:11632,sleeper:player:11632,Malik Nabers,WR,72.59892016371775,72.59892016371775,,89.85450949680674,89.85450949680674,,64.04468523082635,80.68490637993463,79.76078528955527,3.8568624133003766,112.73282730570516,0.5630052509565506,0.9018623558266985,unvalidated_no_exact_total_intrinsic_sd,not_represented_by_candidate,72.42388584561081,16
N2_spline_two_part,sleeper:11635,sleeper:player:11635,Ladd McConkey,WR,76.35092119190251,76.35092119190251,,82.975006231159,82.975006231159,,67.28833842808348,72.62386999566733,77.61737721809793,4.724341592001316,109.66583373574059,0.3817025709479644,0.7844262993319514,unvalidated_no_exact_total_intrinsic_sd,not_represented_by_candidate,24.500702119394703,11
N2_spline_two_part,sleeper:11637,sleeper:player:11637,Keon Coleman,WR,67.7118366010857,67.7118366010857,,69.28107400671529,69.28107400671529,,53.697868811583525,57.03950118578725,61.495125343291924,4.4321488831147136,86.85422809657729,0.21986716512225404,0.4523426424704481,unvalidated_no_exact_total_intrinsic_sd,not_represented_by_candidate,21.902454784992628,40
N2_spline_two_part,sleeper:11643,sleeper:player:11643,Jaylen Wright,RB,52.643276287163225,52.643276287163225,,50.73029761657138,50.73029761657138,,40.09202957672224,39.98714515415503,44.67660114844455,5.187512766336898,62.96893751409091,0.20762693444627656,0.44755250685967973,unvalidated_no_exact_total_intrinsic_sd,not_represented_by_candidate,26.105379879329064,22
N2_spline_two_part,sleeper:11646,sleeper:player:11646,Jalen Coker,WR,66.77216114250423,66.77216114250423,,67.59728679497574,67.59728679497574,,54.16954112311214,56.570145185986355,61.567643409590914,5.172180057770177,86.91603985152045,0.2469630016986895,0.5272661672217497,unvalidated_no_exact_total_intrinsic_sd,not_represented_by_candidate,16.042527095973895,10
N2_spline_two_part,sleeper:11647,sleeper:player:11647,Kimani Vidal,RB,42.28004437083895,42.28004437083895,,49.236341439402935,49.236341439402935,,29.992935706433205,37.84767151358175,37.38568828411057,1.8509473180945903,52.83893801903103,0.17221182550216907,0.348745079366123,unvalidated_no_exact_total_intrinsic_sd,not_represented_by_candidate,29.38092253287109,34
N2_spline_two_part,sleeper:11655,sleeper:player:11655,Tyrone Tracy,RB,34.128678804008636,34.128678804008636,,29.720765203219436,29.720765203219436,,23.11036640677123,20.344913771751244,24.534584052694484,4.944611245665273,34.34301164584582,0.0977089581945514,0.18840174386214184,unvalidated_no_exact_total_intrinsic_sd,not_represented_by_candidate,27.712453544402617,56
N2_spline_two_part,sleeper:1166,sleeper:player:1166,Kirk Cousins,QB,29.27317905711771,29.27317905711771,,18.662986932355484,18.662986932355484,,17.84016389952646,12.319565131098113,17.583426551888653,6.263253507379105,24.065025121815875,0.049139532691674426,0.12175937307104467,unvalidated_no_exact_total_intrinsic_sd,not_represented_by_candidate,8.527803207734134,34
N2_spline_two_part,sleeper:11783,sleeper:player:11783,Ryan Flournoy,WR,49.726497629148334,49.726497629148334,,48.56961934141303,48.56961934141303,,37.179801377979885,37.97040150248202,41.84904030802088,4.169216085739645,59.03644625682615,0.18719751654825967,0.36221009936627335,unvalidated_no_exact_total_intrinsic_sd,not_represented_by_candidate,29.446902955504385,24
N2_spline_two_part,sleeper:11834,sleeper:player:11834,Devaughn Vele,WR,38.27716796218948,38.27716796218948,,35.64150946760545,35.64150946760545,,27.924625913664705,27.80247476166045,31.094912911627354,3.6486440113153265,43.823220041914674,0.08303859086991039,0.16680171380883085,unvalidated_no_exact_total_intrinsic_sd,not_represented_by_candidate,21.517772946434597,19
N2_spline_two_part,sleeper:12048,sleeper:player:12048,George Holani,RB,28.57905285694159,28.57905285694159,,28.779992333305696,28.779992333305696,,19.334101970617454,19.70286000799287,21.742128455693678,2.1986703192499846,30.669303030799682,0.07731061912598172,0.16635246403600917,unvalidated_no_exact_total_intrinsic_sd,not_represented_by_candidate,21.60476934808988,35
N2_spline_two_part,sleeper:12467,sleeper:player:12467,Jordan James,RB,72.72514085095723,72.72514085095723,,68.17825074810114,68.17825074810114,,56.736756520687976,56.141228502817356,63.01626307328582,7.664205449299239,88.78828063587031,0.2802755118302323,0.5452895033923594,unvalidated_no_exact_total_intrinsic_sd,not_represented_by_candidate,52.69898920818471,68
N2_spline_two_part,sleeper:12469,sleeper:player:12469,Dylan Sampson,RB,63.242723199236394,63.242723199236394,,63.47257966407226,63.47257966407226,,54.57451718393197,55.15394521137562,61.15389577656394,6.539614191123292,86.23706502156105,0.38041395170527315,0.772643678506534,unvalidated_no_exact_total_intrinsic_sd,not_represented_by_candidate,58.72859567790189,23
N2_spline_two_part,sleeper:12470,sleeper:player:12470,Riley Leonard,QB,43.59224112919527,43.59224112919527,,56.12928757442565,56.12928757442565,,28.323852421283252,39.9564469223073,37.59003906521996,4.793258343276257,52.94380745945779,0.20598701649375095,0.604351644678383,unvalidated_no_exact_total_intrinsic_sd,not_represented_by_candidate,17.470258048827937,65
N2_spline_two_part,sleeper:12471,sleeper:player:12471,DJ Giddens,RB,60.15647309586227,60.15647309586227,,51.885171659928005,51.885171659928005,,46.10235060272394,40.34741156238634,48.84057633981079,10.03599315849122,68.33800286613948,0.17647074488407466,0.3884941916438708,unvalidated_no_exact_total_intrinsic_sd,not_represented_by_candidate,14.600865358395176,37
N2_spline_two_part,sleeper:12472,sleeper:player:12472,Raheim Sanders,RB,46.050581021513096,46.050581021513096,,42.05300036503703,42.05300036503703,,33.466788861431624,31.57854728975706,36.46595416253167,5.631270115367407,51.262270949066355,0.11942538011957592,0.2635013413801069,unvalidated_no_exact_total_intrinsic_sd,not_represented_by_candidate,19.640810781583397,19
N2_spline_two_part,sleeper:12474,sleeper:player:12474,Woody Marks,RB,53.171421822302754,53.171421822302754,,50.9973036507324,50.9973036507324,,41.090178420153585,40.29569826221315,45.469496876032004,5.8130096626815515,64.04029365157955,0.27090830530390736,0.5439171114872117,unvalidated_no_exact_total_intrinsic_sd,not_represented_by_candidate,55.305935262687214,35
N2_spline_two_part,sleeper:12481,sleeper:player:12481,Cam Skattebo,RB,75.25263429338789,75.25263429338789,,84.812609330301,84.812609330301,,65.63980551646887,74.24195130087098,77.39626080295945,2.1540248741192585,109.43364450387782,0.4125823718605345,0.8110351282883134,unvalidated_no_exact_total_intrinsic_sd,not_represented_by_candidate,42.02058410006612,17
N2_spline_two_part,sleeper:12482,sleeper:player:12482,Savion Williams,WR,39.329198533094605,39.329198533094605,,58.127109257258056,58.127109257258056,,27.390801261172815,47.68221394066461,41.57992287328919,11.168218500133289,57.73258064412707,0.11724862209475057,0.22148720850617426,unvalidated_no_exact_total_intrinsic_sd,not_represented_by_candidate,10.184745055552852,21
N2_spline_two_part,sleeper:12483,sleeper:player:12483,Jack Bech,WR,55.45474677090336,55.45474677090336,,54.3630471455813,54.3630471455813,,43.0575936086588,43.641158066802554,48.30808247565093,5.068217864095132,68.12969127062482,0.218888806307328,0.4519941397393362,unvalidated_no_exact_total_intrinsic_sd,not_represented_by_candidate,14.896440422598005,8
N2_spline_two_part,sleeper:12487,sleeper:player:12487,Terrance Ferguson,TE,63.26580072682343,63.26580072682343,,64.91063903083122,64.91063903083122,,49.87645919587093,54.52124191457831,57.870831516953686,3.003393033207459,81.78658759977311,0.2669980919690686,0.527338743125118,unvalidated_no_exact_total_intrinsic_sd,not_represented_by_candidate,20.824515676689586,19
N2_spline_two_part,sleeper:12489,sleeper:player:12489,RJ Harvey,RB,64.6588700939618,64.6588700939618,,58.937369449609214,58.937369449609214,,54.58951561100346,50.163384735109254,58.8780038520473,10.158042798236508,82.64413374046937,0.35151932119491075,0.744612108186556,unvalidated_no_exact_total_intrinsic_sd,not_represented_by_candidate,53.985246415967765,18
N2_spline_two_part,sleeper:12490,sleeper:player:12490,Bhayshul Tuten,RB,66.15495343815289,66.15495343815289,,67.31841027909203,67.31841027909203,,57.80048722461307,58.33573928535414,64.73187304777784,6.982842507252755,91.27798577458947,0.3689820007391708,0.8027186793462964,unvalidated_no_exact_total_intrinsic_sd,not_represented_by_candidate,58.41384146382998,18
N2_spline_two_part,sleeper:12492,sleeper:player:12492,Pat Bryant,WR,56.649027819572794,56.649027819572794,,61.828803606265026,61.828803606265026,,43.93844981225191,50.692031597125045,52.30907642005478,0.7226895114912821,73.97267516933697,0.22379155428283598,0.45806387154919775,unvalidated_no_exact_total_intrinsic_sd,not_represented_by_candidate,24.591247229464315,18
N2_spline_two_part,sleeper:12493,sleeper:player:12493,Oronde Gadsden,TE,70.15864936442276,70.15864936442276,,69.99977372942189,69.99977372942189,,59.55105484197106,60.824765252533695,67.03330200935001,6.67250372071981,94.564289510631,0.35489077869171726,0.6959646532616689,unvalidated_no_exact_total_intrinsic_sd,not_represented_by_candidate,30.43443376137678,23
N2_spline_two_part,sleeper:12495,sleeper:player:12495,Ollie Gordon,RB,50.27057973801467,50.27057973801467,,47.004959345539994,47.004959345539994,,37.6768389123997,36.41664146714521,41.4474442288021,5.714289615527338,58.336336535552164,0.22354238694445644,0.45723326273178805,unvalidated_no_exact_total_intrinsic_sd,not_represented_by_candidate,12.840776422788124,6
N2_spline_two_part,sleeper:12496,sleeper:player:12496,Tai Felton,WR,32.48839598078088,32.48839598078088,,68.92202269927607,68.92202269927607,,19.83626877195402,59.62901161607143,46.263839989570705,26.221132436450688,59.94278934877252,0.11000164105771437,0.1993389006867343,unvalidated_no_exact_total_intrinsic_sd,not_represented_by_candidate,10.939344739157946,29
N2_spline_two_part,sleeper:12497,sleeper:player:12497,Tory Horton,WR,59.009018983665186,59.009018983665186,,59.129796212187046,59.129796212187046,,45.19877002476494,48.29033537016844,51.89712833176659,3.5291872161035016,73.30872182599688,0.17908162189049048,0.37543515603808364,unvalidated_no_exact_total_intrinsic_sd,not_represented_by_candidate,27.932086553381808,13
N2_spline_two_part,sleeper:12498,sleeper:player:12498,Mason Taylor,TE,75.77941692772588,75.77941692772588,,74.85810835603114,74.85810835603114,,65.46268134286464,66.39215355053999,73.46519779328472,7.674948201169812,103.61161008170008,0.36239093067128936,0.718146018746993,unvalidated_no_exact_total_intrinsic_sd,not_represented_by_candidate,30.16648577360681,27
N2_spline_two_part,sleeper:12499,sleeper:player:12499,Elic Ayomanor,WR,64.38436082865017,64.38436082865017,,73.61617397232119,73.61617397232119,,51.1432301056322,62.02248121988474,62.43268483151706,1.3394970915793536,88.2829882711541,0.23646456252390866,0.47040167571408065,unvalidated_no_exact_total_intrinsic_sd,not_represented_by_candidate,22.51169658176189,44
N2_spline_two_part,sleeper:12500,sleeper:player:12500,Quinn Ewers,QB,40.12031199680775,40.12031199680775,,44.79450816507585,44.79450816507585,,25.580127785324926,29.62845391897962,30.512349891428244,0.3365506610634128,43.14966657398896,0.12332044108929005,0.37343908516859037,unvalidated_no_exact_total_intrinsic_sd,not_represented_by_candidate,37.95660546812959,101
N2_spline_two_part,sleeper:12501,sleeper:player:12501,Matthew Golden,WR,68.93939899526768,68.93939899526768,,78.79028732999583,78.79028732999583,,60.36643125938699,70.22819524043263,72.1623247749257,0.5715955092663734,102.05133763169151,0.36449086507998724,0.7911145570711526,unvalidated_no_exact_total_intrinsic_sd,not_represented_by_candidate,30.307356215806806,29
N2_spline_two_part,sleeper:12502,sleeper:player:12502,Gunnar Helm,TE,69.60046222045165,69.60046222045165,,70.11077858495588,70.11077858495588,,57.35517898316309,59.831607152412026,65.15701811522933,5.52356596807094,91.98023830330631,0.29667347079417705,0.5889010939951114,unvalidated_no_exact_total_intrinsic_sd,not_represented_by_candidate,5.017089652795761,19
N2_spline_two_part,sleeper:12503,sleeper:player:12503,Isaiah Bond,WR,67.64340499836878,67.64340499836878,,72.40763829103112,72.40763829103112,,54.68283318280671,60.921201440820255,64.01404983994169,2.464840164393074,90.49597624637832,0.25665144819974545,0.5229132522494525,unvalidated_no_exact_total_intrinsic_sd,not_represented_by_candidate,23.36559762723723,41
N2_spline_two_part,sleeper:12506,sleeper:player:12506,Harold Fannin,TE,45.17415241448585,45.17415241448585,,60.50496847438894,60.50496847438894,,40.67760759063811,55.59251636581372,52.99785206122085,5.589626622258017,74.7415595263428,0.6166994271690096,0.9537253436895055,unvalidated_no_exact_total_intrinsic_sd,not_represented_by_candidate,54.21955454436613,20
N2_spline_two_part,sleeper:12507,sleeper:player:12507,Omarion Hampton,RB,62.67315872790454,62.67315872790454,,79.1618153625277,79.1618153625277,,56.864062899320714,70.87392108447041,70.41530806777845,2.8719545191072555,99.54086144795247,0.5294838002015919,0.9241574625055937,unvalidated_no_exact_total_intrinsic_sd,not_represented_by_candidate,36.54761072662882,8
N2_spline_two_part,sleeper:12508,sleeper:player:12508,Jaxson Dart,QB,50.439820122213625,50.439820122213625,,61.007895348654216,61.007895348654216,,43.7720728177917,54.082715516491064,53.95500853944047,1.8685000655418378,76.28102385578774,1.1277499390014938,1.764021066642704,unvalidated_no_exact_total_intrinsic_sd,not_represented_by_candidate,24.132438462464847,6
N2_spline_two_part,sleeper:12509,sleeper:player:12509,Tre' Harris,WR,47.69097896974994,47.69097896974994,,56.126760526870136,56.126760526870136,,35.48886336423866,45.074840455778336,44.39077674248391,2.401038369696984,62.732106088902704,0.20477011710787335,0.40059242800378286,unvalidated_no_exact_total_intrinsic_sd,not_represented_by_candidate,22.860948505034223,24
N2_spline_two_part,sleeper:12511,sleeper:player:12511,Will Howard,QB,56.706564261407955,56.706564261407955,,64.57577414976842,64.57577414976842,,39.358220241885974,48.72571057598093,48.56487697544274,1.7498386855431391,68.6588130967493,0.2093525884075598,0.5766588771898097,unvalidated_no_exact_total_intrinsic_sd,not_represented_by_candidate,52.2015706537708,59
N2_spline_two_part,sleeper:12512,sleeper:player:12512,Quinshon Judkins,RB,64.23327639101728,64.23327639101728,,77.1131703792152,77.1131703792152,,57.9431207330557,68.90928459296838,70.03189619588721,0.5353054953223051,99.03861074151699,0.47759393586172105,0.9191238743931545,unvalidated_no_exact_total_intrinsic_sd,not_represented_by_candidate,57.10993285098442,22
N2_spline_two_part,sleeper:12514,sleeper:player:12514,Emeka Egbuka,WR,67.41961687854099,67.41961687854099,,77.87647300662209,77.87647300662209,,61.69782903672771,70.92069009075192,73.3201365555131,1.2029560906502965,103.68335327178681,0.49681873864633846,0.9210202020881888,unvalidated_no_exact_total_intrinsic_sd,not_represented_by_candidate,17.26802982670199,2
N2_spline_two_part,sleeper:12517,sleeper:player:12517,Colston Loveland,TE,44.126861098540545,44.126861098540545,,58.08321058361311,58.08321058361311,,38.730901544461965,52.906803439931906,50.447725935073336,5.303899172558133,71.14643179814347,0.6122136497975769,0.9428787727099661,unvalidated_no_exact_total_intrinsic_sd,not_represented_by_candidate,43.695494793602194,20
N2_spline_two_part,sleeper:12518,sleeper:player:12518,Tyler Warren,TE,53.91997692915999,53.91997692915999,,63.74383932671838,63.74383932671838,,46.2667673435696,56.81739834927677,56.84841919055644,1.7238180653183122,80.37732254938662,0.5605822582041752,0.8866923023228088,unvalidated_no_exact_total_intrinsic_sd,not_represented_by_candidate,22.587681943045055,11
N2_spline_two_part,sleeper:12519,sleeper:player:12519,Luther Burden,WR,70.5589987623586,70.5589987623586,,81.24003129982339,81.24003129982339,,64.00477112508543,73.29856133306592,75.92347012712547,1.445844893182489,107.36226601946274,0.45590022919358064,0.8870128017724337,unvalidated_no_exact_total_intrinsic_sd,not_represented_by_candidate,34.623174833652854,6
N2_spline_two_part,sleeper:12521,sleeper:player:12521,Elijah Arroyo,TE,62.710954449609446,62.710954449609446,,66.94804735019459,66.94804735019459,,49.28759405385048,56.56929654406134,58.52870994934321,1.0231381926885916,82.76577169885722,0.24431776384115017,0.4856003935667752,unvalidated_no_exact_total_intrinsic_sd,not_represented_by_candidate,12.637185682797451,23
N2_spline_two_part,sleeper:12522,sleeper:player:12522,Cam Ward,QB,69.71689984490806,69.71689984490806,,69.71238858402745,69.71238858402745,,60.21253331113573,62.80303591475432,68.39859248680577,5.805459866055379,96.55584676287535,0.8591715895202426,1.7097067943140138,unvalidated_no_exact_total_intrinsic_sd,not_represented_by_candidate,71.80622136517258,20
N2_spline_two_part,sleeper:12524,sleeper:player:12524,Shedeur Sanders,QB,61.130957985103606,61.130957985103606,,68.68984359641453,68.68984359641453,,42.43906621602763,50.246260631651396,51.17790980656497,0.22971702274464434,72.37612958999162,0.30351100897741407,0.7571117657513557,unvalidated_no_exact_total_intrinsic_sd,not_represented_by_candidate,48.58827198173648,38
N2_spline_two_part,sleeper:12526,sleeper:player:12526,Tetairoa McMillan,WR,63.04914666132076,63.04914666132076,,75.46735692157111,75.46735692157111,,58.43437927571587,69.47162556505512,70.61440323829153,0.5240270863938292,99.86247185511081,0.5360852870646855,0.9533109499828882,unvalidated_no_exact_total_intrinsic_sd,not_represented_by_candidate,29.468837273172255,3
N2_spline_two_part,sleeper:12527,sleeper:player:12527,Ashton Jeanty,RB,57.19798459056006,57.19798459056006,,73.42604135757789,73.42604135757789,,53.50966803785414,68.01754126336606,66.96062626101495,3.6594557306059556,94.62589139495799,0.5349532496110554,0.9723052200887194,unvalidated_no_exact_total_intrinsic_sd,not_represented_by_candidate,37.81196155546678,4
N2_spline_two_part,sleeper:12529,sleeper:player:12529,TreVeyon Henderson,RB,65.72152323267049,65.72152323267049,,71.32098672295481,71.32098672295481,,59.551295437134996,64.2323624719196,68.67266035800176,4.210719235602838,97.02648300752665,0.4301284605556749,0.9103294265589913,unvalidated_no_exact_total_intrinsic_sd,not_represented_by_candidate,72.1261910299853,21
N2_spline_two_part,sleeper:12531,sleeper:player:12531,Trevor Etienne,RB,33.613214183502826,33.613214183502826,,65.65546198475845,65.65546198475845,,18.696508008543674,55.69735473495878,43.26571417483024,24.34930698874559,56.13337060326983,0.19049455576287516,0.33545039415501654,unvalidated_no_exact_total_intrinsic_sd,not_represented_by_candidate,13.442968178621008,34
N2_spline_two_part,sleeper:12533,sleeper:player:12533,Jacory Croskey-Merritt,RB,55.804387079313656,55.804387079313656,,54.145032377233264,54.145032377233264,,45.34536260338398,43.37735617438913,49.67705954109183,7.203418376880244,69.88369804887253,0.33343639018465143,0.6784421095841962,unvalidated_no_exact_total_intrinsic_sd,not_represented_by_candidate,67.62833231558966,32
N2_spline_two_part,sleeper:12534,sleeper:player:12534,Kyle Monangai,RB,60.49128144837193,60.49128144837193,,58.790797007990946,58.790797007990946,,51.5716691536923,50.475805324813265,57.02244218761916,7.367149433460874,80.30468812781604,0.3636980968789353,0.7754495646415784,unvalidated_no_exact_total_intrinsic_sd,not_represented_by_candidate,51.80751418476149,14
N2_spline_two_part,sleeper:12535,sleeper:player:12535,Isaac TeSlaa,WR,47.55792313713621,47.55792313713621,,47.85285884106838,47.85285884106838,,35.45565397639473,36.99223738800062,40.28131000401308,3.410414367105073,56.86419739276596,0.1979632025126196,0.3918680023053679,unvalidated_no_exact_total_intrinsic_sd,not_represented_by_candidate,23.480239920289904,25
N2_spline_two_part,sleeper:12536,sleeper:player:12536,Jaylin Noel,WR,50.142260274919366,50.142260274919366,,56.017191957804144,56.017191957804144,,37.751554828998515,46.03088142920778,46.214080779627565,1.1684902279538818,65.34613343725135,0.23472350692485425,0.4806947466644213,unvalidated_no_exact_total_intrinsic_sd,not_represented_by_candidate,15.075102510080157,15
N2_spline_two_part,sleeper:12540,sleeper:player:12540,Chimere Dike,WR,54.55370397602903,54.55370397602903,,57.61569818858934,57.61569818858934,,41.769567418962545,46.767975480263864,49.013245189593256,1.7142700216275273,69.2939945906088,0.17335893017204346,0.3355327418629047,unvalidated_no_exact_total_intrinsic_sd,not_represented_by_candidate,11.156537757229103,13
N2_spline_two_part,sleeper:12543,sleeper:player:12543,Tahj Brooks,RB,40.99428195675146,40.99428195675146,,38.7139098373872,38.7139098373872,,29.572923191134404,29.146778269625386,32.792231013042674,4.0784374126599054,46.195532012268586,0.11866796782014966,0.2739508447543589,unvalidated_no_exact_total_intrinsic_sd,not_represented_by_candidate,9.67325425687752,12
N2_spline_two_part,sleeper:12544,sleeper:player:12544,LeQuint Allen,RB,56.54875569169662,56.54875569169662,,74.17643476527277,74.17643476527277,,44.069732718621665,64.1959617910558,59.619194097966364,8.92230958320939,83.84085520486622,0.2812389028037784,0.5645324510511717,unvalidated_no_exact_total_intrinsic_sd,not_represented_by_candidate,27.399909757188198,55
N2_spline_two_part,sleeper:12545,sleeper:player:12545,Tyler Shough,QB,77.66145103084617,77.66145103084617,,87.08950619060322,87.08950619060322,,65.50638055318737,74.03785679498647,77.21231268715678,2.1880719358315446,109.17277500458698,0.8120356847016675,1.5733411721904202,unvalidated_no_exact_total_intrinsic_sd,not_represented_by_candidate,44.49341307161484,6
N2_spline_two_part,sleeper:12670,sleeper:player:12670,KeAndre Lambert-Smith,WR,34.041996402433,34.041996402433,,61.008999401564886,61.008999401564886,,22.814330354679143,51.313376299094045,41.83935711030035,17.681733574618175,56.46609517757271,0.10776880904734755,0.1730871294195265,unvalidated_no_exact_total_intrinsic_sd,not_represented_by_candidate,9.841990295643782,13
N2_spline_two_part,sleeper:12718,sleeper:player:12718,Konata Mumpfield,WR,45.84846963911072,45.84846963911072,,71.46557994557133,71.46557994557133,,32.63797190869955,60.25170979859933,51.62031332912692,15.789584207093398,71.27413645188263,0.16362080680271185,0.27781231555642283,unvalidated_no_exact_total_intrinsic_sd,not_represented_by_candidate,15.896570136415857,44
N2_spline_two_part,sleeper:13079,sleeper:player:13079,Jahdae Walker,WR,46.96162732652751,46.96162732652751,,64.3304183985298,64.3304183985298,,33.845453296508396,53.73736799202333,48.32219250471268,10.056613072204716,67.59388367626899,0.12534730865829272,0.24133218107729998,unvalidated_no_exact_total_intrinsic_sd,not_represented_by_candidate,12.535287937414687,36
N2_spline_two_part,sleeper:13269,sleeper:player:13269,Fernando Mendoza,QB,64.27742317670501,64.27742317670501,,61.672010938704275,61.672010938704275,,51.90047260938146,52.42927634875678,58.14700849186274,6.23524955599747,81.995553879951,1.0683268778621446,1.61867699053782,unvalidated_no_exact_total_intrinsic_sd,not_represented_by_candidate,53.71805160244321,21
N2_spline_two_part,sleeper:13272,sleeper:player:13272,Carson Beck,QB,71.11661674469678,71.11661674469678,,79.68671439082087,79.68671439082087,,52.18606174250174,63.364548806191856,63.745864661222186,1.422734031347126,90.13903899360008,0.3760416919004746,0.8456399107251666,unvalidated_no_exact_total_intrinsic_sd,not_represented_by_candidate,55.931811626052465,54
N2_spline_two_part,sleeper:13274,sleeper:player:13274,Germie Bernard,WR,89.79016575074168,89.79016575074168,,83.29131752434105,83.29131752434105,,73.69754005471182,71.78034047316943,81.32483062241523,10.78161305464014,114.50420503836995,0.3385385507420266,0.605551310144202,unvalidated_no_exact_total_intrinsic_sd,not_represented_by_candidate,67.68638563924877,45
N2_spline_two_part,sleeper:13275,sleeper:player:13275,Ty Simpson,QB,61.66163697631656,61.66163697631656,,66.95715638747649,66.95715638747649,,42.67079563887223,50.22623109769152,51.30669970450355,0.018275675040719364,72.55862826112352,0.2696040039289249,0.6615569155465642,unvalidated_no_exact_total_intrinsic_sd,not_represented_by_candidate,30.503618530701225,28
N2_spline_two_part,sleeper:13276,sleeper:player:13276,Omar Cooper,WR,83.87947899525808,83.87947899525808,,80.04697042087814,80.04697042087814,,66.89525017177621,67.79933293425734,75.05132287908046,7.875944601008861,105.84598069101071,0.26587479937232067,0.4779489192931771,unvalidated_no_exact_total_intrinsic_sd,not_represented_by_candidate,56.84868232133038,66
N2_spline_two_part,sleeper:13279,sleeper:player:13279,Carnell Tate,WR,83.62952768092136,83.62952768092136,,89.23055093199932,89.23055093199932,,71.82928120581217,79.21362213189666,83.68502381818334,3.8230470346450076,118.28673101523566,0.5139049797441826,0.8153548990826395,unvalidated_no_exact_total_intrinsic_sd,not_represented_by_candidate,18.368708672905825,6
N2_spline_two_part,sleeper:13281,sleeper:player:13281,Jordyn Tyson,WR,87.99869110005172,87.99869110005172,,84.65038783707666,84.65038783707666,,73.09207100777321,74.09538866871537,82.01098185546283,8.59434204346038,115.66217866975407,0.41874579058348066,0.7220984559194282,unvalidated_no_exact_total_intrinsic_sd,not_represented_by_candidate,86.22016098953264,59
N2_spline_two_part,sleeper:13285,sleeper:player:13285,Malachi Fields,WR,84.80487676355001,84.80487676355001,,80.96317700522624,80.96317700522624,,68.3462595059198,69.08967675701692,76.59429528400321,8.177029123087117,108.01161203697654,0.26534122646082875,0.5021579427843954,unvalidated_no_exact_total_intrinsic_sd,not_represented_by_candidate,51.04855975474456,50
N2_spline_two_part,sleeper:13286,sleeper:player:13286,Jadarian Price,RB,77.5317750711558,77.5317750711558,,77.47897408386689,77.47897408386689,,65.53190212297176,68.59488230968547,74.55802999842707,6.142314335778245,105.26191927327375,0.44562177284174276,0.7939759209401422,unvalidated_no_exact_total_intrinsic_sd,not_represented_by_candidate,80.41271164416827,19
N2_spline_two_part,sleeper:13287,sleeper:player:13287,Jeremiyah Love,RB,58.47515405839356,58.47515405839356,,72.23871190640516,72.23871190640516,,51.23571489038764,66.44062002163724,64.81477507441802,4.452990308803415,91.55370562246239,0.6180958497584624,0.9554986448646826,unvalidated_no_exact_total_intrinsic_sd,not_represented_by_candidate,61.441320511232334,19
N2_spline_two_part,sleeper:13288,sleeper:player:13288,Nicholas Singleton,RB,63.51361513752614,63.51361513752614,,75.76531988120168,75.76531988120168,,47.93936783338601,61.840921448745384,60.47103012312859,3.931603088340424,85.42852840509664,0.20271278864345865,0.35337888411830587,unvalidated_no_exact_total_intrinsic_sd,not_represented_by_candidate,43.75243889440267,91
N2_spline_two_part,sleeper:13293,sleeper:player:13293,Ja'Kobi Lane,WR,85.86978274780898,85.86978274780898,,81.96514519005112,81.96514519005112,,69.36894823877311,71.19260373075132,78.24599947245048,7.5269498074893235,110.40026219842497,0.3368772430624239,0.6161927211340716,unvalidated_no_exact_total_intrinsic_sd,not_represented_by_candidate,60.93765284552964,41
N2_spline_two_part,sleeper:13294,sleeper:player:13294,Makai Lemon,WR,90.17365133740714,90.17365133740714,,88.0011195378741,88.0011195378741,,76.7671109649504,79.12995416413611,86.75481161222817,8.08065243661951,122.42343620379617,0.4697602425471176,0.7958714351088947,unvalidated_no_exact_total_intrinsic_sd,not_represented_by_candidate,78.03497998724933,38
N2_spline_two_part,sleeper:13296,sleeper:player:13296,Caleb Douglas,WR,86.75036547799296,86.75036547799296,,82.1645308204486,82.1645308204486,,69.91854774222016,70.47048475112318,78.2581977110412,8.51584034820064,110.34569081357363,0.27478505550164656,0.5215420733607716,unvalidated_no_exact_total_intrinsic_sd,not_represented_by_candidate,51.44647053896257,42
N2_spline_two_part,sleeper:13298,sleeper:player:13298,KC Concepcion,WR,92.04703658638775,92.04703658638775,,89.05892517618325,89.05892517618325,,77.87321093363265,79.82760110201829,87.79446340882036,8.516787497379532,123.86767108979595,0.44376257986340384,0.7712246348561509,unvalidated_no_exact_total_intrinsic_sd,not_represented_by_candidate,61.02646091102997,30
N2_spline_two_part,sleeper:13301,sleeper:player:13301,Antonio Williams,WR,85.81120939555403,85.81120939555403,,83.21159066922091,83.21159066922091,,68.10116459445233,70.6925996967714,77.19769846066032,6.810586624367147,108.9613931862018,0.3366023469094768,0.5394869478005022,unvalidated_no_exact_total_intrinsic_sd,not_represented_by_candidate,71.23798529715759,84
N2_spline_two_part,sleeper:13303,sleeper:player:13303,Cade Klubnik,QB,69.54381930430769,69.54381930430769,,84.43777039613222,84.43777039613222,,51.14198857518695,69.05836064606565,66.1753622295738,6.423975277873524,93.36535585569133,0.41777601778898965,0.9759118650571704,unvalidated_no_exact_total_intrinsic_sd,not_represented_by_candidate,24.622238107540525,29
N2_spline_two_part,sleeper:13305,sleeper:player:13305,Mike Washington,RB,72.23924325146514,72.23924325146514,,64.34655243939925,64.34655243939925,,56.28492734404529,52.92784419961886,61.247046274325974,9.601820808213873,86.08255567666312,0.253227157677427,0.4978588437145734,unvalidated_no_exact_total_intrinsic_sd,not_represented_by_candidate,60.302239505757996,53
N2_spline_two_part,sleeper:13311,sleeper:player:13311,Chris Bell,WR,90.52228297730613,90.52228297730613,,87.51954684790155,87.51954684790155,,72.97517765470973,75.21269029693049,82.46543021201612,7.68773226697099,116.37006974603554,0.3119352627637392,0.5377070126995955,unvalidated_no_exact_total_intrinsic_sd,not_represented_by_candidate,70.10593842671467,72
N2_spline_two_part,sleeper:13317,sleeper:player:13317,Ted Hurst,WR,76.17019771964439,76.17019771964439,,90.61339860120796,90.61339860120796,,60.65098497317661,76.56939142618235,75.61879562233054,3.768048078216623,106.87472253261686,0.21936143157288662,0.37435670074903465,unvalidated_no_exact_total_intrinsic_sd,not_represented_by_candidate,54.60466529496631,95
N2_spline_two_part,sleeper:13320,sleeper:player:13320,Zachariah Branch,WR,89.46243593632116,89.46243593632116,,86.42605368026408,86.42605368026408,,71.99385984722932,73.5293374318463,81.03740571205074,8.069834575635973,114.31972716465387,0.3071226610839897,0.5068635830477927,unvalidated_no_exact_total_intrinsic_sd,not_represented_by_candidate,67.39401467200396,78
N2_spline_two_part,sleeper:13329,sleeper:player:13329,Malik Benson,WR,74.5028122978219,74.5028122978219,,81.82231251565379,81.82231251565379,,58.72807140227293,68.91980756267994,70.50809141071424,0.12429972789573895,99.71342165596823,0.17394023294115157,0.2916313829426288,unvalidated_no_exact_total_intrinsic_sd,not_represented_by_candidate,46.07360679711583,89
N2_spline_two_part,sleeper:13330,sleeper:player:13330,Kenyon Sadiq,TE,76.97155343796652,76.97155343796652,,77.50648681739455,77.50648681739455,,62.19357018531443,67.27557507993609,71.81407159668682,4.257931662263445,101.47113765277108,0.4642935853253203,0.7295643310599605,unvalidated_no_exact_total_intrinsic_sd,not_represented_by_candidate,106.054738218885,89
N2_spline_two_part,sleeper:13337,sleeper:player:13337,Emmett Johnson,RB,74.92078148087545,74.92078148087545,,67.08179114448622,67.08179114448622,,58.42893229565217,55.38161705512939,63.777969424125445,9.651374128973366,89.67781077363531,0.268760200940759,0.5154573095304718,unvalidated_no_exact_total_intrinsic_sd,not_represented_by_candidate,63.50021410577096,64
N2_spline_two_part,sleeper:13345,sleeper:player:13345,Jonah Coleman,RB,69.59601708252764,69.59601708252764,,65.73729207260989,65.73729207260989,,53.024577902897974,54.07694757241773,59.64810641739211,6.000296596391472,84.14148583853509,0.22136736482280686,0.42966492861531935,unvalidated_no_exact_total_intrinsic_sd,not_represented_by_candidate,60.19709388707743,64
N2_spline_two_part,sleeper:13346,sleeper:player:13346,Denzel Boston,WR,91.56892788098143,91.56892788098143,,87.15166448895796,87.15166448895796,,76.2655698679177,76.07084772472757,84.98886967269816,9.864546906614386,119.78692186884572,0.36974762776280856,0.6601341868307007,unvalidated_no_exact_total_intrinsic_sd,not_represented_by_candidate,72.37527801028521,47
N2_spline_two_part,sleeper:13347,sleeper:player:13347,Demond Claiborne,RB,67.49923214313527,67.49923214313527,,73.14986360752889,73.14986360752889,,52.03733937671772,60.45320468522804,62.16241216916408,0.5542980851328068,87.90917885528731,0.1951661319487802,0.36275939833190796,unvalidated_no_exact_total_intrinsic_sd,not_represented_by_candidate,44.633917696217864,89
N2_spline_two_part,sleeper:13349,sleeper:player:13349,Eli Stowers,TE,79.7228442143859,79.7228442143859,,81.93227161709834,81.93227161709834,,62.39161213142385,67.51459874235795,72.05487635826265,4.253572720356658,101.81216790306388,0.2680986368298499,0.41295881216141145,unvalidated_no_exact_total_intrinsic_sd,not_represented_by_candidate,68.60734570934241,126
N2_spline_two_part,sleeper:13405,sleeper:player:13405,Kaytron Allen,RB,68.52756579416037,68.52756579416037,,63.45207574776814,63.45207574776814,,52.574712800840324,51.521735362051544,58.1611770727746,7.46405208163204,81.9129596797965,0.18799268115542203,0.3538121315304419,unvalidated_no_exact_total_intrinsic_sd,not_represented_by_candidate,35.87971422025573,65
N2_spline_two_part,sleeper:13413,sleeper:player:13413,Cyrus Allen,WR,78.32918626728161,78.32918626728161,,75.04278368430208,75.04278368430208,,62.16412424619561,63.46204326471092,69.9596846242059,6.988179350512631,98.6908318680199,0.2070728745865865,0.384159676070709,unvalidated_no_exact_total_intrinsic_sd,not_represented_by_candidate,42.72036552255963,51
N2_spline_two_part,sleeper:13414,sleeper:player:13414,Kaelon Black,RB,56.912293532080625,56.912293532080625,,50.84005436951129,50.84005436951129,,42.340173693853124,40.23911830958863,46.264935913193604,6.916384661097371,65.06191061845294,0.1459235579648573,0.2871752440559814,unvalidated_no_exact_total_intrinsic_sd,not_represented_by_candidate,45.951208537027696,57
N2_spline_two_part,sleeper:13417,sleeper:player:13417,De'Zhaun Stribling,WR,92.37061759773428,92.37061759773428,,86.73529133513202,86.73529133513202,,76.89698272877772,75.6183912086118,85.18892731875074,10.728147671239036,119.99672296768307,0.34778218428092156,0.6430996215691649,unvalidated_no_exact_total_intrinsic_sd,not_represented_by_candidate,60.09064436117866,36
N2_spline_two_part,sleeper:13424,sleeper:player:13424,Seth McGowan,RB,60.94295919813116,60.94295919813116,,54.64846183602557,54.64846183602557,,46.43574220520019,43.65021737016243,50.522382420758916,7.933098824477813,71.00766292436252,0.13782027551576803,0.27692327168246933,unvalidated_no_exact_total_intrinsic_sd,not_represented_by_candidate,40.34314627294896,63
N2_spline_two_part,sleeper:13425,sleeper:player:13425,Jalon Daniels,QB,54.0752309460088,54.0752309460088,,72.93684302696329,72.93684302696329,,36.51508750909797,55.231510900341185,50.55429696720874,8.86694224276323,70.94259100822977,0.23600773110442377,0.5400375549947449,unvalidated_no_exact_total_intrinsic_sd,not_represented_by_candidate,17.34757873561998,36
N2_spline_two_part,sleeper:13434,sleeper:player:13434,Will Kacmarek,TE,81.3504854297216,81.3504854297216,,78.15620116571611,78.15620116571611,,63.469031742582374,66.54479247418828,72.26349516848751,5.870064418593984,102.02728954379604,0.2767417411279623,0.4671954534585293,unvalidated_no_exact_total_intrinsic_sd,not_represented_by_candidate,66.32580319496972,93
N2_spline_two_part,sleeper:1373,sleeper:player:1373,Geno Smith,QB,82.94947943151158,82.94947943151158,,78.22723095148945,78.22723095148945,,61.93770918518453,58.916814138552546,67.70299520781295,10.079654592302639,95.21445102251107,0.4079236296458461,0.9486989047486674,unvalidated_no_exact_total_intrinsic_sd,not_represented_by_candidate,34.413716667429725,9
N2_spline_two_part,sleeper:1466,sleeper:player:1466,Travis Kelce,TE,59.61688345243168,59.61688345243168,,43.55965284976442,43.55965284976442,,45.63194140158776,34.81622252011634,46.229892894343,13.632429420565543,63.94187096213365,0.17530309673444217,0.28871608626336254,unvalidated_no_exact_total_intrinsic_sd,not_represented_by_candidate,12.337784776616374,20
N2_spline_two_part,sleeper:1479,sleeper:player:1479,Keenan Allen,WR,35.81021619104279,35.81021619104279,,26.150621092340458,26.150621092340458,,24.953449844497687,19.259818338952712,25.367612305602943,7.295213617929699,35.125651117716366,0.08806828056653859,0.14915392846541137,unvalidated_no_exact_total_intrinsic_sd,not_represented_by_candidate,6.073383067866011,28
N2_spline_two_part,sleeper:19,sleeper:player:19,Joe Flacco,QB,23.167178290835988,23.167178290835988,,15.135439777924171,15.135439777924171,,14.24436075811324,11.53148114213844,14.697291288121958,3.7762115192012313,20.43920176959128,0.022648574054246366,0.0430976521904209,unvalidated_no_exact_total_intrinsic_sd,not_represented_by_candidate,9.285732031764308,13
N2_spline_two_part,sleeper:2133,sleeper:player:2133,Davante Adams,WR,79.63260188350769,79.63260188350769,,77.88681712298278,77.88681712298278,,67.40191252586915,65.60338188852224,74.35686119914028,9.893182232531466,104.69006906144608,0.3164416908203369,0.6239078050428195,unvalidated_no_exact_total_intrinsic_sd,not_represented_by_candidate,27.77186062023455,24
N2_spline_two_part,sleeper:2216,sleeper:player:2216,Mike Evans,WR,52.84700381066703,52.84700381066703,,32.610571325931154,32.610571325931154,,40.60798216364745,25.957590337884582,39.28274962177233,15.762425819978723,53.27114385822194,0.09334641052001634,0.17907395375515422,unvalidated_no_exact_total_intrinsic_sd,not_represented_by_candidate,37.951877028247054,17
N2_spline_two_part,sleeper:2306,sleeper:player:2306,Jameis Winston,QB,25.544393163785198,25.544393163785198,,26.166793728373168,26.166793728373168,,15.061489275273418,17.262421316351514,17.87319991591321,0.33016648291843786,25.274365285046372,0.04230322906273635,0.11999518509694589,unvalidated_no_exact_total_intrinsic_sd,not_represented_by_candidate,12.77644991728355,28
N2_spline_two_part,sleeper:2307,sleeper:player:2307,Marcus Mariota,QB,21.52656609126038,21.52656609126038,,19.165494852445445,19.165494852445445,,12.426082352417595,12.153085415409478,13.735299248229477,1.7815657869216075,19.342774212188303,0.03756323790502247,0.09781324907605833,unvalidated_no_exact_total_intrinsic_sd,not_represented_by_candidate,20.36951036400213,52
N2_spline_two_part,sleeper:2449,sleeper:player:2449,Stefon Diggs,WR,57.37807756511269,57.37807756511269,,43.11627327156824,43.11627327156824,,43.576427604861045,34.05213510405555,44.466281012518294,12.437295851451754,61.64263107681202,0.17798430832754536,0.3190668170625015,unvalidated_no_exact_total_intrinsic_sd,not_represented_by_candidate,41.15469137303056,22
N2_spline_two_part,sleeper:2505,sleeper:player:2505,Darren Waller,TE,35.153865713662825,35.153865713662825,,25.4502808188054,25.4502808188054,,25.56110297358675,19.721144721937986,25.982308168274013,7.478410465948542,35.97546458914893,0.05915523547645893,0.1023962195314255,unvalidated_no_exact_total_intrinsic_sd,not_represented_by_candidate,43.58540394971718,43
N2_spline_two_part,sleeper:3163,sleeper:player:3163,Jared Goff,QB,82.65818031777299,82.65818031777299,,89.4478404216811,89.4478404216811,,69.5493163204304,77.86934336302615,81.60922297485834,2.8563182925794592,115.37751945215223,0.8881823958512136,1.6443261375262888,unvalidated_no_exact_total_intrinsic_sd,not_represented_by_candidate,96.74099355688907,10
N2_spline_two_part,sleeper:3198,sleeper:player:3198,Derrick Henry,RB,68.44880372456217,68.44880372456217,,86.1757170209732,86.1757170209732,,60.51198400742139,74.99808296376588,74.71086569626739,2.7509285350126618,105.62130134762903,0.49588986653501294,0.8719629612587416,unvalidated_no_exact_total_intrinsic_sd,not_represented_by_candidate,98.27245528185728,21
N2_spline_two_part,sleeper:3202,sleeper:player:3202,Austin Hooper,TE,28.11274145902914,28.11274145902914,,20.8225712105328,20.8225712105328,,20.244176281295477,15.005229773095738,20.33797165942459,6.366271328039485,28.048828350162825,0.04811478268367994,0.0852089191744353,unvalidated_no_exact_total_intrinsic_sd,not_represented_by_candidate,9.26478303316117,16
N2_spline_two_part,sleeper:3214,sleeper:player:3214,Hunter Henry,TE,59.49738825751216,59.49738825751216,,50.577445725560736,50.577445725560736,,46.47773307287089,40.64830357098588,49.22634144372811,10.137673781902958,68.87447244197755,0.20436748455205866,0.3763762268069622,unvalidated_no_exact_total_intrinsic_sd,not_represented_by_candidate,22.02520136259517,22
N2_spline_two_part,sleeper:3257,sleeper:player:3257,Jacoby Brissett,QB,92.15476522632142,92.15476522632142,,90.64968261907994,90.64968261907994,,72.834120179308,72.6857840214714,81.18251090865733,9.39352319689872,114.42448110792489,0.5567845290236638,1.2769221159151611,unvalidated_no_exact_total_intrinsic_sd,not_represented_by_candidate,20.8724380259776,3
N2_spline_two_part,sleeper:3271,sleeper:player:3271,Tyler Higbee,TE,27.88646014288142,27.88646014288142,,19.827282114287517,19.827282114287517,,20.044961154271636,15.003456885282409,20.194216643776738,6.198219381514351,27.878214580747432,0.034059972045144785,0.06331604949364539,unvalidated_no_exact_total_intrinsic_sd,not_represented_by_candidate,11.033391861991305,11
N2_spline_two_part,sleeper:3294,sleeper:player:3294,Dak Prescott,QB,66.22597258638328,66.22597258638328,,79.90061666530994,79.90061666530994,,57.127143694666564,69.3747717744284,69.78702477421466,1.5652004665579327,98.6813447474911,1.0271668215226077,1.7215951270334524,unvalidated_no_exact_total_intrinsic_sd,not_represented_by_candidate,37.87448025360641,4
N2_spline_two_part,sleeper:3634,sleeper:player:3634,Kalif Raymond,WR,33.488927886195356,33.488927886195356,,24.448410200787496,24.448410200787496,,23.68746777986157,18.5676554158334,24.194166539921802,6.719216574942703,33.54947865082197,0.0551499338438449,0.10154706876282987,unvalidated_no_exact_total_intrinsic_sd,not_represented_by_candidate,3.7629218461719667,19
N2_spline_two_part,sleeper:4017,sleeper:player:4017,Deshaun Watson,QB,90.25120355258653,90.25120355258653,,83.38361561075767,83.38361561075767,,68.73224917081257,66.11277201554253,75.46399538582305,10.6559340139612,106.18888957642015,0.7077668711050098,1.2809278354175095,unvalidated_no_exact_total_intrinsic_sd,not_represented_by_candidate,99.11793087177881,35
N2_spline_two_part,sleeper:4033,sleeper:player:4033,David Njoku,TE,44.66393179492022,44.66393179492022,,37.700585430417256,37.700585430417256,,33.36268872660513,29.041208456419135,35.276736480002725,7.376012307851536,49.34055852737718,0.10575557438975841,0.19427371735858368,unvalidated_no_exact_total_intrinsic_sd,not_represented_by_candidate,16.546713570622984,2
N2_spline_two_part,sleeper:4034,sleeper:player:4034,Christian McCaffrey,RB,70.58845738158263,70.58845738158263,,92.90340954736698,92.90340954736698,,64.27447471234021,83.56040787632477,81.42250237253748,5.739091185155466,115.0056981961338,0.5109295490293417,0.9286971611104673,unvalidated_no_exact_total_intrinsic_sd,not_represented_by_candidate,103.53215719023439,14
N2_spline_two_part,sleeper:4035,sleeper:player:4035,Alvin Kamara,RB,25.187318824360133,25.187318824360133,,18.161597198057777,18.161597198057777,,17.065348899190266,12.25383585118287,16.993925649738934,5.652150161832102,23.358942966791346,0.04031618539940783,0.0790379231268363,unvalidated_no_exact_total_intrinsic_sd,not_represented_by_candidate,18.329252616782078,21
N2_spline_two_part,sleeper:4037,sleeper:player:4037,Chris Godwin,WR,54.23776882393859,54.23776882393859,,41.24548122833824,41.24548122833824,,41.55673078279196,32.70764839257666,42.4990253672648,11.69194520173653,58.954497129009795,0.12041219204573486,0.23525067138294892,unvalidated_no_exact_total_intrinsic_sd,not_represented_by_candidate,50.27613328146958,28
N2_spline_two_part,sleeper:4039,sleeper:player:4039,Cooper Kupp,WR,34.53430980337759,34.53430980337759,,23.808783991654636,23.808783991654636,,24.354079360070365,17.28760273707379,24.17720977039178,8.210674478523998,33.19126043359562,0.07846673132808757,0.13387764209521313,unvalidated_no_exact_total_intrinsic_sd,not_represented_by_candidate,15.006402544976282,12
N2_spline_two_part,sleeper:4046,sleeper:player:4046,Patrick Mahomes,QB,71.48551948312011,71.48551948312011,,79.96631991413514,79.96631991413514,,61.49680924662189,70.35616089172225,72.91308160737488,1.4399616153592802,103.10461410389793,0.9918090976821664,1.7093203435072013,unvalidated_no_exact_total_intrinsic_sd,not_represented_by_candidate,66.05739434905149,1
N2_spline_two_part,sleeper:4054,sleeper:player:4054,Mo Alie-Cox,TE,24.777074462020106,24.777074462020106,,18.02003835830699,18.02003835830699,,18.12610913070877,13.819947879866033,18.359740283544852,5.4222804178992465,25.392105104305664,0.024126788329242317,0.04446195962952822,unvalidated_no_exact_total_intrinsic_sd,not_represented_by_candidate,2.348366359226741,6
N2_spline_two_part,sleeper:4066,sleeper:player:4066,Evan Engram,TE,44.04465506539902,44.04465506539902,,37.65641889957992,37.65641889957992,,33.180413970596604,29.61275306080775,35.400342410629214,6.808137788573514,49.59856596144071,0.09932560884325083,0.18241405517488551,unvalidated_no_exact_total_intrinsic_sd,not_represented_by_candidate,38.489461792720306,37
N2_spline_two_part,sleeper:4137,sleeper:player:4137,James Conner,RB,15.286839301909147,15.286839301909147,,13.609846526193548,13.609846526193548,,10.000748182220233,10.624509170004993,11.453601136008617,0.824428079558591,16.176843830215805,0.015106810392728353,0.025258597381435044,unvalidated_no_exact_total_intrinsic_sd,not_represented_by_candidate,2.8175645827845326,1
N2_spline_two_part,sleeper:4147,sleeper:player:4147,Samaje Perine,RB,27.176474792635947,27.176474792635947,,19.69170878174569,19.69170878174569,,17.76147962210724,12.41967820548277,17.562625708710037,6.124040175329856,24.070475182252455,0.06664931231159318,0.12374092540821453,unvalidated_no_exact_total_intrinsic_sd,not_represented_by_candidate,15.361581635079858,14
N2_spline_two_part,sleeper:4177,sleeper:player:4177,Mack Hollins,WR,25.453731413030944,25.453731413030944,,15.69213458747801,15.69213458747801,,18.166305376141853,11.895195200518714,17.67193279903019,6.847081037345806,24.035638102095344,0.028029143167738534,0.04761107605018741,unvalidated_no_exact_total_intrinsic_sd,not_represented_by_candidate,3.753250811262072,13
N2_spline_two_part,sleeper:4179,sleeper:player:4179,Joshua Dobbs,QB,25.875253789558744,25.875253789558744,,26.986315591710028,26.986315591710028,,15.867760560312494,16.666376929193287,18.08070666122058,1.4461391449234693,25.529053807607767,0.053678989370985565,0.16494795626187486,unvalidated_no_exact_total_intrinsic_sd,not_represented_by_candidate,3.1149634990519157,4
N2_spline_two_part,sleeper:4199,sleeper:player:4199,Aaron Jones,RB,48.71439028020946,48.71439028020946,,38.024690454766024,38.024690454766024,,35.481747001943894,28.444524814027954,36.49582287245043,9.608315773517116,50.7106541297875,0.12712628674813858,0.272444429122878,unvalidated_no_exact_total_intrinsic_sd,not_represented_by_candidate,17.369695890963612,9
N2_spline_two_part,sleeper:421,sleeper:player:421,Matthew Stafford,QB,135.02516850003494,135.02516850003494,,139.232316129792,139.232316129792,,109.86232857892216,115.16695293891989,125.07586752681625,10.174855793714215,176.59110279045345,0.7551020513775916,1.0944405894189164,unvalidated_no_exact_total_intrinsic_sd,not_represented_by_candidate,73.92115152590839,11
N2_spline_two_part,sleeper:4217,sleeper:player:4217,George Kittle,TE,72.40591533947234,72.40591533947234,,67.49800276635237,67.49800276635237,,57.69368083202807,55.14580309282761,63.1849452078095,9.196785972655917,88.88247144179181,0.32676254598260596,0.5385855267032776,unvalidated_no_exact_total_intrinsic_sd,not_represented_by_candidate,11.695229139994893,16
N2_spline_two_part,sleeper:4454,sleeper:player:4454,Kendrick Bourne,WR,25.13869564343774,25.13869564343774,,22.332310909998387,22.332310909998387,,17.683754350896653,15.818405076355011,18.882640836683116,3.602393530595661,26.45998886592865,0.043550453650223274,0.07754977043857975,unvalidated_no_exact_total_intrinsic_sd,not_represented_by_candidate,10.224487754399043,26
N2_spline_two_part,sleeper:4866,sleeper:player:4866,Saquon Barkley,RB,75.32398726020014,75.32398726020014,,83.88107115247169,83.88107115247169,,66.50491194860216,72.87522811209811,77.25165271846092,3.8768228453209517,109.18152746730271,0.41365506263322854,0.8204272213919428,unvalidated_no_exact_total_intrinsic_sd,not_represented_by_candidate,36.67290129392211,13
N2_spline_two_part,sleeper:4881,sleeper:player:4881,Lamar Jackson,QB,52.12674180801688,52.12674180801688,,68.04544736398623,68.04544736398623,,42.960007483334905,60.90339706391419,57.180912140170044,7.486698017843331,80.51871073951267,1.121257624906771,1.7511336583782178,unvalidated_no_exact_total_intrinsic_sd,not_represented_by_candidate,83.65130926087141,11
N2_spline_two_part,sleeper:4892,sleeper:player:4892,Baker Mayfield,QB,82.96409428394064,82.96409428394064,,92.70793294850485,92.70793294850485,,70.05194451660951,79.07955717910619,82.52219146388713,2.4091727772138682,116.6791329010223,0.8534274544737275,1.5801082074279942,unvalidated_no_exact_total_intrinsic_sd,not_represented_by_candidate,30.676501680488457,7
N2_spline_two_part,sleeper:4943,sleeper:player:4943,Sam Darnold,QB,80.27171402497915,80.27171402497915,,87.27790770594483,87.27790770594483,,67.34824775915527,74.64884603119032,78.65087137779527,3.3122193377469813,111.17980185281698,0.7899707900903999,1.5585242026384285,unvalidated_no_exact_total_intrinsic_sd,not_represented_by_candidate,52.03962660647369,11
N2_spline_two_part,sleeper:4981,sleeper:player:4981,Calvin Ridley,WR,38.76465410331604,38.76465410331604,,27.517424238648058,27.517424238648058,,28.6013690784167,20.798323255268595,28.580361359549403,9.284375164722634,39.33795226858575,0.058822602172354896,0.11974768216746012,unvalidated_no_exact_total_intrinsic_sd,not_represented_by_candidate,12.164700767786478,14
N2_spline_two_part,sleeper:4983,sleeper:player:4983,DJ Moore,WR,72.65529291116535,72.65529291116535,,64.33920706621974,64.33920706621974,,60.30160905865674,53.17401424838634,64.05603222616031,12.838142405399097,89.67459299431735,0.3003160809181794,0.5896768124784414,unvalidated_no_exact_total_intrinsic_sd,not_represented_by_candidate,30.59570815540488,11
N2_spline_two_part,sleeper:4984,sleeper:player:4984,Josh Allen,QB,40.94739230408586,40.94739230408586,,55.806313005330686,55.806313005330686,,35.21608873946384,50.231750843490715,47.04429959819054,6.358764555877773,66.22611541296631,1.216473165990542,1.7944563263035853,unvalidated_no_exact_total_intrinsic_sd,not_represented_by_candidate,89.46742966285126,0
N2_spline_two_part,sleeper:4993,sleeper:player:4993,Mike Gesicki,TE,42.399730838825306,42.399730838825306,,35.23810951116653,35.23810951116653,,31.463057360469858,27.663529668629565,33.387067158883816,6.756698570814521,46.73049894198424,0.08702937931928588,0.16129838340756492,unvalidated_no_exact_total_intrinsic_sd,not_represented_by_candidate,37.32704023266929,42
N2_spline_two_part,sleeper:5001,sleeper:player:5001,Dalton Schultz,TE,67.9283114178508,67.9283114178508,,55.52539181124284,55.52539181124284,,54.36977342944426,45.24404720618368,56.60672602539614,13.525483308559913,78.90313152149533,0.2161534284719821,0.39786388573810083,unvalidated_no_exact_total_intrinsic_sd,not_represented_by_candidate,36.099971543512396,17
N2_spline_two_part,sleeper:5008,sleeper:player:5008,Durham Smythe,TE,35.60905102177403,35.60905102177403,,29.8836933846996,29.8836933846996,,26.7916008817826,22.473855350655725,27.968823043284942,6.535500258666449,39.010221240363975,0.050184252978802475,0.09281433014057133,unvalidated_no_exact_total_intrinsic_sd,not_represented_by_candidate,4.980483668312242,3
N2_spline_two_part,sleeper:5012,sleeper:player:5012,Mark Andrews,TE,63.51669681937666,63.51669681937666,,61.30401560383894,61.30401560383894,,49.70600461749182,49.814695957261286,55.50163821232524,6.258986095746778,78.24122175398932,0.25559248640990156,0.46363001286872174,unvalidated_no_exact_total_intrinsic_sd,not_represented_by_candidate,14.915911554288698,14
N2_spline_two_part,sleeper:5022,sleeper:player:5022,Dallas Goedert,TE,69.67032413256281,69.67032413256281,,67.54078167441483,67.54078167441483,,55.48331433709731,55.40916321719391,61.861081534498574,7.127696762110119,87.1939376109553,0.30080465361339076,0.5226931793435632,unvalidated_no_exact_total_intrinsic_sd,not_represented_by_candidate,7.46047217152946,13
N2_spline_two_part,sleeper:5045,sleeper:player:5045,Courtland Sutton,WR,73.25219300713367,73.25219300713367,,59.77678450763361,59.77678450763361,,59.88814887311303,48.82430833091068,61.9328416507494,15.629363773063112,86.18048931122905,0.2505034884267418,0.4909066151213359,unvalidated_no_exact_total_intrinsic_sd,not_represented_by_candidate,36.343094859764506,16
N2_spline_two_part,sleeper:5127,sleeper:player:5127,Kyle Allen,QB,24.523230906484514,24.523230906484514,,41.83926040591814,41.83926040591814,,13.929937149139656,29.3187217777701,24.267389532601385,9.34232990767019,33.0232230612076,0.07313835747940996,0.21970015522393416,unvalidated_no_exact_total_intrinsic_sd,not_represented_by_candidate,7.085409117937953,11
N2_spline_two_part,sleeper:5844,sleeper:player:5844,T.J. Hockenson,TE,53.84540933236895,53.84540933236895,,54.611101123801305,54.611101123801305,,41.47320840880539,44.2371326246809,47.58409426396413,3.2908988261526346,67.21355546881654,0.1621165009975439,0.3084304969842747,unvalidated_no_exact_total_intrinsic_sd,not_represented_by_candidate,41.299247898117684,29
N2_spline_two_part,sleeper:5846,sleeper:player:5846,DK Metcalf,WR,75.43952525297624,75.43952525297624,,63.21766922583328,63.21766922583328,,62.63511868340268,52.17144227203671,65.23273207804064,15.545983839345759,90.9337179224388,0.2891491578701543,0.5748706275034928,unvalidated_no_exact_total_intrinsic_sd,not_represented_by_candidate,35.67650662912868,10
N2_spline_two_part,sleeper:5848,sleeper:player:5848,Marquise Brown,WR,32.00809175192641,32.00809175192641,,35.95069420207966,35.95069420207966,,22.17830487685788,28.768166930634912,28.060604634590227,1.9334414620545246,39.63655975271292,0.07247844937630538,0.11816302508735878,unvalidated_no_exact_total_intrinsic_sd,not_represented_by_candidate,3.377646058335529,12
N2_spline_two_part,sleeper:5849,sleeper:player:5849,Kyler Murray,QB,105.0621187727246,105.0621187727246,,96.79877697549527,96.79877697549527,,84.03959990553545,78.71780992381814,91.30923368637322,14.560042249746537,128.30727758966373,0.6626587290294264,1.2765534492737718,unvalidated_no_exact_total_intrinsic_sd,not_represented_by_candidate,46.02585293545235,16
N2_spline_two_part,sleeper:5850,sleeper:player:5850,Josh Jacobs,RB,50.35126975842279,50.35126975842279,,43.42358928047511,43.42358928047511,,37.65679434328446,32.14786487780366,39.54763485839917,8.781442817578647,55.23510756600493,0.19504627703362257,0.3976479806118075,unvalidated_no_exact_total_intrinsic_sd,not_represented_by_candidate,24.83644248255736,30
N2_spline_two_part,sleeper:5854,sleeper:player:5854,Drew Lock,QB,25.074554627824725,25.074554627824725,,42.397410036226006,42.397410036226006,,13.867163041684217,30.67180735061899,25.100158067260637,10.373292225390635,33.9474693962538,0.07248551594037872,0.1813983228639886,unvalidated_no_exact_total_intrinsic_sd,not_represented_by_candidate,5.603306424865947,9
N2_spline_two_part,sleeper:5857,sleeper:player:5857,Noah Fant,TE,40.602438300635576,40.602438300635576,,33.525028022058734,33.525028022058734,,30.394449978278818,25.618878139926053,31.78157601025316,7.325643025440421,44.344921937633565,0.08376587467122601,0.15566266193762987,unvalidated_no_exact_total_intrinsic_sd,not_represented_by_candidate,16.12533859406546,19
N2_spline_two_part,sleeper:5859,sleeper:player:5859,A.J. Brown,WR,75.5609418170238,75.5609418170238,,81.74122779731621,81.74122779731621,,66.70003855585549,71.93414303406263,76.91202122815118,4.722614430366917,108.66745111458741,0.43540951107915626,0.8216657119858086,unvalidated_no_exact_total_intrinsic_sd,not_represented_by_candidate,27.949916304995497,10
N2_spline_two_part,sleeper:5870,sleeper:player:5870,Daniel Jones,QB,84.00726690861246,84.00726690861246,,90.47537004092104,90.47537004092104,,69.7842514237122,76.84042893649307,81.24420753416874,3.7994038035391355,114.83382361677161,0.7977849996679536,1.5220589436337817,unvalidated_no_exact_total_intrinsic_sd,not_represented_by_candidate,36.841069648019186,8
N2_spline_two_part,sleeper:5872,sleeper:player:5872,Deebo Samuel,WR,58.151239943448424,58.151239943448424,,44.144376744921885,44.144376744921885,,45.05392908926854,33.542086580455575,45.31959546024906,14.061682171499111,62.529997280257405,0.1986013374979349,0.3812243132458999,unvalidated_no_exact_total_intrinsic_sd,not_represented_by_candidate,11.788525658585101,11
N2_spline_two_part,sleeper:5892,sleeper:player:5892,David Montgomery,RB,69.02568369644823,69.02568369644823,,64.24603579111306,64.24603579111306,,58.84221621867869,53.69518278898409,63.29788919456141,11.221114220835886,88.81065335091789,0.33436646530445924,0.7091003489380511,unvalidated_no_exact_total_intrinsic_sd,not_represented_by_candidate,18.67013824232069,4
N2_spline_two_part,sleeper:5906,sleeper:player:5906,Dawson Knox,TE,36.3775207823186,36.3775207823186,,28.998745997497064,28.998745997497064,,26.244705284572337,21.92584967987795,27.360512267086612,6.466573098174667,38.149425885598305,0.0845396298342209,0.15624872701174222,unvalidated_no_exact_total_intrinsic_sd,not_represented_by_candidate,15.225424480886929,18
N2_spline_two_part,sleeper:5927,sleeper:player:5927,Terry McLaurin,WR,79.70242759690245,79.70242759690245,,68.07022614048579,68.07022614048579,,65.14899281417577,56.406381858929706,68.75630508957816,14.62303299897269,96.13025478512611,0.24913676433100873,0.4741249572944779,unvalidated_no_exact_total_intrinsic_sd,not_represented_by_candidate,22.756385167429613,6
N2_spline_two_part,sleeper:5947,sleeper:player:5947,Jakobi Meyers,WR,58.55773448473839,58.55773448473839,,45.461245829761324,45.461245829761324,,45.18511331897406,35.40067259985858,46.14440878255317,12.83036036773013,63.98433227452578,0.19224738614036213,0.3700487598932306,unvalidated_no_exact_total_intrinsic_sd,not_represented_by_candidate,9.358391854731323,10
N2_spline_two_part,sleeper:5967,sleeper:player:5967,Tony Pollard,RB,66.72010376158858,66.72010376158858,,54.035176931241345,54.035176931241345,,55.27893551656686,43.14464485396821,56.38688736376022,15.8150892820898,78.15910109607385,0.2718191989791836,0.5832186556372652,unvalidated_no_exact_total_intrinsic_sd,not_represented_by_candidate,44.56166927346786,11
N2_spline_two_part,sleeper:5973,sleeper:player:5973,Josh Oliver,TE,31.218346807547423,31.218346807547423,,27.479906501407545,27.479906501407545,,22.65099414631197,20.378877286707297,24.237982177676177,4.529606184719153,33.97708386401119,0.05741224720366781,0.10584021860501097,unvalidated_no_exact_total_intrinsic_sd,not_represented_by_candidate,9.580608519802297,18
N2_spline_two_part,sleeper:5995,sleeper:player:5995,Justice Hill,RB,35.71084298377899,35.71084298377899,,26.334423444689826,26.334423444689826,,24.915408738965247,19.02184375027302,25.24657627913637,7.434815318548203,34.921379537692715,0.0862751180979769,0.16734271282776964,unvalidated_no_exact_total_intrinsic_sd,not_represented_by_candidate,23.667313386642356,24
N2_spline_two_part,sleeper:6001,sleeper:player:6001,Drew Sample,TE,27.81654550576829,27.81654550576829,,23.265786895150725,23.265786895150725,,20.37179587705361,18.36730696472944,21.81622652708967,4.0456472134785475,30.58640577751259,0.03402875451772364,0.05986288408514295,unvalidated_no_exact_total_intrinsic_sd,not_represented_by_candidate,4.038962573208046,7
N2_spline_two_part,sleeper:6039,sleeper:player:6039,Ty Johnson,RB,28.96898758640967,28.96898758640967,,27.151670493328076,27.151670493328076,,19.6500282242528,18.23059200004494,21.271234704911517,3.530921270582411,29.874126710647346,0.07992060464808155,0.14690692351575074,unvalidated_no_exact_total_intrinsic_sd,not_represented_by_candidate,16.63280568639418,26
N2_spline_two_part,sleeper:6136,sleeper:player:6136,Jarrett Stidham,QB,24.276834509738443,24.276834509738443,,47.518164885955436,47.518164885955436,,14.675201566101967,36.058301747215616,28.884456491821727,13.578201681176607,38.52604434354995,0.059850298845018746,0.14520506562872618,unvalidated_no_exact_total_intrinsic_sd,not_represented_by_candidate,5.452841825346502,9
N2_spline_two_part,sleeper:6271,sleeper:player:6271,Olamide Zaccheaus,WR,30.536751886594928,30.536751886594928,,24.216532269984555,24.216532269984555,,21.351737584891318,17.339304738184865,22.05283021418711,5.6213292738190574,30.676624620496185,0.06332468587958025,0.11334898930379583,unvalidated_no_exact_total_intrinsic_sd,not_represented_by_candidate,16.120964608344842,22
N2_spline_two_part,sleeper:6768,sleeper:player:6768,Tua Tagovailoa,QB,67.86689392930396,67.86689392930396,,64.54021579976367,64.54021579976367,,52.77357000504,50.30088798647322,57.73186145315885,8.515142934057096,81.1999260745109,0.4830132569257803,1.154614434840401,unvalidated_no_exact_total_intrinsic_sd,not_represented_by_candidate,59.95997637630097,25
N2_spline_two_part,sleeper:6770,sleeper:player:6770,Joe Burrow,QB,73.39697523157575,73.39697523157575,,84.25687833032839,84.25687833032839,,61.55122284446288,71.3161885537011,73.43127876942572,0.7925931877444086,103.84448564784248,1.0461405866121092,1.6671996170558097,unvalidated_no_exact_total_intrinsic_sd,not_represented_by_candidate,89.3410479563646,12
N2_spline_two_part,sleeper:6783,sleeper:player:6783,Jerry Jeudy,WR,58.897094039311106,58.897094039311106,,52.2400843506202,52.2400843506202,,46.158547554246596,41.42649269166377,49.34784784069314,9.304124451382538,69.16540639083668,0.22731917044529484,0.437683753065618,unvalidated_no_exact_total_intrinsic_sd,not_represented_by_candidate,19.00465473290275,16
N2_spline_two_part,sleeper:6786,sleeper:player:6786,CeeDee Lamb,WR,69.6305539628419,69.6305539628419,,79.21738162021765,79.21738162021765,,61.29095342882482,70.80901996595378,73.01661403040637,0.9377934890994979,103.25682733990269,0.5080200891002711,0.8765682026092276,unvalidated_no_exact_total_intrinsic_sd,not_represented_by_candidate,37.49159093105715,14
N2_spline_two_part,sleeper:6790,sleeper:player:6790,D'Andre Swift,RB,71.51721362229492,71.51721362229492,,73.42720381133744,73.42720381133744,,62.77232526708794,63.44130527915051,70.34119651769558,7.520133412838511,99.19281954121098,0.3786359185150784,0.7967889906421586,unvalidated_no_exact_total_intrinsic_sd,not_represented_by_candidate,30.056056421950643,9
N2_spline_two_part,sleeper:6794,sleeper:player:6794,Justin Jefferson,WR,67.07680934326841,67.07680934326841,,77.77127032877421,77.77127032877421,,60.138165893945555,70.456242405336,72.1406588125867,0.21280587199846934,102.02207614770897,0.5181060133900661,0.9092947540599887,unvalidated_no_exact_total_intrinsic_sd,not_represented_by_candidate,20.354150403785184,2
N2_spline_two_part,sleeper:6797,sleeper:player:6797,Justin Herbert,QB,56.1949935057353,56.1949935057353,,70.17852948627967,70.17852948627967,,49.22036746690427,63.422976382359735,62.0493129534933,3.9857880893862756,87.66041278312353,1.0638748680089065,1.7680698431449688,unvalidated_no_exact_total_intrinsic_sd,not_represented_by_candidate,42.062592224362334,6
N2_spline_two_part,sleeper:6801,sleeper:player:6801,Tee Higgins,WR,69.7812458073518,69.7812458073518,,79.86092014098597,79.86092014098597,,61.8068275841842,70.7748320280071,73.31289153669275,1.40098730632144,103.67061958679169,0.4618748257764896,0.8551761234060384,unvalidated_no_exact_total_intrinsic_sd,not_represented_by_candidate,25.905991107021975,6
N2_spline_two_part,sleeper:6804,sleeper:player:6804,Jordan Love,QB,68.57163410446523,68.57163410446523,,79.58982729574079,79.58982729574079,,58.43441185379934,69.6349281902433,70.69833684352126,0.6419855417213398,99.98048569318021,0.9325799797485984,1.665192436981913,unvalidated_no_exact_total_intrinsic_sd,not_represented_by_candidate,29.616374826533388,6
N2_spline_two_part,sleeper:6806,sleeper:player:6806,J.K. Dobbins,RB,63.553758209510946,63.553758209510946,,56.874260243498135,56.874260243498135,,49.54395814645091,45.456534801394,53.40478399997925,9.270018030476116,74.95471081849044,0.22472412358221028,0.4743184066109507,unvalidated_no_exact_total_intrinsic_sd,not_represented_by_candidate,53.0936583791198,23
N2_spline_two_part,sleeper:6813,sleeper:player:6813,Jonathan Taylor,RB,55.451017655009075,55.451017655009075,,77.12175679476543,77.12175679476543,,50.86306538668034,70.25157632960239,66.67378594878214,7.523158319459434,93.990369476816,0.5775008805765075,0.9753811883542628,unvalidated_no_exact_total_intrinsic_sd,not_represented_by_candidate,63.44398104911261,11
N2_spline_two_part,sleeper:6819,sleeper:player:6819,Michael Pittman,WR,69.40824146916145,69.40824146916145,,53.68000773379018,53.68000773379018,,57.1923650197654,43.44089981596823,57.86499392905427,17.227460149763544,79.99956038383763,0.2616956074303826,0.5007435715606832,unvalidated_no_exact_total_intrinsic_sd,not_represented_by_candidate,44.30448273103755,18
N2_spline_two_part,sleeper:6826,sleeper:player:6826,Cole Kmet,TE,47.74427307530645,47.74427307530645,,43.06640157576309,43.06640157576309,,36.31413894052015,34.082485971451206,39.48599169512279,6.242421985068635,55.49161421381562,0.15054075005844292,0.2830034075115938,unvalidated_no_exact_total_intrinsic_sd,not_represented_by_candidate,20.284552046210457,8
N2_spline_two_part,sleeper:6847,sleeper:player:6847,Devin Duvernay,WR,10.79845243994306,10.79845243994306,,14.393994473470407,14.393994473470407,,6.646154225964919,11.431276752653874,10.006323135040809,2.6098663617222417,13.908328545862604,0.010625193715616254,0.022198060994193018,unvalidated_no_exact_total_intrinsic_sd,not_represented_by_candidate,3.9448014828632196,0
N2_spline_two_part,sleeper:6865,sleeper:player:6865,Colby Parkinson,TE,57.7455754542943,57.7455754542943,,47.45284250890702,47.45284250890702,,44.713687582860565,37.907707971917944,46.846817181600926,10.61831543572077,65.39495345514219,0.18643991594899287,0.3533731239061335,unvalidated_no_exact_total_intrinsic_sd,not_represented_by_candidate,22.72894473390147,7
N2_spline_two_part,sleeper:6869,sleeper:player:6869,Adam Trautman,TE,33.673358351306796,33.673358351306796,,30.150870151814622,30.150870151814622,,24.66108023634744,23.46871762057265,26.961323891198745,4.005769720031587,37.918066681759065,0.0569435771983299,0.10359773290584094,unvalidated_no_exact_total_intrinsic_sd,not_represented_by_candidate,5.970566142796461,8
N2_spline_two_part,sleeper:6904,sleeper:player:6904,Jalen Hurts,QB,40.02786139873707,40.02786139873707,,53.79097486416408,53.79097486416408,,34.39483392531062,49.18940607889299,46.01919089328807,6.303737055486156,64.77495472851422,1.1934508626754636,1.805083971554871,unvalidated_no_exact_total_intrinsic_sd,not_represented_by_candidate,84.72639532318442,6
N2_spline_two_part,sleeper:7002,sleeper:player:7002,Juwan Johnson,TE,63.299989523166566,63.299989523166566,,51.416254376466696,51.416254376466696,,49.73975397331396,41.26474053447176,51.733522400416554,12.46501584116102,72.09256591347271,0.20392342631377497,0.36788334441516873,unvalidated_no_exact_total_intrinsic_sd,not_represented_by_candidate,31.635576329275267,18
N2_spline_two_part,sleeper:7021,sleeper:player:7021,Rico Dowdle,RB,67.26135630578692,67.26135630578692,,56.65020279143669,56.65020279143669,,56.479453927478154,45.81204359186584,58.31192534024094,14.90833434323337,81.10673733347949,0.28054779331436364,0.611424927479616,unvalidated_no_exact_total_intrinsic_sd,not_represented_by_candidate,39.45488137626592,10
N2_spline_two_part,sleeper:7049,sleeper:player:7049,Jauan Jennings,WR,54.164599583865645,54.164599583865645,,44.35779509133804,44.35779509133804,,41.052475765130026,33.925415349397426,42.643030575398335,10.383491810420882,59.405716990300164,0.19105791305511557,0.3581958213840486,unvalidated_no_exact_total_intrinsic_sd,not_represented_by_candidate,16.548491445848967,18
N2_spline_two_part,sleeper:7083,sleeper:player:7083,Tyler Huntley,QB,31.359837109510593,31.359837109510593,,28.927531090238215,28.927531090238215,,19.165065986644183,18.501752703446442,21.07283951553734,2.922789760407502,29.657822416887605,0.06700905595817076,0.19518970252951606,unvalidated_no_exact_total_intrinsic_sd,not_represented_by_candidate,5.209423151814647,11
N2_spline_two_part,sleeper:7090,sleeper:player:7090,Darnell Mooney,WR,33.547775788237615,33.547775788237615,,25.497357845867068,25.497357845867068,,23.89937079091518,18.300033707203646,24.23825101547887,7.09269081882327,33.53623952573253,0.07557479322689177,0.13761008905396574,unvalidated_no_exact_total_intrinsic_sd,not_represented_by_candidate,17.27793043132852,19
N2_spline_two_part,sleeper:7523,sleeper:player:7523,Trevor Lawrence,QB,54.034977856641206,54.034977856641206,,65.39982232812874,65.39982232812874,,47.57961253226799,59.893922958042445,59.23000285181436,2.830688684757874,83.71602998961345,1.114220362186976,1.7865781770693503,unvalidated_no_exact_total_intrinsic_sd,not_represented_by_candidate,45.40944488203763,5
N2_spline_two_part,sleeper:7525,sleeper:player:7525,DeVonta Smith,WR,74.27088370948111,74.27088370948111,,78.54738784940771,78.54738784940771,,65.50145332464795,68.65234850986089,74.56630810370423,6.074913527576271,105.27755712432524,0.3993227075903494,0.7894062058770301,unvalidated_no_exact_total_intrinsic_sd,not_represented_by_candidate,14.625228128054658,9
N2_spline_two_part,sleeper:7526,sleeper:player:7526,Jaylen Waddle,WR,76.7720192241741,76.7720192241741,,78.92779186450268,78.92779186450268,,66.84945782238998,68.06708040128952,75.14829080447645,7.6435735590998135,106.00050473896314,0.3781482300755715,0.7495911626976746,unvalidated_no_exact_total_intrinsic_sd,not_represented_by_candidate,26.098739907726497,9
N2_spline_two_part,sleeper:7527,sleeper:player:7527,Mac Jones,QB,43.0508514833516,43.0508514833516,,50.978387474247214,50.978387474247214,,26.716395461391823,35.45285470559842,34.231681198892765,2.9057513826118075,48.32362366697791,0.16693434278590683,0.46208843143623546,unvalidated_no_exact_total_intrinsic_sd,not_represented_by_candidate,27.67103104686548,72
N2_spline_two_part,sleeper:7528,sleeper:player:7528,Najee Harris,RB,42.1737589163742,42.1737589163742,,31.22991407013621,31.22991407013621,,30.445985060188107,22.76372327404332,30.663073280406234,9.432297235663597,42.32587736665619,0.10151679908246007,0.20672871536389886,unvalidated_no_exact_total_intrinsic_sd,not_represented_by_candidate,10.253310724873039,14
N2_spline_two_part,sleeper:7543,sleeper:player:7543,Travis Etienne,RB,73.54039456338151,73.54039456338151,,74.33450056951804,74.33450056951804,,64.6723855956475,64.44114890311984,72.03876880372937,8.412797673796291,101.53025783880445,0.36029043943253813,0.7807959937771759,unvalidated_no_exact_total_intrinsic_sd,not_represented_by_candidate,31.734504459456616,12
N2_spline_two_part,sleeper:7547,sleeper:player:7547,Amon-Ra St. Brown,WR,52.20466672560077,52.20466672560077,,70.92651541041059,70.92651541041059,,47.78742072841292,66.82091723426397,63.09282302689145,7.6588050826047365,88.89742032090669,0.6258664564237214,0.9900103144336484,unvalidated_no_exact_total_intrinsic_sd,not_represented_by_candidate,76.68012053742137,12
N2_spline_two_part,sleeper:7553,sleeper:player:7553,Kyle Pitts,TE,66.44417803256319,66.44417803256319,,73.0851451624113,73.0851451624113,,57.20963013241575,63.1575534823256,66.68522273896268,2.99685322157314,94.25951800353363,0.4672305422766713,0.7885225693778037,unvalidated_no_exact_total_intrinsic_sd,not_represented_by_candidate,25.086330576251726,21
N2_spline_two_part,sleeper:7564,sleeper:player:7564,Ja'Marr Chase,WR,49.12620733574454,49.12620733574454,,66.3597991921365,66.3597991921365,,44.45913192323219,62.49333566652193,58.87916436646759,7.361172884314726,82.94169715380946,0.658308476208482,1.0053008453844219,unvalidated_no_exact_total_intrinsic_sd,not_represented_by_candidate,94.11667512613514,11
N2_spline_two_part,sleeper:7569,sleeper:player:7569,Nico Collins,WR,66.80923059874596,66.80923059874596,,78.44080268501635,78.44080268501635,,60.06626283442641,70.84367348068501,72.29527465500315,0.128230680532468,102.24087749905736,0.5091657307106077,0.9067624620067946,unvalidated_no_exact_total_intrinsic_sd,not_represented_by_candidate,21.39786774052874,5
N2_spline_two_part,sleeper:7571,sleeper:player:7571,Rashod Bateman,WR,55.510463705395225,55.510463705395225,,54.771341127535855,54.771341127535855,,42.896303248581724,44.15471005886224,48.44781225282005,4.560079743766501,68.36363577882244,0.20251351582061097,0.4089457354616335,unvalidated_no_exact_total_intrinsic_sd,not_represented_by_candidate,17.75517301694849,15
N2_spline_two_part,sleeper:7585,sleeper:player:7585,Davis Mills,QB,29.902535824189265,29.902535824189265,,27.042811514597368,27.042811514597368,,16.141367615713065,16.84475525332004,18.34011801021224,1.549826802832376,25.89049814387983,0.07627336831738908,0.2088576734319304,unvalidated_no_exact_total_intrinsic_sd,not_represented_by_candidate,5.68073030618031,13
N2_spline_two_part,sleeper:7587,sleeper:player:7587,Dyami Brown,WR,49.568103634020616,49.568103634020616,,40.79611178230781,40.79611178230781,,36.926928298116025,32.26984874018251,39.099708509270435,8.072923338616757,54.70285476818049,0.09371504406867011,0.18897240015761918,unvalidated_no_exact_total_intrinsic_sd,not_represented_by_candidate,11.297899273909692,15
N2_spline_two_part,sleeper:7588,sleeper:player:7588,Javonte Williams,RB,60.988819933830214,60.988819933830214,,74.77859689661203,74.77859689661203,,55.34249665507209,67.46747989357057,67.74191452156597,1.7041320662934538,95.786376379916,0.5198804883671467,0.9409826723351389,unvalidated_no_exact_total_intrinsic_sd,not_represented_by_candidate,39.93018263559463,5
N2_spline_two_part,sleeper:7591,sleeper:player:7591,Justin Fields,QB,39.6271009058823,39.6271009058823,,48.938590712881336,48.938590712881336,,24.21281264264135,34.55964156919734,32.35801377662641,4.3884502874999285,45.55023177999022,0.15115750985671525,0.4367562456874782,unvalidated_no_exact_total_intrinsic_sd,not_represented_by_candidate,35.93435116044107,96
N2_spline_two_part,sleeper:7594,sleeper:player:7594,Chuba Hubbard,RB,57.723664675383375,57.723664675383375,,54.89777558255854,54.89777558255854,,45.32245103773231,43.718524975570304,49.8178729624764,6.9374490872229195,70.11071767692201,0.26696884246150615,0.538779861753857,unvalidated_no_exact_total_intrinsic_sd,not_represented_by_candidate,47.091710202103826,24
N2_spline_two_part,sleeper:7600,sleeper:player:7600,Pat Freiermuth,TE,61.267648208625516,61.267648208625516,,52.61670845460671,52.61670845460671,,47.89245203043163,42.326275423653186,50.91532304975755,10.127850232277456,71.2893182194563,0.20237004332835232,0.3707870291319776,unvalidated_no_exact_total_intrinsic_sd,not_represented_by_candidate,43.61695604134145,28
N2_spline_two_part,sleeper:7610,sleeper:player:7610,Trey Lance,QB,35.56238985985257,35.56238985985257,,38.87898075333821,38.87898075333821,,22.370045098770053,25.41065635028545,26.431285700832444,0.6553391208733075,37.37373754703578,0.10940719462226545,0.3321625204221778,unvalidated_no_exact_total_intrinsic_sd,not_represented_by_candidate,7.5980792485380135,24
N2_spline_two_part,sleeper:7611,sleeper:player:7611,Rhamondre Stevenson,RB,60.938162995959715,60.938162995959715,,52.91084654397436,52.91084654397436,,49.225254631760706,42.16546048260459,51.757094467916566,11.376921238314786,72.3060116356784,0.2673338550479467,0.5662892998712701,unvalidated_no_exact_total_intrinsic_sd,not_represented_by_candidate,38.89865154608498,12
N2_spline_two_part,sleeper:7694,sleeper:player:7694,Tommy Tremble,TE,49.074473933869335,49.074473933869335,,41.32308167624946,41.32308167624946,,36.91370876300592,32.152654121776315,39.04024607117172,8.146359845571645,54.60694505153842,0.12978759962526148,0.24333266360185368,unvalidated_no_exact_total_intrinsic_sd,not_represented_by_candidate,13.078316456160856,10
N2_spline_two_part,sleeper:7716,sleeper:player:7716,John Bates,TE,29.694973391364012,29.694973391364012,,30.57550262410051,30.57550262410051,,21.483888738725142,24.65692191704469,25.51149110660368,0.4466793428515814,36.07593151298116,0.04469014120662559,0.07861449067875427,unvalidated_no_exact_total_intrinsic_sd,not_represented_by_candidate,6.115220104185678,15
N2_spline_two_part,sleeper:7828,sleeper:player:7828,Noah Gray,TE,41.86604756909609,41.86604756909609,,34.123838260721655,34.123838260721655,,31.129235017924998,25.948072551577372,32.428255374463,7.712367346721596,45.20733218375089,0.0991291012061074,0.18223529150654616,unvalidated_no_exact_total_intrinsic_sd,not_represented_by_candidate,14.984573693720488,12
N2_spline_two_part,sleeper:7891,sleeper:player:7891,Brock Wright,TE,48.555155267621394,48.555155267621394,,42.933626933344705,42.933626933344705,,36.73583606306497,34.37930626949575,39.899971645487355,6.386411873894549,56.064509433315905,0.08925904558295819,0.1687957469385591,unvalidated_no_exact_total_intrinsic_sd,not_represented_by_candidate,15.44111403398006,37
N2_spline_two_part,sleeper:8110,sleeper:player:8110,Jake Ferguson,TE,70.75289431429415,70.75289431429415,,68.83994087375356,68.83994087375356,,58.42770994243695,57.70206410625623,64.84213963501387,7.9738121343012835,91.35329476784153,0.300365271826891,0.5507901163745013,unvalidated_no_exact_total_intrinsic_sd,not_represented_by_candidate,29.106336338676442,11
N2_spline_two_part,sleeper:8111,sleeper:player:8111,Cade Otton,TE,54.87857508802,54.87857508802,,44.921530595404896,44.921530595404896,,42.55503324210984,35.98257325324132,44.54506511413956,10.174369080326514,62.16918743126021,0.17232716276246224,0.31490690505318136,unvalidated_no_exact_total_intrinsic_sd,not_represented_by_candidate,23.03055811589836,33
N2_spline_two_part,sleeper:8112,sleeper:player:8112,Drake London,WR,66.29670798824458,66.29670798824458,,77.18623240706727,77.18623240706727,,59.08575640460795,70.09194852533074,71.32246274954643,0.418539865634699,100.86432575346821,0.5648783408234755,0.9335934645867225,unvalidated_no_exact_total_intrinsic_sd,not_represented_by_candidate,68.22952821936167,15
N2_spline_two_part,sleeper:8117,sleeper:player:8117,Jalen Tolbert,WR,39.31124561513842,39.31124561513842,,31.952966659065872,31.952966659065872,,28.721342410928965,24.407744538992556,30.116115484104277,6.778545619867501,42.04773647871174,0.07791185719444406,0.1482051547843938,unvalidated_no_exact_total_intrinsic_sd,not_represented_by_candidate,11.781291089356273,16
N2_spline_two_part,sleeper:8119,sleeper:player:8119,Jahan Dotson,WR,37.02154034427711,37.02154034427711,,32.84316752621405,32.84316752621405,,26.238513010055836,24.57285579483083,28.506360446115682,4.548847746782187,40.05662437031273,0.0958894235001383,0.1878811005881771,unvalidated_no_exact_total_intrinsic_sd,not_represented_by_candidate,8.742986375110227,15
N2_spline_two_part,sleeper:8121,sleeper:player:8121,Romeo Doubs,WR,66.44933630840141,66.44933630840141,,63.924839482109455,63.924839482109455,,54.60888304925224,52.75414182241589,60.06106996176519,8.302683125168926,84.53241805855988,0.29099697696556365,0.573085781303003,unvalidated_no_exact_total_intrinsic_sd,not_represented_by_candidate,39.97386454390903,19
N2_spline_two_part,sleeper:8126,sleeper:player:8126,Wan'Dale Robinson,WR,78.13884201178212,78.13884201178212,,74.57163183587609,74.57163183587609,,66.25063257803123,64.25537572428657,72.98214333846252,9.8885287305295,102.73754665212358,0.3130089095810355,0.669789948430414,unvalidated_no_exact_total_intrinsic_sd,not_represented_by_candidate,14.288594200023311,16
N2_spline_two_part,sleeper:8127,sleeper:player:8127,Charlie Kolar,TE,36.65693828988201,36.65693828988201,,34.222822113477726,34.222822113477726,,26.45477775705927,26.162584661373323,29.37598856709867,3.5840936756581527,41.3890285113426,0.08395108011142263,0.15310952213516277,unvalidated_no_exact_total_intrinsic_sd,not_represented_by_candidate,14.567496367499928,21
N2_spline_two_part,sleeper:8130,sleeper:player:8130,Trey McBride,TE,49.478012520368765,49.478012520368765,,60.93168618349301,60.93168618349301,,45.222953870455804,55.04882204157391,55.312471789443535,1.333263135149707,78.21228471492458,0.6223252199018859,0.9551298086535875,unvalidated_no_exact_total_intrinsic_sd,not_represented_by_candidate,86.77405615593045,29
N2_spline_two_part,sleeper:8131,sleeper:player:8131,Isaiah Likely,TE,62.49415910661585,62.49415910661585,,56.54675544173062,56.54675544173062,,49.04868823425153,45.65467979751677,53.16215946855901,8.705878845407938,74.67689115281966,0.19287452049740195,0.3607868869674841,unvalidated_no_exact_total_intrinsic_sd,not_represented_by_candidate,33.9264041219175,24
N2_spline_two_part,sleeper:8132,sleeper:player:8132,Tyler Allgeier,RB,52.29424469912665,52.29424469912665,,52.51962701933577,52.51962701933577,,40.11616262461994,41.374227866459265,45.34653461649747,4.205858597410131,63.99161786444377,0.2640608413305064,0.5271069627773018,unvalidated_no_exact_total_intrinsic_sd,not_represented_by_candidate,21.671671088787605,15
N2_spline_two_part,sleeper:8134,sleeper:player:8134,Khalil Shakir,WR,66.86118895347627,66.86118895347627,,71.94180274659995,71.94180274659995,,54.81272246483929,60.12891768626499,63.702516702443134,3.147671066786941,90.03395712343985,0.2926434304209486,0.5719510608701859,unvalidated_no_exact_total_intrinsic_sd,not_represented_by_candidate,44.35768941896953,16
N2_spline_two_part,sleeper:8135,sleeper:player:8135,Treylon Burks,WR,43.252230106527946,43.252230106527946,,38.81363481454471,38.81363481454471,,32.447387011371106,30.27311711225499,35.200432964062685,5.70795184606121,49.45260607326966,0.08064730663942406,0.17194305583627945,unvalidated_no_exact_total_intrinsic_sd,not_represented_by_candidate,12.256324694729955,8
N2_spline_two_part,sleeper:8136,sleeper:player:8136,Rachaad White,RB,56.92903662735386,56.92903662735386,,61.0863842256017,61.0863842256017,,45.53297552861198,50.029878789393806,52.95753253033002,2.5564417739831597,74.84961662465719,0.3111749456668486,0.6175796232742045,unvalidated_no_exact_total_intrinsic_sd,not_represented_by_candidate,42.067857803060264,17
N2_spline_two_part,sleeper:8137,sleeper:player:8137,George Pickens,WR,63.621685028733786,63.621685028733786,,76.30803650752166,76.30803650752166,,58.49343126090743,69.08563842770151,70.45186365520114,0.19495719224302377,99.63379033578565,0.5398789644943807,0.9556396672563245,unvalidated_no_exact_total_intrinsic_sd,not_represented_by_candidate,33.97948507551337,2
N2_spline_two_part,sleeper:8138,sleeper:player:8138,James Cook,RB,58.29891834586561,58.29891834586561,,75.7928644928163,75.7928644928163,,53.69555259962997,69.16027796333928,67.67534280871075,4.327081118827152,95.6095205381981,0.5297910313155662,0.9610649222818872,unvalidated_no_exact_total_intrinsic_sd,not_represented_by_candidate,51.05236237501259,10
N2_spline_two_part,sleeper:8142,sleeper:player:8142,Alec Pierce,WR,74.31399564932485,74.31399564932485,,71.76909380875932,71.76909380875932,,63.471029882898854,60.963082307996046,69.64680810420772,9.904548432936885,97.99620236799117,0.33083073546082387,0.6804237470442854,unvalidated_no_exact_total_intrinsic_sd,not_represented_by_candidate,40.89667378562595,11
N2_spline_two_part,sleeper:8144,sleeper:player:8144,Chris Olave,WR,69.27058197291572,69.27058197291572,,80.65999724806053,80.65999724806053,,63.19236966956737,73.67013907140988,75.61891689468762,0.48683874003863536,106.9401896982259,0.5078010849029282,0.9288510764151233,unvalidated_no_exact_total_intrinsic_sd,not_represented_by_candidate,49.43307247153825,16
N2_spline_two_part,sleeper:8146,sleeper:player:8146,Garrett Wilson,WR,87.86242144197534,87.86242144197534,,88.92630364915688,88.92630364915688,,74.87181791595197,77.88547184659767,84.95145167405322,7.368791819392364,119.91329863772597,0.39120037221313453,0.7258837775266811,unvalidated_no_exact_total_intrinsic_sd,not_represented_by_candidate,38.43199359818021,9
N2_spline_two_part,sleeper:8148,sleeper:player:8148,Jameson Williams,WR,70.61907444703066,70.61907444703066,,79.62785097541227,79.62785097541227,,62.83925152464508,70.6284760762242,73.87119751114848,2.384289830876334,104.4424377610203,0.4406770233545562,0.8502680207280122,unvalidated_no_exact_total_intrinsic_sd,not_represented_by_candidate,9.474355834193773,5
N2_spline_two_part,sleeper:8150,sleeper:player:8150,Kyren Williams,RB,62.40476661971354,62.40476661971354,,76.37527275959442,76.37527275959442,,56.91849604482361,69.59679664470235,69.77924663758547,1.902963937697372,98.6644072138975,0.49334042787680593,0.9398564046212174,unvalidated_no_exact_total_intrinsic_sd,not_represented_by_candidate,32.24015127717945,7
N2_spline_two_part,sleeper:8151,sleeper:player:8151,Kenneth Walker,RB,60.701068049373625,60.701068049373625,,70.79267726040125,70.79267726040125,,55.77192743600761,64.91731091683305,66.68740943809043,0.5033811831945982,94.30889545801833,0.487595822804343,0.9458575127336823,unvalidated_no_exact_total_intrinsic_sd,not_represented_by_candidate,27.077063096060385,3
N2_spline_two_part,sleeper:8154,sleeper:player:8154,Brian Robinson,RB,39.47296801655527,39.47296801655527,,33.171557490104426,33.171557490104426,,27.725087827538772,23.338731732132548,28.977691112812277,6.704090976942194,40.428558329873724,0.17974410141341574,0.3413354151975214,unvalidated_no_exact_total_intrinsic_sd,not_represented_by_candidate,27.672564655452973,33
N2_spline_two_part,sleeper:8155,sleeper:player:8155,Breece Hall,RB,68.38782554891093,68.38782554891093,,78.21805897616811,78.21805897616811,,61.35065587069651,69.99031698822483,72.63981642983728,1.5800534660995922,102.71606151408446,0.43472856112114444,0.8848299402707107,unvalidated_no_exact_total_intrinsic_sd,not_represented_by_candidate,28.164781010191064,13
N2_spline_two_part,sleeper:8160,sleeper:player:8160,Kenny Pickett,QB,28.45516600413419,28.45516600413419,,32.87191694558671,32.87191694558671,,16.446350114372414,20.390523221693254,20.309108547936063,0.7527554304568227,28.711550624889927,0.11551960307274158,0.3271313720198802,unvalidated_no_exact_total_intrinsic_sd,not_represented_by_candidate,10.419125951224999,19
N2_spline_two_part,sleeper:8161,sleeper:player:8161,Malik Willis,QB,81.06232845803768,81.06232845803768,,82.1089064913632,82.1089064913632,,66.16616277335827,70.44693906943624,75.85297942961049,5.343324879686847,107.1391518350222,0.8003784152474415,1.4906539051834977,unvalidated_no_exact_total_intrinsic_sd,not_represented_by_candidate,26.221719503754002,10
N2_spline_two_part,sleeper:8167,sleeper:player:8167,Christian Watson,WR,78.64095367020596,78.64095367020596,,87.68675746978039,87.68675746978039,,67.7363445867476,76.06270698878427,79.5931471836103,2.6205870993388345,112.53119869813209,0.3888308776186683,0.7346619980623572,unvalidated_no_exact_total_intrinsic_sd,not_represented_by_candidate,39.25152307556269,4
N2_spline_two_part,sleeper:8172,sleeper:player:8172,Greg Dulcich,TE,64.11907390130318,64.11907390130318,,60.6631902797213,60.6631902797213,,50.28596107938346,49.47807408282151,55.721474616273845,6.995158392637407,78.49097544231448,0.18838865422858347,0.3532774400820072,unvalidated_no_exact_total_intrinsic_sd,not_represented_by_candidate,42.115349986687704,26
N2_spline_two_part,sleeper:8180,sleeper:player:8180,Jalen Nailor,WR,52.35775247722773,52.35775247722773,,48.69865661838542,48.69865661838542,,39.73561893885456,38.178699937204456,43.607940089658065,6.191165393396158,61.35938680265659,0.19798869592203633,0.3770957138958648,unvalidated_no_exact_total_intrinsic_sd,not_represented_by_candidate,24.32902546678544,21
N2_spline_two_part,sleeper:8183,sleeper:player:8183,Brock Purdy,QB,82.78904507023809,82.78904507023809,,87.7529569388389,87.7529569388389,,69.761124926186,75.70068553996683,80.66929272221329,4.60321088463207,113.99070148988412,0.8828096802663248,1.5820212196888694,unvalidated_no_exact_total_intrinsic_sd,not_represented_by_candidate,24.890682756416425,3
N2_spline_two_part,sleeper:8188,sleeper:player:8188,Tyquan Thornton,WR,44.617933151236606,44.617933151236606,,47.28157270627537,47.28157270627537,,32.45840052469783,36.595165756800945,38.213377812101605,1.1496331867044738,54.02964770528183,0.14721669032662812,0.29072345977928243,unvalidated_no_exact_total_intrinsic_sd,not_represented_by_candidate,21.59989517185135,20
N2_spline_two_part,sleeper:8205,sleeper:player:8205,Isiah Pacheco,RB,32.131221563722676,32.131221563722676,,25.33508008057376,25.33508008057376,,21.735777114458543,16.74186354260147,22.08288758360776,6.3794141377602,30.571406956819324,0.09294001240147168,0.17883264791194345,unvalidated_no_exact_total_intrinsic_sd,not_represented_by_candidate,27.857130186856658,36
N2_spline_two_part,sleeper:8225,sleeper:player:8225,Daniel Bellinger,TE,46.68999087135794,46.68999087135794,,43.93771389719186,43.93771389719186,,34.775132350940275,34.32911882809605,38.58632740093212,4.75607414499984,54.361650851598625,0.12433780194569033,0.2372866590447153,unvalidated_no_exact_total_intrinsic_sd,not_represented_by_candidate,14.02498398513395,11
N2_spline_two_part,sleeper:8228,sleeper:player:8228,Jaylen Warren,RB,70.59095273677504,70.59095273677504,,67.42643791378639,67.42643791378639,,60.73282125556952,57.33190668243959,66.18708904105553,10.20059548917149,93.04520064529669,0.3268337494975056,0.7136735832821965,unvalidated_no_exact_total_intrinsic_sd,not_represented_by_candidate,50.46384989146628,18
N2_spline_two_part,sleeper:827,sleeper:player:827,Tyrod Taylor,QB,12.710948920754245,12.710948920754245,,12.302360783711324,12.302360783711324,,6.974581029365487,8.107870257986088,8.334342876270266,0.07045761356571578,11.786330136355613,0.011511779064786773,0.030509258301423592,unvalidated_no_exact_total_intrinsic_sd,not_represented_by_candidate,13.353815718534845,18
N2_spline_two_part,sleeper:8408,sleeper:player:8408,Jordan Mason,RB,62.23858642878959,62.23858642878959,,55.64007336826511,55.64007336826511,,51.7359646028095,45.23728368343108,54.791336149907174,11.291632451109123,76.65950737366703,0.30090799323923795,0.6505495417287018,unvalidated_no_exact_total_intrinsic_sd,not_represented_by_candidate,39.01682131101012,17
N2_spline_two_part,sleeper:8676,sleeper:player:8676,Rashid Shaheed,WR,54.23661237728248,54.23661237728248,,46.08006623267343,46.08006623267343,,41.87081526492833,35.62947575949741,43.924112415908574,9.847896738952208,61.33248921142596,0.23039155666727557,0.4300119221176507,unvalidated_no_exact_total_intrinsic_sd,not_represented_by_candidate,14.458492229265545,14
N2_spline_two_part,sleeper:8698,sleeper:player:8698,Jake Tonges,TE,43.947250888627465,43.947250888627465,,38.40555746248242,38.40555746248242,,32.774336194816485,29.975315384014,35.28613503623115,6.201020400643898,49.515351130544126,0.09304504188872804,0.18050145312080962,unvalidated_no_exact_total_intrinsic_sd,not_represented_by_candidate,18.878812625975733,24
N2_spline_two_part,sleeper:8800,sleeper:player:8800,Malik Davis,RB,24.932537058805,24.932537058805,,21.369791086173695,21.369791086173695,,16.3401075400991,15.02670142813589,17.628862355917054,3.032299627256055,24.745883190912416,0.053739406444735884,0.10599010177344725,unvalidated_no_exact_total_intrinsic_sd,not_represented_by_candidate,16.765847934504123,30
N2_spline_two_part,sleeper:8917,sleeper:player:8917,KaVontae Turpin,WR,23.919614079339706,23.919614079339706,,23.159097383239796,23.159097383239796,,16.036541826619786,15.974583286713377,17.86099614098262,2.089424127976404,25.17269697727723,0.05270606183798963,0.09839483485838434,unvalidated_no_exact_total_intrinsic_sd,not_represented_by_candidate,13.031905594513503,24
N2_spline_two_part,sleeper:9221,sleeper:player:9221,Jahmyr Gibbs,RB,40.36736914915764,40.36736914915764,,57.22280423083209,57.22280423083209,,37.27126473601667,53.05196831952881,49.727772375949854,6.649472085245392,70.01062213647373,0.6729516518278924,1.0124038127410566,unvalidated_no_exact_total_intrinsic_sd,not_represented_by_candidate,91.76556814799255,12
N2_spline_two_part,sleeper:9224,sleeper:player:9224,Chase Brown,RB,62.19149416670133,62.19149416670133,,76.56791054364496,76.56791054364496,,57.68391365210759,70.20808548397667,70.54878656267566,1.6940151578816938,99.7566683664646,0.5057801090451765,0.9517961045160805,unvalidated_no_exact_total_intrinsic_sd,not_represented_by_candidate,26.450704083486585,5
N2_spline_two_part,sleeper:9225,sleeper:player:9225,Tank Bigsby,RB,39.62101682357531,39.62101682357531,,36.86985891528602,36.86985891528602,,28.193593939530185,26.363293374199078,30.612193044269436,4.917075385741825,43.01203431145949,0.18418971736576428,0.38531425299444305,unvalidated_no_exact_total_intrinsic_sd,not_represented_by_candidate,20.70005679486733,18
N2_spline_two_part,sleeper:9226,sleeper:player:9226,De'Von Achane,RB,67.15943941983691,67.15943941983691,,85.18348637703464,85.18348637703464,,61.85610018655804,77.43667743953708,76.77624384598859,3.370314291491198,108.52568460863986,0.5035682275104387,0.9337543550137661,unvalidated_no_exact_total_intrinsic_sd,not_represented_by_candidate,31.42685508166869,4
N2_spline_two_part,sleeper:9228,sleeper:player:9228,Bryce Young,QB,74.75566612608475,74.75566612608475,,76.15465023589961,76.15465023589961,,64.05798391991152,67.3381321718788,73.01864469696531,5.797485837742364,103.1010868261072,0.7962884321040902,1.6339848013533183,unvalidated_no_exact_total_intrinsic_sd,not_represented_by_candidate,49.646956137878306,10
N2_spline_two_part,sleeper:9230,sleeper:player:9230,Tanner McKee,QB,32.39752301964583,32.39752301964583,,36.67175195478578,36.67175195478578,,18.898834210002747,24.285276731793616,23.789040531018507,1.4821033602185523,33.61012151722322,0.08819718273647315,0.26920945020495357,unvalidated_no_exact_total_intrinsic_sd,not_represented_by_candidate,8.954120981633718,27
N2_spline_two_part,sleeper:9479,sleeper:player:9479,Darnell Washington,TE,64.05481405859977,64.05481405859977,,66.23127091242169,66.23127091242169,,50.5282471447344,55.393919167776964,58.7059322628638,2.9269034743053908,82.97111667174309,0.23142962659231092,0.45716399142224406,unvalidated_no_exact_total_intrinsic_sd,not_represented_by_candidate,22.469600456066814,20
N2_spline_two_part,sleeper:9480,sleeper:player:9480,Brenton Strange,TE,68.75240387118177,68.75240387118177,,67.48150568556049,67.48150568556049,,55.072156950319055,55.02033655341544,61.41284716108639,7.059140247928546,86.56352656761385,0.26189161767798314,0.48283050403780275,unvalidated_no_exact_total_intrinsic_sd,not_represented_by_candidate,31.73129871443797,18
N2_spline_two_part,sleeper:9481,sleeper:player:9481,Luke Musgrave,TE,35.44467375585065,35.44467375585065,,60.70359444112302,60.70359444112302,,25.48123357667639,50.35995952670699,42.343686161382465,14.72602221787086,58.04411929822072,0.09932286315921643,0.17132273977437074,unvalidated_no_exact_total_intrinsic_sd,not_represented_by_candidate,8.497586330390398,10
N2_spline_two_part,sleeper:9482,sleeper:player:9482,Michael Mayer,TE,61.56681446634524,61.56681446634524,,62.573541904133585,62.573541904133585,,48.90671795199301,51.650290990104864,55.86329260699361,4.2533750188433,78.88804549954482,0.2104234471683867,0.41109014858373916,unvalidated_no_exact_total_intrinsic_sd,not_represented_by_candidate,17.72019820294902,7
N2_spline_two_part,sleeper:9484,sleeper:player:9484,Tucker Kraft,TE,67.98605847509974,67.98605847509974,,72.93544714871534,72.93544714871534,,55.09499410689343,60.97143834404221,64.29374321198542,2.7788807872889194,90.8826091944299,0.4186613841906137,0.6831324069123776,unvalidated_no_exact_total_intrinsic_sd,not_represented_by_candidate,16.90536242218056,19
N2_spline_two_part,sleeper:9486,sleeper:player:9486,Dontayvion Wicks,WR,49.487738558283084,49.487738558283084,,49.02403349301439,49.02403349301439,,37.07335008872541,38.79505682827424,42.174363243869976,3.482919016988461,59.541776133844735,0.16118726860925697,0.32627449918121737,unvalidated_no_exact_total_intrinsic_sd,not_represented_by_candidate,22.88766852864481,33
N2_spline_two_part,sleeper:9487,sleeper:player:9487,Parker Washington,WR,75.33093512447492,75.33093512447492,,81.21552398263016,81.21552398263016,,65.42016555529187,70.7804475503861,75.5469289072069,4.468267366844138,106.74601407715204,0.3647404463205649,0.7590615461007835,unvalidated_no_exact_total_intrinsic_sd,not_represented_by_candidate,31.711325826929993,10
N2_spline_two_part,sleeper:9488,sleeper:player:9488,Jaxon Smith-Njigba,WR,44.40041262695152,44.40041262695152,,54.860036119010935,54.860036119010935,,41.5295984869487,50.72428145351202,50.884168566525105,1.3481346362560416,71.94845206406882,0.6671263582891933,1.0069471108800798,unvalidated_no_exact_total_intrinsic_sd,not_represented_by_candidate,87.15468569846712,11
N2_spline_two_part,sleeper:9493,sleeper:player:9493,Puka Nacua,WR,47.62422598924538,47.62422598924538,,59.221110474839335,59.221110474839335,,44.33467641402086,54.819817390574606,54.67046091518934,1.9228431127724193,77.29179301660787,0.6634700854224953,1.0106461110761915,unvalidated_no_exact_total_intrinsic_sd,not_represented_by_candidate,83.3114249230382,14
N2_spline_two_part,sleeper:9500,sleeper:player:9500,Josh Downs,WR,67.67753350459878,67.67753350459878,,74.5616690542806,74.5616690542806,,56.17558693920981,63.0135885634607,65.97520315004267,2.221931161227978,93.27656663542868,0.3043675616706698,0.613300588294768,unvalidated_no_exact_total_intrinsic_sd,not_represented_by_candidate,39.67454839572969,24
N2_spline_two_part,sleeper:9501,sleeper:player:9501,DeMario Douglas,WR,48.041301744402574,48.041301744402574,,47.982837568672885,47.982837568672885,,36.02937810165794,37.08783317038115,40.69290252735093,3.8290119208088704,57.42093085200963,0.17610738974050763,0.34646106523967357,unvalidated_no_exact_total_intrinsic_sd,not_represented_by_candidate,24.937409934866942,34
N2_spline_two_part,sleeper:9502,sleeper:player:9502,Tank Dell,WR,49.10999375364505,49.10999375364505,,54.11799462309202,54.11799462309202,,37.66696630425003,45.08562683862497,45.67463775339514,0.5574440322940077,64.59128674951907,0.07076525399656027,0.13416609835341667,unvalidated_no_exact_total_intrinsic_sd,not_represented_by_candidate,15.384119298207544,36
N2_spline_two_part,sleeper:9504,sleeper:player:9504,Kayshon Boutte,WR,66.16498489371283,66.16498489371283,,72.3460856069096,72.3460856069096,,53.88338026715375,61.49889726496129,63.8122819291613,1.3679199531461563,90.23382650101522,0.28472479737776446,0.5980391115742358,unvalidated_no_exact_total_intrinsic_sd,not_represented_by_candidate,15.62113005657757,14
N2_spline_two_part,sleeper:9506,sleeper:player:9506,Sean Tucker,RB,43.43130297147118,43.43130297147118,,43.98900097558956,43.98900097558956,,31.715411849182857,33.432068300553844,36.1965082673955,2.8034307246552785,51.11276941895558,0.21394282669941098,0.4239477644628644,unvalidated_no_exact_total_intrinsic_sd,not_represented_by_candidate,33.59482275836935,31
N2_spline_two_part,sleeper:9508,sleeper:player:9508,Tyjae Spears,RB,55.9974630694601,55.9974630694601,,55.74117923903193,55.74117923903193,,43.79312877893094,44.58535895115042,49.22713054070168,5.011237619885129,69.43708130429746,0.24138639773495923,0.5033754882094927,unvalidated_no_exact_total_intrinsic_sd,not_represented_by_candidate,35.09938630348756,19
N2_spline_two_part,sleeper:9509,sleeper:player:9509,Bijan Robinson,RB,44.645612467708666,44.645612467708666,,63.27417257797601,63.27417257797601,,41.391238969912,58.70622343309094,55.10775965420167,7.232693305982998,77.59779955483341,0.6494428213869682,0.9955620383313825,unvalidated_no_exact_total_intrinsic_sd,not_represented_by_candidate,93.96755551621106,12
N2_spline_two_part,sleeper:9511,sleeper:player:9511,Keaton Mitchell,RB,38.059641407787666,38.059641407787666,,38.587929435916315,38.587929435916315,,27.235319607380855,27.80576537136004,30.65156051948573,3.0603561854661017,43.239687147081355,0.149240890243561,0.301535316723685,unvalidated_no_exact_total_intrinsic_sd,not_represented_by_candidate,33.15411035760756,37
N2_spline_two_part,sleeper:96,sleeper:player:96,Aaron Rodgers,QB,50.29415483232029,50.29415483232029,,50.83816164964631,50.83816164964631,,39.878567183503286,41.30899827679579,45.163710045949195,4.051030850992838,63.742533360962746,0.046748787210568916,0.07557869665562728,unvalidated_no_exact_total_intrinsic_sd,not_represented_by_candidate,61.37773793425825,22
N2_spline_two_part,sleeper:9753,sleeper:player:9753,Zach Charbonnet,RB,55.609005323012674,55.609005323012674,,52.39378489564166,52.39378489564166,,44.39534769973312,42.213982882663245,48.52045851093403,7.236442912048965,68.23564817749735,0.30387036855762617,0.6374245830319458,unvalidated_no_exact_total_intrinsic_sd,not_represented_by_candidate,35.608878318763075,15
N2_spline_two_part,sleeper:9754,sleeper:player:9754,Quentin Johnston,WR,72.69453548948198,72.69453548948198,,75.34069467883413,75.34069467883413,,61.2886813387176,64.37406300624251,69.83647228596134,5.585118615899752,98.60563965992017,0.31956537769997806,0.6708467969179774,unvalidated_no_exact_total_intrinsic_sd,not_represented_by_candidate,43.04768474197596,15
N2_spline_two_part,sleeper:9756,sleeper:player:9756,Jordan Addison,WR,73.60455204145332,73.60455204145332,,81.71215601742604,81.71215601742604,,62.308141156673685,70.98751881910859,73.72566303359099,1.6734376363666783,104.25040232997858,0.3267655649383958,0.7057732121234441,unvalidated_no_exact_total_intrinsic_sd,not_represented_by_candidate,27.684806612954873,27
N2_spline_two_part,sleeper:9757,sleeper:player:9757,Kendre Miller,RB,42.822839268187984,42.822839268187984,,43.19007677393007,43.19007677393007,,30.93659602463301,32.516433914391115,35.26204865508933,2.8029831177904754,49.789230124085634,0.13320164995953726,0.29180992735685457,unvalidated_no_exact_total_intrinsic_sd,not_represented_by_candidate,21.894145888548323,21
N2_spline_two_part,sleeper:9758,sleeper:player:9758,C.J. Stroud,QB,76.74673245123627,76.74673245123627,,79.68680150724578,79.68680150724578,,65.58787229905478,69.19158290631762,74.88070542329636,5.758772804382083,105.74061010401104,0.8387790670770564,1.6454163334786898,unvalidated_no_exact_total_intrinsic_sd,not_represented_by_candidate,55.82195607119803,11
N2_spline_two_part,sleeper:9997,sleeper:player:9997,Zay Flowers,WR,65.28283299294657,65.28283299294657,,77.27801642343339,77.27801642343339,,59.614587250531976,70.15837296072961,71.67363385118692,0.017025301174960816,101.3618236270793,0.5112783902095112,0.9323658378435671,unvalidated_no_exact_total_intrinsic_sd,not_represented_by_candidate,31.774098040103866,6
