a,b,player_id,player_name,position,a_value,b_value,a_minus_b,a_rank,b_rank,rank_delta_a_minus_b,abs_rank_delta,cutoff_crossings
VNEXT_A2_BURR,D1,sleeper:10213,Tre Tucker,WR,131.14764144088514,126.88468944108583,4.262951999799313,152,149,3,3,
VNEXT_A2_BURR,D1,sleeper:10218,Xavier Hutchinson,WR,47.62826358000104,43.90852497277556,3.71973860722548,258,258,0,0,
VNEXT_A2_BURR,D1,sleeper:10219,Chris Rodriguez,RB,132.51047674559956,122.46683811128412,10.043638634315442,151,155,-4,4,
VNEXT_A2_BURR,D1,sleeper:10222,Jayden Reed,WR,202.80552349635707,193.5730743605206,9.232449135836475,106,106,0,0,
VNEXT_A2_BURR,D1,sleeper:10226,Andrei Iosivas,WR,76.92915180243081,72.4113602908348,4.517791511596002,211,207,4,4,
VNEXT_A2_BURR,D1,sleeper:10227,Payne Durham,TE,15.175632225061051,19.578795299733407,-4.4031630746723565,321,311,10,10,
VNEXT_A2_BURR,D1,sleeper:10229,Rashee Rice,WR,303.08439744437385,295.61036123648006,7.474036207893789,61,57,4,4,
VNEXT_A2_BURR,D1,sleeper:10231,Elijah Higgins,TE,40.447737709778224,41.90920287345688,-1.4614651636786533,274,266,8,8,
VNEXT_A2_BURR,D1,sleeper:10232,Michael Wilson,WR,150.39722819943788,141.87421232046322,8.523015878974661,137,139,-2,2,
VNEXT_A2_BURR,D1,sleeper:10235,Roschon Johnson,RB,14.068773874270992,12.578889752051616,1.489884122219376,324,326,-2,2,
VNEXT_A2_BURR,D1,sleeper:10236,Dalton Kincaid,TE,164.69177086765433,160.09398845237985,4.59778241527448,125,124,1,1,
VNEXT_A2_BURR,D1,sleeper:10859,Sam LaPorta,TE,196.27210847617712,193.2114869606341,3.0606215155430334,110,107,3,3,
VNEXT_A2_BURR,D1,sleeper:10871,Luke Schoonmaker,TE,23.32145069996242,25.355886753956856,-2.034436053994437,305,300,5,5,
VNEXT_A2_BURR,D1,sleeper:11199,Emari Demercado,RB,24.79802768475135,23.516653749122803,1.2813739356285474,301,304,-3,3,
VNEXT_A2_BURR,D1,sleeper:11201,Blake Whiteheart,TE,16.850989308045285,17.38139260096014,-0.5304032929148548,317,315,2,2,
VNEXT_A2_BURR,D1,sleeper:11237,Jacob Saylors,RB,19.236517670210937,17.74274019774667,1.4937774724642665,310,313,-3,3,
VNEXT_A2_BURR,D1,sleeper:11256,Tyson Bagent,QB,15.92044665928997,17.71325431701185,-1.7928076577218786,319,314,5,5,
VNEXT_A2_BURR,D1,sleeper:11292,Tommy DeVito,QB,17.99790995616723,16.46519270658284,1.5327172495843904,313,318,-5,5,
VNEXT_A2_BURR,D1,sleeper:11370,Chris Brooks,RB,29.215857276161955,26.323733421616268,2.8921238545456873,292,295,-3,3,
VNEXT_A2_BURR,D1,sleeper:11435,Emanuel Wilson,RB,13.955904423225462,12.584517736555227,1.3713866866702347,326,325,1,1,
VNEXT_A2_BURR,D1,sleeper:11559,Michael Penix,QB,160.2320928698461,151.40428127404527,8.827811595800824,129,129,0,0,
VNEXT_A2_BURR,D1,sleeper:11560,Caleb Williams,QB,561.0039625934967,538.2043544051123,22.799608188384354,6,7,-1,1,
VNEXT_A2_BURR,D1,sleeper:11562,Spencer Rattler,QB,17.58006607853531,16.149054831455334,1.4310112470799758,314,320,-6,6,
VNEXT_A2_BURR,D1,sleeper:11563,Bo Nix,QB,574.6706174485761,524.0502934269978,50.62032402157831,4,8,-4,4,
VNEXT_A2_BURR,D1,sleeper:11564,Drake Maye,QB,564.9385161518252,578.1520762763312,-13.213560124505989,5,2,3,3,
VNEXT_A2_BURR,D1,sleeper:11565,J.J. McCarthy,QB,42.39135199658027,48.438327169879855,-6.046975173299586,271,248,23,23,
VNEXT_A2_BURR,D1,sleeper:11566,Jayden Daniels,QB,559.2143006352652,547.4446235274588,11.769677107806388,7,5,2,2,
VNEXT_A2_BURR,D1,sleeper:11570,Rasheen Ali,RB,30.120517266612467,28.008817764619756,2.1116995019927103,289,290,-1,1,
VNEXT_A2_BURR,D1,sleeper:11571,Isaiah Davis,RB,50.926116633683534,45.31208087511755,5.614035758565983,252,254,-2,2,
VNEXT_A2_BURR,D1,sleeper:11575,Ray Davis,RB,60.33712291840956,56.281260128207826,4.055862790201736,237,234,3,3,
VNEXT_A2_BURR,D1,sleeper:11576,Braelon Allen,RB,110.01091205411038,103.40996866223121,6.60094339187917,171,168,3,3,
VNEXT_A2_BURR,D1,sleeper:11577,Will Shipley,RB,26.377127310105156,27.75675880141605,-1.3796314913108958,298,291,7,7,
VNEXT_A2_BURR,D1,sleeper:11581,MarShawn Lloyd,RB,251.24303743191908,234.90386746353997,16.33916996837911,84,84,0,0,
VNEXT_A2_BURR,D1,sleeper:11583,Jonathon Brooks,RB,275.8925506940846,252.5666453153351,23.325905378749496,72,77,-5,5,
VNEXT_A2_BURR,D1,sleeper:11584,Bucky Irving,RB,309.4110546749778,292.42698553390045,16.984069141077327,55,59,-4,4,
VNEXT_A2_BURR,D1,sleeper:11586,Blake Corum,RB,146.711775190581,139.12012494036816,7.591650250212837,141,140,1,1,
VNEXT_A2_BURR,D1,sleeper:11597,Theo Johnson,TE,69.01627627477396,66.28730261064223,2.728973664131729,222,217,5,5,
VNEXT_A2_BURR,D1,sleeper:11599,Cade Stover,TE,32.48021109279155,35.40544658440198,-2.9252354916104295,287,279,8,8,
VNEXT_A2_BURR,D1,sleeper:11600,Ja'Tavion Sanders,TE,21.724311508309484,22.548564636555724,-0.8242531282462409,306,308,-2,2,
VNEXT_A2_BURR,D1,sleeper:11603,AJ Barner,TE,159.84545215635774,151.59989035016673,8.245561806191006,130,128,2,2,
VNEXT_A2_BURR,D1,sleeper:11604,Brock Bowers,TE,291.7671003716187,279.6269712806806,12.140129090938103,66,67,-1,1,
VNEXT_A2_BURR,D1,sleeper:11608,Isaiah Williams,WR,49.6132885890399,48.61930975809922,0.9939788309406765,257,246,11,11,
VNEXT_A2_BURR,D1,sleeper:11610,Malik Washington,WR,117.54553742628183,108.85168143163455,8.69385599464728,163,163,0,0,
VNEXT_A2_BURR,D1,sleeper:11618,Jalen McMillan,WR,102.71073497006346,97.6921149687945,5.018620001268957,177,176,1,1,
VNEXT_A2_BURR,D1,sleeper:11620,Rome Odunze,WR,263.4373212423379,253.73033454134543,9.706986700992445,77,76,1,1,
VNEXT_A2_BURR,D1,sleeper:11623,Jordan Whittington,WR,38.74639060261604,36.2957877487374,2.4506028538786353,278,278,0,0,
VNEXT_A2_BURR,D1,sleeper:11624,Xavier Worthy,WR,189.0080770340595,180.6405153579561,8.367561676103406,116,114,2,2,
VNEXT_A2_BURR,D1,sleeper:11625,Adonai Mitchell,WR,104.45265056163731,99.58163231183204,4.8710182498052745,176,173,3,3,
VNEXT_A2_BURR,D1,sleeper:11626,Xavier Legette,WR,93.0203952791405,88.08426325147605,4.936132027664456,192,187,5,5,
VNEXT_A2_BURR,D1,sleeper:11627,Troy Franklin,WR,61.59745381349536,57.71706888514083,3.8803849283545304,235,232,3,3,
VNEXT_A2_BURR,D1,sleeper:11628,Marvin Harrison,WR,220.24670785569072,207.1976965288464,13.049011326844322,95,96,-1,1,
VNEXT_A2_BURR,D1,sleeper:11629,Devontez Walker,WR,47.249713511070496,43.71511513256698,3.5345983785035173,259,259,0,0,
VNEXT_A2_BURR,D1,sleeper:11631,Brian Thomas,WR,219.6419621535391,200.429219091039,19.212743062500124,96,103,-7,7,100
VNEXT_A2_BURR,D1,sleeper:11632,Malik Nabers,WR,307.1761927655036,284.6359943947909,22.540198370712687,58,62,-4,4,
VNEXT_A2_BURR,D1,sleeper:11635,Ladd McConkey,WR,257.4627362657117,250.08264123754876,7.38009502816297,80,78,2,2,
VNEXT_A2_BURR,D1,sleeper:11637,Keon Coleman,WR,56.92853691444634,52.75546085293614,4.173076061510201,241,239,2,2,
VNEXT_A2_BURR,D1,sleeper:11643,Jaylen Wright,RB,95.6495343417576,88.03267986271695,7.616854479040654,188,188,0,0,
VNEXT_A2_BURR,D1,sleeper:11646,Jalen Coker,WR,128.2867332101671,121.19446585818758,7.09226735197953,156,157,-1,1,
VNEXT_A2_BURR,D1,sleeper:11647,Kimani Vidal,RB,78.36577805342306,70.27391968296863,8.091858370454432,210,209,1,1,
VNEXT_A2_BURR,D1,sleeper:11655,Tyrone Tracy,RB,54.06724619048315,45.13409766253337,8.933148527949776,244,255,-11,11,
VNEXT_A2_BURR,D1,sleeper:1166,Kirk Cousins,QB,37.245453378394295,33.98192388033502,3.2635294980592775,282,283,-1,1,
VNEXT_A2_BURR,D1,sleeper:11783,Ryan Flournoy,WR,100.18595688971205,90.78705634575971,9.398900543952337,182,182,0,0,
VNEXT_A2_BURR,D1,sleeper:11834,Devaughn Vele,WR,67.26036620791274,63.57009357498024,3.6902726329324977,226,222,4,4,
VNEXT_A2_BURR,D1,sleeper:12048,George Holani,RB,54.00384196965023,46.537264842306186,7.4665771273440456,245,251,-6,6,
VNEXT_A2_BURR,D1,sleeper:12467,Jordan James,RB,88.45789197933087,73.25478259404406,15.203109385286808,195,206,-11,11,200
VNEXT_A2_BURR,D1,sleeper:12469,Dylan Sampson,RB,173.66194696291961,154.52998077048292,19.131966192436693,122,125,-3,3,
VNEXT_A2_BURR,D1,sleeper:12470,Riley Leonard,QB,35.10031255526286,39.1148366565775,-4.014524101314642,284,272,12,12,
VNEXT_A2_BURR,D1,sleeper:12471,DJ Giddens,RB,41.63451251469974,38.14268347816986,3.491829036529886,272,275,-3,3,
VNEXT_A2_BURR,D1,sleeper:12472,Raheim Sanders,RB,53.93868090096541,46.164935351086996,7.773745549878413,246,252,-6,6,
VNEXT_A2_BURR,D1,sleeper:12474,Woody Marks,RB,154.0253214654662,136.5449470941893,17.480374371276895,134,144,-10,10,
VNEXT_A2_BURR,D1,sleeper:12481,Cam Skattebo,RB,348.7894510016687,321.5945233950945,27.194927606574197,46,48,-2,2,
VNEXT_A2_BURR,D1,sleeper:12482,Savion Williams,WR,29.314368119076445,25.67173693640811,3.6426311826683353,291,297,-6,6,
VNEXT_A2_BURR,D1,sleeper:12483,Jack Bech,WR,70.21359444946074,64.44615986252916,5.767434586931586,220,220,0,0,
VNEXT_A2_BURR,D1,sleeper:12487,Terrance Ferguson,TE,83.70087682666495,78.34931253551916,5.351564291145792,201,200,1,1,200
VNEXT_A2_BURR,D1,sleeper:12489,RJ Harvey,RB,203.8516298989125,182.4928149324798,21.358814966432703,104,113,-9,9,
VNEXT_A2_BURR,D1,sleeper:12490,Bhayshul Tuten,RB,276.38190559676184,255.72678071165313,20.655124885108705,71,75,-4,4,
VNEXT_A2_BURR,D1,sleeper:12492,Pat Bryant,WR,97.86549388357113,88.39567724477,9.469816638801134,184,185,-1,1,
VNEXT_A2_BURR,D1,sleeper:12493,Oronde Gadsden,TE,124.78933902534305,115.40977093552488,9.379568089818179,158,161,-3,3,
VNEXT_A2_BURR,D1,sleeper:12495,Ollie Gordon,RB,57.0507209304087,52.0774376618086,4.973283268600099,240,240,0,0,
VNEXT_A2_BURR,D1,sleeper:12496,Tai Felton,WR,17.025528349082037,15.53572634794169,1.4898020011403474,315,323,-8,8,
VNEXT_A2_BURR,D1,sleeper:12497,Tory Horton,WR,82.12374464218442,72.27322086204522,9.850523780139198,204,208,-4,4,
VNEXT_A2_BURR,D1,sleeper:12498,Mason Taylor,TE,129.05339071194726,121.97296180595455,7.080428905992704,153,156,-3,3,
VNEXT_A2_BURR,D1,sleeper:12499,Elic Ayomanor,WR,53.53594741326298,47.9592248158398,5.576722597423185,247,249,-2,2,
VNEXT_A2_BURR,D1,sleeper:12500,Quinn Ewers,QB,27.470704471818994,29.224168172654466,-1.7534637008354714,296,288,8,8,
VNEXT_A2_BURR,D1,sleeper:12501,Matthew Golden,WR,150.15504740710298,141.9100461331028,8.245001274000174,139,138,1,1,
VNEXT_A2_BURR,D1,sleeper:12502,Gunnar Helm,TE,120.78389016963348,116.43785829360864,4.346031876024838,162,160,2,2,
VNEXT_A2_BURR,D1,sleeper:12503,Isaiah Bond,WR,57.065165666997856,53.17876054212699,3.886405124870869,239,238,1,1,
VNEXT_A2_BURR,D1,sleeper:12506,Harold Fannin,TE,237.89665952461212,233.73381530035482,4.162844224257299,86,85,1,1,
VNEXT_A2_BURR,D1,sleeper:12507,Omarion Hampton,RB,389.17779773747657,360.9127620697284,28.26503566774818,37,38,-1,1,
VNEXT_A2_BURR,D1,sleeper:12508,Jaxson Dart,QB,514.2038996825072,506.5770300422521,7.626869640255109,16,11,5,5,
VNEXT_A2_BURR,D1,sleeper:12509,Tre' Harris,WR,84.79734101724898,76.36679879701609,8.430542220232894,200,202,-2,2,200
VNEXT_A2_BURR,D1,sleeper:12511,Will Howard,QB,87.4129080910804,75.91633978104365,11.49656831003675,196,204,-8,8,200
VNEXT_A2_BURR,D1,sleeper:12512,Quinshon Judkins,RB,361.2501796806844,336.1954852109115,25.054694469772926,40,43,-3,3,
VNEXT_A2_BURR,D1,sleeper:12514,Emeka Egbuka,WR,304.9322758179612,289.35710954530214,15.57516627265909,60,60,0,0,
VNEXT_A2_BURR,D1,sleeper:12517,Colston Loveland,TE,231.9928208768618,229.23408843534534,2.7587324415164574,91,87,4,4,
VNEXT_A2_BURR,D1,sleeper:12518,Tyler Warren,TE,235.80805016011038,233.56386666672333,2.2441834933870553,87,86,1,1,
VNEXT_A2_BURR,D1,sleeper:12519,Luther Burden,WR,291.06297930433726,277.962817590809,13.10016171352828,67,68,-1,1,
VNEXT_A2_BURR,D1,sleeper:12521,Elijah Arroyo,TE,70.92976596682082,68.35810833419781,2.5716576326230154,218,213,5,5,
VNEXT_A2_BURR,D1,sleeper:12522,Cam Ward,QB,402.6374136867643,394.50696070575134,8.13045298101298,34,31,3,3,
VNEXT_A2_BURR,D1,sleeper:12524,Shedeur Sanders,QB,128.68131640771725,126.36727916224046,2.314037245476783,155,152,3,3,
VNEXT_A2_BURR,D1,sleeper:12526,Tetairoa McMillan,WR,322.7782562672986,304.28054795363806,18.497708313660553,53,53,0,0,
VNEXT_A2_BURR,D1,sleeper:12527,Ashton Jeanty,RB,416.2974723523151,386.52651719275997,29.770955159555115,31,34,-3,3,
VNEXT_A2_BURR,D1,sleeper:12529,TreVeyon Henderson,RB,308.56617267776556,280.4234585829249,28.142714094840642,57,64,-7,7,
VNEXT_A2_BURR,D1,sleeper:12531,Trevor Etienne,RB,19.81588406300478,22.75515179937023,-2.939267736365448,308,307,1,1,
VNEXT_A2_BURR,D1,sleeper:12533,Jacory Croskey-Merritt,RB,202.00552390093208,185.41016144776648,16.595362453165592,107,112,-5,5,
VNEXT_A2_BURR,D1,sleeper:12534,Kyle Monangai,RB,181.73532146858705,163.4044102510062,18.330911217580848,119,123,-4,4,
VNEXT_A2_BURR,D1,sleeper:12535,Isaac TeSlaa,WR,83.4576693280629,75.01194497907179,8.44572434899112,202,205,-3,3,
VNEXT_A2_BURR,D1,sleeper:12536,Jaylin Noel,WR,85.66257354454555,80.04200120316305,5.620572341382498,198,194,4,4,
VNEXT_A2_BURR,D1,sleeper:12540,Chimere Dike,WR,50.66704673765737,44.33349421033366,6.333552527323711,253,257,-4,4,
VNEXT_A2_BURR,D1,sleeper:12543,Tahj Brooks,RB,30.053575661519247,27.429283787747366,2.624291873771881,290,292,-2,2,
VNEXT_A2_BURR,D1,sleeper:12544,LeQuint Allen,RB,44.52673023720471,45.07045535202806,-0.5437251148233528,262,256,6,6,
VNEXT_A2_BURR,D1,sleeper:12545,Tyler Shough,QB,462.34662195265787,446.9381260224185,15.408495930239383,21,21,0,0,
VNEXT_A2_BURR,D1,sleeper:12670,KeAndre Lambert-Smith,WR,26.66263415846565,24.868238094012295,1.7943960644533554,297,302,-5,5,
VNEXT_A2_BURR,D1,sleeper:12718,Konata Mumpfield,WR,29.172401256004246,26.161750361460864,3.0106508945433816,293,296,-3,3,
VNEXT_A2_BURR,D1,sleeper:13079,Jahdae Walker,WR,31.07598118037047,27.111811966719458,3.9641692136510116,288,293,-5,5,
VNEXT_A2_BURR,D1,sleeper:13269,Fernando Mendoza,QB,334.6250189949392,323.72750399526547,10.897514999673717,50,46,4,4,
VNEXT_A2_BURR,D1,sleeper:13272,Carson Beck,QB,100.19368826901064,92.93981888820935,7.253869380801291,181,180,1,1,
VNEXT_A2_BURR,D1,sleeper:13274,Germie Bernard,WR,132.69673948224178,119.93892979263236,12.757809689609417,150,158,-8,8,
VNEXT_A2_BURR,D1,sleeper:13275,Ty Simpson,QB,65.39726504199726,56.71218062200046,8.685084419996798,229,233,-4,4,
VNEXT_A2_BURR,D1,sleeper:13276,Omar Cooper,WR,76.14223866266464,67.11125380761557,9.03098485504907,213,216,-3,3,
VNEXT_A2_BURR,D1,sleeper:13279,Carnell Tate,WR,269.8760628685535,256.77196427372337,13.104098594830134,75,74,1,1,
VNEXT_A2_BURR,D1,sleeper:13281,Jordyn Tyson,WR,140.2786804553041,126.8356552337622,13.443025221541916,145,150,-5,5,
VNEXT_A2_BURR,D1,sleeper:13285,Malachi Fields,WR,98.36695207081293,86.83672239450658,11.530229676306348,183,190,-7,7,
VNEXT_A2_BURR,D1,sleeper:13286,Jadarian Price,RB,273.88620237795305,249.1184379292724,24.76776444868065,74,80,-6,6,
VNEXT_A2_BURR,D1,sleeper:13287,Jeremiyah Love,RB,382.7441035741957,349.70342124868046,33.04068232551526,38,40,-2,2,
VNEXT_A2_BURR,D1,sleeper:13288,Nicholas Singleton,RB,49.75578348088898,41.461387661898456,8.294395818990523,256,268,-12,12,
VNEXT_A2_BURR,D1,sleeper:13293,Ja'Kobi Lane,WR,107.07022111002348,94.73391607544615,12.336305034577336,174,177,-3,3,
VNEXT_A2_BURR,D1,sleeper:13294,Makai Lemon,WR,178.52481321131728,163.75672265643686,14.768090554880416,120,122,-2,2,
VNEXT_A2_BURR,D1,sleeper:13296,Caleb Douglas,WR,110.58988749129249,98.8244256491736,11.765461842118881,170,174,-4,4,
VNEXT_A2_BURR,D1,sleeper:13298,KC Concepcion,WR,195.5644725669355,179.3133807176107,16.25109184932481,111,116,-5,5,
VNEXT_A2_BURR,D1,sleeper:13301,Antonio Williams,WR,65.96257198385112,57.720259591491185,8.242312392359935,228,231,-3,3,
VNEXT_A2_BURR,D1,sleeper:13303,Cade Klubnik,QB,81.3437001503694,79.4895476165924,1.8541525337769968,206,198,8,8,200
VNEXT_A2_BURR,D1,sleeper:13305,Mike Washington,RB,111.90331853941488,93.65409857879641,18.249219960618476,167,179,-12,12,
VNEXT_A2_BURR,D1,sleeper:13311,Chris Bell,WR,76.75770770103941,67.35111263621994,9.40659506481947,212,215,-3,3,
VNEXT_A2_BURR,D1,sleeper:13317,Ted Hurst,WR,44.21369874685506,38.733359818844825,5.480338928010234,264,273,-9,9,
VNEXT_A2_BURR,D1,sleeper:13320,Zachariah Branch,WR,69.46164764804548,60.80946073496928,8.652186913076207,221,227,-6,6,
VNEXT_A2_BURR,D1,sleeper:13329,Malik Benson,WR,42.91129194144298,37.10996333975278,5.8013286016902015,268,277,-9,9,
VNEXT_A2_BURR,D1,sleeper:13330,Kenyon Sadiq,TE,124.37521976716603,108.012741096828,16.362478670338035,160,165,-5,5,
VNEXT_A2_BURR,D1,sleeper:13337,Emmett Johnson,RB,107.41920345514112,89.746890449871,17.672313005270112,173,184,-11,11,
VNEXT_A2_BURR,D1,sleeper:13345,Jonah Coleman,RB,96.0060740671861,77.1246210015542,18.881453065631902,187,201,-14,14,200
VNEXT_A2_BURR,D1,sleeper:13346,Denzel Boston,WR,150.60645956566586,136.5797715312328,14.02668803443305,136,143,-7,7,
VNEXT_A2_BURR,D1,sleeper:13347,Demond Claiborne,RB,40.808721393691435,34.41932092313739,6.389400470554044,273,282,-9,9,
VNEXT_A2_BURR,D1,sleeper:13349,Eli Stowers,TE,44.02844122768107,39.3960957553971,4.632345472283973,265,271,-6,6,
VNEXT_A2_BURR,D1,sleeper:13405,Kaytron Allen,RB,62.25836715243554,50.53841107796328,11.719956074472258,234,242,-8,8,
VNEXT_A2_BURR,D1,sleeper:13413,Cyrus Allen,WR,70.85724596082099,62.58323695293575,8.27400900788524,219,225,-6,6,
VNEXT_A2_BURR,D1,sleeper:13414,Kaelon Black,RB,74.98978088638077,61.41547102511353,13.574309861267238,214,226,-12,12,
VNEXT_A2_BURR,D1,sleeper:13417,De'Zhaun Stribling,WR,163.14322255908596,149.19747668962557,13.945745869460382,126,131,-5,5,
VNEXT_A2_BURR,D1,sleeper:13424,Seth McGowan,RB,63.36015411908173,50.80358756385143,12.556566555230297,233,241,-8,8,
VNEXT_A2_BURR,D1,sleeper:13425,Jalon Daniels,QB,35.49603175481268,32.25277866883719,3.243253085975489,283,286,-3,3,
VNEXT_A2_BURR,D1,sleeper:13434,Will Kacmarek,TE,79.12774351441901,68.76698445912483,10.360759055294182,208,211,-3,3,
VNEXT_A2_BURR,D1,sleeper:1373,Geno Smith,QB,232.74190117514704,222.20309429485775,10.538806880289286,89,90,-1,1,
VNEXT_A2_BURR,D1,sleeper:1466,Travis Kelce,TE,124.87223546912684,125.87271615418061,-1.0004806850537733,157,153,4,4,
VNEXT_A2_BURR,D1,sleeper:1479,Keenan Allen,WR,67.32733186364182,63.54527581204062,3.782056051601195,225,223,2,2,
VNEXT_A2_BURR,D1,sleeper:19,Joe Flacco,QB,8.617071905661817,8.481566113525465,0.1355057921363514,330,331,-1,1,
VNEXT_A2_BURR,D1,sleeper:2133,Davante Adams,WR,202.94544643380067,203.48016623521212,-0.5347198014114554,105,100,5,5,100
VNEXT_A2_BURR,D1,sleeper:2216,Mike Evans,WR,153.281205659203,147.21636096670352,6.064844692499491,135,134,1,1,
VNEXT_A2_BURR,D1,sleeper:2306,Jameis Winston,QB,19.02427198063354,24.34521062651435,-5.320938645880812,311,303,8,8,
VNEXT_A2_BURR,D1,sleeper:2307,Marcus Mariota,QB,16.963910568255493,20.31329638070953,-3.349385812454038,316,310,6,6,
VNEXT_A2_BURR,D1,sleeper:2449,Stefon Diggs,WR,156.3139188641797,150.56547526649456,5.748443597685139,131,130,1,1,
VNEXT_A2_BURR,D1,sleeper:2505,Darren Waller,TE,97.65936827961114,79.98555416808551,17.67381411152563,185,195,-10,10,
VNEXT_A2_BURR,D1,sleeper:3163,Jared Goff,QB,524.4861739651462,480.9130927469653,43.57308121818096,14,17,-3,3,
VNEXT_A2_BURR,D1,sleeper:3198,Derrick Henry,RB,336.54814901150775,301.93329954753085,34.614849463976896,47,54,-7,7,50
VNEXT_A2_BURR,D1,sleeper:3202,Austin Hooper,TE,34.74293453043682,31.428494273645313,3.3144402567915066,285,287,-2,2,
VNEXT_A2_BURR,D1,sleeper:3214,Hunter Henry,TE,124.44145450569826,125.01175577548047,-0.5703012697822061,159,154,5,5,
VNEXT_A2_BURR,D1,sleeper:3257,Jacoby Brissett,QB,300.77329928999376,279.90086126401616,20.8724380259776,63,65,-2,2,
VNEXT_A2_BURR,D1,sleeper:3271,Tyler Higbee,TE,39.14532694451867,35.297063027261956,3.848263917256716,277,280,-3,3,
VNEXT_A2_BURR,D1,sleeper:3294,Dak Prescott,QB,538.920003757642,523.9140534359329,15.005950321709065,10,9,1,1,
VNEXT_A2_BURR,D1,sleeper:3634,Kalif Raymond,WR,24.50057364782182,20.90566571001428,3.594907937807541,303,309,-6,6,
VNEXT_A2_BURR,D1,sleeper:4017,Deshaun Watson,QB,254.2099112887757,228.74880014524035,25.461111143535334,83,88,-5,5,
VNEXT_A2_BURR,D1,sleeper:4033,David Njoku,TE,64.02061019557635,57.92371737630043,6.096892819275922,231,230,1,1,
VNEXT_A2_BURR,D1,sleeper:4034,Christian McCaffrey,RB,451.90548672297894,403.0710616742106,48.83442504876831,23,28,-5,5,25
VNEXT_A2_BURR,D1,sleeper:4035,Alvin Kamara,RB,55.55839335441955,46.9935576270182,8.564835727401352,242,250,-8,8,
VNEXT_A2_BURR,D1,sleeper:4037,Chris Godwin,WR,154.29609048744533,144.20177574129374,10.094314746151582,133,135,-2,2,
VNEXT_A2_BURR,D1,sleeper:4039,Cooper Kupp,WR,63.650331099586225,55.94780356168632,7.702527537899904,232,235,-3,3,
VNEXT_A2_BURR,D1,sleeper:4046,Patrick Mahomes,QB,528.4536485015881,495.8998504828452,32.553798018742896,13,13,0,0,
VNEXT_A2_BURR,D1,sleeper:4054,Mo Alie-Cox,TE,14.045119487001344,13.347238226363228,0.6978812606381162,325,324,1,1,
VNEXT_A2_BURR,D1,sleeper:4066,Evan Engram,TE,108.71271019467395,102.68898461072885,6.023725583945094,172,169,3,3,
VNEXT_A2_BURR,D1,sleeper:4137,James Conner,RB,10.176303376457167,8.602905819568834,1.5733975568883327,329,329,0,0,
VNEXT_A2_BURR,D1,sleeper:4147,Samaje Perine,RB,50.314523665849975,42.74451812265919,7.570005543190788,255,263,-8,8,
VNEXT_A2_BURR,D1,sleeper:4177,Mack Hollins,WR,19.42878811797257,15.675537306710497,3.753250811262072,309,322,-13,13,
VNEXT_A2_BURR,D1,sleeper:4179,Joshua Dobbs,QB,6.662531064010599,7.575376551587839,-0.9128454875772398,333,333,0,0,
VNEXT_A2_BURR,D1,sleeper:4199,Aaron Jones,RB,117.09184465731632,103.68052652301544,13.41131813430087,164,167,-3,3,
VNEXT_A2_BURR,D1,sleeper:421,Matthew Stafford,QB,494.80248995722724,482.36451786563987,12.437972091587369,17,16,1,1,
VNEXT_A2_BURR,D1,sleeper:4217,George Kittle,TE,161.45010965951488,154.40380559031075,7.046304069204126,128,126,2,2,
VNEXT_A2_BURR,D1,sleeper:4454,Kendrick Bourne,WR,37.52618638576406,32.89045104491997,4.635735340844093,281,285,-4,4,
VNEXT_A2_BURR,D1,sleeper:4866,Saquon Barkley,RB,302.57283155248376,299.53529594022797,3.0375356122557946,62,55,7,7,
VNEXT_A2_BURR,D1,sleeper:4881,Lamar Jackson,QB,542.8527076628286,558.2452369137438,-15.392529250915231,9,4,5,5,
VNEXT_A2_BURR,D1,sleeper:4892,Baker Mayfield,QB,474.4615790030987,469.17016551521175,5.291413487886928,19,18,1,1,
VNEXT_A2_BURR,D1,sleeper:4943,Sam Darnold,QB,457.7867074854997,446.99366185208487,10.793045633414806,22,20,2,2,
VNEXT_A2_BURR,D1,sleeper:4981,Calvin Ridley,WR,70.93480492256128,68.06344696338185,2.8713579591794343,217,214,3,3,
VNEXT_A2_BURR,D1,sleeper:4983,DJ Moore,WR,210.17293156213935,206.95207253084862,3.220859031290729,99,97,2,2,
VNEXT_A2_BURR,D1,sleeper:4984,Josh Allen,QB,727.136662976654,659.4108298244762,67.72583315217776,1,1,0,0,
VNEXT_A2_BURR,D1,sleeper:4993,Mike Gesicki,TE,101.98659063605498,99.8691209820536,2.1174696540013827,179,172,7,7,
VNEXT_A2_BURR,D1,sleeper:5001,Dalton Schultz,TE,150.37209449197493,144.0708140012268,6.301280490748127,138,136,2,2,
VNEXT_A2_BURR,D1,sleeper:5008,Durham Smythe,TE,24.009032267441484,24.948118998645093,-0.9390867312036093,304,301,3,3,
VNEXT_A2_BURR,D1,sleeper:5012,Mark Andrews,TE,148.06605665013987,148.00884185507948,0.05721479506038918,140,132,8,8,
VNEXT_A2_BURR,D1,sleeper:5022,Dallas Goedert,TE,144.08823611405015,143.59317011614837,0.49506599790177575,143,137,6,6,
VNEXT_A2_BURR,D1,sleeper:5045,Courtland Sutton,WR,194.20242584269064,189.8148093308336,4.387616511857033,112,110,2,2,
VNEXT_A2_BURR,D1,sleeper:5127,Kyle Allen,QB,8.09631818984195,8.560644656499498,-0.46432646665754795,331,330,1,1,
VNEXT_A2_BURR,D1,sleeper:5844,T.J. Hockenson,TE,121.28570954832037,117.52493143699186,3.7607781113285057,161,159,2,2,
VNEXT_A2_BURR,D1,sleeper:5846,DK Metcalf,WR,208.4413403167572,204.59483581210137,3.846504504655826,101,99,2,2,100
VNEXT_A2_BURR,D1,sleeper:5848,Marquise Brown,WR,25.643362969456607,23.246584123271937,2.39677884618467,299,305,-6,6,
VNEXT_A2_BURR,D1,sleeper:5849,Kyler Murray,QB,418.288919999496,417.93615628363807,0.3527637158579182,30,25,5,5,25
VNEXT_A2_BURR,D1,sleeper:5850,Josh Jacobs,RB,100.548384949491,93.66639932871776,6.881985620773236,180,178,2,2,
VNEXT_A2_BURR,D1,sleeper:5854,Drew Lock,QB,6.890559110743778,10.841158793304507,-3.9505996825607284,332,328,4,4,
VNEXT_A2_BURR,D1,sleeper:5857,Noah Fant,TE,42.79131238209054,42.47862312286095,0.312689259229586,269,264,5,5,
VNEXT_A2_BURR,D1,sleeper:5859,A.J. Brown,WR,275.6391859354885,273.41001982031196,2.229166115176554,73,69,4,4,
VNEXT_A2_BURR,D1,sleeper:5870,Daniel Jones,QB,448.0641600017822,443.49657107836117,4.567588923421056,25,22,3,3,
VNEXT_A2_BURR,D1,sleeper:5872,Deebo Samuel,WR,106.95191621162456,102.55236453410572,4.3995516775188435,175,170,5,5,
VNEXT_A2_BURR,D1,sleeper:5892,David Montgomery,RB,248.14181252858916,246.36365352531436,1.7781590032747943,85,81,4,4,
VNEXT_A2_BURR,D1,sleeper:5906,Dawson Knox,TE,52.08434540700246,50.5152963941497,1.5690490128527586,250,243,7,7,
VNEXT_A2_BURR,D1,sleeper:5927,Terry McLaurin,WR,208.58934724677562,205.3508333376543,3.238513909121309,100,98,2,2,
VNEXT_A2_BURR,D1,sleeper:5947,Jakobi Meyers,WR,112.4071095113079,109.03047943494278,3.3766300763651174,165,162,3,3,
VNEXT_A2_BURR,D1,sleeper:5967,Tony Pollard,RB,222.9704948503491,219.9295643054995,3.0409305448496013,93,91,2,2,
VNEXT_A2_BURR,D1,sleeper:5973,Josh Oliver,TE,33.6584106710445,33.91904549313038,-0.2606348220858834,286,284,2,2,
VNEXT_A2_BURR,D1,sleeper:5995,Justice Hill,RB,66.19475658917175,64.594695102968,1.6000614862037423,227,219,8,8,
VNEXT_A2_BURR,D1,sleeper:6001,Drew Sample,TE,14.911096548784988,16.23969540656618,-1.3285988577811931,322,319,3,3,
VNEXT_A2_BURR,D1,sleeper:6039,Ty Johnson,RB,50.508904574052686,48.47982598277939,2.029078591273297,254,247,7,7,
VNEXT_A2_BURR,D1,sleeper:6136,Jarrett Stidham,QB,6.629388502673185,7.455691171690024,-0.8263026690168385,334,334,0,0,
VNEXT_A2_BURR,D1,sleeper:6271,Olamide Zaccheaus,WR,46.92323067472626,43.6769142184091,3.2463164563171603,260,260,0,0,
VNEXT_A2_BURR,D1,sleeper:6768,Tua Tagovailoa,QB,191.38434456299868,175.35117958513064,16.03316497786804,113,118,-5,5,
VNEXT_A2_BURR,D1,sleeper:6770,Joe Burrow,QB,520.7067762086601,504.6791988452882,16.027577363371904,15,12,3,3,
VNEXT_A2_BURR,D1,sleeper:6783,Jerry Jeudy,WR,112.12247449854118,105.93272915562791,6.18974534291327,166,166,0,0,
VNEXT_A2_BURR,D1,sleeper:6786,CeeDee Lamb,WR,335.09774105811505,321.30985263052804,13.787888427587006,49,49,0,0,
VNEXT_A2_BURR,D1,sleeper:6790,D'Andre Swift,RB,298.60726844004114,285.3840822846397,13.223186155401436,64,61,3,3,
VNEXT_A2_BURR,D1,sleeper:6794,Justin Jefferson,WR,336.17510340071584,322.80014542967956,13.374957971036281,48,47,1,1,
VNEXT_A2_BURR,D1,sleeper:6797,Justin Herbert,QB,549.495286553214,511.74745614958636,37.74783040362763,8,10,-2,2,
VNEXT_A2_BURR,D1,sleeper:6801,Tee Higgins,WR,276.9764323992839,265.18293186434,11.793500534943917,70,71,-1,1,
VNEXT_A2_BURR,D1,sleeper:6804,Jordan Love,QB,476.18735297929265,451.25138680268884,24.935966176603813,18,19,-1,1,
VNEXT_A2_BURR,D1,sleeper:6806,J.K. Dobbins,RB,204.54138873101724,199.80774343085108,4.73364530016616,103,105,-2,2,
VNEXT_A2_BURR,D1,sleeper:6813,Jonathan Taylor,RB,410.26097134853865,388.4815243562198,21.779446992318867,32,33,-1,1,
VNEXT_A2_BURR,D1,sleeper:6819,Michael Pittman,WR,190.90430038200398,190.9572932635635,-0.052992881559532634,115,109,6,6,
VNEXT_A2_BURR,D1,sleeper:6826,Cole Kmet,TE,68.45406570546542,64.28674554455642,4.167320160909,223,221,2,2,
VNEXT_A2_BURR,D1,sleeper:6847,Devin Duvernay,WR,2.9380107565366713,2.1730854527585435,0.7649253037781278,335,335,0,0,
VNEXT_A2_BURR,D1,sleeper:6865,Colby Parkinson,TE,82.17536448594855,76.1038603001461,6.071504185802453,203,203,0,0,
VNEXT_A2_BURR,D1,sleeper:6869,Adam Trautman,TE,21.16068727581074,23.15335009923488,-1.9926628234241406,307,306,1,1,
VNEXT_A2_BURR,D1,sleeper:6904,Jalen Hurts,QB,620.4499630721466,573.6328048122389,46.81715825990773,2,3,-1,1,
VNEXT_A2_BURR,D1,sleeper:7002,Juwan Johnson,TE,137.38194905712635,136.75926384574655,0.6226852113798031,148,142,6,6,
VNEXT_A2_BURR,D1,sleeper:7021,Rico Dowdle,RB,222.1295697998852,218.47318921308099,3.656380586804204,94,93,1,1,
VNEXT_A2_BURR,D1,sleeper:7049,Jauan Jennings,WR,94.63070327596857,90.35506853837175,4.275634737596818,190,183,7,7,
VNEXT_A2_BURR,D1,sleeper:7083,Tyler Huntley,QB,16.041809149333858,15.765334125868574,0.2764750234652844,318,321,-3,3,
VNEXT_A2_BURR,D1,sleeper:7090,Darnell Mooney,WR,57.22024993480409,54.079178476877495,3.141071457926593,238,237,1,1,
VNEXT_A2_BURR,D1,sleeper:7523,Trevor Lawrence,QB,581.6146403667594,540.3223387718274,41.29230159493204,3,6,-3,3,
VNEXT_A2_BURR,D1,sleeper:7525,DeVonta Smith,WR,262.8046176040292,260.77873041732215,2.0258871867070525,78,73,5,5,
VNEXT_A2_BURR,D1,sleeper:7526,Jaylen Waddle,WR,254.43168313082555,244.80069289178041,9.630990239045133,82,82,0,0,
VNEXT_A2_BURR,D1,sleeper:7527,Mac Jones,QB,55.33804806568233,55.17957276020638,0.15847530547594602,243,236,7,7,
VNEXT_A2_BURR,D1,sleeper:7528,Najee Harris,RB,61.07344045184162,59.411342972233605,1.6620974796080148,236,229,7,7,
VNEXT_A2_BURR,D1,sleeper:7543,Travis Etienne,RB,292.2304738815921,281.6115096587452,10.618964222846898,65,63,2,2,
VNEXT_A2_BURR,D1,sleeper:7547,Amon-Ra St. Brown,WR,426.19908496369214,394.3347744526497,31.864310511042447,28,32,-4,4,
VNEXT_A2_BURR,D1,sleeper:7553,Kyle Pitts,TE,212.6602928839324,200.41572793836184,12.244564945570573,97,104,-7,7,100
VNEXT_A2_BURR,D1,sleeper:7564,Ja'Marr Chase,WR,448.9525539712415,403.6750816194193,45.27747235182221,24,27,-3,3,25
VNEXT_A2_BURR,D1,sleeper:7569,Nico Collins,WR,313.84320592754375,304.715499966166,9.127705961377728,54,52,2,2,
VNEXT_A2_BURR,D1,sleeper:7571,Rashod Bateman,WR,102.05187433801974,98.18040424977255,3.871470088247193,178,175,3,3,
VNEXT_A2_BURR,D1,sleeper:7585,Davis Mills,QB,18.624585247168774,16.471817760573526,2.1527674865952484,312,317,-5,5,
VNEXT_A2_BURR,D1,sleeper:7587,Dyami Brown,WR,38.099144172634134,35.10333983945682,2.995804333177311,279,281,-2,2,
VNEXT_A2_BURR,D1,sleeper:7588,Javonte Williams,RB,351.68493106901553,336.54575080532925,15.139180263686285,42,42,0,0,
VNEXT_A2_BURR,D1,sleeper:7591,Justin Fields,QB,37.845706443954214,43.26394206607725,-5.418235622123035,280,262,18,18,
VNEXT_A2_BURR,D1,sleeper:7594,Chuba Hubbard,RB,175.8335696138361,174.5094970795285,1.3240725343075894,121,119,2,2,
VNEXT_A2_BURR,D1,sleeper:7600,Pat Freiermuth,TE,140.13250473764617,133.74043250719566,6.392072230450509,146,145,1,1,
VNEXT_A2_BURR,D1,sleeper:7610,Trey Lance,QB,27.92096500129459,28.187336995026804,-0.2663719937322142,295,289,6,6,
VNEXT_A2_BURR,D1,sleeper:7611,Rhamondre Stevenson,RB,196.85885475859743,193.15844656973155,3.700408188865879,109,108,1,1,
VNEXT_A2_BURR,D1,sleeper:7694,Tommy Tremble,TE,52.67334100792189,49.57207977206346,3.1012612358584306,248,245,3,3,
VNEXT_A2_BURR,D1,sleeper:7716,John Bates,TE,15.652780496835412,17.824908059581926,-2.172127562746514,320,312,8,8,
VNEXT_A2_BURR,D1,sleeper:7828,Noah Gray,TE,43.19530699401529,41.72743482252869,1.4678721714865972,266,267,-1,1,
VNEXT_A2_BURR,D1,sleeper:7891,Brock Wright,TE,25.609823510718357,26.638054670315725,-1.028231159597368,300,294,6,6,
VNEXT_A2_BURR,D1,sleeper:8110,Jake Ferguson,TE,173.63831362925998,171.3251203717829,2.3131932574770815,123,120,3,3,
VNEXT_A2_BURR,D1,sleeper:8111,Cade Otton,TE,90.44802578052837,85.77183220090461,4.676193579623757,194,192,2,2,
VNEXT_A2_BURR,D1,sleeper:8112,Drake London,WR,352.9062711737288,334.09019863827837,18.816072535450417,41,44,-3,3,
VNEXT_A2_BURR,D1,sleeper:8117,Jalen Tolbert,WR,40.114434194888275,37.198703947659936,2.915730247228339,276,276,0,0,
VNEXT_A2_BURR,D1,sleeper:8119,Jahan Dotson,WR,40.30705538966478,38.601495728416516,1.705559661248266,275,274,1,1,
VNEXT_A2_BURR,D1,sleeper:8121,Romeo Doubs,WR,173.35117906295488,166.66946593333904,6.681713129615844,124,121,3,3,
VNEXT_A2_BURR,D1,sleeper:8126,Wan'Dale Robinson,WR,161.848325016559,152.37177731997107,9.476547696587915,127,127,0,0,
VNEXT_A2_BURR,D1,sleeper:8127,Charlie Kolar,TE,42.50214721903313,41.20031002188229,1.3018371971508387,270,269,1,1,
VNEXT_A2_BURR,D1,sleeper:8130,Trey McBride,TE,284.3407522164332,266.6947737875819,17.645978428851322,69,70,-1,1,
VNEXT_A2_BURR,D1,sleeper:8131,Isaiah Likely,TE,128.91888236764936,126.42115418077563,2.4977281868737293,154,151,3,3,
VNEXT_A2_BURR,D1,sleeper:8132,Tyler Allgeier,RB,95.04540591035766,88.20017478169886,6.845231128658796,189,186,3,3,
VNEXT_A2_BURR,D1,sleeper:8134,Khalil Shakir,WR,185.12100502016216,178.72157958170533,6.399425438456831,118,117,1,1,
VNEXT_A2_BURR,D1,sleeper:8135,Treylon Burks,WR,44.310259953652405,41.94208837301579,2.368171580636613,263,265,-2,2,
VNEXT_A2_BURR,D1,sleeper:8136,Rachaad White,RB,198.77225983687964,202.00098862958205,-3.2287287927024124,108,101,7,7,
VNEXT_A2_BURR,D1,sleeper:8137,George Pickens,WR,308.94210130891145,293.5279946894038,15.414106619507663,56,58,-2,2,
VNEXT_A2_BURR,D1,sleeper:8138,James Cook,RB,375.5216634243145,360.2409746223577,15.280688801956785,39,39,0,0,
VNEXT_A2_BURR,D1,sleeper:8142,Alec Pierce,WR,225.73397605679716,218.61355395377552,7.120422103021639,92,92,0,0,
VNEXT_A2_BURR,D1,sleeper:8144,Chris Olave,WR,325.8086088291116,317.5506264288705,8.257982400241133,52,50,2,2,50
VNEXT_A2_BURR,D1,sleeper:8146,Garrett Wilson,WR,290.6791606316814,279.86399682416436,10.815163807517024,68,66,2,2,
VNEXT_A2_BURR,D1,sleeper:8148,Jameson Williams,WR,259.45838492963605,249.98402909544228,9.474355834193773,79,79,0,0,
VNEXT_A2_BURR,D1,sleeper:8150,Kyren Williams,RB,349.23069165537856,332.7339290134651,16.49676264191345,45,45,0,0,
VNEXT_A2_BURR,D1,sleeper:8151,Kenneth Walker,RB,350.9261834354359,340.04487691688064,10.881306518555277,44,41,3,3,
VNEXT_A2_BURR,D1,sleeper:8154,Brian Robinson,RB,91.80624351307368,87.00114469464881,4.805098818424867,193,189,4,4,
VNEXT_A2_BURR,D1,sleeper:8155,Breece Hall,RB,330.46774040441846,315.42841474337195,15.039325661046519,51,51,0,0,
VNEXT_A2_BURR,D1,sleeper:8160,Kenny Pickett,QB,10.764752942428773,8.247347291836014,2.5174056505927584,328,332,-4,4,
VNEXT_A2_BURR,D1,sleeper:8161,Malik Willis,QB,351.3384804566375,364.4114919333662,-13.07301147672871,43,37,6,6,
VNEXT_A2_BURR,D1,sleeper:8167,Christian Watson,WR,255.55268716692018,242.45572743986008,13.096959727060096,81,83,-2,2,
VNEXT_A2_BURR,D1,sleeper:8172,Greg Dulcich,TE,138.65388111344458,130.3472513408076,8.306629772636995,147,146,1,1,
VNEXT_A2_BURR,D1,sleeper:8180,Jalen Nailor,WR,97.45918102262085,91.95214846410491,5.507032558515945,186,181,5,5,
VNEXT_A2_BURR,D1,sleeper:8183,Brock Purdy,QB,441.7168573031948,443.258693166981,-1.5418358637862184,26,23,3,3,25
VNEXT_A2_BURR,D1,sleeper:8188,Tyquan Thornton,WR,74.08878154630895,68.43837057675255,5.650410969556404,215,212,3,3,
VNEXT_A2_BURR,D1,sleeper:8205,Isiah Pacheco,RB,64.4955313211804,60.23337757508714,4.262153746093254,230,228,2,2,
VNEXT_A2_BURR,D1,sleeper:8225,Daniel Bellinger,TE,52.637041806533944,49.710495634124484,2.9265461724094592,249,244,5,5,
VNEXT_A2_BURR,D1,sleeper:8228,Jaylen Warren,RB,265.40002479695175,261.1640134470337,4.236011349918044,76,72,4,4,
VNEXT_A2_BURR,D1,sleeper:827,Tyrod Taylor,QB,14.828008151309165,16.810328156971305,-1.9823200056621406,323,316,7,7,
VNEXT_A2_BURR,D1,sleeper:8408,Jordan Mason,RB,208.03506418438803,210.74181222166644,-2.706748037278402,102,94,8,8,100
VNEXT_A2_BURR,D1,sleeper:8676,Rashid Shaheed,WR,110.71576056524708,108.7687990387903,1.946961526456775,168,164,4,4,
VNEXT_A2_BURR,D1,sleeper:8698,Jake Tonges,TE,51.800738348965695,45.682895464940856,6.117842884024839,251,253,-2,2,
VNEXT_A2_BURR,D1,sleeper:8800,Malik Davis,RB,46.13514596950377,43.66181725214303,2.4733287173607366,261,261,0,0,
VNEXT_A2_BURR,D1,sleeper:8917,KaVontae Turpin,WR,43.009069281632904,39.98276921786083,3.0263000637720765,267,270,-3,3,
VNEXT_A2_BURR,D1,sleeper:9221,Jahmyr Gibbs,RB,536.6990342975461,493.7886342370721,42.91040006047399,12,15,-3,3,
VNEXT_A2_BURR,D1,sleeper:9224,Chase Brown,RB,401.99791711962246,382.0021786750565,19.995738444565973,35,35,0,0,
VNEXT_A2_BURR,D1,sleeper:9225,Tank Bigsby,RB,72.41593779184956,65.97053508342488,6.44540270842468,216,218,-2,2,
VNEXT_A2_BURR,D1,sleeper:9226,De'Von Achane,RB,398.69735865361775,367.27050357194906,31.42685508166869,36,36,0,0,
VNEXT_A2_BURR,D1,sleeper:9228,Bryce Young,QB,406.07598270346523,396.7147506365138,9.361232066951402,33,29,4,4,
VNEXT_A2_BURR,D1,sleeper:9230,Tanner McKee,QB,12.034505513064722,12.35752694242307,-0.3230214293583469,327,327,0,0,
VNEXT_A2_BURR,D1,sleeper:9479,Darnell Washington,TE,80.07992217899572,79.52662805135304,0.5532941276426726,207,197,10,10,200
VNEXT_A2_BURR,D1,sleeper:9480,Brenton Strange,TE,154.4610696301861,147.47514641750507,6.98592321268103,132,133,-1,1,
VNEXT_A2_BURR,D1,sleeper:9481,Luke Musgrave,TE,24.550224964210333,25.447290665847312,-0.8970657016369792,302,298,4,4,
VNEXT_A2_BURR,D1,sleeper:9482,Michael Mayer,TE,87.10467542602194,86.09440391592375,1.0102715100981925,197,191,6,6,
VNEXT_A2_BURR,D1,sleeper:9484,Tucker Kraft,TE,185.57487263482312,179.69000917072023,5.884863464102892,117,115,2,2,
VNEXT_A2_BURR,D1,sleeper:9486,Dontayvion Wicks,WR,82.12278186999089,78.68201692815543,3.440764941835454,205,199,6,6,200
VNEXT_A2_BURR,D1,sleeper:9487,Parker Washington,WR,234.91478319219115,223.56045916797297,11.354324024218187,88,89,-1,1,
VNEXT_A2_BURR,D1,sleeper:9488,Jaxon Smith-Njigba,WR,431.4503017578154,395.4001773877835,36.05012437003188,27,30,-3,3,
VNEXT_A2_BURR,D1,sleeper:9493,Puka Nacua,WR,470.89855501712634,436.2352158103197,34.663339206806654,20,24,-4,4,
VNEXT_A2_BURR,D1,sleeper:9500,Josh Downs,WR,191.20161659432046,185.76394359053768,5.437673003782777,114,111,3,3,
VNEXT_A2_BURR,D1,sleeper:9501,DeMario Douglas,WR,85.6135543761198,79.89392827950103,5.719626096618768,199,196,3,3,
VNEXT_A2_BURR,D1,sleeper:9502,Tank Dell,WR,28.47444763485074,25.44266017800836,3.0317874568423804,294,299,-5,5,
VNEXT_A2_BURR,D1,sleeper:9504,Kayshon Boutte,WR,110.7008224403769,100.59488191138978,10.10594052898712,169,171,-2,2,
VNEXT_A2_BURR,D1,sleeper:9506,Sean Tucker,RB,94.43799086491728,85.30463115604077,9.133359708876512,191,193,-2,2,
VNEXT_A2_BURR,D1,sleeper:9508,Tyjae Spears,RB,135.85705941186322,127.19548866448547,8.661570747377752,149,147,2,2,
VNEXT_A2_BURR,D1,sleeper:9509,Bijan Robinson,RB,537.3328669255028,494.09211195976934,43.24075496573346,11,14,-3,3,
VNEXT_A2_BURR,D1,sleeper:9511,Keaton Mitchell,RB,78.92352416028925,70.07610820747169,8.847415952817556,209,210,-1,1,
VNEXT_A2_BURR,D1,sleeper:96,Aaron Rodgers,QB,232.57834720825107,209.52577641718898,23.052570791062095,90,95,-5,5,
VNEXT_A2_BURR,D1,sleeper:9753,Zach Charbonnet,RB,142.61799119678443,127.1727281854528,15.445263011331633,144,148,-4,4,
VNEXT_A2_BURR,D1,sleeper:9754,Quentin Johnston,WR,212.2575139718561,201.29242994438732,10.965084027468777,98,102,-4,4,100
VNEXT_A2_BURR,D1,sleeper:9756,Jordan Addison,WR,145.8226026492198,138.96785520545436,6.854747443765433,142,141,1,1,
VNEXT_A2_BURR,D1,sleeper:9757,Kendre Miller,RB,68.2812659742865,62.887752797288215,5.393513176998283,224,224,0,0,
VNEXT_A2_BURR,D1,sleeper:9758,C.J. Stroud,QB,420.48286205518184,410.29653149548864,10.186330559693204,29,26,3,3,
VNEXT_A2_BURR,D1,sleeper:9997,Zay Flowers,WR,307.0875601079632,298.64185163863124,8.445708469331976,59,56,3,3,
VNEXT_A2_BURR,N1_histgb,sleeper:10213,Tre Tucker,WR,131.14764144088514,122.05393099563096,9.093710445254175,152,140,12,12,
VNEXT_A2_BURR,N1_histgb,sleeper:10218,Xavier Hutchinson,WR,47.62826358000104,44.244323426123174,3.383940153877866,258,235,23,23,
VNEXT_A2_BURR,N1_histgb,sleeper:10219,Chris Rodriguez,RB,132.51047674559956,112.13342189798998,20.377054847609585,151,148,3,3,
VNEXT_A2_BURR,N1_histgb,sleeper:10222,Jayden Reed,WR,202.80552349635707,176.3841873928704,26.42133610348668,106,106,0,0,
VNEXT_A2_BURR,N1_histgb,sleeper:10226,Andrei Iosivas,WR,76.92915180243081,55.39376439371516,21.53538740871565,211,213,-2,2,
VNEXT_A2_BURR,N1_histgb,sleeper:10227,Payne Durham,TE,15.175632225061051,16.351340651323092,-1.175708426262041,321,316,5,5,
VNEXT_A2_BURR,N1_histgb,sleeper:10229,Rashee Rice,WR,303.08439744437385,323.8800071805664,-20.795609736192546,61,55,6,6,
VNEXT_A2_BURR,N1_histgb,sleeper:10231,Elijah Higgins,TE,40.447737709778224,31.207854747743212,9.239882962035011,274,267,7,7,
VNEXT_A2_BURR,N1_histgb,sleeper:10232,Michael Wilson,WR,150.39722819943788,152.71103148253968,-2.313803283101805,137,120,17,17,
VNEXT_A2_BURR,N1_histgb,sleeper:10235,Roschon Johnson,RB,14.068773874270992,8.5822917778736,5.486482096397392,324,334,-10,10,
VNEXT_A2_BURR,N1_histgb,sleeper:10236,Dalton Kincaid,TE,164.69177086765433,140.03908678360648,24.65268408404785,125,126,-1,1,
VNEXT_A2_BURR,N1_histgb,sleeper:10859,Sam LaPorta,TE,196.27210847617712,203.58230640335168,-7.310197927174556,110,89,21,21,100
VNEXT_A2_BURR,N1_histgb,sleeper:10871,Luke Schoonmaker,TE,23.32145069996242,19.19833705908702,4.123113640875399,305,307,-2,2,
VNEXT_A2_BURR,N1_histgb,sleeper:11199,Emari Demercado,RB,24.79802768475135,15.990571209602784,8.807456475148566,301,317,-16,16,
VNEXT_A2_BURR,N1_histgb,sleeper:11201,Blake Whiteheart,TE,16.850989308045285,14.335872951353378,2.515116356691907,317,322,-5,5,
VNEXT_A2_BURR,N1_histgb,sleeper:11237,Jacob Saylors,RB,19.236517670210937,13.083848356066735,6.152669314144202,310,324,-14,14,
VNEXT_A2_BURR,N1_histgb,sleeper:11256,Tyson Bagent,QB,15.92044665928997,35.214256072823225,-19.293809413533253,319,254,65,65,
VNEXT_A2_BURR,N1_histgb,sleeper:11292,Tommy DeVito,QB,17.99790995616723,11.198497340859557,6.7994126153076735,313,330,-17,17,
VNEXT_A2_BURR,N1_histgb,sleeper:11370,Chris Brooks,RB,29.215857276161955,19.725026611745964,9.490830664415991,292,305,-13,13,
VNEXT_A2_BURR,N1_histgb,sleeper:11435,Emanuel Wilson,RB,13.955904423225462,15.71741489165825,-1.7615104684327871,326,318,8,8,
VNEXT_A2_BURR,N1_histgb,sleeper:11559,Michael Penix,QB,160.2320928698461,115.37676478948161,44.85532808036449,129,144,-15,15,
VNEXT_A2_BURR,N1_histgb,sleeper:11560,Caleb Williams,QB,561.0039625934967,568.1373262188199,-7.133363625323227,6,9,-3,3,
VNEXT_A2_BURR,N1_histgb,sleeper:11562,Spencer Rattler,QB,17.58006607853531,28.186695199729527,-10.606629121194217,314,275,39,39,
VNEXT_A2_BURR,N1_histgb,sleeper:11563,Bo Nix,QB,574.6706174485761,579.4400641738227,-4.769446725246667,4,7,-3,3,
VNEXT_A2_BURR,N1_histgb,sleeper:11564,Drake Maye,QB,564.9385161518252,603.334114105344,-38.39559795351886,5,3,2,2,
VNEXT_A2_BURR,N1_histgb,sleeper:11565,J.J. McCarthy,QB,42.39135199658027,77.26861784515998,-34.87726584857971,271,177,94,94,200
VNEXT_A2_BURR,N1_histgb,sleeper:11566,Jayden Daniels,QB,559.2143006352652,603.3913253715152,-44.17702473625002,7,2,5,5,
VNEXT_A2_BURR,N1_histgb,sleeper:11570,Rasheen Ali,RB,30.120517266612467,19.632583247342396,10.487934019270071,289,306,-17,17,
VNEXT_A2_BURR,N1_histgb,sleeper:11571,Isaiah Davis,RB,50.926116633683534,36.486779951028,14.439336682655536,252,250,2,2,
VNEXT_A2_BURR,N1_histgb,sleeper:11575,Ray Davis,RB,60.33712291840956,41.35771486063122,18.979408057778343,237,241,-4,4,
VNEXT_A2_BURR,N1_histgb,sleeper:11576,Braelon Allen,RB,110.01091205411038,75.2994802852136,34.71143176889677,171,179,-8,8,
VNEXT_A2_BURR,N1_histgb,sleeper:11577,Will Shipley,RB,26.377127310105156,24.452661022903364,1.924466287201792,298,291,7,7,
VNEXT_A2_BURR,N1_histgb,sleeper:11581,MarShawn Lloyd,RB,251.24303743191908,181.0122300656621,70.23080736625698,84,100,-16,16,
VNEXT_A2_BURR,N1_histgb,sleeper:11583,Jonathon Brooks,RB,275.8925506940846,198.60335252785268,77.28919816623193,72,91,-19,19,
VNEXT_A2_BURR,N1_histgb,sleeper:11584,Bucky Irving,RB,309.4110546749778,314.06538668343285,-4.6543320084550714,55,60,-5,5,
VNEXT_A2_BURR,N1_histgb,sleeper:11586,Blake Corum,RB,146.711775190581,125.08659152794652,21.62518366263447,141,136,5,5,
VNEXT_A2_BURR,N1_histgb,sleeper:11597,Theo Johnson,TE,69.01627627477396,59.92422009802627,9.09205617674769,222,208,14,14,
VNEXT_A2_BURR,N1_histgb,sleeper:11599,Cade Stover,TE,32.48021109279155,23.96904554242729,8.511165550364261,287,293,-6,6,
VNEXT_A2_BURR,N1_histgb,sleeper:11600,Ja'Tavion Sanders,TE,21.724311508309484,25.59643943915466,-3.8721279308451777,306,287,19,19,
VNEXT_A2_BURR,N1_histgb,sleeper:11603,AJ Barner,TE,159.84545215635774,136.9717214699883,22.87373068636944,130,129,1,1,
VNEXT_A2_BURR,N1_histgb,sleeper:11604,Brock Bowers,TE,291.7671003716187,355.237081259166,-63.46998088754731,66,40,26,26,50
VNEXT_A2_BURR,N1_histgb,sleeper:11608,Isaiah Williams,WR,49.6132885890399,44.38776496652751,5.225523622512384,257,233,24,24,
VNEXT_A2_BURR,N1_histgb,sleeper:11610,Malik Washington,WR,117.54553742628183,98.33378261856654,19.21175480771528,163,161,2,2,
VNEXT_A2_BURR,N1_histgb,sleeper:11618,Jalen McMillan,WR,102.71073497006346,87.31066278048907,15.400072189574388,177,166,11,11,
VNEXT_A2_BURR,N1_histgb,sleeper:11620,Rome Odunze,WR,263.4373212423379,257.18470464083515,6.252616601502723,77,72,5,5,
VNEXT_A2_BURR,N1_histgb,sleeper:11623,Jordan Whittington,WR,38.74639060261604,31.09892477726253,7.64746582535351,278,268,10,10,
VNEXT_A2_BURR,N1_histgb,sleeper:11624,Xavier Worthy,WR,189.0080770340595,181.70581279150588,7.302264242553633,116,99,17,17,100
VNEXT_A2_BURR,N1_histgb,sleeper:11625,Adonai Mitchell,WR,104.45265056163731,86.24328530792351,18.2093652537138,176,168,8,8,
VNEXT_A2_BURR,N1_histgb,sleeper:11626,Xavier Legette,WR,93.0203952791405,78.04996039170732,14.970434887433186,192,175,17,17,
VNEXT_A2_BURR,N1_histgb,sleeper:11627,Troy Franklin,WR,61.59745381349536,72.66836707938981,-11.070913265894447,235,185,50,50,200
VNEXT_A2_BURR,N1_histgb,sleeper:11628,Marvin Harrison,WR,220.24670785569072,195.33606796441381,24.9106398912769,95,92,3,3,
VNEXT_A2_BURR,N1_histgb,sleeper:11629,Devontez Walker,WR,47.249713511070496,38.70236290082214,8.547350610248358,259,246,13,13,
VNEXT_A2_BURR,N1_histgb,sleeper:11631,Brian Thomas,WR,219.6419621535391,175.7980901280055,43.843872025533614,96,107,-11,11,100
VNEXT_A2_BURR,N1_histgb,sleeper:11632,Malik Nabers,WR,307.1761927655036,323.8508848059819,-16.674692040478305,58,56,2,2,
VNEXT_A2_BURR,N1_histgb,sleeper:11635,Ladd McConkey,WR,257.4627362657117,248.28570391166642,9.17703235404531,80,76,4,4,
VNEXT_A2_BURR,N1_histgb,sleeper:11637,Keon Coleman,WR,56.92853691444634,63.02346949798668,-6.094932583540341,241,201,40,40,
VNEXT_A2_BURR,N1_histgb,sleeper:11643,Jaylen Wright,RB,95.6495343417576,72.12640334256092,23.52313099919668,188,186,2,2,
VNEXT_A2_BURR,N1_histgb,sleeper:11646,Jalen Coker,WR,128.2867332101671,112.24420611419322,16.042527095973895,156,147,9,9,
VNEXT_A2_BURR,N1_histgb,sleeper:11647,Kimani Vidal,RB,78.36577805342306,61.67945946612659,16.68631858729647,210,205,5,5,
VNEXT_A2_BURR,N1_histgb,sleeper:11655,Tyrone Tracy,RB,54.06724619048315,36.90885198921246,17.15839420127069,244,248,-4,4,
VNEXT_A2_BURR,N1_histgb,sleeper:1166,Kirk Cousins,QB,37.245453378394295,32.953692505563744,4.291760872830551,282,262,20,20,
VNEXT_A2_BURR,N1_histgb,sleeper:11783,Ryan Flournoy,WR,100.18595688971205,73.79195901834099,26.393997871371056,182,180,2,2,
VNEXT_A2_BURR,N1_histgb,sleeper:11834,Devaughn Vele,WR,67.26036620791274,45.74259326147814,21.517772946434597,226,230,-4,4,
VNEXT_A2_BURR,N1_histgb,sleeper:12048,George Holani,RB,54.00384196965023,32.78954390025802,21.214298069392214,245,264,-19,19,
VNEXT_A2_BURR,N1_histgb,sleeper:12467,Jordan James,RB,88.45789197933087,35.758902771146154,52.69898920818471,195,252,-57,57,200
VNEXT_A2_BURR,N1_histgb,sleeper:12469,Dylan Sampson,RB,173.66194696291961,114.93335128501772,58.72859567790189,122,145,-23,23,
VNEXT_A2_BURR,N1_histgb,sleeper:12470,Riley Leonard,QB,35.10031255526286,52.5705706040908,-17.470258048827937,284,219,65,65,
VNEXT_A2_BURR,N1_histgb,sleeper:12471,DJ Giddens,RB,41.63451251469974,35.58557503614025,6.048937478559495,272,253,19,19,
VNEXT_A2_BURR,N1_histgb,sleeper:12472,Raheim Sanders,RB,53.93868090096541,34.29787011938201,19.640810781583397,246,259,-13,13,
VNEXT_A2_BURR,N1_histgb,sleeper:12474,Woody Marks,RB,154.0253214654662,102.48326981418259,51.5420516512836,134,158,-24,24,
VNEXT_A2_BURR,N1_histgb,sleeper:12481,Cam Skattebo,RB,348.7894510016687,351.35277579582765,-2.563324794158973,46,43,3,3,
VNEXT_A2_BURR,N1_histgb,sleeper:12482,Savion Williams,WR,29.314368119076445,22.92861098025388,6.385757138822566,291,297,-6,6,
VNEXT_A2_BURR,N1_histgb,sleeper:12483,Jack Bech,WR,70.21359444946074,55.31715402686274,14.896440422598005,220,214,6,6,
VNEXT_A2_BURR,N1_histgb,sleeper:12487,Terrance Ferguson,TE,83.70087682666495,69.31210781066235,14.388769016002598,201,191,10,10,200
VNEXT_A2_BURR,N1_histgb,sleeper:12489,RJ Harvey,RB,203.8516298989125,149.86638348294474,53.985246415967765,104,122,-18,18,
VNEXT_A2_BURR,N1_histgb,sleeper:12490,Bhayshul Tuten,RB,276.38190559676184,217.96806413293186,58.41384146382998,71,84,-13,13,
VNEXT_A2_BURR,N1_histgb,sleeper:12492,Pat Bryant,WR,97.86549388357113,73.27424665410682,24.591247229464315,184,182,2,2,
VNEXT_A2_BURR,N1_histgb,sleeper:12493,Oronde Gadsden,TE,124.78933902534305,107.05260636322824,17.736732662114818,158,154,4,4,
VNEXT_A2_BURR,N1_histgb,sleeper:12495,Ollie Gordon,RB,57.0507209304087,44.20994450762058,12.840776422788124,240,236,4,4,
VNEXT_A2_BURR,N1_histgb,sleeper:12496,Tai Felton,WR,17.025528349082037,23.790120029292034,-6.764591680209996,315,294,21,21,
VNEXT_A2_BURR,N1_histgb,sleeper:12497,Tory Horton,WR,82.12374464218442,54.19165808880261,27.932086553381808,204,215,-11,11,
VNEXT_A2_BURR,N1_histgb,sleeper:12498,Mason Taylor,TE,129.05339071194726,114.70443792656809,14.348952785379169,153,146,7,7,
VNEXT_A2_BURR,N1_histgb,sleeper:12499,Elic Ayomanor,WR,53.53594741326298,51.08279321132109,2.453154201941892,247,221,26,26,
VNEXT_A2_BURR,N1_histgb,sleeper:12500,Quinn Ewers,QB,27.470704471818994,61.81603400904084,-34.34532953722184,296,204,92,92,
VNEXT_A2_BURR,N1_histgb,sleeper:12501,Matthew Golden,WR,150.15504740710298,145.06433590755327,5.0907114995497125,139,124,15,15,
VNEXT_A2_BURR,N1_histgb,sleeper:12502,Gunnar Helm,TE,120.78389016963348,115.76680051683772,5.017089652795761,162,143,19,19,
VNEXT_A2_BURR,N1_histgb,sleeper:12503,Isaiah Bond,WR,57.065165666997856,53.5485477875095,3.516617879488358,239,217,22,22,
VNEXT_A2_BURR,N1_histgb,sleeper:12506,Harold Fannin,TE,237.89665952461212,268.87503986081396,-30.978380336201838,86,68,18,18,
VNEXT_A2_BURR,N1_histgb,sleeper:12507,Omarion Hampton,RB,389.17779773747657,397.4603727963572,-8.282575058880639,37,30,7,7,
VNEXT_A2_BURR,N1_histgb,sleeper:12508,Jaxson Dart,QB,514.2038996825072,518.4899467598987,-4.2860470773914585,16,17,-1,1,
VNEXT_A2_BURR,N1_histgb,sleeper:12509,Tre' Harris,WR,84.79734101724898,67.78186880875687,17.015472208492113,200,195,5,5,
VNEXT_A2_BURR,N1_histgb,sleeper:12511,Will Howard,QB,87.4129080910804,35.211337437309595,52.2015706537708,196,255,-59,59,200
VNEXT_A2_BURR,N1_histgb,sleeper:12512,Quinshon Judkins,RB,361.2501796806844,304.1402468297,57.10993285098442,40,62,-22,22,50
VNEXT_A2_BURR,N1_histgb,sleeper:12514,Emeka Egbuka,WR,304.9322758179612,306.6251393720041,-1.6928635540429013,60,61,-1,1,
VNEXT_A2_BURR,N1_histgb,sleeper:12517,Colston Loveland,TE,231.9928208768618,233.39349701288822,-1.4006761360264193,91,80,11,11,
VNEXT_A2_BURR,N1_histgb,sleeper:12518,Tyler Warren,TE,235.80805016011038,243.36316606085745,-7.555115900747069,87,77,10,10,
VNEXT_A2_BURR,N1_histgb,sleeper:12519,Luther Burden,WR,291.06297930433726,256.4398044706844,34.623174833652854,67,73,-6,6,
VNEXT_A2_BURR,N1_histgb,sleeper:12521,Elijah Arroyo,TE,70.92976596682082,67.25159676568904,3.67816920113178,218,196,22,22,200
VNEXT_A2_BURR,N1_histgb,sleeper:12522,Cam Ward,QB,402.6374136867643,330.83119232159174,71.80622136517258,34,51,-17,17,50
VNEXT_A2_BURR,N1_histgb,sleeper:12524,Shedeur Sanders,QB,128.68131640771725,80.09304442598076,48.58827198173648,155,171,-16,16,
VNEXT_A2_BURR,N1_histgb,sleeper:12526,Tetairoa McMillan,WR,322.7782562672986,331.9199599045543,-9.14170363725566,53,50,3,3,50
VNEXT_A2_BURR,N1_histgb,sleeper:12527,Ashton Jeanty,RB,416.2974723523151,378.4855107968483,37.81196155546678,31,35,-4,4,
VNEXT_A2_BURR,N1_histgb,sleeper:12529,TreVeyon Henderson,RB,308.56617267776556,236.43998164778026,72.1261910299853,57,78,-21,21,
VNEXT_A2_BURR,N1_histgb,sleeper:12531,Trevor Etienne,RB,19.81588406300478,26.215472752498684,-6.399588689493903,308,284,24,24,
VNEXT_A2_BURR,N1_histgb,sleeper:12533,Jacory Croskey-Merritt,RB,202.00552390093208,155.57618055239573,46.42934334853635,107,117,-10,10,
VNEXT_A2_BURR,N1_histgb,sleeper:12534,Kyle Monangai,RB,181.73532146858705,129.92780728382556,51.80751418476149,119,133,-14,14,
VNEXT_A2_BURR,N1_histgb,sleeper:12535,Isaac TeSlaa,WR,83.4576693280629,63.86288776964588,19.594781558417026,202,200,2,2,200
VNEXT_A2_BURR,N1_histgb,sleeper:12536,Jaylin Noel,WR,85.66257354454555,70.5874710344654,15.075102510080157,198,188,10,10,
VNEXT_A2_BURR,N1_histgb,sleeper:12540,Chimere Dike,WR,50.66704673765737,39.51050898042827,11.156537757229103,253,245,8,8,
VNEXT_A2_BURR,N1_histgb,sleeper:12543,Tahj Brooks,RB,30.053575661519247,20.380321404641727,9.67325425687752,290,302,-12,12,
VNEXT_A2_BURR,N1_histgb,sleeper:12544,LeQuint Allen,RB,44.52673023720471,42.57007407255654,1.956656164648173,262,238,24,24,
VNEXT_A2_BURR,N1_histgb,sleeper:12545,Tyler Shough,QB,462.34662195265787,442.7678620706998,19.578759881958092,21,24,-3,3,
VNEXT_A2_BURR,N1_histgb,sleeper:12670,KeAndre Lambert-Smith,WR,26.66263415846565,19.079704642868403,7.582929515597247,297,308,-11,11,
VNEXT_A2_BURR,N1_histgb,sleeper:12718,Konata Mumpfield,WR,29.172401256004246,27.954968487520734,1.217432768483512,293,277,16,16,
VNEXT_A2_BURR,N1_histgb,sleeper:13079,Jahdae Walker,WR,31.07598118037047,26.00063305846909,5.075348121901378,288,285,3,3,
VNEXT_A2_BURR,N1_histgb,sleeper:13269,Fernando Mendoza,QB,334.6250189949392,280.906967392496,53.71805160244321,50,67,-17,17,50
VNEXT_A2_BURR,N1_histgb,sleeper:13272,Carson Beck,QB,100.19368826901064,44.26187664295817,55.931811626052465,181,234,-53,53,200
VNEXT_A2_BURR,N1_histgb,sleeper:13274,Germie Bernard,WR,132.69673948224178,87.00849967178387,45.688239810457915,150,167,-17,17,
VNEXT_A2_BURR,N1_histgb,sleeper:13275,Ty Simpson,QB,65.39726504199726,34.89364651129603,30.503618530701225,229,257,-28,28,
VNEXT_A2_BURR,N1_histgb,sleeper:13276,Omar Cooper,WR,76.14223866266464,45.72592514328962,30.416313519375016,213,231,-18,18,
VNEXT_A2_BURR,N1_histgb,sleeper:13279,Carnell Tate,WR,269.8760628685535,255.5301875544905,14.345875314062994,75,75,0,0,
VNEXT_A2_BURR,N1_histgb,sleeper:13281,Jordyn Tyson,WR,140.2786804553041,96.62817772762952,43.65050272767459,145,163,-18,18,
VNEXT_A2_BURR,N1_histgb,sleeper:13285,Malachi Fields,WR,98.36695207081293,60.91972291604333,37.4472291547696,183,206,-23,23,200
VNEXT_A2_BURR,N1_histgb,sleeper:13286,Jadarian Price,RB,273.88620237795305,193.47349073378479,80.41271164416827,74,93,-19,19,
VNEXT_A2_BURR,N1_histgb,sleeper:13287,Jeremiyah Love,RB,382.7441035741957,321.3027830629634,61.441320511232334,38,57,-19,19,50
VNEXT_A2_BURR,N1_histgb,sleeper:13288,Nicholas Singleton,RB,49.75578348088898,18.030438916416504,31.725344564472476,256,311,-55,55,
VNEXT_A2_BURR,N1_histgb,sleeper:13293,Ja'Kobi Lane,WR,107.07022111002348,78.84137593770382,28.228845172319666,174,173,1,1,
VNEXT_A2_BURR,N1_histgb,sleeper:13294,Makai Lemon,WR,178.52481321131728,164.91971511854697,13.605098092770305,120,114,6,6,
VNEXT_A2_BURR,N1_histgb,sleeper:13296,Caleb Douglas,WR,110.58988749129249,71.38389606612523,39.205991425167255,170,187,-17,17,
VNEXT_A2_BURR,N1_histgb,sleeper:13298,KC Concepcion,WR,195.5644725669355,172.40556742954624,23.15890513738927,111,108,3,3,
VNEXT_A2_BURR,N1_histgb,sleeper:13301,Antonio Williams,WR,65.96257198385112,48.637837126079845,17.324734857771276,228,225,3,3,
VNEXT_A2_BURR,N1_histgb,sleeper:13303,Cade Klubnik,QB,81.3437001503694,68.85049556127754,12.49320458909186,206,192,14,14,200
VNEXT_A2_BURR,N1_histgb,sleeper:13305,Mike Washington,RB,111.90331853941488,51.60107903365689,60.302239505757996,167,220,-53,53,200
VNEXT_A2_BURR,N1_histgb,sleeper:13311,Chris Bell,WR,76.75770770103941,53.9753221098502,22.78238559118921,212,216,-4,4,
VNEXT_A2_BURR,N1_histgb,sleeper:13317,Ted Hurst,WR,44.21369874685506,25.44959723578344,18.76410151107162,264,289,-25,25,
VNEXT_A2_BURR,N1_histgb,sleeper:13320,Zachariah Branch,WR,69.46164764804548,49.71128839504729,19.750359252998194,221,223,-2,2,
VNEXT_A2_BURR,N1_histgb,sleeper:13329,Malik Benson,WR,42.91129194144298,22.816299469852027,20.094992471590956,268,298,-30,30,
VNEXT_A2_BURR,N1_histgb,sleeper:13330,Kenyon Sadiq,TE,124.37521976716603,62.0912054128886,62.28401435427743,160,203,-43,43,200
VNEXT_A2_BURR,N1_histgb,sleeper:13337,Emmett Johnson,RB,107.41920345514112,43.91898934937016,63.50021410577096,173,237,-64,64,200
VNEXT_A2_BURR,N1_histgb,sleeper:13345,Jonah Coleman,RB,96.0060740671861,35.80898018010868,60.19709388707743,187,251,-64,64,200
VNEXT_A2_BURR,N1_histgb,sleeper:13346,Denzel Boston,WR,150.60645956566586,108.42804729622624,42.17841226943962,136,152,-16,16,
VNEXT_A2_BURR,N1_histgb,sleeper:13347,Demond Claiborne,RB,40.808721393691435,19.857482108058335,20.9512392856331,273,304,-31,31,
VNEXT_A2_BURR,N1_histgb,sleeper:13349,Eli Stowers,TE,44.02844122768107,18.82682744571276,25.201613781968312,265,309,-44,44,
VNEXT_A2_BURR,N1_histgb,sleeper:13405,Kaytron Allen,RB,62.25836715243554,26.61285237263602,35.64551477979952,234,283,-49,49,
VNEXT_A2_BURR,N1_histgb,sleeper:13413,Cyrus Allen,WR,70.85724596082099,41.55998108898429,29.297264871836703,219,240,-21,21,
VNEXT_A2_BURR,N1_histgb,sleeper:13414,Kaelon Black,RB,74.98978088638077,29.03857234935308,45.951208537027696,214,271,-57,57,
VNEXT_A2_BURR,N1_histgb,sleeper:13417,De'Zhaun Stribling,WR,163.14322255908596,124.7049596115723,38.43826294751365,126,138,-12,12,
VNEXT_A2_BURR,N1_histgb,sleeper:13424,Seth McGowan,RB,63.36015411908173,23.017007846132767,40.34314627294896,233,296,-63,63,
VNEXT_A2_BURR,N1_histgb,sleeper:13425,Jalon Daniels,QB,35.49603175481268,26.881078397916948,8.614953356895729,283,279,4,4,
VNEXT_A2_BURR,N1_histgb,sleeper:13434,Will Kacmarek,TE,79.12774351441901,33.900989200933765,45.226754313485245,208,260,-52,52,
VNEXT_A2_BURR,N1_histgb,sleeper:1373,Geno Smith,QB,232.74190117514704,211.53873041664042,21.203170758506616,89,88,1,1,
VNEXT_A2_BURR,N1_histgb,sleeper:1466,Travis Kelce,TE,124.87223546912684,124.9712505695476,-0.09901510042077177,157,137,20,20,
VNEXT_A2_BURR,N1_histgb,sleeper:1479,Keenan Allen,WR,67.32733186364182,65.37362070200949,1.9537111616323273,225,197,28,28,200
VNEXT_A2_BURR,N1_histgb,sleeper:19,Joe Flacco,QB,8.617071905661817,15.090219553236796,-6.473147647574979,330,320,10,10,
VNEXT_A2_BURR,N1_histgb,sleeper:2133,Davante Adams,WR,202.94544643380067,230.71730705403522,-27.77186062023455,105,81,24,24,100
VNEXT_A2_BURR,N1_histgb,sleeper:2216,Mike Evans,WR,153.281205659203,125.70064792302375,27.58055773617926,135,135,0,0,
VNEXT_A2_BURR,N1_histgb,sleeper:2306,Jameis Winston,QB,19.02427198063354,21.315358455085487,-2.291086474451948,311,299,12,12,
VNEXT_A2_BURR,N1_histgb,sleeper:2307,Marcus Mariota,QB,16.963910568255493,26.84705123170335,-9.883140663447858,316,280,36,36,
VNEXT_A2_BURR,N1_histgb,sleeper:2449,Stefon Diggs,WR,156.3139188641797,126.5929791333286,29.7209397308511,131,134,-3,3,
VNEXT_A2_BURR,N1_histgb,sleeper:2505,Darren Waller,TE,97.65936827961114,56.579007832449605,41.08036044716154,185,211,-26,26,200
VNEXT_A2_BURR,N1_histgb,sleeper:3163,Jared Goff,QB,524.4861739651462,563.4235854348043,-38.93741146965806,14,11,3,3,
VNEXT_A2_BURR,N1_histgb,sleeper:3198,Derrick Henry,RB,336.54814901150775,336.47606574139826,0.07208327010948778,47,49,-2,2,
VNEXT_A2_BURR,N1_histgb,sleeper:3202,Austin Hooper,TE,34.74293453043682,25.47815149727565,9.26478303316117,285,288,-3,3,
VNEXT_A2_BURR,N1_histgb,sleeper:3214,Hunter Henry,TE,124.44145450569826,117.62417427078185,6.81728023491641,159,142,17,17,
VNEXT_A2_BURR,N1_histgb,sleeper:3257,Jacoby Brissett,QB,300.77329928999376,284.86511762823983,15.908181661753929,63,66,-3,3,
VNEXT_A2_BURR,N1_histgb,sleeper:3271,Tyler Higbee,TE,39.14532694451867,28.111935082527367,11.033391861991305,277,276,1,1,
VNEXT_A2_BURR,N1_histgb,sleeper:3294,Dak Prescott,QB,538.920003757642,552.0111631793143,-13.091159421672273,10,13,-3,3,
VNEXT_A2_BURR,N1_histgb,sleeper:3634,Kalif Raymond,WR,24.50057364782182,24.668587556186246,-0.16801390836442565,303,290,13,13,
VNEXT_A2_BURR,N1_histgb,sleeper:4017,Deshaun Watson,QB,254.2099112887757,155.09198041699688,99.11793087177881,83,118,-35,35,100
VNEXT_A2_BURR,N1_histgb,sleeper:4033,David Njoku,TE,64.02061019557635,47.47389662495337,16.546713570622984,231,229,2,2,
VNEXT_A2_BURR,N1_histgb,sleeper:4034,Christian McCaffrey,RB,451.90548672297894,443.21124816478147,8.694238558197469,23,23,0,0,
VNEXT_A2_BURR,N1_histgb,sleeper:4035,Alvin Kamara,RB,55.55839335441955,40.75818585057972,14.800207503839829,242,242,0,0,
VNEXT_A2_BURR,N1_histgb,sleeper:4037,Chris Godwin,WR,154.29609048744533,118.92034207347123,35.375748413974094,133,141,-8,8,
VNEXT_A2_BURR,N1_histgb,sleeper:4039,Cooper Kupp,WR,63.650331099586225,48.64392855460994,15.006402544976282,232,224,8,8,
VNEXT_A2_BURR,N1_histgb,sleeper:4046,Patrick Mahomes,QB,528.4536485015881,561.9572448318967,-33.503596330308596,13,12,1,1,
VNEXT_A2_BURR,N1_histgb,sleeper:4054,Mo Alie-Cox,TE,14.045119487001344,11.696753127774603,2.348366359226741,325,328,-3,3,
VNEXT_A2_BURR,N1_histgb,sleeper:4066,Evan Engram,TE,108.71271019467395,77.39514157777874,31.3175686168952,172,176,-4,4,
VNEXT_A2_BURR,N1_histgb,sleeper:4137,James Conner,RB,10.176303376457167,11.420470402353367,-1.2441670258961999,329,329,0,0,
VNEXT_A2_BURR,N1_histgb,sleeper:4147,Samaje Perine,RB,50.314523665849975,35.07974540535748,15.234778260492497,255,256,-1,1,
VNEXT_A2_BURR,N1_histgb,sleeper:4177,Mack Hollins,WR,19.42878811797257,17.71564032696753,1.7131477910050386,309,312,-3,3,
VNEXT_A2_BURR,N1_histgb,sleeper:4179,Joshua Dobbs,QB,6.662531064010599,9.35964794273746,-2.6971168787268613,333,332,1,1,
VNEXT_A2_BURR,N1_histgb,sleeper:4199,Aaron Jones,RB,117.09184465731632,100.10668183274282,16.985162824573493,164,159,5,5,
VNEXT_A2_BURR,N1_histgb,sleeper:421,Matthew Stafford,QB,494.80248995722724,420.88133843131885,73.92115152590839,17,27,-10,10,25
VNEXT_A2_BURR,N1_histgb,sleeper:4217,George Kittle,TE,161.45010965951488,166.0235055639583,-4.57339590444343,128,112,16,16,
VNEXT_A2_BURR,N1_histgb,sleeper:4454,Kendrick Bourne,WR,37.52618638576406,28.499387100822968,9.026799284941095,281,272,9,9,
VNEXT_A2_BURR,N1_histgb,sleeper:4866,Saquon Barkley,RB,302.57283155248376,299.91309441531087,2.659737137172897,62,64,-2,2,
VNEXT_A2_BURR,N1_histgb,sleeper:4881,Lamar Jackson,QB,542.8527076628286,587.6000892707855,-44.74738160795687,9,4,5,5,
VNEXT_A2_BURR,N1_histgb,sleeper:4892,Baker Mayfield,QB,474.4615790030987,476.1157442473307,-1.654165244232047,19,20,-1,1,
VNEXT_A2_BURR,N1_histgb,sleeper:4943,Sam Darnold,QB,457.7867074854997,434.9457319163172,22.84097556918249,22,25,-3,3,
VNEXT_A2_BURR,N1_histgb,sleeper:4981,Calvin Ridley,WR,70.93480492256128,58.770104154774806,12.164700767786478,217,210,7,7,
VNEXT_A2_BURR,N1_histgb,sleeper:4983,DJ Moore,WR,210.17293156213935,190.04622168828564,20.126709873853713,99,95,4,4,
VNEXT_A2_BURR,N1_histgb,sleeper:4984,Josh Allen,QB,727.136662976654,721.0461263557069,6.090536620947091,1,1,0,0,
VNEXT_A2_BURR,N1_histgb,sleeper:4993,Mike Gesicki,TE,101.98659063605498,67.90006436867289,34.0865262673821,179,194,-15,15,
VNEXT_A2_BURR,N1_histgb,sleeper:5001,Dalton Schultz,TE,150.37209449197493,122.81120301824225,27.56089147373268,138,139,-1,1,
VNEXT_A2_BURR,N1_histgb,sleeper:5008,Durham Smythe,TE,24.009032267441484,19.96763533033285,4.041396937108633,304,303,1,1,
VNEXT_A2_BURR,N1_histgb,sleeper:5012,Mark Andrews,TE,148.06605665013987,138.35530600731303,9.710750642826838,140,127,13,13,
VNEXT_A2_BURR,N1_histgb,sleeper:5022,Dallas Goedert,TE,144.08823611405015,136.6277639425207,7.46047217152946,143,130,13,13,
VNEXT_A2_BURR,N1_histgb,sleeper:5045,Courtland Sutton,WR,194.20242584269064,176.51955036446736,17.68287547822328,112,105,7,7,
VNEXT_A2_BURR,N1_histgb,sleeper:5127,Kyle Allen,QB,8.09631818984195,12.992923670064801,-4.896605480222851,331,325,6,6,
VNEXT_A2_BURR,N1_histgb,sleeper:5844,T.J. Hockenson,TE,121.28570954832037,79.98646165020268,41.299247898117684,161,172,-11,11,
VNEXT_A2_BURR,N1_histgb,sleeper:5846,DK Metcalf,WR,208.4413403167572,176.60012761976893,31.841212696988265,101,104,-3,3,
VNEXT_A2_BURR,N1_histgb,sleeper:5848,Marquise Brown,WR,25.643362969456607,23.682122569665793,1.9612403997908139,299,295,4,4,
VNEXT_A2_BURR,N1_histgb,sleeper:5849,Kyler Murray,QB,418.288919999496,381.8796508747823,36.40926912471366,30,34,-4,4,
VNEXT_A2_BURR,N1_histgb,sleeper:5850,Josh Jacobs,RB,100.548384949491,85.84419339566823,14.704191553822767,180,169,11,11,
VNEXT_A2_BURR,N1_histgb,sleeper:5854,Drew Lock,QB,6.890559110743778,8.86847604187213,-1.9779169311283518,332,333,-1,1,
VNEXT_A2_BURR,N1_histgb,sleeper:5857,Noah Fant,TE,42.79131238209054,26.665973788025077,16.12533859406546,269,282,-13,13,
VNEXT_A2_BURR,N1_histgb,sleeper:5859,A.J. Brown,WR,275.6391859354885,301.35993612530746,-25.720750189818943,73,63,10,10,
VNEXT_A2_BURR,N1_histgb,sleeper:5870,Daniel Jones,QB,448.0641600017822,447.9452208859942,0.11893911578800953,25,21,4,4,
VNEXT_A2_BURR,N1_histgb,sleeper:5872,Deebo Samuel,WR,106.95191621162456,95.16339055303946,11.788525658585101,175,164,11,11,
VNEXT_A2_BURR,N1_histgb,sleeper:5892,David Montgomery,RB,248.14181252858916,229.47167428626847,18.67013824232069,85,82,3,3,
VNEXT_A2_BURR,N1_histgb,sleeper:5906,Dawson Knox,TE,52.08434540700246,36.85892092611553,15.225424480886929,250,249,1,1,
VNEXT_A2_BURR,N1_histgb,sleeper:5927,Terry McLaurin,WR,208.58934724677562,192.29937736670664,16.28996988006898,100,94,6,6,
VNEXT_A2_BURR,N1_histgb,sleeper:5947,Jakobi Meyers,WR,112.4071095113079,106.54412402434284,5.862985486965059,165,155,10,10,
VNEXT_A2_BURR,N1_histgb,sleeper:5967,Tony Pollard,RB,222.9704948503491,178.40882557688124,44.56166927346786,93,102,-9,9,100
VNEXT_A2_BURR,N1_histgb,sleeper:5973,Josh Oliver,TE,33.6584106710445,24.338436973328086,9.319973697716414,286,292,-6,6,
VNEXT_A2_BURR,N1_histgb,sleeper:5995,Justice Hill,RB,66.19475658917175,42.52744320252939,23.667313386642356,227,239,-12,12,
VNEXT_A2_BURR,N1_histgb,sleeper:6001,Drew Sample,TE,14.911096548784988,12.200732833358135,2.710363715426853,322,326,-4,4,
VNEXT_A2_BURR,N1_histgb,sleeper:6039,Ty Johnson,RB,50.508904574052686,34.580677221454074,15.928227352598611,254,258,-4,4,
VNEXT_A2_BURR,N1_histgb,sleeper:6136,Jarrett Stidham,QB,6.629388502673185,10.693990128031782,-4.064601625358597,334,331,3,3,
VNEXT_A2_BURR,N1_histgb,sleeper:6271,Olamide Zaccheaus,WR,46.92323067472626,30.80226606638142,16.120964608344842,260,270,-10,10,
VNEXT_A2_BURR,N1_histgb,sleeper:6768,Tua Tagovailoa,QB,191.38434456299868,131.4243681866977,59.95997637630097,113,132,-19,19,
VNEXT_A2_BURR,N1_histgb,sleeper:6770,Joe Burrow,QB,520.7067762086601,581.2213773134313,-60.514601104771145,15,6,9,9,
VNEXT_A2_BURR,N1_histgb,sleeper:6783,Jerry Jeudy,WR,112.12247449854118,97.94686930347078,14.175605195070403,166,162,4,4,
VNEXT_A2_BURR,N1_histgb,sleeper:6786,CeeDee Lamb,WR,335.09774105811505,358.8014435615852,-23.70370250347014,49,38,11,11,
VNEXT_A2_BURR,N1_histgb,sleeper:6790,D'Andre Swift,RB,298.60726844004114,268.5512120180905,30.056056421950643,64,69,-5,5,
VNEXT_A2_BURR,N1_histgb,sleeper:6794,Justin Jefferson,WR,336.17510340071584,343.15429583346474,-6.979192432748903,48,48,0,0,
VNEXT_A2_BURR,N1_histgb,sleeper:6797,Justin Herbert,QB,549.495286553214,545.596370990517,3.8989155626969705,8,14,-6,6,
VNEXT_A2_BURR,N1_histgb,sleeper:6801,Tee Higgins,WR,276.9764323992839,291.08892297136197,-14.112490572078059,70,65,5,5,
VNEXT_A2_BURR,N1_histgb,sleeper:6804,Jordan Love,QB,476.18735297929265,447.71133641674203,28.476016562550626,18,22,-4,4,
VNEXT_A2_BURR,N1_histgb,sleeper:6806,J.K. Dobbins,RB,204.54138873101724,167.93719275223256,36.604195978784674,103,110,-7,7,
VNEXT_A2_BURR,N1_histgb,sleeper:6813,Jonathan Taylor,RB,410.26097134853865,387.16769121187883,23.093280136659814,32,31,1,1,
VNEXT_A2_BURR,N1_histgb,sleeper:6819,Michael Pittman,WR,190.90430038200398,158.38933170769647,32.51496867430751,115,115,0,0,
VNEXT_A2_BURR,N1_histgb,sleeper:6826,Cole Kmet,TE,68.45406570546542,48.16951365925497,20.284552046210457,223,227,-4,4,
VNEXT_A2_BURR,N1_histgb,sleeper:6847,Devin Duvernay,WR,2.9380107565366713,5.976209567361456,-3.038198810824785,335,335,0,0,
VNEXT_A2_BURR,N1_histgb,sleeper:6865,Colby Parkinson,TE,82.17536448594855,59.44641975204708,22.72894473390147,203,209,-6,6,
VNEXT_A2_BURR,N1_histgb,sleeper:6869,Adam Trautman,TE,21.16068727581074,17.18278395643842,3.97790331937232,307,314,-7,7,
VNEXT_A2_BURR,N1_histgb,sleeper:6904,Jalen Hurts,QB,620.4499630721466,586.2686614739271,34.181301598219534,2,5,-3,3,
VNEXT_A2_BURR,N1_histgb,sleeper:7002,Juwan Johnson,TE,137.38194905712635,110.51746424226491,26.86448481486144,148,150,-2,2,
VNEXT_A2_BURR,N1_histgb,sleeper:7021,Rico Dowdle,RB,222.1295697998852,182.67468842361927,39.45488137626592,94,97,-3,3,
VNEXT_A2_BURR,N1_histgb,sleeper:7049,Jauan Jennings,WR,94.63070327596857,78.0822118301196,16.548491445848967,190,174,16,16,
VNEXT_A2_BURR,N1_histgb,sleeper:7083,Tyler Huntley,QB,16.041809149333858,17.03936465470564,-0.997555505371782,318,315,3,3,
VNEXT_A2_BURR,N1_histgb,sleeper:7090,Darnell Mooney,WR,57.22024993480409,40.61779198579886,16.602457949005228,238,243,-5,5,
VNEXT_A2_BURR,N1_histgb,sleeper:7523,Trevor Lawrence,QB,581.6146403667594,579.1690993426623,2.4455410240971105,3,8,-5,5,
VNEXT_A2_BURR,N1_histgb,sleeper:7525,DeVonta Smith,WR,262.8046176040292,266.01457247844746,-3.2099548744182584,78,70,8,8,
VNEXT_A2_BURR,N1_histgb,sleeper:7526,Jaylen Waddle,WR,254.43168313082555,233.89798909560042,20.533694035225125,82,79,3,3,
VNEXT_A2_BURR,N1_histgb,sleeper:7527,Mac Jones,QB,55.33804806568233,60.189219621690015,-4.851171556007685,243,207,36,36,
VNEXT_A2_BURR,N1_histgb,sleeper:7528,Najee Harris,RB,61.07344045184162,50.82012972696858,10.253310724873039,236,222,14,14,
VNEXT_A2_BURR,N1_histgb,sleeper:7543,Travis Etienne,RB,292.2304738815921,260.4959694221355,31.734504459456616,65,71,-6,6,
VNEXT_A2_BURR,N1_histgb,sleeper:7547,Amon-Ra St. Brown,WR,426.19908496369214,419.95632486430895,6.24276009938319,28,28,0,0,
VNEXT_A2_BURR,N1_histgb,sleeper:7553,Kyle Pitts,TE,212.6602928839324,221.3081303213857,-8.64783743745329,97,83,14,14,
VNEXT_A2_BURR,N1_histgb,sleeper:7564,Ja'Marr Chase,WR,448.9525539712415,488.4234942491312,-39.47094027788967,24,18,6,6,
VNEXT_A2_BURR,N1_histgb,sleeper:7569,Nico Collins,WR,313.84320592754375,326.11336770669476,-12.27016177915101,54,54,0,0,
VNEXT_A2_BURR,N1_histgb,sleeper:7571,Rashod Bateman,WR,102.05187433801974,84.29670132107125,17.75517301694849,178,170,8,8,
VNEXT_A2_BURR,N1_histgb,sleeper:7585,Davis Mills,QB,18.624585247168774,18.556223069654195,0.06836217751457951,312,310,2,2,
VNEXT_A2_BURR,N1_histgb,sleeper:7587,Dyami Brown,WR,38.099144172634134,26.80124489872444,11.297899273909692,279,281,-2,2,
VNEXT_A2_BURR,N1_histgb,sleeper:7588,Javonte Williams,RB,351.68493106901553,347.5051306835941,4.1798003854214585,42,45,-3,3,
VNEXT_A2_BURR,N1_histgb,sleeper:7591,Justin Fields,QB,37.845706443954214,65.04277382569164,-27.197067381737426,280,198,82,82,200
VNEXT_A2_BURR,N1_histgb,sleeper:7594,Chuba Hubbard,RB,175.8335696138361,135.52574156022288,40.30782805361321,121,131,-10,10,
VNEXT_A2_BURR,N1_histgb,sleeper:7600,Pat Freiermuth,TE,140.13250473764617,110.80822300148523,29.32428173616094,146,149,-3,3,
VNEXT_A2_BURR,N1_histgb,sleeper:7610,Trey Lance,QB,27.92096500129459,25.6546831220085,2.2662818792860904,295,286,9,9,
VNEXT_A2_BURR,N1_histgb,sleeper:7611,Rhamondre Stevenson,RB,196.85885475859743,157.96020321251245,38.89865154608498,109,116,-7,7,
VNEXT_A2_BURR,N1_histgb,sleeper:7694,Tommy Tremble,TE,52.67334100792189,39.595024551761036,13.078316456160856,248,244,4,4,
VNEXT_A2_BURR,N1_histgb,sleeper:7716,John Bates,TE,15.652780496835412,11.709687955396248,3.9430925414391638,320,327,-7,7,
VNEXT_A2_BURR,N1_histgb,sleeper:7828,Noah Gray,TE,43.19530699401529,28.2107333002948,14.984573693720488,266,274,-8,8,
VNEXT_A2_BURR,N1_histgb,sleeper:7891,Brock Wright,TE,25.609823510718357,14.808067699451133,10.801755811267224,300,321,-21,21,
VNEXT_A2_BURR,N1_histgb,sleeper:8110,Jake Ferguson,TE,173.63831362925998,152.95477363217947,20.683539997080516,123,119,4,4,
VNEXT_A2_BURR,N1_histgb,sleeper:8111,Cade Otton,TE,90.44802578052837,76.162710378895,14.285315401633369,194,178,16,16,
VNEXT_A2_BURR,N1_histgb,sleeper:8112,Drake London,WR,352.9062711737288,402.31972685764003,-49.41345568391125,41,29,12,12,
VNEXT_A2_BURR,N1_histgb,sleeper:8117,Jalen Tolbert,WR,40.114434194888275,28.333143105532002,11.781291089356273,276,273,3,3,
VNEXT_A2_BURR,N1_histgb,sleeper:8119,Jahan Dotson,WR,40.30705538966478,31.564069014554555,8.742986375110227,275,266,9,9,
VNEXT_A2_BURR,N1_histgb,sleeper:8121,Romeo Doubs,WR,173.35117906295488,150.00316835105372,23.348010711901168,124,121,3,3,
VNEXT_A2_BURR,N1_histgb,sleeper:8126,Wan'Dale Robinson,WR,161.848325016559,166.66037151999438,-4.812046503435397,127,111,16,16,
VNEXT_A2_BURR,N1_histgb,sleeper:8127,Charlie Kolar,TE,42.50214721903313,27.9346508515332,14.567496367499928,270,278,-8,8,
VNEXT_A2_BURR,N1_histgb,sleeper:8130,Trey McBride,TE,284.3407522164332,353.46882994351233,-69.12807772707913,69,41,28,28,50
VNEXT_A2_BURR,N1_histgb,sleeper:8131,Isaiah Likely,TE,128.91888236764936,105.76480166081541,23.154080706833952,154,157,-3,3,
VNEXT_A2_BURR,N1_histgb,sleeper:8132,Tyler Allgeier,RB,95.04540591035766,73.37373482157005,21.671671088787605,189,181,8,8,
VNEXT_A2_BURR,N1_histgb,sleeper:8134,Khalil Shakir,WR,185.12100502016216,140.76331560119263,44.35768941896953,118,125,-7,7,
VNEXT_A2_BURR,N1_histgb,sleeper:8135,Treylon Burks,WR,44.310259953652405,32.05393525892245,12.256324694729955,263,265,-2,2,
VNEXT_A2_BURR,N1_histgb,sleeper:8136,Rachaad White,RB,198.77225983687964,164.96268990732457,33.80956992955507,108,113,-5,5,
VNEXT_A2_BURR,N1_histgb,sleeper:8137,George Pickens,WR,308.94210130891145,318.4863125974029,-9.544211288491454,56,58,-2,2,
VNEXT_A2_BURR,N1_histgb,sleeper:8138,James Cook,RB,375.5216634243145,353.12240448178954,22.399258942524966,39,42,-3,3,
VNEXT_A2_BURR,N1_histgb,sleeper:8142,Alec Pierce,WR,225.73397605679716,202.50792809834866,23.226047958448504,92,90,2,2,
VNEXT_A2_BURR,N1_histgb,sleeper:8144,Chris Olave,WR,325.8086088291116,366.98369890040874,-41.17509007129712,52,36,16,16,50
VNEXT_A2_BURR,N1_histgb,sleeper:8146,Garrett Wilson,WR,290.6791606316814,314.9150517507609,-24.235891119079497,68,59,9,9,
VNEXT_A2_BURR,N1_histgb,sleeper:8148,Jameson Williams,WR,259.45838492963605,256.25757200096336,3.20081292867269,79,74,5,5,
VNEXT_A2_BURR,N1_histgb,sleeper:8150,Kyren Williams,RB,349.23069165537856,330.58134866351753,18.649342991861033,45,52,-7,7,50
VNEXT_A2_BURR,N1_histgb,sleeper:8151,Kenneth Walker,RB,350.9261834354359,348.22005797526333,2.7061254601725864,44,44,0,0,
VNEXT_A2_BURR,N1_histgb,sleeper:8154,Brian Robinson,RB,91.80624351307368,73.22010418467899,18.586139328394694,193,183,10,10,
VNEXT_A2_BURR,N1_histgb,sleeper:8155,Breece Hall,RB,330.46774040441846,343.593195753563,-13.125455349144545,51,46,5,5,50
VNEXT_A2_BURR,N1_histgb,sleeper:8160,Kenny Pickett,QB,10.764752942428773,13.53853386866436,-2.7737809262355864,328,323,5,5,
VNEXT_A2_BURR,N1_histgb,sleeper:8161,Malik Willis,QB,351.3384804566375,343.33085832988615,8.007622126751357,43,47,-4,4,
VNEXT_A2_BURR,N1_histgb,sleeper:8167,Christian Watson,WR,255.55268716692018,216.3011640913575,39.25152307556269,81,85,-4,4,
VNEXT_A2_BURR,N1_histgb,sleeper:8172,Greg Dulcich,TE,138.65388111344458,108.5018356622675,30.152045451177088,147,151,-4,4,
VNEXT_A2_BURR,N1_histgb,sleeper:8180,Jalen Nailor,WR,97.45918102262085,73.13015555583542,24.32902546678544,186,184,2,2,
VNEXT_A2_BURR,N1_histgb,sleeper:8183,Brock Purdy,QB,441.7168573031948,424.30295382186995,17.413903481324837,26,26,0,0,
VNEXT_A2_BURR,N1_histgb,sleeper:8188,Tyquan Thornton,WR,74.08878154630895,55.81155837386434,18.277223172444614,215,212,3,3,
VNEXT_A2_BURR,N1_histgb,sleeper:8205,Isiah Pacheco,RB,64.4955313211804,45.031585353928115,19.46394596725228,230,232,-2,2,
VNEXT_A2_BURR,N1_histgb,sleeper:8225,Daniel Bellinger,TE,52.637041806533944,38.61205782139999,14.02498398513395,249,247,2,2,
VNEXT_A2_BURR,N1_histgb,sleeper:8228,Jaylen Warren,RB,265.40002479695175,214.93617490548547,50.46384989146628,76,87,-11,11,
VNEXT_A2_BURR,N1_histgb,sleeper:827,Tyrod Taylor,QB,14.828008151309165,15.572440270913901,-0.7444321196047365,323,319,4,4,
VNEXT_A2_BURR,N1_histgb,sleeper:8408,Jordan Mason,RB,208.03506418438803,185.6476017856913,22.387462398696726,102,96,6,6,100
VNEXT_A2_BURR,N1_histgb,sleeper:8676,Rashid Shaheed,WR,110.71576056524708,98.72337363870979,11.992386926537293,168,160,8,8,
VNEXT_A2_BURR,N1_histgb,sleeper:8698,Jake Tonges,TE,51.800738348965695,32.92192572298996,18.878812625975733,251,263,-12,12,
VNEXT_A2_BURR,N1_histgb,sleeper:8800,Malik Davis,RB,46.13514596950377,30.962768648780106,15.172377320723662,261,269,-8,8,
VNEXT_A2_BURR,N1_histgb,sleeper:8917,KaVontae Turpin,WR,43.009069281632904,33.67398015713597,9.335089124496932,267,261,6,6,
VNEXT_A2_BURR,N1_histgb,sleeper:9221,Jahmyr Gibbs,RB,536.6990342975461,545.4701680086283,-8.771133711082257,12,15,-3,3,
VNEXT_A2_BURR,N1_histgb,sleeper:9224,Chase Brown,RB,401.99791711962246,384.95245930096644,17.04545781865602,35,33,2,2,
VNEXT_A2_BURR,N1_histgb,sleeper:9225,Tank Bigsby,RB,72.41593779184956,52.69008174082667,19.725856051022888,216,218,-2,2,
VNEXT_A2_BURR,N1_histgb,sleeper:9226,De'Von Achane,RB,398.69735865361775,386.0447123809706,12.652646272647132,36,32,4,4,
VNEXT_A2_BURR,N1_histgb,sleeper:9228,Bryce Young,QB,406.07598270346523,356.4290265655869,49.646956137878306,33,39,-6,6,
VNEXT_A2_BURR,N1_histgb,sleeper:9230,Tanner McKee,QB,12.034505513064722,20.98862649469844,-8.954120981633718,327,300,27,27,
VNEXT_A2_BURR,N1_histgb,sleeper:9479,Darnell Washington,TE,80.07992217899572,62.25212776743143,17.827794411564284,207,202,5,5,
VNEXT_A2_BURR,N1_histgb,sleeper:9480,Brenton Strange,TE,154.4610696301861,138.34979761722613,16.111272012959972,132,128,4,4,
VNEXT_A2_BURR,N1_histgb,sleeper:9481,Luke Musgrave,TE,24.550224964210333,20.730929403054958,3.819295561155375,302,301,1,1,
VNEXT_A2_BURR,N1_histgb,sleeper:9482,Michael Mayer,TE,87.10467542602194,69.38447722307292,17.72019820294902,197,190,7,7,
VNEXT_A2_BURR,N1_histgb,sleeper:9484,Tucker Kraft,TE,185.57487263482312,172.29144713973793,13.283425495085197,117,109,8,8,
VNEXT_A2_BURR,N1_histgb,sleeper:9486,Dontayvion Wicks,WR,82.12278186999089,68.03079595548765,14.09198591450324,205,193,12,12,200
VNEXT_A2_BURR,N1_histgb,sleeper:9487,Parker Washington,WR,234.91478319219115,215.96395867694338,18.950824515247774,88,86,2,2,
VNEXT_A2_BURR,N1_histgb,sleeper:9488,Jaxon Smith-Njigba,WR,431.4503017578154,480.0576445249636,-48.607342767148225,27,19,8,8,25
VNEXT_A2_BURR,N1_histgb,sleeper:9493,Puka Nacua,WR,470.89855501712634,519.5466407333579,-48.64808571623155,20,16,4,4,
VNEXT_A2_BURR,N1_histgb,sleeper:9500,Josh Downs,WR,191.20161659432046,179.9343181228238,11.267298471496645,114,101,13,13,
VNEXT_A2_BURR,N1_histgb,sleeper:9501,DeMario Douglas,WR,85.6135543761198,69.40415180939931,16.209402566720485,199,189,10,10,
VNEXT_A2_BURR,N1_histgb,sleeper:9502,Tank Dell,WR,28.47444763485074,17.34103165485798,11.133415979992762,294,313,-19,19,
VNEXT_A2_BURR,N1_histgb,sleeper:9504,Kayshon Boutte,WR,110.7008224403769,95.07969238379933,15.62113005657757,169,165,4,4,
VNEXT_A2_BURR,N1_histgb,sleeper:9506,Sean Tucker,RB,94.43799086491728,64.47262379595044,29.96536706896684,191,199,-8,8,
VNEXT_A2_BURR,N1_histgb,sleeper:9508,Tyjae Spears,RB,135.85705941186322,106.2112261166082,29.645833295255017,149,156,-7,7,
VNEXT_A2_BURR,N1_histgb,sleeper:9509,Bijan Robinson,RB,537.3328669255028,566.4527841439434,-29.119917218440605,11,10,1,1,
VNEXT_A2_BURR,N1_histgb,sleeper:9511,Keaton Mitchell,RB,78.92352416028925,48.39491254344561,30.528611616843634,209,226,-17,17,
VNEXT_A2_BURR,N1_histgb,sleeper:96,Aaron Rodgers,QB,232.57834720825107,181.81123063324614,50.767116575004934,90,98,-8,8,
VNEXT_A2_BURR,N1_histgb,sleeper:9753,Zach Charbonnet,RB,142.61799119678443,107.76422357598445,34.853767620799985,144,153,-9,9,
VNEXT_A2_BURR,N1_histgb,sleeper:9754,Quentin Johnston,WR,212.2575139718561,177.23711689904974,35.02039707280636,98,103,-5,5,100
VNEXT_A2_BURR,N1_histgb,sleeper:9756,Jordan Addison,WR,145.8226026492198,147.90998801393053,-2.087385364710741,142,123,19,19,
VNEXT_A2_BURR,N1_histgb,sleeper:9757,Kendre Miller,RB,68.2812659742865,47.59737788241652,20.68388809186998,224,228,-4,4,
VNEXT_A2_BURR,N1_histgb,sleeper:9758,C.J. Stroud,QB,420.48286205518184,364.6609059839838,55.82195607119803,29,37,-8,8,
VNEXT_A2_BURR,N1_histgb,sleeper:9997,Zay Flowers,WR,307.0875601079632,330.4159496787351,-23.32838957077189,59,53,6,6,
VNEXT_A2_BURR,N2_spline_two_part,sleeper:10213,Tre Tucker,WR,131.14764144088514,116.52952139874165,14.618120042143488,152,150,2,2,
VNEXT_A2_BURR,N2_spline_two_part,sleeper:10218,Xavier Hutchinson,WR,47.62826358000104,35.542624535346846,12.085639044654194,258,267,-9,9,
VNEXT_A2_BURR,N2_spline_two_part,sleeper:10219,Chris Rodriguez,RB,132.51047674559956,107.79281574122264,24.71766100437692,151,158,-7,7,
VNEXT_A2_BURR,N2_spline_two_part,sleeper:10222,Jayden Reed,WR,202.80552349635707,152.435721005388,50.36980249096908,106,123,-17,17,
VNEXT_A2_BURR,N2_spline_two_part,sleeper:10226,Andrei Iosivas,WR,76.92915180243081,50.47744531181892,26.45170649061189,211,237,-26,26,
VNEXT_A2_BURR,N2_spline_two_part,sleeper:10227,Payne Durham,TE,15.175632225061051,29.805200641185667,-14.629568416124616,321,288,33,33,
VNEXT_A2_BURR,N2_spline_two_part,sleeper:10229,Rashee Rice,WR,303.08439744437385,308.26476082401274,-5.180363379638891,61,61,0,0,
VNEXT_A2_BURR,N2_spline_two_part,sleeper:10231,Elijah Higgins,TE,40.447737709778224,34.54363617227504,5.9041015375031805,274,272,2,2,
VNEXT_A2_BURR,N2_spline_two_part,sleeper:10232,Michael Wilson,WR,150.39722819943788,143.5554480684438,6.841780130994067,137,131,6,6,
VNEXT_A2_BURR,N2_spline_two_part,sleeper:10235,Roschon Johnson,RB,14.068773874270992,10.086382036131786,3.982391838139206,324,328,-4,4,
VNEXT_A2_BURR,N2_spline_two_part,sleeper:10236,Dalton Kincaid,TE,164.69177086765433,141.66273346157408,23.02903740608025,125,134,-9,9,
VNEXT_A2_BURR,N2_spline_two_part,sleeper:10859,Sam LaPorta,TE,196.27210847617712,214.00712501842554,-17.735016542248417,110,94,16,16,100
VNEXT_A2_BURR,N2_spline_two_part,sleeper:10871,Luke Schoonmaker,TE,23.32145069996242,21.04234942772009,2.279101272242329,305,309,-4,4,
VNEXT_A2_BURR,N2_spline_two_part,sleeper:11199,Emari Demercado,RB,24.79802768475135,17.203469905714808,7.594557779036542,301,315,-14,14,
VNEXT_A2_BURR,N2_spline_two_part,sleeper:11201,Blake Whiteheart,TE,16.850989308045285,19.315424318042105,-2.4644350099968193,317,312,5,5,
VNEXT_A2_BURR,N2_spline_two_part,sleeper:11237,Jacob Saylors,RB,19.236517670210937,16.07227337189129,3.164244298319648,310,317,-7,7,
VNEXT_A2_BURR,N2_spline_two_part,sleeper:11256,Tyson Bagent,QB,15.92044665928997,37.63419822323297,-21.713751563943,319,260,59,59,
VNEXT_A2_BURR,N2_spline_two_part,sleeper:11292,Tommy DeVito,QB,17.99790995616723,23.549141374299133,-5.551231418131902,313,306,7,7,
VNEXT_A2_BURR,N2_spline_two_part,sleeper:11370,Chris Brooks,RB,29.215857276161955,21.97686100253457,7.238996273627386,292,308,-16,16,
VNEXT_A2_BURR,N2_spline_two_part,sleeper:11435,Emanuel Wilson,RB,13.955904423225462,7.79310405715519,6.162800366070272,326,331,-5,5,
VNEXT_A2_BURR,N2_spline_two_part,sleeper:11559,Michael Penix,QB,160.2320928698461,142.8930171510122,17.339075718833897,129,132,-3,3,
VNEXT_A2_BURR,N2_spline_two_part,sleeper:11560,Caleb Williams,QB,561.0039625934967,543.0558653709281,17.94809722256855,6,6,0,0,
VNEXT_A2_BURR,N2_spline_two_part,sleeper:11562,Spencer Rattler,QB,17.58006607853531,18.057864723595877,-0.4777986450605667,314,314,0,0,
VNEXT_A2_BURR,N2_spline_two_part,sleeper:11563,Bo Nix,QB,574.6706174485761,549.7829070909518,24.887710357624314,4,5,-1,1,
VNEXT_A2_BURR,N2_spline_two_part,sleeper:11564,Drake Maye,QB,564.9385161518252,559.4011975110159,5.537318640809303,5,4,1,1,
VNEXT_A2_BURR,N2_spline_two_part,sleeper:11565,J.J. McCarthy,QB,42.39135199658027,44.47832907985004,-2.0869770832697725,271,249,22,22,
VNEXT_A2_BURR,N2_spline_two_part,sleeper:11566,Jayden Daniels,QB,559.2143006352652,509.7829816108951,49.43131902437011,7,11,-4,4,
VNEXT_A2_BURR,N2_spline_two_part,sleeper:11570,Rasheen Ali,RB,30.120517266612467,27.675478430635028,2.4450388359774387,289,297,-8,8,
VNEXT_A2_BURR,N2_spline_two_part,sleeper:11571,Isaiah Davis,RB,50.926116633683534,35.40825261058077,15.517864023102767,252,268,-16,16,
VNEXT_A2_BURR,N2_spline_two_part,sleeper:11575,Ray Davis,RB,60.33712291840956,37.6645887845582,22.672534133851364,237,259,-22,22,
VNEXT_A2_BURR,N2_spline_two_part,sleeper:11576,Braelon Allen,RB,110.01091205411038,103.34193760315446,6.668974450955915,171,162,9,9,
VNEXT_A2_BURR,N2_spline_two_part,sleeper:11577,Will Shipley,RB,26.377127310105156,37.30161108491436,-10.924483774809207,298,262,36,36,
VNEXT_A2_BURR,N2_spline_two_part,sleeper:11581,MarShawn Lloyd,RB,251.24303743191908,204.51146224930665,46.73157518261243,84,95,-11,11,
VNEXT_A2_BURR,N2_spline_two_part,sleeper:11583,Jonathon Brooks,RB,275.8925506940846,266.7423396228942,9.150211071190427,72,74,-2,2,
VNEXT_A2_BURR,N2_spline_two_part,sleeper:11584,Bucky Irving,RB,309.4110546749778,292.9434299978426,16.467624677135177,55,64,-9,9,
VNEXT_A2_BURR,N2_spline_two_part,sleeper:11586,Blake Corum,RB,146.711775190581,140.20354461289287,6.508230577688124,141,135,6,6,
VNEXT_A2_BURR,N2_spline_two_part,sleeper:11597,Theo Johnson,TE,69.01627627477396,53.11350763514132,15.90276863963264,222,230,-8,8,
VNEXT_A2_BURR,N2_spline_two_part,sleeper:11599,Cade Stover,TE,32.48021109279155,45.282779242243315,-12.802568149451766,287,247,40,40,
VNEXT_A2_BURR,N2_spline_two_part,sleeper:11600,Ja'Tavion Sanders,TE,21.724311508309484,29.97017434206134,-8.245862833751858,306,286,20,20,
VNEXT_A2_BURR,N2_spline_two_part,sleeper:11603,AJ Barner,TE,159.84545215635774,145.86284998904483,13.982602167312905,130,128,2,2,
VNEXT_A2_BURR,N2_spline_two_part,sleeper:11604,Brock Bowers,TE,291.7671003716187,339.47571118086194,-47.708610809243226,66,50,16,16,50
VNEXT_A2_BURR,N2_spline_two_part,sleeper:11608,Isaiah Williams,WR,49.6132885890399,38.50101030127734,11.112278287762557,257,258,-1,1,
VNEXT_A2_BURR,N2_spline_two_part,sleeper:11610,Malik Washington,WR,117.54553742628183,90.9361608338408,26.609376592441023,163,181,-18,18,
VNEXT_A2_BURR,N2_spline_two_part,sleeper:11618,Jalen McMillan,WR,102.71073497006346,97.60731420782676,5.103420762236695,177,171,6,6,
VNEXT_A2_BURR,N2_spline_two_part,sleeper:11620,Rome Odunze,WR,263.4373212423379,253.95416882071564,9.483152421622236,77,78,-1,1,
VNEXT_A2_BURR,N2_spline_two_part,sleeper:11623,Jordan Whittington,WR,38.74639060261604,34.94250691465234,3.8038836879636975,278,270,8,8,
VNEXT_A2_BURR,N2_spline_two_part,sleeper:11624,Xavier Worthy,WR,189.0080770340595,174.20858448887248,14.799492545187036,116,108,8,8,
VNEXT_A2_BURR,N2_spline_two_part,sleeper:11625,Adonai Mitchell,WR,104.45265056163731,94.22064477180342,10.232005789833892,176,176,0,0,
VNEXT_A2_BURR,N2_spline_two_part,sleeper:11626,Xavier Legette,WR,93.0203952791405,65.72478616230444,27.29560911683606,192,213,-21,21,200
VNEXT_A2_BURR,N2_spline_two_part,sleeper:11627,Troy Franklin,WR,61.59745381349536,86.94526009043828,-25.34780627694292,235,186,49,49,200
VNEXT_A2_BURR,N2_spline_two_part,sleeper:11628,Marvin Harrison,WR,220.24670785569072,188.76506663367823,31.481641222012485,95,99,-4,4,
VNEXT_A2_BURR,N2_spline_two_part,sleeper:11629,Devontez Walker,WR,47.249713511070496,42.627698628090656,4.62201488297984,259,251,8,8,
VNEXT_A2_BURR,N2_spline_two_part,sleeper:11631,Brian Thomas,WR,219.6419621535391,223.44486998286067,-3.802907829321555,96,93,3,3,
VNEXT_A2_BURR,N2_spline_two_part,sleeper:11632,Malik Nabers,WR,307.1761927655036,357.0598802404017,-49.883687474898124,58,46,12,12,50
VNEXT_A2_BURR,N2_spline_two_part,sleeper:11635,Ladd McConkey,WR,257.4627362657117,232.96203414631702,24.500702119394703,80,87,-7,7,
VNEXT_A2_BURR,N2_spline_two_part,sleeper:11637,Keon Coleman,WR,56.92853691444634,74.65791563792877,-17.729378723482426,241,201,40,40,
VNEXT_A2_BURR,N2_spline_two_part,sleeper:11643,Jaylen Wright,RB,95.6495343417576,69.54415446242854,26.105379879329064,188,208,-20,20,200
VNEXT_A2_BURR,N2_spline_two_part,sleeper:11646,Jalen Coker,WR,128.2867332101671,112.97530118432842,15.311432025838698,156,155,1,1,
VNEXT_A2_BURR,N2_spline_two_part,sleeper:11647,Kimani Vidal,RB,78.36577805342306,48.98485552055197,29.38092253287109,210,239,-29,29,
VNEXT_A2_BURR,N2_spline_two_part,sleeper:11655,Tyrone Tracy,RB,54.06724619048315,26.35479264608053,27.712453544402617,244,300,-56,56,
VNEXT_A2_BURR,N2_spline_two_part,sleeper:1166,Kirk Cousins,QB,37.245453378394295,28.71765017066016,8.527803207734134,282,296,-14,14,
VNEXT_A2_BURR,N2_spline_two_part,sleeper:11783,Ryan Flournoy,WR,100.18595688971205,70.73905393420766,29.446902955504385,182,204,-22,22,200
VNEXT_A2_BURR,N2_spline_two_part,sleeper:11834,Devaughn Vele,WR,67.26036620791274,47.73544025556003,19.52492595235271,226,241,-15,15,
VNEXT_A2_BURR,N2_spline_two_part,sleeper:12048,George Holani,RB,54.00384196965023,32.39907262156035,21.60476934808988,245,280,-35,35,
VNEXT_A2_BURR,N2_spline_two_part,sleeper:12467,Jordan James,RB,88.45789197933087,87.346735394306,1.1111565850248724,195,184,11,11,
VNEXT_A2_BURR,N2_spline_two_part,sleeper:12469,Dylan Sampson,RB,173.66194696291961,130.16016218882785,43.50178477409176,122,142,-20,20,
VNEXT_A2_BURR,N2_spline_two_part,sleeper:12470,Riley Leonard,QB,35.10031255526286,41.786581786315985,-6.686269231053124,284,253,31,31,
VNEXT_A2_BURR,N2_spline_two_part,sleeper:12471,DJ Giddens,RB,41.63451251469974,50.186440394535424,-8.55192787983568,272,238,34,34,
VNEXT_A2_BURR,N2_spline_two_part,sleeper:12472,Raheim Sanders,RB,53.93868090096541,36.151102483011826,17.787578417953583,246,265,-19,19,
VNEXT_A2_BURR,N2_spline_two_part,sleeper:12474,Woody Marks,RB,154.0253214654662,98.71938620277898,55.305935262687214,134,169,-35,35,
VNEXT_A2_BURR,N2_spline_two_part,sleeper:12481,Cam Skattebo,RB,348.7894510016687,309.33219169576154,39.457259305907144,46,60,-14,14,50
VNEXT_A2_BURR,N2_spline_two_part,sleeper:12482,Savion Williams,WR,29.314368119076445,33.11335603580673,-3.7989879167302867,291,276,15,15,
VNEXT_A2_BURR,N2_spline_two_part,sleeper:12483,Jack Bech,WR,70.21359444946074,66.63283732366867,3.5807571257920756,220,212,8,8,
VNEXT_A2_BURR,N2_spline_two_part,sleeper:12487,Terrance Ferguson,TE,83.70087682666495,90.13662348735194,-6.435746660686988,201,182,19,19,200
VNEXT_A2_BURR,N2_spline_two_part,sleeper:12489,RJ Harvey,RB,203.8516298989125,159.81929508222368,44.03233481668883,104,119,-15,15,
VNEXT_A2_BURR,N2_spline_two_part,sleeper:12490,Bhayshul Tuten,RB,276.38190559676184,228.17357949981175,48.20832609695009,71,89,-18,18,
VNEXT_A2_BURR,N2_spline_two_part,sleeper:12492,Pat Bryant,WR,97.86549388357113,75.56465106819375,22.30084281537738,184,200,-16,16,
VNEXT_A2_BURR,N2_spline_two_part,sleeper:12493,Oronde Gadsden,TE,124.78933902534305,137.48704012460502,-12.697701099261963,158,138,20,20,
VNEXT_A2_BURR,N2_spline_two_part,sleeper:12495,Ollie Gordon,RB,57.0507209304087,47.60384351109203,9.446877419316671,240,242,-2,2,
VNEXT_A2_BURR,N2_spline_two_part,sleeper:12496,Tai Felton,WR,17.025528349082037,26.475071087099636,-9.449542738017598,315,299,16,16,
VNEXT_A2_BURR,N2_spline_two_part,sleeper:12497,Tory Horton,WR,82.12374464218442,63.98918003334761,18.13456460883681,204,217,-13,13,
VNEXT_A2_BURR,N2_spline_two_part,sleeper:12498,Mason Taylor,TE,129.05339071194726,144.8709237001749,-15.81753298822764,153,129,24,24,
VNEXT_A2_BURR,N2_spline_two_part,sleeper:12499,Elic Ayomanor,WR,53.53594741326298,70.47092139760169,-16.934973984338704,247,205,42,42,
VNEXT_A2_BURR,N2_spline_two_part,sleeper:12500,Quinn Ewers,QB,27.470704471818994,23.859428540911253,3.611275930907741,296,305,-9,9,
VNEXT_A2_BURR,N2_spline_two_part,sleeper:12501,Matthew Golden,WR,150.15504740710298,172.21740234890962,-22.062354941806632,139,110,29,29,
VNEXT_A2_BURR,N2_spline_two_part,sleeper:12502,Gunnar Helm,TE,120.78389016963348,117.65250809443127,3.131382075202211,162,148,14,14,
VNEXT_A2_BURR,N2_spline_two_part,sleeper:12503,Isaiah Bond,WR,57.065165666997856,76.54435816936422,-19.47919250236636,239,198,41,41,200
VNEXT_A2_BURR,N2_spline_two_part,sleeper:12506,Harold Fannin,TE,237.89665952461212,287.95336984472095,-50.056710320108834,86,66,20,20,
VNEXT_A2_BURR,N2_spline_two_part,sleeper:12507,Omarion Hampton,RB,389.17779773747657,393.39998278876135,-4.222185051284782,37,38,-1,1,
VNEXT_A2_BURR,N2_spline_two_part,sleeper:12508,Jaxson Dart,QB,514.2038996825072,494.3575082974338,19.84639138507339,16,17,-1,1,
VNEXT_A2_BURR,N2_spline_two_part,sleeper:12509,Tre' Harris,WR,84.79734101724898,61.93639251221476,22.860948505034223,200,219,-19,19,200
VNEXT_A2_BURR,N2_spline_two_part,sleeper:12511,Will Howard,QB,87.4129080910804,44.524020468774516,42.88888762230588,196,248,-52,52,200
VNEXT_A2_BURR,N2_spline_two_part,sleeper:12512,Quinshon Judkins,RB,361.2501796806844,327.5272511530219,33.72292852766253,40,55,-15,15,50
VNEXT_A2_BURR,N2_spline_two_part,sleeper:12514,Emeka Egbuka,WR,304.9322758179612,304.33599297601825,0.5962828419429798,60,62,-2,2,
VNEXT_A2_BURR,N2_spline_two_part,sleeper:12517,Colston Loveland,TE,231.9928208768618,272.92958322894754,-40.936762352085736,91,71,20,20,
VNEXT_A2_BURR,N2_spline_two_part,sleeper:12518,Tyler Warren,TE,235.80805016011038,256.1515486097684,-20.343498449658,87,76,11,11,
VNEXT_A2_BURR,N2_spline_two_part,sleeper:12519,Luther Burden,WR,291.06297930433726,270.96145158772026,20.101527716617,67,72,-5,5,
VNEXT_A2_BURR,N2_spline_two_part,sleeper:12521,Elijah Arroyo,TE,70.92976596682082,79.8887824484865,-8.959016481665671,218,195,23,23,200
VNEXT_A2_BURR,N2_spline_two_part,sleeper:12522,Cam Ward,QB,402.6374136867643,396.7642346750186,5.873179011745719,34,37,-3,3,
VNEXT_A2_BURR,N2_spline_two_part,sleeper:12524,Shedeur Sanders,QB,128.68131640771725,83.50374151518783,45.17757489252942,155,190,-35,35,
VNEXT_A2_BURR,N2_spline_two_part,sleeper:12526,Tetairoa McMillan,WR,322.7782562672986,333.7493852268103,-10.971128959511702,53,53,0,0,
VNEXT_A2_BURR,N2_spline_two_part,sleeper:12527,Ashton Jeanty,RB,416.2974723523151,399.5676861428795,16.729786209435588,31,34,-3,3,
VNEXT_A2_BURR,N2_spline_two_part,sleeper:12529,TreVeyon Henderson,RB,308.56617267776556,269.50657015250533,39.05960252526023,57,73,-16,16,
VNEXT_A2_BURR,N2_spline_two_part,sleeper:12531,Trevor Etienne,RB,19.81588406300478,33.25885224162579,-13.442968178621008,308,274,34,34,
VNEXT_A2_BURR,N2_spline_two_part,sleeper:12533,Jacory Croskey-Merritt,RB,202.00552390093208,134.37719158534242,67.62833231558966,107,139,-32,32,
VNEXT_A2_BURR,N2_spline_two_part,sleeper:12534,Kyle Monangai,RB,181.73532146858705,151.81840280364727,29.91691866493977,119,124,-5,5,
VNEXT_A2_BURR,N2_spline_two_part,sleeper:12535,Isaac TeSlaa,WR,83.4576693280629,59.977429407773,23.480239920289904,202,225,-23,23,
VNEXT_A2_BURR,N2_spline_two_part,sleeper:12536,Jaylin Noel,WR,85.66257354454555,73.43117138758734,12.231402156958211,198,203,-5,5,200
VNEXT_A2_BURR,N2_spline_two_part,sleeper:12540,Chimere Dike,WR,50.66704673765737,46.96036348524588,3.7066832524114943,253,244,9,9,
VNEXT_A2_BURR,N2_spline_two_part,sleeper:12543,Tahj Brooks,RB,30.053575661519247,29.11948163870136,0.934094022817888,290,293,-3,3,
VNEXT_A2_BURR,N2_spline_two_part,sleeper:12544,LeQuint Allen,RB,44.52673023720471,69.96998382974473,-25.443253592540024,262,207,55,55,
VNEXT_A2_BURR,N2_spline_two_part,sleeper:12545,Tyler Shough,QB,462.34662195265787,417.85320888104303,44.49341307161484,21,27,-6,6,25
VNEXT_A2_BURR,N2_spline_two_part,sleeper:12670,KeAndre Lambert-Smith,WR,26.66263415846565,28.921694938512186,-2.2590607800465357,297,295,2,2,
VNEXT_A2_BURR,N2_spline_two_part,sleeper:12718,Konata Mumpfield,WR,29.172401256004246,42.05832049787672,-12.885919241872475,293,252,41,41,
VNEXT_A2_BURR,N2_spline_two_part,sleeper:13079,Jahdae Walker,WR,31.07598118037047,38.53592099588378,-7.459939815513309,288,257,31,31,
VNEXT_A2_BURR,N2_spline_two_part,sleeper:13269,Fernando Mendoza,QB,334.6250189949392,331.42957364495703,3.195445349982151,50,54,-4,4,50
VNEXT_A2_BURR,N2_spline_two_part,sleeper:13272,Carson Beck,QB,100.19368826901064,80.09149151089322,20.102196758117415,181,193,-12,12,
VNEXT_A2_BURR,N2_spline_two_part,sleeper:13274,Germie Bernard,WR,132.69673948224178,154.69488531103264,-21.998145828790854,150,122,28,28,
VNEXT_A2_BURR,N2_spline_two_part,sleeper:13275,Ty Simpson,QB,65.39726504199726,51.99929017958043,13.39797486241683,229,233,-4,4,
VNEXT_A2_BURR,N2_spline_two_part,sleeper:13276,Omar Cooper,WR,76.14223866266464,102.57460746462,-26.432368801955363,213,165,48,48,200
VNEXT_A2_BURR,N2_spline_two_part,sleeper:13279,Carnell Tate,WR,269.8760628685535,273.89889622739634,-4.022833358842831,75,69,6,6,
VNEXT_A2_BURR,N2_spline_two_part,sleeper:13281,Jordyn Tyson,WR,140.2786804553041,182.84833871716216,-42.56965826185805,145,104,41,41,
VNEXT_A2_BURR,N2_spline_two_part,sleeper:13285,Malachi Fields,WR,98.36695207081293,111.96828267078789,-13.601330599974958,183,156,27,27,
VNEXT_A2_BURR,N2_spline_two_part,sleeper:13286,Jadarian Price,RB,273.88620237795305,248.53326432765988,25.352938050293176,74,80,-6,6,
VNEXT_A2_BURR,N2_spline_two_part,sleeper:13287,Jeremiyah Love,RB,382.7441035741957,381.14603725184884,1.598066322346881,38,39,-1,1,
VNEXT_A2_BURR,N2_spline_two_part,sleeper:13288,Nicholas Singleton,RB,49.75578348088898,61.78287781081918,-12.0270943299302,256,220,36,36,
VNEXT_A2_BURR,N2_spline_two_part,sleeper:13293,Ja'Kobi Lane,WR,107.07022111002348,139.77902878323346,-32.708807673209975,174,136,38,38,
VNEXT_A2_BURR,N2_spline_two_part,sleeper:13294,Makai Lemon,WR,178.52481321131728,241.7917026436862,-63.26688943236891,120,84,36,36,100
VNEXT_A2_BURR,N2_spline_two_part,sleeper:13296,Caleb Douglas,WR,110.58988749129249,122.8303666050878,-12.240479113795317,170,145,25,25,
VNEXT_A2_BURR,N2_spline_two_part,sleeper:13298,KC Concepcion,WR,195.5644725669355,233.4320283405762,-37.8675557736407,111,86,25,25,100
VNEXT_A2_BURR,N2_spline_two_part,sleeper:13301,Antonio Williams,WR,65.96257198385112,119.87582242323744,-53.91325043938632,228,147,81,81,200
VNEXT_A2_BURR,N2_spline_two_part,sleeper:13303,Cade Klubnik,QB,81.3437001503694,93.47273366881807,-12.129033518448665,206,177,29,29,200
VNEXT_A2_BURR,N2_spline_two_part,sleeper:13305,Mike Washington,RB,111.90331853941488,91.37212621509524,20.531192324319647,167,180,-13,13,
VNEXT_A2_BURR,N2_spline_two_part,sleeper:13311,Chris Bell,WR,76.75770770103941,124.08126053656487,-47.32355283552546,212,144,68,68,200
VNEXT_A2_BURR,N2_spline_two_part,sleeper:13317,Ted Hurst,WR,44.21369874685506,80.05426253074975,-35.840563783894694,264,194,70,70,200
VNEXT_A2_BURR,N2_spline_two_part,sleeper:13320,Zachariah Branch,WR,69.46164764804548,117.10530306705125,-47.64365541900577,221,149,72,72,200
VNEXT_A2_BURR,N2_spline_two_part,sleeper:13329,Malik Benson,WR,42.91129194144298,68.88990626696786,-25.978614325524873,268,209,59,59,
VNEXT_A2_BURR,N2_spline_two_part,sleeper:13330,Kenyon Sadiq,TE,124.37521976716603,168.1459436317736,-43.770723864607575,160,114,46,46,
VNEXT_A2_BURR,N2_spline_two_part,sleeper:13337,Emmett Johnson,RB,107.41920345514112,92.32977759468038,15.089425860460736,173,179,-6,6,
VNEXT_A2_BURR,N2_spline_two_part,sleeper:13345,Jonah Coleman,RB,96.0060740671861,77.12842892238297,18.87764514480314,187,197,-10,10,
VNEXT_A2_BURR,N2_spline_two_part,sleeper:13346,Denzel Boston,WR,150.60645956566586,180.80332530651145,-30.196865740845595,136,105,31,31,
VNEXT_A2_BURR,N2_spline_two_part,sleeper:13347,Demond Claiborne,RB,40.808721393691435,64.4913998042762,-23.682678410584764,273,215,58,58,
VNEXT_A2_BURR,N2_spline_two_part,sleeper:13349,Eli Stowers,TE,44.02844122768107,87.43417315505516,-43.40573192737409,265,183,82,82,200
VNEXT_A2_BURR,N2_spline_two_part,sleeper:13405,Kaytron Allen,RB,62.25836715243554,62.49256659289175,-0.23419944045620866,234,218,16,16,
VNEXT_A2_BURR,N2_spline_two_part,sleeper:13413,Cyrus Allen,WR,70.85724596082099,84.28034661154392,-13.42310065072293,219,189,30,30,200
VNEXT_A2_BURR,N2_spline_two_part,sleeper:13414,Kaelon Black,RB,74.98978088638077,51.7058236276845,23.28395725869627,214,235,-21,21,
VNEXT_A2_BURR,N2_spline_two_part,sleeper:13417,De'Zhaun Stribling,WR,163.14322255908596,184.79560397275097,-21.65238141366501,126,102,24,24,
VNEXT_A2_BURR,N2_spline_two_part,sleeper:13424,Seth McGowan,RB,63.36015411908173,48.5520223457249,14.808131773356827,233,240,-7,7,
VNEXT_A2_BURR,N2_spline_two_part,sleeper:13425,Jalon Daniels,QB,35.49603175481268,44.22865713353693,-8.73262537872425,283,250,33,33,
VNEXT_A2_BURR,N2_spline_two_part,sleeper:13434,Will Kacmarek,TE,79.12774351441901,100.22679239590349,-21.099048881484478,208,167,41,41,200
VNEXT_A2_BURR,N2_spline_two_part,sleeper:1373,Geno Smith,QB,232.74190117514704,245.95244708407014,-13.210545908923109,89,81,8,8,
VNEXT_A2_BURR,N2_spline_two_part,sleeper:1466,Travis Kelce,TE,124.87223546912684,113.53493137756423,11.3373040915626,157,154,3,3,
VNEXT_A2_BURR,N2_spline_two_part,sleeper:1479,Keenan Allen,WR,67.32733186364182,61.253948795775806,6.073383067866011,225,221,4,4,
VNEXT_A2_BURR,N2_spline_two_part,sleeper:19,Joe Flacco,QB,8.617071905661817,5.804487521472488,2.8125843841893285,330,333,-3,3,
VNEXT_A2_BURR,N2_spline_two_part,sleeper:2133,Davante Adams,WR,202.94544643380067,225.71209287578884,-22.766646441988172,105,91,14,14,100
VNEXT_A2_BURR,N2_spline_two_part,sleeper:2216,Mike Evans,WR,153.281205659203,115.32932863095596,37.951877028247054,135,151,-16,16,
VNEXT_A2_BURR,N2_spline_two_part,sleeper:2306,Jameis Winston,QB,19.02427198063354,11.568760709230801,7.455511271402738,311,327,-16,16,
VNEXT_A2_BURR,N2_spline_two_part,sleeper:2307,Marcus Mariota,QB,16.963910568255493,6.477540867701217,10.486369700554276,316,332,-16,16,
VNEXT_A2_BURR,N2_spline_two_part,sleeper:2449,Stefon Diggs,WR,156.3139188641797,115.15922749114914,41.15469137303056,131,152,-21,21,
VNEXT_A2_BURR,N2_spline_two_part,sleeper:2505,Darren Waller,TE,97.65936827961114,54.07396432989396,43.58540394971718,185,228,-43,43,200
VNEXT_A2_BURR,N2_spline_two_part,sleeper:3163,Jared Goff,QB,524.4861739651462,466.68259187791523,57.80358208723101,14,21,-7,7,
VNEXT_A2_BURR,N2_spline_two_part,sleeper:3198,Derrick Henry,RB,336.54814901150775,400.2057548293881,-63.65760581788038,47,33,14,14,
VNEXT_A2_BURR,N2_spline_two_part,sleeper:3202,Austin Hooper,TE,34.74293453043682,26.2450022579908,8.497932272446018,285,301,-16,16,
VNEXT_A2_BURR,N2_spline_two_part,sleeper:3214,Hunter Henry,TE,124.44145450569826,102.9865544128853,21.454900092812963,159,164,-5,5,
VNEXT_A2_BURR,N2_spline_two_part,sleeper:3257,Jacoby Brissett,QB,300.77329928999376,300.2537398627508,0.5195594272429389,63,63,0,0,
VNEXT_A2_BURR,N2_spline_two_part,sleeper:3271,Tyler Higbee,TE,39.14532694451867,29.90933840450217,9.235988540016503,277,287,-10,10,
VNEXT_A2_BURR,N2_spline_two_part,sleeper:3294,Dak Prescott,QB,538.920003757642,514.1366829257079,24.783320831934134,10,9,1,1,
VNEXT_A2_BURR,N2_spline_two_part,sleeper:3634,Kalif Raymond,WR,24.50057364782182,24.47806921347442,0.02250443434740035,303,303,0,0,
VNEXT_A2_BURR,N2_spline_two_part,sleeper:4017,Deshaun Watson,QB,254.2099112887757,243.58424453472867,10.625666754047018,83,83,0,0,
VNEXT_A2_BURR,N2_spline_two_part,sleeper:4033,David Njoku,TE,64.02061019557635,52.923667100944435,11.096943094631918,231,231,0,0,
VNEXT_A2_BURR,N2_spline_two_part,sleeper:4034,Christian McCaffrey,RB,451.90548672297894,506.603218864445,-54.697732141466076,23,14,9,9,
VNEXT_A2_BURR,N2_spline_two_part,sleeper:4035,Alvin Kamara,RB,55.55839335441955,37.22914073763747,18.329252616782078,242,263,-21,21,
VNEXT_A2_BURR,N2_spline_two_part,sleeper:4037,Chris Godwin,WR,154.29609048744533,104.01995720597574,50.27613328146958,133,161,-28,28,
VNEXT_A2_BURR,N2_spline_two_part,sleeper:4039,Cooper Kupp,WR,63.650331099586225,50.96724576028061,12.683085339305613,232,236,-4,4,
VNEXT_A2_BURR,N2_spline_two_part,sleeper:4046,Patrick Mahomes,QB,528.4536485015881,507.7969318386661,20.65671666292195,13,12,1,1,
VNEXT_A2_BURR,N2_spline_two_part,sleeper:4054,Mo Alie-Cox,TE,14.045119487001344,13.463060340037174,0.5820591469641698,325,322,3,3,
VNEXT_A2_BURR,N2_spline_two_part,sleeper:4066,Evan Engram,TE,108.71271019467395,70.22324840195364,38.489461792720306,172,206,-34,34,200
VNEXT_A2_BURR,N2_spline_two_part,sleeper:4137,James Conner,RB,10.176303376457167,8.929532927215746,1.2467704492414207,329,330,-1,1,
VNEXT_A2_BURR,N2_spline_two_part,sleeper:4147,Samaje Perine,RB,50.314523665849975,34.95294203077012,15.361581635079858,255,269,-14,14,
VNEXT_A2_BURR,N2_spline_two_part,sleeper:4177,Mack Hollins,WR,19.42878811797257,16.507761827393438,2.9210262905791318,309,316,-7,7,
VNEXT_A2_BURR,N2_spline_two_part,sleeper:4179,Joshua Dobbs,QB,6.662531064010599,9.777494563062515,-3.1149634990519157,333,329,4,4,
VNEXT_A2_BURR,N2_spline_two_part,sleeper:4199,Aaron Jones,RB,117.09184465731632,99.7221487663527,17.369695890963612,164,168,-4,4,
VNEXT_A2_BURR,N2_spline_two_part,sleeper:421,Matthew Stafford,QB,494.80248995722724,431.6097965951625,63.192693362064745,17,26,-9,9,25
VNEXT_A2_BURR,N2_spline_two_part,sleeper:4217,George Kittle,TE,161.45010965951488,166.09903473030565,-4.648925070790767,128,116,12,12,
VNEXT_A2_BURR,N2_spline_two_part,sleeper:4454,Kendrick Bourne,WR,37.52618638576406,27.30169863136502,10.224487754399043,281,298,-17,17,
VNEXT_A2_BURR,N2_spline_two_part,sleeper:4866,Saquon Barkley,RB,302.57283155248376,336.2081972341501,-33.635365681666315,62,51,11,11,
VNEXT_A2_BURR,N2_spline_two_part,sleeper:4881,Lamar Jackson,QB,542.8527076628286,503.94878000991406,38.90392765291455,9,15,-6,6,
VNEXT_A2_BURR,N2_spline_two_part,sleeper:4892,Baker Mayfield,QB,474.4615790030987,445.43924256684227,29.02233643625641,19,25,-6,6,
VNEXT_A2_BURR,N2_spline_two_part,sleeper:4943,Sam Darnold,QB,457.7867074854997,405.747080879026,52.03962660647369,22,31,-9,9,25
VNEXT_A2_BURR,N2_spline_two_part,sleeper:4981,Calvin Ridley,WR,70.93480492256128,60.06347626541048,10.871328657150805,217,224,-7,7,
VNEXT_A2_BURR,N2_spline_two_part,sleeper:4983,DJ Moore,WR,210.17293156213935,179.57722340673448,30.59570815540488,99,106,-7,7,100
VNEXT_A2_BURR,N2_spline_two_part,sleeper:4984,Josh Allen,QB,727.136662976654,637.6692333138027,89.46742966285126,1,1,0,0,
VNEXT_A2_BURR,N2_spline_two_part,sleeper:4993,Mike Gesicki,TE,101.98659063605498,64.6595504033857,37.32704023266929,179,214,-35,35,200
VNEXT_A2_BURR,N2_spline_two_part,sleeper:5001,Dalton Schultz,TE,150.37209449197493,114.27212294846254,36.099971543512396,138,153,-15,15,
VNEXT_A2_BURR,N2_spline_two_part,sleeper:5008,Durham Smythe,TE,24.009032267441484,24.32277728369455,-0.3137450162530655,304,304,0,0,
VNEXT_A2_BURR,N2_spline_two_part,sleeper:5012,Mark Andrews,TE,148.06605665013987,133.15014509585117,14.915911554288698,140,141,-1,1,
VNEXT_A2_BURR,N2_spline_two_part,sleeper:5022,Dallas Goedert,TE,144.08823611405015,139.37010572501896,4.718130389031188,143,137,6,6,
VNEXT_A2_BURR,N2_spline_two_part,sleeper:5045,Courtland Sutton,WR,194.20242584269064,157.85933098292614,36.343094859764506,112,121,-9,9,
VNEXT_A2_BURR,N2_spline_two_part,sleeper:5127,Kyle Allen,QB,8.09631818984195,15.181727307779903,-7.085409117937953,331,320,11,11,
VNEXT_A2_BURR,N2_spline_two_part,sleeper:5844,T.J. Hockenson,TE,121.28570954832037,84.4884048223263,36.79730472599407,161,188,-27,27,
VNEXT_A2_BURR,N2_spline_two_part,sleeper:5846,DK Metcalf,WR,208.4413403167572,172.7648336876285,35.67650662912868,101,109,-8,8,
VNEXT_A2_BURR,N2_spline_two_part,sleeper:5848,Marquise Brown,WR,25.643362969456607,22.26571691112108,3.377646058335529,299,307,-8,8,
VNEXT_A2_BURR,N2_spline_two_part,sleeper:5849,Kyler Murray,QB,418.288919999496,372.26306706404364,46.02585293545235,30,41,-11,11,
VNEXT_A2_BURR,N2_spline_two_part,sleeper:5850,Josh Jacobs,RB,100.548384949491,75.71194246693364,24.83644248255736,180,199,-19,19,
VNEXT_A2_BURR,N2_spline_two_part,sleeper:5854,Drew Lock,QB,6.890559110743778,12.493865535609725,-5.603306424865947,332,324,8,8,
VNEXT_A2_BURR,N2_spline_two_part,sleeper:5857,Noah Fant,TE,42.79131238209054,31.342192984752373,11.449119397338166,269,283,-14,14,
VNEXT_A2_BURR,N2_spline_two_part,sleeper:5859,A.J. Brown,WR,275.6391859354885,292.4331800391941,-16.793994103705586,73,65,8,8,
VNEXT_A2_BURR,N2_spline_two_part,sleeper:5870,Daniel Jones,QB,448.0641600017822,411.22309035376304,36.841069648019186,25,29,-4,4,25
VNEXT_A2_BURR,N2_spline_two_part,sleeper:5872,Deebo Samuel,WR,106.95191621162456,98.53880346909939,8.413112742525172,175,170,5,5,
VNEXT_A2_BURR,N2_spline_two_part,sleeper:5892,David Montgomery,RB,248.14181252858916,236.6219276992033,11.519884829385859,85,85,0,0,
VNEXT_A2_BURR,N2_spline_two_part,sleeper:5906,Dawson Knox,TE,52.08434540700246,37.568215631961884,14.516129775040575,250,261,-11,11,
VNEXT_A2_BURR,N2_spline_two_part,sleeper:5927,Terry McLaurin,WR,208.58934724677562,185.832962079346,22.756385167429613,100,100,0,0,
VNEXT_A2_BURR,N2_spline_two_part,sleeper:5947,Jakobi Meyers,WR,112.4071095113079,103.04871765657657,9.358391854731323,165,163,2,2,
VNEXT_A2_BURR,N2_spline_two_part,sleeper:5967,Tony Pollard,RB,222.9704948503491,189.6497458304412,33.32074901990791,93,97,-4,4,
VNEXT_A2_BURR,N2_spline_two_part,sleeper:5973,Josh Oliver,TE,33.6584106710445,25.041198416584113,8.617212254460387,286,302,-16,16,
VNEXT_A2_BURR,N2_spline_two_part,sleeper:5995,Justice Hill,RB,66.19475658917175,47.41517749104915,18.779579098122596,227,243,-16,16,
VNEXT_A2_BURR,N2_spline_two_part,sleeper:6001,Drew Sample,TE,14.911096548784988,14.10077293341636,0.8103236153686275,322,321,1,1,
VNEXT_A2_BURR,N2_spline_two_part,sleeper:6039,Ty Johnson,RB,50.508904574052686,33.87609888765851,16.63280568639418,254,273,-19,19,
VNEXT_A2_BURR,N2_spline_two_part,sleeper:6136,Jarrett Stidham,QB,6.629388502673185,12.082230328019687,-5.452841825346502,334,325,9,9,
VNEXT_A2_BURR,N2_spline_two_part,sleeper:6271,Olamide Zaccheaus,WR,46.92323067472626,31.496540368954694,15.426690305771569,260,282,-22,22,
VNEXT_A2_BURR,N2_spline_two_part,sleeper:6768,Tua Tagovailoa,QB,191.38434456299868,179.01462319470676,12.36972136829192,113,107,6,6,
VNEXT_A2_BURR,N2_spline_two_part,sleeper:6770,Joe Burrow,QB,520.7067762086601,491.88032935706667,28.82644685159346,15,18,-3,3,
VNEXT_A2_BURR,N2_spline_two_part,sleeper:6783,Jerry Jeudy,WR,112.12247449854118,93.11781976563843,19.00465473290275,166,178,-12,12,
VNEXT_A2_BURR,N2_spline_two_part,sleeper:6786,CeeDee Lamb,WR,335.09774105811505,334.498423606792,0.5993174513230315,49,52,-3,3,50
VNEXT_A2_BURR,N2_spline_two_part,sleeper:6790,D'Andre Swift,RB,298.60726844004114,273.03072817238916,25.57654026765198,64,70,-6,6,
VNEXT_A2_BURR,N2_spline_two_part,sleeper:6794,Justin Jefferson,WR,336.17510340071584,341.71673599885145,-5.541632598135607,48,49,-1,1,
VNEXT_A2_BURR,N2_spline_two_part,sleeper:6797,Justin Herbert,QB,549.495286553214,507.43269432885165,42.062592224362334,8,13,-5,5,
VNEXT_A2_BURR,N2_spline_two_part,sleeper:6801,Tee Higgins,WR,276.9764323992839,279.5545798231505,-2.5781474238665965,70,67,3,3,
VNEXT_A2_BURR,N2_spline_two_part,sleeper:6804,Jordan Love,QB,476.18735297929265,446.57097815275927,29.616374826533388,18,24,-6,6,
VNEXT_A2_BURR,N2_spline_two_part,sleeper:6806,J.K. Dobbins,RB,204.54138873101724,151.44773035189743,53.0936583791198,103,126,-23,23,
VNEXT_A2_BURR,N2_spline_two_part,sleeper:6813,Jonathan Taylor,RB,410.26097134853865,450.61167226099144,-40.350700912452794,32,22,10,10,25
VNEXT_A2_BURR,N2_spline_two_part,sleeper:6819,Michael Pittman,WR,190.90430038200398,146.65281053252596,44.25148984947802,115,127,-12,12,
VNEXT_A2_BURR,N2_spline_two_part,sleeper:6826,Cole Kmet,TE,68.45406570546542,53.93042438118926,14.523641324276163,223,229,-6,6,
VNEXT_A2_BURR,N2_spline_two_part,sleeper:6847,Devin Duvernay,WR,2.9380107565366713,2.0314080844982367,0.9066026720384346,335,335,0,0,
VNEXT_A2_BURR,N2_spline_two_part,sleeper:6865,Colby Parkinson,TE,82.17536448594855,68.87398466126263,13.301379824685924,203,210,-7,7,
VNEXT_A2_BURR,N2_spline_two_part,sleeper:6869,Adam Trautman,TE,21.16068727581074,20.258385396634324,0.9023018791764166,307,311,-4,4,
VNEXT_A2_BURR,N2_spline_two_part,sleeper:6904,Jalen Hurts,QB,620.4499630721466,535.7235677489622,84.72639532318442,2,8,-6,6,
VNEXT_A2_BURR,N2_spline_two_part,sleeper:7002,Juwan Johnson,TE,137.38194905712635,105.74637272785108,31.635576329275267,148,160,-12,12,
VNEXT_A2_BURR,N2_spline_two_part,sleeper:7021,Rico Dowdle,RB,222.1295697998852,183.45477388498801,38.674795914897174,94,103,-9,9,100
VNEXT_A2_BURR,N2_spline_two_part,sleeper:7049,Jauan Jennings,WR,94.63070327596857,81.2334600907877,13.39724318518087,190,192,-2,2,
VNEXT_A2_BURR,N2_spline_two_part,sleeper:7083,Tyler Huntley,QB,16.041809149333858,11.829941502890993,4.211867646442865,318,326,-8,8,
VNEXT_A2_BURR,N2_spline_two_part,sleeper:7090,Darnell Mooney,WR,57.22024993480409,39.94231950347557,17.27793043132852,238,256,-18,18,
VNEXT_A2_BURR,N2_spline_two_part,sleeper:7523,Trevor Lawrence,QB,581.6146403667594,536.2051954847218,45.40944488203763,3,7,-4,4,
VNEXT_A2_BURR,N2_spline_two_part,sleeper:7525,DeVonta Smith,WR,262.8046176040292,251.3893443503928,11.4152732536364,78,79,-1,1,
VNEXT_A2_BURR,N2_spline_two_part,sleeper:7526,Jaylen Waddle,WR,254.43168313082555,228.33294322309905,26.098739907726497,82,88,-6,6,
VNEXT_A2_BURR,N2_spline_two_part,sleeper:7527,Mac Jones,QB,55.33804806568233,32.518188574824535,22.819859490857795,243,279,-36,36,
VNEXT_A2_BURR,N2_spline_two_part,sleeper:7528,Najee Harris,RB,61.07344045184162,54.39014329736334,6.683297154478282,236,227,9,9,
VNEXT_A2_BURR,N2_spline_two_part,sleeper:7543,Travis Etienne,RB,292.2304738815921,265.06315978170755,27.16731409988455,65,75,-10,10,
VNEXT_A2_BURR,N2_spline_two_part,sleeper:7547,Amon-Ra St. Brown,WR,426.19908496369214,471.01489499007107,-44.81581002637893,28,20,8,8,25
VNEXT_A2_BURR,N2_spline_two_part,sleeper:7553,Kyle Pitts,TE,212.6602928839324,225.50205851461357,-12.841765630681152,97,92,5,5,
VNEXT_A2_BURR,N2_spline_two_part,sleeper:7564,Ja'Marr Chase,WR,448.9525539712415,497.79175674555444,-48.83920277431292,24,16,8,8,
VNEXT_A2_BURR,N2_spline_two_part,sleeper:7569,Nico Collins,WR,313.84320592754375,325.68764724236985,-11.8444413148261,54,57,-3,3,
VNEXT_A2_BURR,N2_spline_two_part,sleeper:7571,Rashod Bateman,WR,102.05187433801974,87.28102549950444,14.770848838515306,178,185,-7,7,
VNEXT_A2_BURR,N2_spline_two_part,sleeper:7585,Davis Mills,QB,18.624585247168774,12.943854940988464,5.68073030618031,312,323,-11,11,
VNEXT_A2_BURR,N2_spline_two_part,sleeper:7587,Dyami Brown,WR,38.099144172634134,35.93135725296707,2.1677869196670656,279,266,13,13,
VNEXT_A2_BURR,N2_spline_two_part,sleeper:7588,Javonte Williams,RB,351.68493106901553,376.4759334409239,-24.79100237190835,42,40,2,2,
VNEXT_A2_BURR,N2_spline_two_part,sleeper:7591,Justin Fields,QB,37.845706443954214,29.108422665250572,8.737283778703642,280,294,-14,14,
VNEXT_A2_BURR,N2_spline_two_part,sleeper:7594,Chuba Hubbard,RB,175.8335696138361,128.74185941173226,47.091710202103826,121,143,-22,22,
VNEXT_A2_BURR,N2_spline_two_part,sleeper:7600,Pat Freiermuth,TE,140.13250473764617,96.51554869630472,43.61695604134145,146,173,-27,27,
VNEXT_A2_BURR,N2_spline_two_part,sleeper:7610,Trey Lance,QB,27.92096500129459,20.58925774648879,7.331707254805799,295,310,-15,15,
VNEXT_A2_BURR,N2_spline_two_part,sleeper:7611,Rhamondre Stevenson,RB,196.85885475859743,159.22151466025272,37.63734009834471,109,120,-11,11,
VNEXT_A2_BURR,N2_spline_two_part,sleeper:7694,Tommy Tremble,TE,52.67334100792189,41.325326503075345,11.348014504846546,248,254,-6,6,
VNEXT_A2_BURR,N2_spline_two_part,sleeper:7716,John Bates,TE,15.652780496835412,15.708092895753548,-0.05531239891813655,320,319,1,1,
VNEXT_A2_BURR,N2_spline_two_part,sleeper:7828,Noah Gray,TE,43.19530699401529,32.7031670233531,10.492139970662187,266,278,-12,12,
VNEXT_A2_BURR,N2_spline_two_part,sleeper:7891,Brock Wright,TE,25.609823510718357,30.249181733431193,-4.639358222712836,300,284,16,16,
VNEXT_A2_BURR,N2_spline_two_part,sleeper:8110,Jake Ferguson,TE,173.63831362925998,144.53197729058354,29.106336338676442,123,130,-7,7,
VNEXT_A2_BURR,N2_spline_two_part,sleeper:8111,Cade Otton,TE,90.44802578052837,67.41746766463001,23.03055811589836,194,211,-17,17,200
VNEXT_A2_BURR,N2_spline_two_part,sleeper:8112,Drake London,WR,352.9062711737288,368.8003188670182,-15.894047693289394,41,43,-2,2,
VNEXT_A2_BURR,N2_spline_two_part,sleeper:8117,Jalen Tolbert,WR,40.114434194888275,29.651974582897587,10.462459611990688,276,289,-13,13,
VNEXT_A2_BURR,N2_spline_two_part,sleeper:8119,Jahan Dotson,WR,40.30705538966478,31.740832573745923,8.56622281591886,275,281,-6,6,
VNEXT_A2_BURR,N2_spline_two_part,sleeper:8121,Romeo Doubs,WR,173.35117906295488,133.37731451904585,39.97386454390903,124,140,-16,16,
VNEXT_A2_BURR,N2_spline_two_part,sleeper:8126,Wan'Dale Robinson,WR,161.848325016559,163.06680001829324,-1.218475001734248,127,117,10,10,
VNEXT_A2_BURR,N2_spline_two_part,sleeper:8127,Charlie Kolar,TE,42.50214721903313,29.58969581292437,12.912451406108758,270,290,-20,20,
VNEXT_A2_BURR,N2_spline_two_part,sleeper:8130,Trey McBride,TE,284.3407522164332,345.99081610340295,-61.65006388696975,69,47,22,22,50
VNEXT_A2_BURR,N2_spline_two_part,sleeper:8131,Isaiah Likely,TE,128.91888236764936,94.99247824573186,33.9264041219175,154,175,-21,21,
VNEXT_A2_BURR,N2_spline_two_part,sleeper:8132,Tyler Allgeier,RB,95.04540591035766,77.73527250501232,17.31013340534534,189,196,-7,7,
VNEXT_A2_BURR,N2_spline_two_part,sleeper:8134,Khalil Shakir,WR,185.12100502016216,142.42665700512524,42.69434801503692,118,133,-15,15,
VNEXT_A2_BURR,N2_spline_two_part,sleeper:8135,Treylon Burks,WR,44.310259953652405,34.586724017630594,9.723535936021811,263,271,-8,8,
VNEXT_A2_BURR,N2_spline_two_part,sleeper:8136,Rachaad White,RB,198.77225983687964,159.9331308265218,38.83912901035785,108,118,-10,10,
VNEXT_A2_BURR,N2_spline_two_part,sleeper:8137,George Pickens,WR,308.94210130891145,327.50747976491715,-18.565378456005703,56,56,0,0,
VNEXT_A2_BURR,N2_spline_two_part,sleeper:8138,James Cook,RB,375.5216634243145,404.17476685680214,-28.653103432487626,39,32,7,7,
VNEXT_A2_BURR,N2_spline_two_part,sleeper:8142,Alec Pierce,WR,225.73397605679716,184.8373022711712,40.89667378562595,92,101,-9,9,100
VNEXT_A2_BURR,N2_spline_two_part,sleeper:8144,Chris Olave,WR,325.8086088291116,343.2475496844575,-17.43894085534589,52,48,4,4,50
VNEXT_A2_BURR,N2_spline_two_part,sleeper:8146,Garrett Wilson,WR,290.6791606316814,276.48305815258067,14.196102479100716,68,68,0,0,
VNEXT_A2_BURR,N2_spline_two_part,sleeper:8148,Jameson Williams,WR,259.45838492963605,256.10526196743814,3.353122962197915,79,77,2,2,
VNEXT_A2_BURR,N2_spline_two_part,sleeper:8150,Kyren Williams,RB,349.23069165537856,362.821499940697,-13.590808285318417,45,45,0,0,
VNEXT_A2_BURR,N2_spline_two_part,sleeper:8151,Kenneth Walker,RB,350.9261834354359,367.121940012941,-16.195756577505108,44,44,0,0,
VNEXT_A2_BURR,N2_spline_two_part,sleeper:8154,Brian Robinson,RB,91.80624351307368,64.13367885762071,27.672564655452973,193,216,-23,23,200
VNEXT_A2_BURR,N2_spline_two_part,sleeper:8155,Breece Hall,RB,330.46774040441846,322.71823310886253,7.749507295555929,51,59,-8,8,
VNEXT_A2_BURR,N2_spline_two_part,sleeper:8160,Kenny Pickett,QB,10.764752942428773,18.666473243061013,-7.90172030063224,328,313,15,15,
VNEXT_A2_BURR,N2_spline_two_part,sleeper:8161,Malik Willis,QB,351.3384804566375,369.55257783364016,-18.214097377002645,43,42,1,1,
VNEXT_A2_BURR,N2_spline_two_part,sleeper:8167,Christian Watson,WR,255.55268716692018,244.67608951590702,10.876597651013157,81,82,-1,1,
VNEXT_A2_BURR,N2_spline_two_part,sleeper:8172,Greg Dulcich,TE,138.65388111344458,96.53853112675688,42.115349986687704,147,172,-25,25,
VNEXT_A2_BURR,N2_spline_two_part,sleeper:8180,Jalen Nailor,WR,97.45918102262085,74.6015261810569,22.857654841563956,186,202,-16,16,200
VNEXT_A2_BURR,N2_spline_two_part,sleeper:8183,Brock Purdy,QB,441.7168573031948,449.1936365782864,-7.476779275091587,26,23,3,3,25
VNEXT_A2_BURR,N2_spline_two_part,sleeper:8188,Tyquan Thornton,WR,74.08878154630895,52.4888863744576,21.59989517185135,215,232,-17,17,
VNEXT_A2_BURR,N2_spline_two_part,sleeper:8205,Isiah Pacheco,RB,64.4955313211804,36.638401134323736,27.857130186856658,230,264,-34,34,
VNEXT_A2_BURR,N2_spline_two_part,sleeper:8225,Daniel Bellinger,TE,52.637041806533944,40.68451720696736,11.952524599566587,249,255,-6,6,
VNEXT_A2_BURR,N2_spline_two_part,sleeper:8228,Jaylen Warren,RB,265.40002479695175,227.7269356534197,37.67308914353205,76,90,-14,14,
VNEXT_A2_BURR,N2_spline_two_part,sleeper:827,Tyrod Taylor,QB,14.828008151309165,3.4565124384364605,11.371495712872704,323,334,-11,11,
VNEXT_A2_BURR,N2_spline_two_part,sleeper:8408,Jordan Mason,RB,208.03506418438803,171.72499091065632,36.31007327373172,102,111,-9,9,
VNEXT_A2_BURR,N2_spline_two_part,sleeper:8676,Rashid Shaheed,WR,110.71576056524708,96.25726833598154,14.458492229265545,168,174,-6,6,
VNEXT_A2_BURR,N2_spline_two_part,sleeper:8698,Jake Tonges,TE,51.800738348965695,33.14741610077952,18.65332224818617,251,275,-24,24,
VNEXT_A2_BURR,N2_spline_two_part,sleeper:8800,Malik Davis,RB,46.13514596950377,29.369298034999645,16.765847934504123,261,291,-30,30,
VNEXT_A2_BURR,N2_spline_two_part,sleeper:8917,KaVontae Turpin,WR,43.009069281632904,29.9771636871194,13.031905594513503,267,285,-18,18,
VNEXT_A2_BURR,N2_spline_two_part,sleeper:9221,Jahmyr Gibbs,RB,536.6990342975461,585.5542023850646,-48.855168087518564,12,3,9,9,
VNEXT_A2_BURR,N2_spline_two_part,sleeper:9224,Chase Brown,RB,401.99791711962246,408.45288275854307,-6.454965638920612,35,30,5,5,
VNEXT_A2_BURR,N2_spline_two_part,sleeper:9225,Tank Bigsby,RB,72.41593779184956,51.71588099698223,20.70005679486733,216,234,-18,18,
VNEXT_A2_BURR,N2_spline_two_part,sleeper:9226,De'Von Achane,RB,398.69735865361775,398.5918198838334,0.10553876978434573,36,36,0,0,
VNEXT_A2_BURR,N2_spline_two_part,sleeper:9228,Bryce Young,QB,406.07598270346523,398.6345415837772,7.441441119688022,33,35,-2,2,
VNEXT_A2_BURR,N2_spline_two_part,sleeper:9230,Tanner McKee,QB,12.034505513064722,15.854874568505743,-3.82036905544102,327,318,9,9,
VNEXT_A2_BURR,N2_spline_two_part,sleeper:9479,Darnell Washington,TE,80.07992217899572,84.72172822349825,-4.64180604450253,207,187,20,20,200
VNEXT_A2_BURR,N2_spline_two_part,sleeper:9480,Brenton Strange,TE,154.4610696301861,122.72977091574813,31.73129871443797,132,146,-14,14,
VNEXT_A2_BURR,N2_spline_two_part,sleeper:9481,Luke Musgrave,TE,24.550224964210333,29.228515733445356,-4.678290769235023,302,292,10,10,
VNEXT_A2_BURR,N2_spline_two_part,sleeper:9482,Michael Mayer,TE,87.10467542602194,82.48145581519341,4.623219610828528,197,191,6,6,
VNEXT_A2_BURR,N2_spline_two_part,sleeper:9484,Tucker Kraft,TE,185.57487263482312,189.19680956191849,-3.621936927095362,117,98,19,19,100
VNEXT_A2_BURR,N2_spline_two_part,sleeper:9486,Dontayvion Wicks,WR,82.12278186999089,59.23511334134608,22.88766852864481,205,226,-21,21,
VNEXT_A2_BURR,N2_spline_two_part,sleeper:9487,Parker Washington,WR,234.91478319219115,203.20345736526116,31.711325826929993,88,96,-8,8,
VNEXT_A2_BURR,N2_spline_two_part,sleeper:9488,Jaxon Smith-Njigba,WR,431.4503017578154,482.55486308625063,-51.10456132843524,27,19,8,8,25
VNEXT_A2_BURR,N2_spline_two_part,sleeper:9493,Puka Nacua,WR,470.89855501712634,510.361802467028,-39.463247449901644,20,10,10,10,
VNEXT_A2_BURR,N2_spline_two_part,sleeper:9500,Josh Downs,WR,191.20161659432046,151.52706819859077,39.67454839572969,114,125,-11,11,
VNEXT_A2_BURR,N2_spline_two_part,sleeper:9501,DeMario Douglas,WR,85.6135543761198,60.67614444125285,24.937409934866942,199,223,-24,24,200
VNEXT_A2_BURR,N2_spline_two_part,sleeper:9502,Tank Dell,WR,28.47444763485074,32.72515095306552,-4.250703318214782,294,277,17,17,
VNEXT_A2_BURR,N2_spline_two_part,sleeper:9504,Kayshon Boutte,WR,110.7008224403769,109.25530817874213,1.44551426163477,169,157,12,12,
VNEXT_A2_BURR,N2_spline_two_part,sleeper:9506,Sean Tucker,RB,94.43799086491728,60.843168106547935,33.59482275836935,191,222,-31,31,200
VNEXT_A2_BURR,N2_spline_two_part,sleeper:9508,Tyjae Spears,RB,135.85705941186322,100.75767310837566,35.09938630348756,149,166,-17,17,
VNEXT_A2_BURR,N2_spline_two_part,sleeper:9509,Bijan Robinson,RB,537.3328669255028,588.0596674759804,-50.726800550477606,11,2,9,9,
VNEXT_A2_BURR,N2_spline_two_part,sleeper:9511,Keaton Mitchell,RB,78.92352416028925,45.76941380268169,33.15411035760756,209,246,-37,37,
VNEXT_A2_BURR,N2_spline_two_part,sleeper:96,Aaron Rodgers,QB,232.57834720825107,171.20060927399282,61.37773793425825,90,112,-22,22,100
VNEXT_A2_BURR,N2_spline_two_part,sleeper:9753,Zach Charbonnet,RB,142.61799119678443,107.00911287802136,35.608878318763075,144,159,-15,15,
VNEXT_A2_BURR,N2_spline_two_part,sleeper:9754,Quentin Johnston,WR,212.2575139718561,169.20982922988014,43.04768474197596,98,113,-15,15,100
VNEXT_A2_BURR,N2_spline_two_part,sleeper:9756,Jordan Addison,WR,145.8226026492198,166.65266181840923,-20.83005916918944,142,115,27,27,
VNEXT_A2_BURR,N2_spline_two_part,sleeper:9757,Kendre Miller,RB,68.2812659742865,46.387120085738175,21.894145888548323,224,245,-21,21,
VNEXT_A2_BURR,N2_spline_two_part,sleeper:9758,C.J. Stroud,QB,420.48286205518184,412.6942154026926,7.788646652489263,29,28,1,1,
VNEXT_A2_BURR,N2_spline_two_part,sleeper:9997,Zay Flowers,WR,307.0875601079632,324.3557311172616,-17.268171009298385,59,58,1,1,
D1,N1_histgb,sleeper:10213,Tre Tucker,WR,126.88468944108583,122.05393099563096,4.830758445454862,149,140,9,9,
D1,N1_histgb,sleeper:10218,Xavier Hutchinson,WR,43.90852497277556,44.244323426123174,-0.33579845334761416,258,235,23,23,
D1,N1_histgb,sleeper:10219,Chris Rodriguez,RB,122.46683811128412,112.13342189798998,10.333416213294143,155,148,7,7,
D1,N1_histgb,sleeper:10222,Jayden Reed,WR,193.5730743605206,176.3841873928704,17.188886967650205,106,106,0,0,
D1,N1_histgb,sleeper:10226,Andrei Iosivas,WR,72.4113602908348,55.39376439371516,17.017595897119648,207,213,-6,6,
D1,N1_histgb,sleeper:10227,Payne Durham,TE,19.578795299733407,16.351340651323092,3.2274546484103155,311,316,-5,5,
D1,N1_histgb,sleeper:10229,Rashee Rice,WR,295.61036123648006,323.8800071805664,-28.269645944086335,57,55,2,2,
D1,N1_histgb,sleeper:10231,Elijah Higgins,TE,41.90920287345688,31.207854747743212,10.701348125713665,266,267,-1,1,
D1,N1_histgb,sleeper:10232,Michael Wilson,WR,141.87421232046322,152.71103148253968,-10.836819162076466,139,120,19,19,
D1,N1_histgb,sleeper:10235,Roschon Johnson,RB,12.578889752051616,8.5822917778736,3.996597974178016,326,334,-8,8,
D1,N1_histgb,sleeper:10236,Dalton Kincaid,TE,160.09398845237985,140.03908678360648,20.05490166877337,124,126,-2,2,
D1,N1_histgb,sleeper:10859,Sam LaPorta,TE,193.2114869606341,203.58230640335168,-10.37081944271759,107,89,18,18,100
D1,N1_histgb,sleeper:10871,Luke Schoonmaker,TE,25.355886753956856,19.19833705908702,6.157549694869836,300,307,-7,7,
D1,N1_histgb,sleeper:11199,Emari Demercado,RB,23.516653749122803,15.990571209602784,7.526082539520019,304,317,-13,13,
D1,N1_histgb,sleeper:11201,Blake Whiteheart,TE,17.38139260096014,14.335872951353378,3.045519649606762,315,322,-7,7,
D1,N1_histgb,sleeper:11237,Jacob Saylors,RB,17.74274019774667,13.083848356066735,4.658891841679935,313,324,-11,11,
D1,N1_histgb,sleeper:11256,Tyson Bagent,QB,17.71325431701185,35.214256072823225,-17.501001755811377,314,254,60,60,
D1,N1_histgb,sleeper:11292,Tommy DeVito,QB,16.46519270658284,11.198497340859557,5.266695365723283,318,330,-12,12,
D1,N1_histgb,sleeper:11370,Chris Brooks,RB,26.323733421616268,19.725026611745964,6.598706809870304,295,305,-10,10,
D1,N1_histgb,sleeper:11435,Emanuel Wilson,RB,12.584517736555227,15.71741489165825,-3.132897155103022,325,318,7,7,
D1,N1_histgb,sleeper:11559,Michael Penix,QB,151.40428127404527,115.37676478948161,36.02751648456366,129,144,-15,15,
D1,N1_histgb,sleeper:11560,Caleb Williams,QB,538.2043544051123,568.1373262188199,-29.93297181370758,7,9,-2,2,
D1,N1_histgb,sleeper:11562,Spencer Rattler,QB,16.149054831455334,28.186695199729527,-12.037640368274193,320,275,45,45,
D1,N1_histgb,sleeper:11563,Bo Nix,QB,524.0502934269978,579.4400641738227,-55.38977074682498,8,7,1,1,
D1,N1_histgb,sleeper:11564,Drake Maye,QB,578.1520762763312,603.334114105344,-25.18203782901287,2,3,-1,1,
D1,N1_histgb,sleeper:11565,J.J. McCarthy,QB,48.438327169879855,77.26861784515998,-28.830290675280125,248,177,71,71,200
D1,N1_histgb,sleeper:11566,Jayden Daniels,QB,547.4446235274588,603.3913253715152,-55.946701844056406,5,2,3,3,
D1,N1_histgb,sleeper:11570,Rasheen Ali,RB,28.008817764619756,19.632583247342396,8.37623451727736,290,306,-16,16,
D1,N1_histgb,sleeper:11571,Isaiah Davis,RB,45.31208087511755,36.486779951028,8.825300924089554,254,250,4,4,
D1,N1_histgb,sleeper:11575,Ray Davis,RB,56.281260128207826,41.35771486063122,14.923545267576607,234,241,-7,7,
D1,N1_histgb,sleeper:11576,Braelon Allen,RB,103.40996866223121,75.2994802852136,28.110488377017603,168,179,-11,11,
D1,N1_histgb,sleeper:11577,Will Shipley,RB,27.75675880141605,24.452661022903364,3.3040977785126877,291,291,0,0,
D1,N1_histgb,sleeper:11581,MarShawn Lloyd,RB,234.90386746353997,181.0122300656621,53.89163739787787,84,100,-16,16,
D1,N1_histgb,sleeper:11583,Jonathon Brooks,RB,252.5666453153351,198.60335252785268,53.96329278748243,77,91,-14,14,
D1,N1_histgb,sleeper:11584,Bucky Irving,RB,292.42698553390045,314.06538668343285,-21.6384011495324,59,60,-1,1,
D1,N1_histgb,sleeper:11586,Blake Corum,RB,139.12012494036816,125.08659152794652,14.033533412421633,140,136,4,4,
D1,N1_histgb,sleeper:11597,Theo Johnson,TE,66.28730261064223,59.92422009802627,6.363082512615961,217,208,9,9,
D1,N1_histgb,sleeper:11599,Cade Stover,TE,35.40544658440198,23.96904554242729,11.43640104197469,279,293,-14,14,
D1,N1_histgb,sleeper:11600,Ja'Tavion Sanders,TE,22.548564636555724,25.59643943915466,-3.047874802598937,308,287,21,21,
D1,N1_histgb,sleeper:11603,AJ Barner,TE,151.59989035016673,136.9717214699883,14.628168880178436,128,129,-1,1,
D1,N1_histgb,sleeper:11604,Brock Bowers,TE,279.6269712806806,355.237081259166,-75.61010997848541,67,40,27,27,50
D1,N1_histgb,sleeper:11608,Isaiah Williams,WR,48.61930975809922,44.38776496652751,4.231544791571707,246,233,13,13,
D1,N1_histgb,sleeper:11610,Malik Washington,WR,108.85168143163455,98.33378261856654,10.517898813068001,163,161,2,2,
D1,N1_histgb,sleeper:11618,Jalen McMillan,WR,97.6921149687945,87.31066278048907,10.381452188305431,176,166,10,10,
D1,N1_histgb,sleeper:11620,Rome Odunze,WR,253.73033454134543,257.18470464083515,-3.454370099489722,76,72,4,4,
D1,N1_histgb,sleeper:11623,Jordan Whittington,WR,36.2957877487374,31.09892477726253,5.196862971474875,278,268,10,10,
D1,N1_histgb,sleeper:11624,Xavier Worthy,WR,180.6405153579561,181.70581279150588,-1.0652974335497731,114,99,15,15,100
D1,N1_histgb,sleeper:11625,Adonai Mitchell,WR,99.58163231183204,86.24328530792351,13.338347003908524,173,168,5,5,
D1,N1_histgb,sleeper:11626,Xavier Legette,WR,88.08426325147605,78.04996039170732,10.03430285976873,187,175,12,12,
D1,N1_histgb,sleeper:11627,Troy Franklin,WR,57.71706888514083,72.66836707938981,-14.951298194248977,232,185,47,47,200
D1,N1_histgb,sleeper:11628,Marvin Harrison,WR,207.1976965288464,195.33606796441381,11.861628564432579,96,92,4,4,
D1,N1_histgb,sleeper:11629,Devontez Walker,WR,43.71511513256698,38.70236290082214,5.012752231744841,259,246,13,13,
D1,N1_histgb,sleeper:11631,Brian Thomas,WR,200.429219091039,175.7980901280055,24.63112896303349,103,107,-4,4,
D1,N1_histgb,sleeper:11632,Malik Nabers,WR,284.6359943947909,323.8508848059819,-39.21489041119099,62,56,6,6,
D1,N1_histgb,sleeper:11635,Ladd McConkey,WR,250.08264123754876,248.28570391166642,1.7969373258823396,78,76,2,2,
D1,N1_histgb,sleeper:11637,Keon Coleman,WR,52.75546085293614,63.02346949798668,-10.268008645050543,239,201,38,38,
D1,N1_histgb,sleeper:11643,Jaylen Wright,RB,88.03267986271695,72.12640334256092,15.906276520156027,188,186,2,2,
D1,N1_histgb,sleeper:11646,Jalen Coker,WR,121.19446585818758,112.24420611419322,8.950259743994366,157,147,10,10,
D1,N1_histgb,sleeper:11647,Kimani Vidal,RB,70.27391968296863,61.67945946612659,8.594460216842037,209,205,4,4,
D1,N1_histgb,sleeper:11655,Tyrone Tracy,RB,45.13409766253337,36.90885198921246,8.225245673320913,255,248,7,7,
D1,N1_histgb,sleeper:1166,Kirk Cousins,QB,33.98192388033502,32.953692505563744,1.0282313747712735,283,262,21,21,
D1,N1_histgb,sleeper:11783,Ryan Flournoy,WR,90.78705634575971,73.79195901834099,16.99509732741872,182,180,2,2,
D1,N1_histgb,sleeper:11834,Devaughn Vele,WR,63.57009357498024,45.74259326147814,17.8275003135021,222,230,-8,8,
D1,N1_histgb,sleeper:12048,George Holani,RB,46.537264842306186,32.78954390025802,13.747720942048169,251,264,-13,13,
D1,N1_histgb,sleeper:12467,Jordan James,RB,73.25478259404406,35.758902771146154,37.495879822897905,206,252,-46,46,
D1,N1_histgb,sleeper:12469,Dylan Sampson,RB,154.52998077048292,114.93335128501772,39.5966294854652,125,145,-20,20,
D1,N1_histgb,sleeper:12470,Riley Leonard,QB,39.1148366565775,52.5705706040908,-13.455733947513295,272,219,53,53,
D1,N1_histgb,sleeper:12471,DJ Giddens,RB,38.14268347816986,35.58557503614025,2.557108442029609,275,253,22,22,
D1,N1_histgb,sleeper:12472,Raheim Sanders,RB,46.164935351086996,34.29787011938201,11.867065231704984,252,259,-7,7,
D1,N1_histgb,sleeper:12474,Woody Marks,RB,136.5449470941893,102.48326981418259,34.061677280006705,144,158,-14,14,
D1,N1_histgb,sleeper:12481,Cam Skattebo,RB,321.5945233950945,351.35277579582765,-29.75825240073317,48,43,5,5,
D1,N1_histgb,sleeper:12482,Savion Williams,WR,25.67173693640811,22.92861098025388,2.7431259561542305,297,297,0,0,
D1,N1_histgb,sleeper:12483,Jack Bech,WR,64.44615986252916,55.31715402686274,9.129005835666419,220,214,6,6,
D1,N1_histgb,sleeper:12487,Terrance Ferguson,TE,78.34931253551916,69.31210781066235,9.037204724856807,200,191,9,9,
D1,N1_histgb,sleeper:12489,RJ Harvey,RB,182.4928149324798,149.86638348294474,32.62643144953506,113,122,-9,9,
D1,N1_histgb,sleeper:12490,Bhayshul Tuten,RB,255.72678071165313,217.96806413293186,37.75871657872128,75,84,-9,9,
D1,N1_histgb,sleeper:12492,Pat Bryant,WR,88.39567724477,73.27424665410682,15.12143059066318,185,182,3,3,
D1,N1_histgb,sleeper:12493,Oronde Gadsden,TE,115.40977093552488,107.05260636322824,8.35716457229664,161,154,7,7,
D1,N1_histgb,sleeper:12495,Ollie Gordon,RB,52.0774376618086,44.20994450762058,7.8674931541880255,240,236,4,4,
D1,N1_histgb,sleeper:12496,Tai Felton,WR,15.53572634794169,23.790120029292034,-8.254393681350344,323,294,29,29,
D1,N1_histgb,sleeper:12497,Tory Horton,WR,72.27322086204522,54.19165808880261,18.08156277324261,208,215,-7,7,
D1,N1_histgb,sleeper:12498,Mason Taylor,TE,121.97296180595455,114.70443792656809,7.268523879386464,156,146,10,10,
D1,N1_histgb,sleeper:12499,Elic Ayomanor,WR,47.9592248158398,51.08279321132109,-3.1235683954812927,249,221,28,28,
D1,N1_histgb,sleeper:12500,Quinn Ewers,QB,29.224168172654466,61.81603400904084,-32.591865836386376,288,204,84,84,
D1,N1_histgb,sleeper:12501,Matthew Golden,WR,141.9100461331028,145.06433590755327,-3.1542897744504614,138,124,14,14,
D1,N1_histgb,sleeper:12502,Gunnar Helm,TE,116.43785829360864,115.76680051683772,0.6710577767709225,160,143,17,17,
D1,N1_histgb,sleeper:12503,Isaiah Bond,WR,53.17876054212699,53.5485477875095,-0.3697872453825113,238,217,21,21,
D1,N1_histgb,sleeper:12506,Harold Fannin,TE,233.73381530035482,268.87503986081396,-35.141224560459136,85,68,17,17,
D1,N1_histgb,sleeper:12507,Omarion Hampton,RB,360.9127620697284,397.4603727963572,-36.54761072662882,38,30,8,8,
D1,N1_histgb,sleeper:12508,Jaxson Dart,QB,506.5770300422521,518.4899467598987,-11.912916717646567,11,17,-6,6,
D1,N1_histgb,sleeper:12509,Tre' Harris,WR,76.36679879701609,67.78186880875687,8.58492998825922,202,195,7,7,200
D1,N1_histgb,sleeper:12511,Will Howard,QB,75.91633978104365,35.211337437309595,40.70500234373405,204,255,-51,51,
D1,N1_histgb,sleeper:12512,Quinshon Judkins,RB,336.1954852109115,304.1402468297,32.055238381211495,43,62,-19,19,50
D1,N1_histgb,sleeper:12514,Emeka Egbuka,WR,289.35710954530214,306.6251393720041,-17.26802982670199,60,61,-1,1,
D1,N1_histgb,sleeper:12517,Colston Loveland,TE,229.23408843534534,233.39349701288822,-4.159408577542877,87,80,7,7,
D1,N1_histgb,sleeper:12518,Tyler Warren,TE,233.56386666672333,243.36316606085745,-9.799299394134124,86,77,9,9,
D1,N1_histgb,sleeper:12519,Luther Burden,WR,277.962817590809,256.4398044706844,21.523013120124574,68,73,-5,5,
D1,N1_histgb,sleeper:12521,Elijah Arroyo,TE,68.35810833419781,67.25159676568904,1.1065115685087648,213,196,17,17,200
D1,N1_histgb,sleeper:12522,Cam Ward,QB,394.50696070575134,330.83119232159174,63.675768384159596,31,51,-20,20,50
D1,N1_histgb,sleeper:12524,Shedeur Sanders,QB,126.36727916224046,80.09304442598076,46.2742347362597,152,171,-19,19,
D1,N1_histgb,sleeper:12526,Tetairoa McMillan,WR,304.28054795363806,331.9199599045543,-27.639411950916212,53,50,3,3,50
D1,N1_histgb,sleeper:12527,Ashton Jeanty,RB,386.52651719275997,378.4855107968483,8.041006395911666,34,35,-1,1,
D1,N1_histgb,sleeper:12529,TreVeyon Henderson,RB,280.4234585829249,236.43998164778026,43.983476935144665,64,78,-14,14,
D1,N1_histgb,sleeper:12531,Trevor Etienne,RB,22.75515179937023,26.215472752498684,-3.4603209531284556,307,284,23,23,
D1,N1_histgb,sleeper:12533,Jacory Croskey-Merritt,RB,185.41016144776648,155.57618055239573,29.833980895370757,112,117,-5,5,
D1,N1_histgb,sleeper:12534,Kyle Monangai,RB,163.4044102510062,129.92780728382556,33.47660296718064,123,133,-10,10,
D1,N1_histgb,sleeper:12535,Isaac TeSlaa,WR,75.01194497907179,63.86288776964588,11.149057209425905,205,200,5,5,200
D1,N1_histgb,sleeper:12536,Jaylin Noel,WR,80.04200120316305,70.5874710344654,9.454530168697659,194,188,6,6,
D1,N1_histgb,sleeper:12540,Chimere Dike,WR,44.33349421033366,39.51050898042827,4.822985229905392,257,245,12,12,
D1,N1_histgb,sleeper:12543,Tahj Brooks,RB,27.429283787747366,20.380321404641727,7.048962383105639,292,302,-10,10,
D1,N1_histgb,sleeper:12544,LeQuint Allen,RB,45.07045535202806,42.57007407255654,2.500381279471526,256,238,18,18,
D1,N1_histgb,sleeper:12545,Tyler Shough,QB,446.9381260224185,442.7678620706998,4.1702639517187094,21,24,-3,3,
D1,N1_histgb,sleeper:12670,KeAndre Lambert-Smith,WR,24.868238094012295,19.079704642868403,5.788533451143891,302,308,-6,6,
D1,N1_histgb,sleeper:12718,Konata Mumpfield,WR,26.161750361460864,27.954968487520734,-1.7932181260598696,296,277,19,19,
D1,N1_histgb,sleeper:13079,Jahdae Walker,WR,27.111811966719458,26.00063305846909,1.1111789082503662,293,285,8,8,
D1,N1_histgb,sleeper:13269,Fernando Mendoza,QB,323.72750399526547,280.906967392496,42.820536602769494,46,67,-21,21,50
D1,N1_histgb,sleeper:13272,Carson Beck,QB,92.93981888820935,44.26187664295817,48.677942245251174,180,234,-54,54,200
D1,N1_histgb,sleeper:13274,Germie Bernard,WR,119.93892979263236,87.00849967178387,32.9304301208485,158,167,-9,9,
D1,N1_histgb,sleeper:13275,Ty Simpson,QB,56.71218062200046,34.89364651129603,21.818534110704427,233,257,-24,24,
D1,N1_histgb,sleeper:13276,Omar Cooper,WR,67.11125380761557,45.72592514328962,21.385328664325947,216,231,-15,15,
D1,N1_histgb,sleeper:13279,Carnell Tate,WR,256.77196427372337,255.5301875544905,1.2417767192328597,74,75,-1,1,
D1,N1_histgb,sleeper:13281,Jordyn Tyson,WR,126.8356552337622,96.62817772762952,30.207477506132676,150,163,-13,13,
D1,N1_histgb,sleeper:13285,Malachi Fields,WR,86.83672239450658,60.91972291604333,25.916999478463254,190,206,-16,16,200
D1,N1_histgb,sleeper:13286,Jadarian Price,RB,249.1184379292724,193.47349073378479,55.64494719548762,80,93,-13,13,
D1,N1_histgb,sleeper:13287,Jeremiyah Love,RB,349.70342124868046,321.3027830629634,28.40063818571707,40,57,-17,17,50
D1,N1_histgb,sleeper:13288,Nicholas Singleton,RB,41.461387661898456,18.030438916416504,23.430948745481952,268,311,-43,43,
D1,N1_histgb,sleeper:13293,Ja'Kobi Lane,WR,94.73391607544615,78.84137593770382,15.89254013774233,177,173,4,4,
D1,N1_histgb,sleeper:13294,Makai Lemon,WR,163.75672265643686,164.91971511854697,-1.162992462110111,122,114,8,8,
D1,N1_histgb,sleeper:13296,Caleb Douglas,WR,98.8244256491736,71.38389606612523,27.440529583048374,174,187,-13,13,
D1,N1_histgb,sleeper:13298,KC Concepcion,WR,179.3133807176107,172.40556742954624,6.90781328806446,116,108,8,8,
D1,N1_histgb,sleeper:13301,Antonio Williams,WR,57.720259591491185,48.637837126079845,9.08242246541134,231,225,6,6,
D1,N1_histgb,sleeper:13303,Cade Klubnik,QB,79.4895476165924,68.85049556127754,10.639052055314863,198,192,6,6,
D1,N1_histgb,sleeper:13305,Mike Washington,RB,93.65409857879641,51.60107903365689,42.05301954513952,179,220,-41,41,200
D1,N1_histgb,sleeper:13311,Chris Bell,WR,67.35111263621994,53.9753221098502,13.375790526369741,215,216,-1,1,
D1,N1_histgb,sleeper:13317,Ted Hurst,WR,38.733359818844825,25.44959723578344,13.283762583061385,273,289,-16,16,
D1,N1_histgb,sleeper:13320,Zachariah Branch,WR,60.80946073496928,49.71128839504729,11.098172339921987,227,223,4,4,
D1,N1_histgb,sleeper:13329,Malik Benson,WR,37.10996333975278,22.816299469852027,14.293663869900755,277,298,-21,21,
D1,N1_histgb,sleeper:13330,Kenyon Sadiq,TE,108.012741096828,62.0912054128886,45.921535683939396,165,203,-38,38,200
D1,N1_histgb,sleeper:13337,Emmett Johnson,RB,89.746890449871,43.91898934937016,45.827901100500846,184,237,-53,53,200
D1,N1_histgb,sleeper:13345,Jonah Coleman,RB,77.1246210015542,35.80898018010868,41.31564082144553,201,251,-50,50,
D1,N1_histgb,sleeper:13346,Denzel Boston,WR,136.5797715312328,108.42804729622624,28.15172423500657,143,152,-9,9,
D1,N1_histgb,sleeper:13347,Demond Claiborne,RB,34.41932092313739,19.857482108058335,14.561838815079057,282,304,-22,22,
D1,N1_histgb,sleeper:13349,Eli Stowers,TE,39.3960957553971,18.82682744571276,20.56926830968434,271,309,-38,38,
D1,N1_histgb,sleeper:13405,Kaytron Allen,RB,50.53841107796328,26.61285237263602,23.925558705327262,242,283,-41,41,
D1,N1_histgb,sleeper:13413,Cyrus Allen,WR,62.58323695293575,41.55998108898429,21.023255863951462,225,240,-15,15,
D1,N1_histgb,sleeper:13414,Kaelon Black,RB,61.41547102511353,29.03857234935308,32.37689867576046,226,271,-45,45,
D1,N1_histgb,sleeper:13417,De'Zhaun Stribling,WR,149.19747668962557,124.7049596115723,24.492517078053268,131,138,-7,7,
D1,N1_histgb,sleeper:13424,Seth McGowan,RB,50.80358756385143,23.017007846132767,27.786579717718663,241,296,-55,55,
D1,N1_histgb,sleeper:13425,Jalon Daniels,QB,32.25277866883719,26.881078397916948,5.37170027092024,286,279,7,7,
D1,N1_histgb,sleeper:13434,Will Kacmarek,TE,68.76698445912483,33.900989200933765,34.86599525819106,211,260,-49,49,
D1,N1_histgb,sleeper:1373,Geno Smith,QB,222.20309429485775,211.53873041664042,10.66436387821733,90,88,2,2,
D1,N1_histgb,sleeper:1466,Travis Kelce,TE,125.87271615418061,124.9712505695476,0.9014655846330015,153,137,16,16,
D1,N1_histgb,sleeper:1479,Keenan Allen,WR,63.54527581204062,65.37362070200949,-1.828344889968868,223,197,26,26,200
D1,N1_histgb,sleeper:19,Joe Flacco,QB,8.481566113525465,15.090219553236796,-6.608653439711331,331,320,11,11,
D1,N1_histgb,sleeper:2133,Davante Adams,WR,203.48016623521212,230.71730705403522,-27.237140818823093,100,81,19,19,
D1,N1_histgb,sleeper:2216,Mike Evans,WR,147.21636096670352,125.70064792302375,21.515713043679767,134,135,-1,1,
D1,N1_histgb,sleeper:2306,Jameis Winston,QB,24.34521062651435,21.315358455085487,3.029852171428864,303,299,4,4,
D1,N1_histgb,sleeper:2307,Marcus Mariota,QB,20.31329638070953,26.84705123170335,-6.5337548509938195,310,280,30,30,
D1,N1_histgb,sleeper:2449,Stefon Diggs,WR,150.56547526649456,126.5929791333286,23.97249613316596,130,134,-4,4,
D1,N1_histgb,sleeper:2505,Darren Waller,TE,79.98555416808551,56.579007832449605,23.40654633563591,195,211,-16,16,200
D1,N1_histgb,sleeper:3163,Jared Goff,QB,480.9130927469653,563.4235854348043,-82.51049268783902,17,11,6,6,
D1,N1_histgb,sleeper:3198,Derrick Henry,RB,301.93329954753085,336.47606574139826,-34.54276619386741,54,49,5,5,50
D1,N1_histgb,sleeper:3202,Austin Hooper,TE,31.428494273645313,25.47815149727565,5.950342776369663,287,288,-1,1,
D1,N1_histgb,sleeper:3214,Hunter Henry,TE,125.01175577548047,117.62417427078185,7.387581504698616,154,142,12,12,
D1,N1_histgb,sleeper:3257,Jacoby Brissett,QB,279.90086126401616,284.86511762823983,-4.964256364223672,65,66,-1,1,
D1,N1_histgb,sleeper:3271,Tyler Higbee,TE,35.297063027261956,28.111935082527367,7.185127944734589,280,276,4,4,
D1,N1_histgb,sleeper:3294,Dak Prescott,QB,523.9140534359329,552.0111631793143,-28.09710974338134,9,13,-4,4,
D1,N1_histgb,sleeper:3634,Kalif Raymond,WR,20.90566571001428,24.668587556186246,-3.7629218461719667,309,290,19,19,
D1,N1_histgb,sleeper:4017,Deshaun Watson,QB,228.74880014524035,155.09198041699688,73.65681972824348,88,118,-30,30,100
D1,N1_histgb,sleeper:4033,David Njoku,TE,57.92371737630043,47.47389662495337,10.449820751347062,230,229,1,1,
D1,N1_histgb,sleeper:4034,Christian McCaffrey,RB,403.0710616742106,443.21124816478147,-40.14018649057084,28,23,5,5,25
D1,N1_histgb,sleeper:4035,Alvin Kamara,RB,46.9935576270182,40.75818585057972,6.235371776438477,250,242,8,8,
D1,N1_histgb,sleeper:4037,Chris Godwin,WR,144.20177574129374,118.92034207347123,25.281433667822512,135,141,-6,6,
D1,N1_histgb,sleeper:4039,Cooper Kupp,WR,55.94780356168632,48.64392855460994,7.303875007076378,235,224,11,11,
D1,N1_histgb,sleeper:4046,Patrick Mahomes,QB,495.8998504828452,561.9572448318967,-66.05739434905149,13,12,1,1,
D1,N1_histgb,sleeper:4054,Mo Alie-Cox,TE,13.347238226363228,11.696753127774603,1.650485098588625,324,328,-4,4,
D1,N1_histgb,sleeper:4066,Evan Engram,TE,102.68898461072885,77.39514157777874,25.293843032950107,169,176,-7,7,
D1,N1_histgb,sleeper:4137,James Conner,RB,8.602905819568834,11.420470402353367,-2.8175645827845326,329,329,0,0,
D1,N1_histgb,sleeper:4147,Samaje Perine,RB,42.74451812265919,35.07974540535748,7.664772717301709,263,256,7,7,
D1,N1_histgb,sleeper:4177,Mack Hollins,WR,15.675537306710497,17.71564032696753,-2.0401030202570336,322,312,10,10,
D1,N1_histgb,sleeper:4179,Joshua Dobbs,QB,7.575376551587839,9.35964794273746,-1.7842713911496215,333,332,1,1,
D1,N1_histgb,sleeper:4199,Aaron Jones,RB,103.68052652301544,100.10668183274282,3.5738446902726224,167,159,8,8,
D1,N1_histgb,sleeper:421,Matthew Stafford,QB,482.36451786563987,420.88133843131885,61.483179434321016,16,27,-11,11,25
D1,N1_histgb,sleeper:4217,George Kittle,TE,154.40380559031075,166.0235055639583,-11.619699973647556,126,112,14,14,
D1,N1_histgb,sleeper:4454,Kendrick Bourne,WR,32.89045104491997,28.499387100822968,4.391063944097002,285,272,13,13,
D1,N1_histgb,sleeper:4866,Saquon Barkley,RB,299.53529594022797,299.91309441531087,-0.37779847508289777,55,64,-9,9,
D1,N1_histgb,sleeper:4881,Lamar Jackson,QB,558.2452369137438,587.6000892707855,-29.354852357041636,4,4,0,0,
D1,N1_histgb,sleeper:4892,Baker Mayfield,QB,469.17016551521175,476.1157442473307,-6.945578732118975,18,20,-2,2,
D1,N1_histgb,sleeper:4943,Sam Darnold,QB,446.99366185208487,434.9457319163172,12.047929935767684,20,25,-5,5,
D1,N1_histgb,sleeper:4981,Calvin Ridley,WR,68.06344696338185,58.770104154774806,9.293342808607044,214,210,4,4,
D1,N1_histgb,sleeper:4983,DJ Moore,WR,206.95207253084862,190.04622168828564,16.905850842562984,97,95,2,2,
D1,N1_histgb,sleeper:4984,Josh Allen,QB,659.4108298244762,721.0461263557069,-61.635296531230665,1,1,0,0,
D1,N1_histgb,sleeper:4993,Mike Gesicki,TE,99.8691209820536,67.90006436867289,31.969056613380715,172,194,-22,22,
D1,N1_histgb,sleeper:5001,Dalton Schultz,TE,144.0708140012268,122.81120301824225,21.259610982984555,136,139,-3,3,
D1,N1_histgb,sleeper:5008,Durham Smythe,TE,24.948118998645093,19.96763533033285,4.980483668312242,301,303,-2,2,
D1,N1_histgb,sleeper:5012,Mark Andrews,TE,148.00884185507948,138.35530600731303,9.653535847766449,132,127,5,5,
D1,N1_histgb,sleeper:5022,Dallas Goedert,TE,143.59317011614837,136.6277639425207,6.965406173627684,137,130,7,7,
D1,N1_histgb,sleeper:5045,Courtland Sutton,WR,189.8148093308336,176.51955036446736,13.295258966366248,110,105,5,5,
D1,N1_histgb,sleeper:5127,Kyle Allen,QB,8.560644656499498,12.992923670064801,-4.432279013565303,330,325,5,5,
D1,N1_histgb,sleeper:5844,T.J. Hockenson,TE,117.52493143699186,79.98646165020268,37.53846978678918,159,172,-13,13,
D1,N1_histgb,sleeper:5846,DK Metcalf,WR,204.59483581210137,176.60012761976893,27.99470819233244,99,104,-5,5,100
D1,N1_histgb,sleeper:5848,Marquise Brown,WR,23.246584123271937,23.682122569665793,-0.4355384463938563,305,295,10,10,
D1,N1_histgb,sleeper:5849,Kyler Murray,QB,417.93615628363807,381.8796508747823,36.05650540885574,25,34,-9,9,25
D1,N1_histgb,sleeper:5850,Josh Jacobs,RB,93.66639932871776,85.84419339566823,7.822205933049531,178,169,9,9,
D1,N1_histgb,sleeper:5854,Drew Lock,QB,10.841158793304507,8.86847604187213,1.9726827514323766,328,333,-5,5,
D1,N1_histgb,sleeper:5857,Noah Fant,TE,42.47862312286095,26.665973788025077,15.812649334835875,264,282,-18,18,
D1,N1_histgb,sleeper:5859,A.J. Brown,WR,273.41001982031196,301.35993612530746,-27.949916304995497,69,63,6,6,
D1,N1_histgb,sleeper:5870,Daniel Jones,QB,443.49657107836117,447.9452208859942,-4.448649807633046,22,21,1,1,
D1,N1_histgb,sleeper:5872,Deebo Samuel,WR,102.55236453410572,95.16339055303946,7.388973981066258,170,164,6,6,
D1,N1_histgb,sleeper:5892,David Montgomery,RB,246.36365352531436,229.47167428626847,16.891979239045895,81,82,-1,1,
D1,N1_histgb,sleeper:5906,Dawson Knox,TE,50.5152963941497,36.85892092611553,13.65637546803417,243,249,-6,6,
D1,N1_histgb,sleeper:5927,Terry McLaurin,WR,205.3508333376543,192.29937736670664,13.051455970947671,98,94,4,4,
D1,N1_histgb,sleeper:5947,Jakobi Meyers,WR,109.03047943494278,106.54412402434284,2.4863554105999413,162,155,7,7,
D1,N1_histgb,sleeper:5967,Tony Pollard,RB,219.9295643054995,178.40882557688124,41.520738728618255,91,102,-11,11,100
D1,N1_histgb,sleeper:5973,Josh Oliver,TE,33.91904549313038,24.338436973328086,9.580608519802297,284,292,-8,8,
D1,N1_histgb,sleeper:5995,Justice Hill,RB,64.594695102968,42.52744320252939,22.067251900438613,219,239,-20,20,
D1,N1_histgb,sleeper:6001,Drew Sample,TE,16.23969540656618,12.200732833358135,4.038962573208046,319,326,-7,7,
D1,N1_histgb,sleeper:6039,Ty Johnson,RB,48.47982598277939,34.580677221454074,13.899148761325314,247,258,-11,11,
D1,N1_histgb,sleeper:6136,Jarrett Stidham,QB,7.455691171690024,10.693990128031782,-3.238298956341758,334,331,3,3,
D1,N1_histgb,sleeper:6271,Olamide Zaccheaus,WR,43.6769142184091,30.80226606638142,12.874648152027682,260,270,-10,10,
D1,N1_histgb,sleeper:6768,Tua Tagovailoa,QB,175.35117958513064,131.4243681866977,43.92681139843293,118,132,-14,14,
D1,N1_histgb,sleeper:6770,Joe Burrow,QB,504.6791988452882,581.2213773134313,-76.54217846814305,12,6,6,6,
D1,N1_histgb,sleeper:6783,Jerry Jeudy,WR,105.93272915562791,97.94686930347078,7.985859852157134,166,162,4,4,
D1,N1_histgb,sleeper:6786,CeeDee Lamb,WR,321.30985263052804,358.8014435615852,-37.49159093105715,49,38,11,11,
D1,N1_histgb,sleeper:6790,D'Andre Swift,RB,285.3840822846397,268.5512120180905,16.832870266549207,61,69,-8,8,
D1,N1_histgb,sleeper:6794,Justin Jefferson,WR,322.80014542967956,343.15429583346474,-20.354150403785184,47,48,-1,1,
D1,N1_histgb,sleeper:6797,Justin Herbert,QB,511.74745614958636,545.596370990517,-33.84891484093066,10,14,-4,4,
D1,N1_histgb,sleeper:6801,Tee Higgins,WR,265.18293186434,291.08892297136197,-25.905991107021975,71,65,6,6,
D1,N1_histgb,sleeper:6804,Jordan Love,QB,451.25138680268884,447.71133641674203,3.540050385946813,19,22,-3,3,
D1,N1_histgb,sleeper:6806,J.K. Dobbins,RB,199.80774343085108,167.93719275223256,31.870550678618514,105,110,-5,5,
D1,N1_histgb,sleeper:6813,Jonathan Taylor,RB,388.4815243562198,387.16769121187883,1.313833144340947,33,31,2,2,
D1,N1_histgb,sleeper:6819,Michael Pittman,WR,190.9572932635635,158.38933170769647,32.56796155586704,109,115,-6,6,
D1,N1_histgb,sleeper:6826,Cole Kmet,TE,64.28674554455642,48.16951365925497,16.117231885301457,221,227,-6,6,
D1,N1_histgb,sleeper:6847,Devin Duvernay,WR,2.1730854527585435,5.976209567361456,-3.803124114602913,335,335,0,0,
D1,N1_histgb,sleeper:6865,Colby Parkinson,TE,76.1038603001461,59.44641975204708,16.657440548099018,203,209,-6,6,
D1,N1_histgb,sleeper:6869,Adam Trautman,TE,23.15335009923488,17.18278395643842,5.970566142796461,306,314,-8,8,
D1,N1_histgb,sleeper:6904,Jalen Hurts,QB,573.6328048122389,586.2686614739271,-12.635856661688194,3,5,-2,2,
D1,N1_histgb,sleeper:7002,Juwan Johnson,TE,136.75926384574655,110.51746424226491,26.24179960348164,142,150,-8,8,
D1,N1_histgb,sleeper:7021,Rico Dowdle,RB,218.47318921308099,182.67468842361927,35.79850078946171,93,97,-4,4,
D1,N1_histgb,sleeper:7049,Jauan Jennings,WR,90.35506853837175,78.0822118301196,12.27285670825215,183,174,9,9,
D1,N1_histgb,sleeper:7083,Tyler Huntley,QB,15.765334125868574,17.03936465470564,-1.2740305288370664,321,315,6,6,
D1,N1_histgb,sleeper:7090,Darnell Mooney,WR,54.079178476877495,40.61779198579886,13.461386491078635,237,243,-6,6,
D1,N1_histgb,sleeper:7523,Trevor Lawrence,QB,540.3223387718274,579.1690993426623,-38.84676057083493,6,8,-2,2,
D1,N1_histgb,sleeper:7525,DeVonta Smith,WR,260.77873041732215,266.01457247844746,-5.235842061125311,73,70,3,3,
D1,N1_histgb,sleeper:7526,Jaylen Waddle,WR,244.80069289178041,233.89798909560042,10.902703796179992,82,79,3,3,
D1,N1_histgb,sleeper:7527,Mac Jones,QB,55.17957276020638,60.189219621690015,-5.009646861483631,236,207,29,29,
D1,N1_histgb,sleeper:7528,Najee Harris,RB,59.411342972233605,50.82012972696858,8.591213245265024,229,222,7,7,
D1,N1_histgb,sleeper:7543,Travis Etienne,RB,281.6115096587452,260.4959694221355,21.115540236609718,63,71,-8,8,
D1,N1_histgb,sleeper:7547,Amon-Ra St. Brown,WR,394.3347744526497,419.95632486430895,-25.621550411659257,32,28,4,4,
D1,N1_histgb,sleeper:7553,Kyle Pitts,TE,200.41572793836184,221.3081303213857,-20.892402383023864,104,83,21,21,100
D1,N1_histgb,sleeper:7564,Ja'Marr Chase,WR,403.6750816194193,488.4234942491312,-84.74841262971188,27,18,9,9,25
D1,N1_histgb,sleeper:7569,Nico Collins,WR,304.715499966166,326.11336770669476,-21.39786774052874,52,54,-2,2,
D1,N1_histgb,sleeper:7571,Rashod Bateman,WR,98.18040424977255,84.29670132107125,13.883702928701297,175,170,5,5,
D1,N1_histgb,sleeper:7585,Davis Mills,QB,16.471817760573526,18.556223069654195,-2.084405309080669,317,310,7,7,
D1,N1_histgb,sleeper:7587,Dyami Brown,WR,35.10333983945682,26.80124489872444,8.302094940732381,281,281,0,0,
D1,N1_histgb,sleeper:7588,Javonte Williams,RB,336.54575080532925,347.5051306835941,-10.959379878264826,42,45,-3,3,
D1,N1_histgb,sleeper:7591,Justin Fields,QB,43.26394206607725,65.04277382569164,-21.77883175961439,262,198,64,64,200
D1,N1_histgb,sleeper:7594,Chuba Hubbard,RB,174.5094970795285,135.52574156022288,38.98375551930562,119,131,-12,12,
D1,N1_histgb,sleeper:7600,Pat Freiermuth,TE,133.74043250719566,110.80822300148523,22.932209505710432,145,149,-4,4,
D1,N1_histgb,sleeper:7610,Trey Lance,QB,28.187336995026804,25.6546831220085,2.5326538730183046,289,286,3,3,
D1,N1_histgb,sleeper:7611,Rhamondre Stevenson,RB,193.15844656973155,157.96020321251245,35.1982433572191,108,116,-8,8,
D1,N1_histgb,sleeper:7694,Tommy Tremble,TE,49.57207977206346,39.595024551761036,9.977055220302425,245,244,1,1,
D1,N1_histgb,sleeper:7716,John Bates,TE,17.824908059581926,11.709687955396248,6.115220104185678,312,327,-15,15,
D1,N1_histgb,sleeper:7828,Noah Gray,TE,41.72743482252869,28.2107333002948,13.516701522233891,267,274,-7,7,
D1,N1_histgb,sleeper:7891,Brock Wright,TE,26.638054670315725,14.808067699451133,11.829986970864592,294,321,-27,27,
D1,N1_histgb,sleeper:8110,Jake Ferguson,TE,171.3251203717829,152.95477363217947,18.370346739603434,120,119,1,1,
D1,N1_histgb,sleeper:8111,Cade Otton,TE,85.77183220090461,76.162710378895,9.609121822009612,192,178,14,14,
D1,N1_histgb,sleeper:8112,Drake London,WR,334.09019863827837,402.31972685764003,-68.22952821936167,44,29,15,15,
D1,N1_histgb,sleeper:8117,Jalen Tolbert,WR,37.198703947659936,28.333143105532002,8.865560842127934,276,273,3,3,
D1,N1_histgb,sleeper:8119,Jahan Dotson,WR,38.601495728416516,31.564069014554555,7.0374267138619615,274,266,8,8,
D1,N1_histgb,sleeper:8121,Romeo Doubs,WR,166.66946593333904,150.00316835105372,16.666297582285324,121,121,0,0,
D1,N1_histgb,sleeper:8126,Wan'Dale Robinson,WR,152.37177731997107,166.66037151999438,-14.288594200023311,127,111,16,16,
D1,N1_histgb,sleeper:8127,Charlie Kolar,TE,41.20031002188229,27.9346508515332,13.265659170349089,269,278,-9,9,
D1,N1_histgb,sleeper:8130,Trey McBride,TE,266.6947737875819,353.46882994351233,-86.77405615593045,70,41,29,29,50
D1,N1_histgb,sleeper:8131,Isaiah Likely,TE,126.42115418077563,105.76480166081541,20.656352519960222,151,157,-6,6,
D1,N1_histgb,sleeper:8132,Tyler Allgeier,RB,88.20017478169886,73.37373482157005,14.826439960128809,186,181,5,5,
D1,N1_histgb,sleeper:8134,Khalil Shakir,WR,178.72157958170533,140.76331560119263,37.9582639805127,117,125,-8,8,
D1,N1_histgb,sleeper:8135,Treylon Burks,WR,41.94208837301579,32.05393525892245,9.888153114093342,265,265,0,0,
D1,N1_histgb,sleeper:8136,Rachaad White,RB,202.00098862958205,164.96268990732457,37.03829872225748,101,113,-12,12,
D1,N1_histgb,sleeper:8137,George Pickens,WR,293.5279946894038,318.4863125974029,-24.958317907999117,58,58,0,0,
D1,N1_histgb,sleeper:8138,James Cook,RB,360.2409746223577,353.12240448178954,7.118570140568181,39,42,-3,3,
D1,N1_histgb,sleeper:8142,Alec Pierce,WR,218.61355395377552,202.50792809834866,16.105625855426865,92,90,2,2,
D1,N1_histgb,sleeper:8144,Chris Olave,WR,317.5506264288705,366.98369890040874,-49.43307247153825,50,36,14,14,
D1,N1_histgb,sleeper:8146,Garrett Wilson,WR,279.86399682416436,314.9150517507609,-35.05105492659652,66,59,7,7,
D1,N1_histgb,sleeper:8148,Jameson Williams,WR,249.98402909544228,256.25757200096336,-6.273542905521083,79,74,5,5,
D1,N1_histgb,sleeper:8150,Kyren Williams,RB,332.7339290134651,330.58134866351753,2.152580349947584,45,52,-7,7,50
D1,N1_histgb,sleeper:8151,Kenneth Walker,RB,340.04487691688064,348.22005797526333,-8.175181058382691,41,44,-3,3,
D1,N1_histgb,sleeper:8154,Brian Robinson,RB,87.00114469464881,73.22010418467899,13.781040509969827,189,183,6,6,
D1,N1_histgb,sleeper:8155,Breece Hall,RB,315.42841474337195,343.593195753563,-28.164781010191064,51,46,5,5,50
D1,N1_histgb,sleeper:8160,Kenny Pickett,QB,8.247347291836014,13.53853386866436,-5.291186576828345,332,323,9,9,
D1,N1_histgb,sleeper:8161,Malik Willis,QB,364.4114919333662,343.33085832988615,21.080633603480067,37,47,-10,10,
D1,N1_histgb,sleeper:8167,Christian Watson,WR,242.45572743986008,216.3011640913575,26.15456334850259,83,85,-2,2,
D1,N1_histgb,sleeper:8172,Greg Dulcich,TE,130.3472513408076,108.5018356622675,21.845415678540093,146,151,-5,5,
D1,N1_histgb,sleeper:8180,Jalen Nailor,WR,91.95214846410491,73.13015555583542,18.821992908269493,181,184,-3,3,
D1,N1_histgb,sleeper:8183,Brock Purdy,QB,443.258693166981,424.30295382186995,18.955739345111056,23,26,-3,3,25
D1,N1_histgb,sleeper:8188,Tyquan Thornton,WR,68.43837057675255,55.81155837386434,12.62681220288821,212,212,0,0,
D1,N1_histgb,sleeper:8205,Isiah Pacheco,RB,60.23337757508714,45.031585353928115,15.201792221159025,228,232,-4,4,
D1,N1_histgb,sleeper:8225,Daniel Bellinger,TE,49.710495634124484,38.61205782139999,11.098437812724491,244,247,-3,3,
D1,N1_histgb,sleeper:8228,Jaylen Warren,RB,261.1640134470337,214.93617490548547,46.22783854154824,72,87,-15,15,
D1,N1_histgb,sleeper:827,Tyrod Taylor,QB,16.810328156971305,15.572440270913901,1.237887886057404,316,319,-3,3,
D1,N1_histgb,sleeper:8408,Jordan Mason,RB,210.74181222166644,185.6476017856913,25.09421043597513,94,96,-2,2,
D1,N1_histgb,sleeper:8676,Rashid Shaheed,WR,108.7687990387903,98.72337363870979,10.045425400080518,164,160,4,4,
D1,N1_histgb,sleeper:8698,Jake Tonges,TE,45.682895464940856,32.92192572298996,12.760969741950895,253,263,-10,10,
D1,N1_histgb,sleeper:8800,Malik Davis,RB,43.66181725214303,30.962768648780106,12.699048603362925,261,269,-8,8,
D1,N1_histgb,sleeper:8917,KaVontae Turpin,WR,39.98276921786083,33.67398015713597,6.308789060724855,270,261,9,9,
D1,N1_histgb,sleeper:9221,Jahmyr Gibbs,RB,493.7886342370721,545.4701680086283,-51.681533771556246,15,15,0,0,
D1,N1_histgb,sleeper:9224,Chase Brown,RB,382.0021786750565,384.95245930096644,-2.9502806259099543,35,33,2,2,
D1,N1_histgb,sleeper:9225,Tank Bigsby,RB,65.97053508342488,52.69008174082667,13.280453342598207,218,218,0,0,
D1,N1_histgb,sleeper:9226,De'Von Achane,RB,367.27050357194906,386.0447123809706,-18.77420880902156,36,32,4,4,
D1,N1_histgb,sleeper:9228,Bryce Young,QB,396.7147506365138,356.4290265655869,40.2857240709269,29,39,-10,10,
D1,N1_histgb,sleeper:9230,Tanner McKee,QB,12.35752694242307,20.98862649469844,-8.631099552275371,327,300,27,27,
D1,N1_histgb,sleeper:9479,Darnell Washington,TE,79.52662805135304,62.25212776743143,17.27450028392161,197,202,-5,5,200
D1,N1_histgb,sleeper:9480,Brenton Strange,TE,147.47514641750507,138.34979761722613,9.125348800278942,133,128,5,5,
D1,N1_histgb,sleeper:9481,Luke Musgrave,TE,25.447290665847312,20.730929403054958,4.716361262792354,298,301,-3,3,
D1,N1_histgb,sleeper:9482,Michael Mayer,TE,86.09440391592375,69.38447722307292,16.70992669285083,191,190,1,1,
D1,N1_histgb,sleeper:9484,Tucker Kraft,TE,179.69000917072023,172.29144713973793,7.398562030982305,115,109,6,6,
D1,N1_histgb,sleeper:9486,Dontayvion Wicks,WR,78.68201692815543,68.03079595548765,10.651220972667787,199,193,6,6,
D1,N1_histgb,sleeper:9487,Parker Washington,WR,223.56045916797297,215.96395867694338,7.5965004910295875,89,86,3,3,
D1,N1_histgb,sleeper:9488,Jaxon Smith-Njigba,WR,395.4001773877835,480.0576445249636,-84.6574671371801,30,19,11,11,25
D1,N1_histgb,sleeper:9493,Puka Nacua,WR,436.2352158103197,519.5466407333579,-83.3114249230382,24,16,8,8,
D1,N1_histgb,sleeper:9500,Josh Downs,WR,185.76394359053768,179.9343181228238,5.829625467713868,111,101,10,10,
D1,N1_histgb,sleeper:9501,DeMario Douglas,WR,79.89392827950103,69.40415180939931,10.489776470101717,196,189,7,7,
D1,N1_histgb,sleeper:9502,Tank Dell,WR,25.44266017800836,17.34103165485798,8.101628523150382,299,313,-14,14,
D1,N1_histgb,sleeper:9504,Kayshon Boutte,WR,100.59488191138978,95.07969238379933,5.515189527590451,171,165,6,6,
D1,N1_histgb,sleeper:9506,Sean Tucker,RB,85.30463115604077,64.47262379595044,20.83200736009033,193,199,-6,6,
D1,N1_histgb,sleeper:9508,Tyjae Spears,RB,127.19548866448547,106.2112261166082,20.984262547877265,147,156,-9,9,
D1,N1_histgb,sleeper:9509,Bijan Robinson,RB,494.09211195976934,566.4527841439434,-72.36067218417406,14,10,4,4,
D1,N1_histgb,sleeper:9511,Keaton Mitchell,RB,70.07610820747169,48.39491254344561,21.681195664026077,210,226,-16,16,
D1,N1_histgb,sleeper:96,Aaron Rodgers,QB,209.52577641718898,181.81123063324614,27.71454578394284,95,98,-3,3,
D1,N1_histgb,sleeper:9753,Zach Charbonnet,RB,127.1727281854528,107.76422357598445,19.408504609468352,148,153,-5,5,
D1,N1_histgb,sleeper:9754,Quentin Johnston,WR,201.29242994438732,177.23711689904974,24.055313045337584,102,103,-1,1,
D1,N1_histgb,sleeper:9756,Jordan Addison,WR,138.96785520545436,147.90998801393053,-8.942132808476174,141,123,18,18,
D1,N1_histgb,sleeper:9757,Kendre Miller,RB,62.887752797288215,47.59737788241652,15.290374914871698,224,228,-4,4,
D1,N1_histgb,sleeper:9758,C.J. Stroud,QB,410.29653149548864,364.6609059839838,45.63562551150483,26,37,-11,11,
D1,N1_histgb,sleeper:9997,Zay Flowers,WR,298.64185163863124,330.4159496787351,-31.774098040103866,56,53,3,3,
D1,N2_spline_two_part,sleeper:10213,Tre Tucker,WR,126.88468944108583,116.52952139874165,10.355168042344175,149,150,-1,1,
D1,N2_spline_two_part,sleeper:10218,Xavier Hutchinson,WR,43.90852497277556,35.542624535346846,8.365900437428714,258,267,-9,9,
D1,N2_spline_two_part,sleeper:10219,Chris Rodriguez,RB,122.46683811128412,107.79281574122264,14.67402237006148,155,158,-3,3,
D1,N2_spline_two_part,sleeper:10222,Jayden Reed,WR,193.5730743605206,152.435721005388,41.1373533551326,106,123,-17,17,
D1,N2_spline_two_part,sleeper:10226,Andrei Iosivas,WR,72.4113602908348,50.47744531181892,21.93391497901589,207,237,-30,30,
D1,N2_spline_two_part,sleeper:10227,Payne Durham,TE,19.578795299733407,29.805200641185667,-10.22640534145226,311,288,23,23,
D1,N2_spline_two_part,sleeper:10229,Rashee Rice,WR,295.61036123648006,308.26476082401274,-12.65439958753268,57,61,-4,4,
D1,N2_spline_two_part,sleeper:10231,Elijah Higgins,TE,41.90920287345688,34.54363617227504,7.365566701181834,266,272,-6,6,
D1,N2_spline_two_part,sleeper:10232,Michael Wilson,WR,141.87421232046322,143.5554480684438,-1.681235747980594,139,131,8,8,
D1,N2_spline_two_part,sleeper:10235,Roschon Johnson,RB,12.578889752051616,10.086382036131786,2.49250771591983,326,328,-2,2,
D1,N2_spline_two_part,sleeper:10236,Dalton Kincaid,TE,160.09398845237985,141.66273346157408,18.43125499080577,124,134,-10,10,
D1,N2_spline_two_part,sleeper:10859,Sam LaPorta,TE,193.2114869606341,214.00712501842554,-20.79563805779145,107,94,13,13,100
D1,N2_spline_two_part,sleeper:10871,Luke Schoonmaker,TE,25.355886753956856,21.04234942772009,4.313537326236766,300,309,-9,9,
D1,N2_spline_two_part,sleeper:11199,Emari Demercado,RB,23.516653749122803,17.203469905714808,6.3131838434079945,304,315,-11,11,
D1,N2_spline_two_part,sleeper:11201,Blake Whiteheart,TE,17.38139260096014,19.315424318042105,-1.9340317170819645,315,312,3,3,
D1,N2_spline_two_part,sleeper:11237,Jacob Saylors,RB,17.74274019774667,16.07227337189129,1.6704668258553816,313,317,-4,4,
D1,N2_spline_two_part,sleeper:11256,Tyson Bagent,QB,17.71325431701185,37.63419822323297,-19.920943906221122,314,260,54,54,
D1,N2_spline_two_part,sleeper:11292,Tommy DeVito,QB,16.46519270658284,23.549141374299133,-7.083948667716292,318,306,12,12,
D1,N2_spline_two_part,sleeper:11370,Chris Brooks,RB,26.323733421616268,21.97686100253457,4.3468724190816985,295,308,-13,13,
D1,N2_spline_two_part,sleeper:11435,Emanuel Wilson,RB,12.584517736555227,7.79310405715519,4.791413679400037,325,331,-6,6,
D1,N2_spline_two_part,sleeper:11559,Michael Penix,QB,151.40428127404527,142.8930171510122,8.511264123033072,129,132,-3,3,
D1,N2_spline_two_part,sleeper:11560,Caleb Williams,QB,538.2043544051123,543.0558653709281,-4.851510965815805,7,6,1,1,
D1,N2_spline_two_part,sleeper:11562,Spencer Rattler,QB,16.149054831455334,18.057864723595877,-1.9088098921405425,320,314,6,6,
D1,N2_spline_two_part,sleeper:11563,Bo Nix,QB,524.0502934269978,549.7829070909518,-25.732613663953998,8,5,3,3,
D1,N2_spline_two_part,sleeper:11564,Drake Maye,QB,578.1520762763312,559.4011975110159,18.750878765315292,2,4,-2,2,
D1,N2_spline_two_part,sleeper:11565,J.J. McCarthy,QB,48.438327169879855,44.47832907985004,3.9599980900298135,248,249,-1,1,
D1,N2_spline_two_part,sleeper:11566,Jayden Daniels,QB,547.4446235274588,509.7829816108951,37.661641916563724,5,11,-6,6,
D1,N2_spline_two_part,sleeper:11570,Rasheen Ali,RB,28.008817764619756,27.675478430635028,0.33333933398472837,290,297,-7,7,
D1,N2_spline_two_part,sleeper:11571,Isaiah Davis,RB,45.31208087511755,35.40825261058077,9.903828264536784,254,268,-14,14,
D1,N2_spline_two_part,sleeper:11575,Ray Davis,RB,56.281260128207826,37.6645887845582,18.616671343649628,234,259,-25,25,
D1,N2_spline_two_part,sleeper:11576,Braelon Allen,RB,103.40996866223121,103.34193760315446,0.06803105907674478,168,162,6,6,
D1,N2_spline_two_part,sleeper:11577,Will Shipley,RB,27.75675880141605,37.30161108491436,-9.544852283498312,291,262,29,29,
D1,N2_spline_two_part,sleeper:11581,MarShawn Lloyd,RB,234.90386746353997,204.51146224930665,30.39240521423332,84,95,-11,11,
D1,N2_spline_two_part,sleeper:11583,Jonathon Brooks,RB,252.5666453153351,266.7423396228942,-14.17569430755907,77,74,3,3,
D1,N2_spline_two_part,sleeper:11584,Bucky Irving,RB,292.42698553390045,292.9434299978426,-0.5164444639421504,59,64,-5,5,
D1,N2_spline_two_part,sleeper:11586,Blake Corum,RB,139.12012494036816,140.20354461289287,-1.0834196725247125,140,135,5,5,
D1,N2_spline_two_part,sleeper:11597,Theo Johnson,TE,66.28730261064223,53.11350763514132,13.173794975500911,217,230,-13,13,
D1,N2_spline_two_part,sleeper:11599,Cade Stover,TE,35.40544658440198,45.282779242243315,-9.877332657841336,279,247,32,32,
D1,N2_spline_two_part,sleeper:11600,Ja'Tavion Sanders,TE,22.548564636555724,29.97017434206134,-7.421609705505617,308,286,22,22,
D1,N2_spline_two_part,sleeper:11603,AJ Barner,TE,151.59989035016673,145.86284998904483,5.737040361121899,128,128,0,0,
D1,N2_spline_two_part,sleeper:11604,Brock Bowers,TE,279.6269712806806,339.47571118086194,-59.84873990018133,67,50,17,17,50
D1,N2_spline_two_part,sleeper:11608,Isaiah Williams,WR,48.61930975809922,38.50101030127734,10.11829945682188,246,258,-12,12,
D1,N2_spline_two_part,sleeper:11610,Malik Washington,WR,108.85168143163455,90.9361608338408,17.915520597793744,163,181,-18,18,
D1,N2_spline_two_part,sleeper:11618,Jalen McMillan,WR,97.6921149687945,97.60731420782676,0.08480076096773814,176,171,5,5,
D1,N2_spline_two_part,sleeper:11620,Rome Odunze,WR,253.73033454134543,253.95416882071564,-0.22383427937020883,76,78,-2,2,
D1,N2_spline_two_part,sleeper:11623,Jordan Whittington,WR,36.2957877487374,34.94250691465234,1.3532808340850622,278,270,8,8,
D1,N2_spline_two_part,sleeper:11624,Xavier Worthy,WR,180.6405153579561,174.20858448887248,6.431930869083629,114,108,6,6,
D1,N2_spline_two_part,sleeper:11625,Adonai Mitchell,WR,99.58163231183204,94.22064477180342,5.360987540028617,173,176,-3,3,
D1,N2_spline_two_part,sleeper:11626,Xavier Legette,WR,88.08426325147605,65.72478616230444,22.359477089171605,187,213,-26,26,200
D1,N2_spline_two_part,sleeper:11627,Troy Franklin,WR,57.71706888514083,86.94526009043828,-29.22819120529745,232,186,46,46,200
D1,N2_spline_two_part,sleeper:11628,Marvin Harrison,WR,207.1976965288464,188.76506663367823,18.432629895168162,96,99,-3,3,
D1,N2_spline_two_part,sleeper:11629,Devontez Walker,WR,43.71511513256698,42.627698628090656,1.087416504476323,259,251,8,8,
D1,N2_spline_two_part,sleeper:11631,Brian Thomas,WR,200.429219091039,223.44486998286067,-23.01565089182168,103,93,10,10,100
D1,N2_spline_two_part,sleeper:11632,Malik Nabers,WR,284.6359943947909,357.0598802404017,-72.42388584561081,62,46,16,16,50
D1,N2_spline_two_part,sleeper:11635,Ladd McConkey,WR,250.08264123754876,232.96203414631702,17.120607091231733,78,87,-9,9,
D1,N2_spline_two_part,sleeper:11637,Keon Coleman,WR,52.75546085293614,74.65791563792877,-21.902454784992628,239,201,38,38,
D1,N2_spline_two_part,sleeper:11643,Jaylen Wright,RB,88.03267986271695,69.54415446242854,18.48852540028841,188,208,-20,20,200
D1,N2_spline_two_part,sleeper:11646,Jalen Coker,WR,121.19446585818758,112.97530118432842,8.219164673859169,157,155,2,2,
D1,N2_spline_two_part,sleeper:11647,Kimani Vidal,RB,70.27391968296863,48.98485552055197,21.289064162416658,209,239,-30,30,
D1,N2_spline_two_part,sleeper:11655,Tyrone Tracy,RB,45.13409766253337,26.35479264608053,18.77930501645284,255,300,-45,45,
D1,N2_spline_two_part,sleeper:1166,Kirk Cousins,QB,33.98192388033502,28.71765017066016,5.264273709674857,283,296,-13,13,
D1,N2_spline_two_part,sleeper:11783,Ryan Flournoy,WR,90.78705634575971,70.73905393420766,20.048002411552048,182,204,-22,22,200
D1,N2_spline_two_part,sleeper:11834,Devaughn Vele,WR,63.57009357498024,47.73544025556003,15.834653319420212,222,241,-19,19,
D1,N2_spline_two_part,sleeper:12048,George Holani,RB,46.537264842306186,32.39907262156035,14.138192220745836,251,280,-29,29,
D1,N2_spline_two_part,sleeper:12467,Jordan James,RB,73.25478259404406,87.346735394306,-14.091952800261936,206,184,22,22,200
D1,N2_spline_two_part,sleeper:12469,Dylan Sampson,RB,154.52998077048292,130.16016218882785,24.369818581655068,125,142,-17,17,
D1,N2_spline_two_part,sleeper:12470,Riley Leonard,QB,39.1148366565775,41.786581786315985,-2.6717451297384827,272,253,19,19,
D1,N2_spline_two_part,sleeper:12471,DJ Giddens,RB,38.14268347816986,50.186440394535424,-12.043756916365567,275,238,37,37,
D1,N2_spline_two_part,sleeper:12472,Raheim Sanders,RB,46.164935351086996,36.151102483011826,10.01383286807517,252,265,-13,13,
D1,N2_spline_two_part,sleeper:12474,Woody Marks,RB,136.5449470941893,98.71938620277898,37.82556089141032,144,169,-25,25,
D1,N2_spline_two_part,sleeper:12481,Cam Skattebo,RB,321.5945233950945,309.33219169576154,12.262331699332947,48,60,-12,12,50
D1,N2_spline_two_part,sleeper:12482,Savion Williams,WR,25.67173693640811,33.11335603580673,-7.441619099398622,297,276,21,21,
D1,N2_spline_two_part,sleeper:12483,Jack Bech,WR,64.44615986252916,66.63283732366867,-2.18667746113951,220,212,8,8,
D1,N2_spline_two_part,sleeper:12487,Terrance Ferguson,TE,78.34931253551916,90.13662348735194,-11.78731095183278,200,182,18,18,
D1,N2_spline_two_part,sleeper:12489,RJ Harvey,RB,182.4928149324798,159.81929508222368,22.673519850256127,113,119,-6,6,
D1,N2_spline_two_part,sleeper:12490,Bhayshul Tuten,RB,255.72678071165313,228.17357949981175,27.553201211841383,75,89,-14,14,
D1,N2_spline_two_part,sleeper:12492,Pat Bryant,WR,88.39567724477,75.56465106819375,12.831026176576245,185,200,-15,15,
D1,N2_spline_two_part,sleeper:12493,Oronde Gadsden,TE,115.40977093552488,137.48704012460502,-22.07726918908014,161,138,23,23,
D1,N2_spline_two_part,sleeper:12495,Ollie Gordon,RB,52.0774376618086,47.60384351109203,4.473594150716572,240,242,-2,2,
D1,N2_spline_two_part,sleeper:12496,Tai Felton,WR,15.53572634794169,26.475071087099636,-10.939344739157946,323,299,24,24,
D1,N2_spline_two_part,sleeper:12497,Tory Horton,WR,72.27322086204522,63.98918003334761,8.284040828697613,208,217,-9,9,
D1,N2_spline_two_part,sleeper:12498,Mason Taylor,TE,121.97296180595455,144.8709237001749,-22.897961894220344,156,129,27,27,
D1,N2_spline_two_part,sleeper:12499,Elic Ayomanor,WR,47.9592248158398,70.47092139760169,-22.51169658176189,249,205,44,44,
D1,N2_spline_two_part,sleeper:12500,Quinn Ewers,QB,29.224168172654466,23.859428540911253,5.3647396317432126,288,305,-17,17,
D1,N2_spline_two_part,sleeper:12501,Matthew Golden,WR,141.9100461331028,172.21740234890962,-30.307356215806806,138,110,28,28,
D1,N2_spline_two_part,sleeper:12502,Gunnar Helm,TE,116.43785829360864,117.65250809443127,-1.2146498008226274,160,148,12,12,
D1,N2_spline_two_part,sleeper:12503,Isaiah Bond,WR,53.17876054212699,76.54435816936422,-23.36559762723723,238,198,40,40,200
D1,N2_spline_two_part,sleeper:12506,Harold Fannin,TE,233.73381530035482,287.95336984472095,-54.21955454436613,85,66,19,19,
D1,N2_spline_two_part,sleeper:12507,Omarion Hampton,RB,360.9127620697284,393.39998278876135,-32.48722071903296,38,38,0,0,
D1,N2_spline_two_part,sleeper:12508,Jaxson Dart,QB,506.5770300422521,494.3575082974338,12.21952174481828,11,17,-6,6,
D1,N2_spline_two_part,sleeper:12509,Tre' Harris,WR,76.36679879701609,61.93639251221476,14.430406284801329,202,219,-17,17,
D1,N2_spline_two_part,sleeper:12511,Will Howard,QB,75.91633978104365,44.524020468774516,31.39231931226913,204,248,-44,44,
D1,N2_spline_two_part,sleeper:12512,Quinshon Judkins,RB,336.1954852109115,327.5272511530219,8.668234057889606,43,55,-12,12,50
D1,N2_spline_two_part,sleeper:12514,Emeka Egbuka,WR,289.35710954530214,304.33599297601825,-14.97888343071611,60,62,-2,2,
D1,N2_spline_two_part,sleeper:12517,Colston Loveland,TE,229.23408843534534,272.92958322894754,-43.695494793602194,87,71,16,16,
D1,N2_spline_two_part,sleeper:12518,Tyler Warren,TE,233.56386666672333,256.1515486097684,-22.587681943045055,86,76,10,10,
D1,N2_spline_two_part,sleeper:12519,Luther Burden,WR,277.962817590809,270.96145158772026,7.0013660030887195,68,72,-4,4,
D1,N2_spline_two_part,sleeper:12521,Elijah Arroyo,TE,68.35810833419781,79.8887824484865,-11.530674114288686,213,195,18,18,200
D1,N2_spline_two_part,sleeper:12522,Cam Ward,QB,394.50696070575134,396.7642346750186,-2.25727396926726,31,37,-6,6,
D1,N2_spline_two_part,sleeper:12524,Shedeur Sanders,QB,126.36727916224046,83.50374151518783,42.86353764705264,152,190,-38,38,
D1,N2_spline_two_part,sleeper:12526,Tetairoa McMillan,WR,304.28054795363806,333.7493852268103,-29.468837273172255,53,53,0,0,
D1,N2_spline_two_part,sleeper:12527,Ashton Jeanty,RB,386.52651719275997,399.5676861428795,-13.041168950119527,34,34,0,0,
D1,N2_spline_two_part,sleeper:12529,TreVeyon Henderson,RB,280.4234585829249,269.50657015250533,10.91688843041959,64,73,-9,9,
D1,N2_spline_two_part,sleeper:12531,Trevor Etienne,RB,22.75515179937023,33.25885224162579,-10.50370044225556,307,274,33,33,
D1,N2_spline_two_part,sleeper:12533,Jacory Croskey-Merritt,RB,185.41016144776648,134.37719158534242,51.03296986242407,112,139,-27,27,
D1,N2_spline_two_part,sleeper:12534,Kyle Monangai,RB,163.4044102510062,151.81840280364727,11.586007447358924,123,124,-1,1,
D1,N2_spline_two_part,sleeper:12535,Isaac TeSlaa,WR,75.01194497907179,59.977429407773,15.034515571298783,205,225,-20,20,
D1,N2_spline_two_part,sleeper:12536,Jaylin Noel,WR,80.04200120316305,73.43117138758734,6.610829815575713,194,203,-9,9,200
D1,N2_spline_two_part,sleeper:12540,Chimere Dike,WR,44.33349421033366,46.96036348524588,-2.6268692749122167,257,244,13,13,
D1,N2_spline_two_part,sleeper:12543,Tahj Brooks,RB,27.429283787747366,29.11948163870136,-1.690197850953993,292,293,-1,1,
D1,N2_spline_two_part,sleeper:12544,LeQuint Allen,RB,45.07045535202806,69.96998382974473,-24.89952847771667,256,207,49,49,
D1,N2_spline_two_part,sleeper:12545,Tyler Shough,QB,446.9381260224185,417.85320888104303,29.084917141375456,21,27,-6,6,25
D1,N2_spline_two_part,sleeper:12670,KeAndre Lambert-Smith,WR,24.868238094012295,28.921694938512186,-4.053456844499891,302,295,7,7,
D1,N2_spline_two_part,sleeper:12718,Konata Mumpfield,WR,26.161750361460864,42.05832049787672,-15.896570136415857,296,252,44,44,
D1,N2_spline_two_part,sleeper:13079,Jahdae Walker,WR,27.111811966719458,38.53592099588378,-11.42410902916432,293,257,36,36,
D1,N2_spline_two_part,sleeper:13269,Fernando Mendoza,QB,323.72750399526547,331.42957364495703,-7.702069649691566,46,54,-8,8,50
D1,N2_spline_two_part,sleeper:13272,Carson Beck,QB,92.93981888820935,80.09149151089322,12.848327377316124,180,193,-13,13,
D1,N2_spline_two_part,sleeper:13274,Germie Bernard,WR,119.93892979263236,154.69488531103264,-34.75595551840027,158,122,36,36,
D1,N2_spline_two_part,sleeper:13275,Ty Simpson,QB,56.71218062200046,51.99929017958043,4.712890442420033,233,233,0,0,
D1,N2_spline_two_part,sleeper:13276,Omar Cooper,WR,67.11125380761557,102.57460746462,-35.46335365700443,216,165,51,51,200
D1,N2_spline_two_part,sleeper:13279,Carnell Tate,WR,256.77196427372337,273.89889622739634,-17.126931953672965,74,69,5,5,
D1,N2_spline_two_part,sleeper:13281,Jordyn Tyson,WR,126.8356552337622,182.84833871716216,-56.01268348339997,150,104,46,46,
D1,N2_spline_two_part,sleeper:13285,Malachi Fields,WR,86.83672239450658,111.96828267078789,-25.131560276281306,190,156,34,34,
D1,N2_spline_two_part,sleeper:13286,Jadarian Price,RB,249.1184379292724,248.53326432765988,0.5851736016125244,80,80,0,0,
D1,N2_spline_two_part,sleeper:13287,Jeremiyah Love,RB,349.70342124868046,381.14603725184884,-31.442616003168382,40,39,1,1,
D1,N2_spline_two_part,sleeper:13288,Nicholas Singleton,RB,41.461387661898456,61.78287781081918,-20.321490148920724,268,220,48,48,
D1,N2_spline_two_part,sleeper:13293,Ja'Kobi Lane,WR,94.73391607544615,139.77902878323346,-45.04511270778731,177,136,41,41,
D1,N2_spline_two_part,sleeper:13294,Makai Lemon,WR,163.75672265643686,241.7917026436862,-78.03497998724933,122,84,38,38,100
D1,N2_spline_two_part,sleeper:13296,Caleb Douglas,WR,98.8244256491736,122.8303666050878,-24.0059409559142,174,145,29,29,
D1,N2_spline_two_part,sleeper:13298,KC Concepcion,WR,179.3133807176107,233.4320283405762,-54.11864762296551,116,86,30,30,100
D1,N2_spline_two_part,sleeper:13301,Antonio Williams,WR,57.720259591491185,119.87582242323744,-62.15556283174625,231,147,84,84,200
D1,N2_spline_two_part,sleeper:13303,Cade Klubnik,QB,79.4895476165924,93.47273366881807,-13.983186052225662,198,177,21,21,
D1,N2_spline_two_part,sleeper:13305,Mike Washington,RB,93.65409857879641,91.37212621509524,2.281972363701172,179,180,-1,1,
D1,N2_spline_two_part,sleeper:13311,Chris Bell,WR,67.35111263621994,124.08126053656487,-56.73014790034493,215,144,71,71,200
D1,N2_spline_two_part,sleeper:13317,Ted Hurst,WR,38.733359818844825,80.05426253074975,-41.32090271190493,273,194,79,79,200
D1,N2_spline_two_part,sleeper:13320,Zachariah Branch,WR,60.80946073496928,117.10530306705125,-56.295842332081975,227,149,78,78,200
D1,N2_spline_two_part,sleeper:13329,Malik Benson,WR,37.10996333975278,68.88990626696786,-31.779942927215075,277,209,68,68,
D1,N2_spline_two_part,sleeper:13330,Kenyon Sadiq,TE,108.012741096828,168.1459436317736,-60.13320253494561,165,114,51,51,
D1,N2_spline_two_part,sleeper:13337,Emmett Johnson,RB,89.746890449871,92.32977759468038,-2.5828871448093764,184,179,5,5,
D1,N2_spline_two_part,sleeper:13345,Jonah Coleman,RB,77.1246210015542,77.12842892238297,-0.0038079208287626898,201,197,4,4,200
D1,N2_spline_two_part,sleeper:13346,Denzel Boston,WR,136.5797715312328,180.80332530651145,-44.223553775278646,143,105,38,38,
D1,N2_spline_two_part,sleeper:13347,Demond Claiborne,RB,34.41932092313739,64.4913998042762,-30.072078881138808,282,215,67,67,
D1,N2_spline_two_part,sleeper:13349,Eli Stowers,TE,39.3960957553971,87.43417315505516,-48.038077399658064,271,183,88,88,200
D1,N2_spline_two_part,sleeper:13405,Kaytron Allen,RB,50.53841107796328,62.49256659289175,-11.954155514928466,242,218,24,24,
D1,N2_spline_two_part,sleeper:13413,Cyrus Allen,WR,62.58323695293575,84.28034661154392,-21.69710965860817,225,189,36,36,200
D1,N2_spline_two_part,sleeper:13414,Kaelon Black,RB,61.41547102511353,51.7058236276845,9.70964739742903,226,235,-9,9,
D1,N2_spline_two_part,sleeper:13417,De'Zhaun Stribling,WR,149.19747668962557,184.79560397275097,-35.59812728312539,131,102,29,29,
D1,N2_spline_two_part,sleeper:13424,Seth McGowan,RB,50.80358756385143,48.5520223457249,2.2515652181265295,241,240,1,1,
D1,N2_spline_two_part,sleeper:13425,Jalon Daniels,QB,32.25277866883719,44.22865713353693,-11.97587846469974,286,250,36,36,
D1,N2_spline_two_part,sleeper:13434,Will Kacmarek,TE,68.76698445912483,100.22679239590349,-31.45980793677866,211,167,44,44,200
D1,N2_spline_two_part,sleeper:1373,Geno Smith,QB,222.20309429485775,245.95244708407014,-23.749352789212395,90,81,9,9,
D1,N2_spline_two_part,sleeper:1466,Travis Kelce,TE,125.87271615418061,113.53493137756423,12.337784776616374,153,154,-1,1,
D1,N2_spline_two_part,sleeper:1479,Keenan Allen,WR,63.54527581204062,61.253948795775806,2.291327016264816,223,221,2,2,
D1,N2_spline_two_part,sleeper:19,Joe Flacco,QB,8.481566113525465,5.804487521472488,2.677078592052977,331,333,-2,2,
D1,N2_spline_two_part,sleeper:2133,Davante Adams,WR,203.48016623521212,225.71209287578884,-22.231926640576717,100,91,9,9,
D1,N2_spline_two_part,sleeper:2216,Mike Evans,WR,147.21636096670352,115.32932863095596,31.887032335747563,134,151,-17,17,
D1,N2_spline_two_part,sleeper:2306,Jameis Winston,QB,24.34521062651435,11.568760709230801,12.77644991728355,303,327,-24,24,
D1,N2_spline_two_part,sleeper:2307,Marcus Mariota,QB,20.31329638070953,6.477540867701217,13.835755513008314,310,332,-22,22,
D1,N2_spline_two_part,sleeper:2449,Stefon Diggs,WR,150.56547526649456,115.15922749114914,35.40624777534542,130,152,-22,22,
D1,N2_spline_two_part,sleeper:2505,Darren Waller,TE,79.98555416808551,54.07396432989396,25.911589838191553,195,228,-33,33,200
D1,N2_spline_two_part,sleeper:3163,Jared Goff,QB,480.9130927469653,466.68259187791523,14.230500869050047,17,21,-4,4,
D1,N2_spline_two_part,sleeper:3198,Derrick Henry,RB,301.93329954753085,400.2057548293881,-98.27245528185728,54,33,21,21,50
D1,N2_spline_two_part,sleeper:3202,Austin Hooper,TE,31.428494273645313,26.2450022579908,5.183492015654512,287,301,-14,14,
D1,N2_spline_two_part,sleeper:3214,Hunter Henry,TE,125.01175577548047,102.9865544128853,22.02520136259517,154,164,-10,10,
D1,N2_spline_two_part,sleeper:3257,Jacoby Brissett,QB,279.90086126401616,300.2537398627508,-20.352878598734662,65,63,2,2,
D1,N2_spline_two_part,sleeper:3271,Tyler Higbee,TE,35.297063027261956,29.90933840450217,5.387724622759787,280,287,-7,7,
D1,N2_spline_two_part,sleeper:3294,Dak Prescott,QB,523.9140534359329,514.1366829257079,9.777370510225069,9,9,0,0,
D1,N2_spline_two_part,sleeper:3634,Kalif Raymond,WR,20.90566571001428,24.47806921347442,-3.5724035034601407,309,303,6,6,
D1,N2_spline_two_part,sleeper:4017,Deshaun Watson,QB,228.74880014524035,243.58424453472867,-14.835444389488316,88,83,5,5,
D1,N2_spline_two_part,sleeper:4033,David Njoku,TE,57.92371737630043,52.923667100944435,5.000050275355996,230,231,-1,1,
D1,N2_spline_two_part,sleeper:4034,Christian McCaffrey,RB,403.0710616742106,506.603218864445,-103.53215719023439,28,14,14,14,25
D1,N2_spline_two_part,sleeper:4035,Alvin Kamara,RB,46.9935576270182,37.22914073763747,9.764416889380726,250,263,-13,13,
D1,N2_spline_two_part,sleeper:4037,Chris Godwin,WR,144.20177574129374,104.01995720597574,40.181818535318,135,161,-26,26,
D1,N2_spline_two_part,sleeper:4039,Cooper Kupp,WR,55.94780356168632,50.96724576028061,4.980557801405709,235,236,-1,1,
D1,N2_spline_two_part,sleeper:4046,Patrick Mahomes,QB,495.8998504828452,507.7969318386661,-11.897081355820944,13,12,1,1,
D1,N2_spline_two_part,sleeper:4054,Mo Alie-Cox,TE,13.347238226363228,13.463060340037174,-0.11582211367394635,324,322,2,2,
D1,N2_spline_two_part,sleeper:4066,Evan Engram,TE,102.68898461072885,70.22324840195364,32.46573620877521,169,206,-37,37,200
D1,N2_spline_two_part,sleeper:4137,James Conner,RB,8.602905819568834,8.929532927215746,-0.32662710764691205,329,330,-1,1,
D1,N2_spline_two_part,sleeper:4147,Samaje Perine,RB,42.74451812265919,34.95294203077012,7.79157609188907,263,269,-6,6,
D1,N2_spline_two_part,sleeper:4177,Mack Hollins,WR,15.675537306710497,16.507761827393438,-0.8322245206829404,322,316,6,6,
D1,N2_spline_two_part,sleeper:4179,Joshua Dobbs,QB,7.575376551587839,9.777494563062515,-2.202118011474676,333,329,4,4,
D1,N2_spline_two_part,sleeper:4199,Aaron Jones,RB,103.68052652301544,99.7221487663527,3.958377756662742,167,168,-1,1,
D1,N2_spline_two_part,sleeper:421,Matthew Stafford,QB,482.36451786563987,431.6097965951625,50.754721270477376,16,26,-10,10,25
D1,N2_spline_two_part,sleeper:4217,George Kittle,TE,154.40380559031075,166.09903473030565,-11.695229139994893,126,116,10,10,
D1,N2_spline_two_part,sleeper:4454,Kendrick Bourne,WR,32.89045104491997,27.30169863136502,5.58875241355495,285,298,-13,13,
D1,N2_spline_two_part,sleeper:4866,Saquon Barkley,RB,299.53529594022797,336.2081972341501,-36.67290129392211,55,51,4,4,
D1,N2_spline_two_part,sleeper:4881,Lamar Jackson,QB,558.2452369137438,503.94878000991406,54.29645690382978,4,15,-11,11,
D1,N2_spline_two_part,sleeper:4892,Baker Mayfield,QB,469.17016551521175,445.43924256684227,23.730922948369482,18,25,-7,7,
D1,N2_spline_two_part,sleeper:4943,Sam Darnold,QB,446.99366185208487,405.747080879026,41.24658097305888,20,31,-11,11,25
D1,N2_spline_two_part,sleeper:4981,Calvin Ridley,WR,68.06344696338185,60.06347626541048,7.999970697971371,214,224,-10,10,
D1,N2_spline_two_part,sleeper:4983,DJ Moore,WR,206.95207253084862,179.57722340673448,27.37484912411415,97,106,-9,9,100
D1,N2_spline_two_part,sleeper:4984,Josh Allen,QB,659.4108298244762,637.6692333138027,21.741596510673503,1,1,0,0,
D1,N2_spline_two_part,sleeper:4993,Mike Gesicki,TE,99.8691209820536,64.6595504033857,35.20957057866791,172,214,-42,42,200
D1,N2_spline_two_part,sleeper:5001,Dalton Schultz,TE,144.0708140012268,114.27212294846254,29.79869105276427,136,153,-17,17,
D1,N2_spline_two_part,sleeper:5008,Durham Smythe,TE,24.948118998645093,24.32277728369455,0.6253417149505438,301,304,-3,3,
D1,N2_spline_two_part,sleeper:5012,Mark Andrews,TE,148.00884185507948,133.15014509585117,14.858696759228309,132,141,-9,9,
D1,N2_spline_two_part,sleeper:5022,Dallas Goedert,TE,143.59317011614837,139.37010572501896,4.223064391129412,137,137,0,0,
D1,N2_spline_two_part,sleeper:5045,Courtland Sutton,WR,189.8148093308336,157.85933098292614,31.955478347907473,110,121,-11,11,
D1,N2_spline_two_part,sleeper:5127,Kyle Allen,QB,8.560644656499498,15.181727307779903,-6.621082651280405,330,320,10,10,
D1,N2_spline_two_part,sleeper:5844,T.J. Hockenson,TE,117.52493143699186,84.4884048223263,33.03652661466556,159,188,-29,29,
D1,N2_spline_two_part,sleeper:5846,DK Metcalf,WR,204.59483581210137,172.7648336876285,31.830002124472855,99,109,-10,10,100
D1,N2_spline_two_part,sleeper:5848,Marquise Brown,WR,23.246584123271937,22.26571691112108,0.9808672121508586,305,307,-2,2,
D1,N2_spline_two_part,sleeper:5849,Kyler Murray,QB,417.93615628363807,372.26306706404364,45.67308921959443,25,41,-16,16,25
D1,N2_spline_two_part,sleeper:5850,Josh Jacobs,RB,93.66639932871776,75.71194246693364,17.954456861784124,178,199,-21,21,
D1,N2_spline_two_part,sleeper:5854,Drew Lock,QB,10.841158793304507,12.493865535609725,-1.6527067423052184,328,324,4,4,
D1,N2_spline_two_part,sleeper:5857,Noah Fant,TE,42.47862312286095,31.342192984752373,11.13643013810858,264,283,-19,19,
D1,N2_spline_two_part,sleeper:5859,A.J. Brown,WR,273.41001982031196,292.4331800391941,-19.02316021888214,69,65,4,4,
D1,N2_spline_two_part,sleeper:5870,Daniel Jones,QB,443.49657107836117,411.22309035376304,32.27348072459813,22,29,-7,7,25
D1,N2_spline_two_part,sleeper:5872,Deebo Samuel,WR,102.55236453410572,98.53880346909939,4.0135610650063285,170,170,0,0,
D1,N2_spline_two_part,sleeper:5892,David Montgomery,RB,246.36365352531436,236.6219276992033,9.741725826111065,81,85,-4,4,
D1,N2_spline_two_part,sleeper:5906,Dawson Knox,TE,50.5152963941497,37.568215631961884,12.947080762187817,243,261,-18,18,
D1,N2_spline_two_part,sleeper:5927,Terry McLaurin,WR,205.3508333376543,185.832962079346,19.517871258308304,98,100,-2,2,
D1,N2_spline_two_part,sleeper:5947,Jakobi Meyers,WR,109.03047943494278,103.04871765657657,5.981761778366206,162,163,-1,1,
D1,N2_spline_two_part,sleeper:5967,Tony Pollard,RB,219.9295643054995,189.6497458304412,30.279818475058306,91,97,-6,6,
D1,N2_spline_two_part,sleeper:5973,Josh Oliver,TE,33.91904549313038,25.041198416584113,8.87784707654627,284,302,-18,18,
D1,N2_spline_two_part,sleeper:5995,Justice Hill,RB,64.594695102968,47.41517749104915,17.179517611918854,219,243,-24,24,
D1,N2_spline_two_part,sleeper:6001,Drew Sample,TE,16.23969540656618,14.10077293341636,2.1389224731498206,319,321,-2,2,
D1,N2_spline_two_part,sleeper:6039,Ty Johnson,RB,48.47982598277939,33.87609888765851,14.603727095120881,247,273,-26,26,
D1,N2_spline_two_part,sleeper:6136,Jarrett Stidham,QB,7.455691171690024,12.082230328019687,-4.626539156329663,334,325,9,9,
D1,N2_spline_two_part,sleeper:6271,Olamide Zaccheaus,WR,43.6769142184091,31.496540368954694,12.180373849454408,260,282,-22,22,
D1,N2_spline_two_part,sleeper:6768,Tua Tagovailoa,QB,175.35117958513064,179.01462319470676,-3.6634436095761203,118,107,11,11,
D1,N2_spline_two_part,sleeper:6770,Joe Burrow,QB,504.6791988452882,491.88032935706667,12.798869488221555,12,18,-6,6,
D1,N2_spline_two_part,sleeper:6783,Jerry Jeudy,WR,105.93272915562791,93.11781976563843,12.81490938998948,166,178,-12,12,
D1,N2_spline_two_part,sleeper:6786,CeeDee Lamb,WR,321.30985263052804,334.498423606792,-13.188570976263975,49,52,-3,3,50
D1,N2_spline_two_part,sleeper:6790,D'Andre Swift,RB,285.3840822846397,273.03072817238916,12.353354112250543,61,70,-9,9,
D1,N2_spline_two_part,sleeper:6794,Justin Jefferson,WR,322.80014542967956,341.71673599885145,-18.916590569171888,47,49,-2,2,
D1,N2_spline_two_part,sleeper:6797,Justin Herbert,QB,511.74745614958636,507.43269432885165,4.314761820734702,10,13,-3,3,
D1,N2_spline_two_part,sleeper:6801,Tee Higgins,WR,265.18293186434,279.5545798231505,-14.371647958810513,71,67,4,4,
D1,N2_spline_two_part,sleeper:6804,Jordan Love,QB,451.25138680268884,446.57097815275927,4.680408649929575,19,24,-5,5,
D1,N2_spline_two_part,sleeper:6806,J.K. Dobbins,RB,199.80774343085108,151.44773035189743,48.36001307895364,105,126,-21,21,
D1,N2_spline_two_part,sleeper:6813,Jonathan Taylor,RB,388.4815243562198,450.61167226099144,-62.13014790477166,33,22,11,11,25
D1,N2_spline_two_part,sleeper:6819,Michael Pittman,WR,190.9572932635635,146.65281053252596,44.30448273103755,109,127,-18,18,
D1,N2_spline_two_part,sleeper:6826,Cole Kmet,TE,64.28674554455642,53.93042438118926,10.356321163367163,221,229,-8,8,
D1,N2_spline_two_part,sleeper:6847,Devin Duvernay,WR,2.1730854527585435,2.0314080844982367,0.14167736826030675,335,335,0,0,
D1,N2_spline_two_part,sleeper:6865,Colby Parkinson,TE,76.1038603001461,68.87398466126263,7.22987563888347,203,210,-7,7,
D1,N2_spline_two_part,sleeper:6869,Adam Trautman,TE,23.15335009923488,20.258385396634324,2.894964702600557,306,311,-5,5,
D1,N2_spline_two_part,sleeper:6904,Jalen Hurts,QB,573.6328048122389,535.7235677489622,37.90923706327669,3,8,-5,5,
D1,N2_spline_two_part,sleeper:7002,Juwan Johnson,TE,136.75926384574655,105.74637272785108,31.012891117895464,142,160,-18,18,
D1,N2_spline_two_part,sleeper:7021,Rico Dowdle,RB,218.47318921308099,183.45477388498801,35.01841532809297,93,103,-10,10,100
D1,N2_spline_two_part,sleeper:7049,Jauan Jennings,WR,90.35506853837175,81.2334600907877,9.121608447584052,183,192,-9,9,
D1,N2_spline_two_part,sleeper:7083,Tyler Huntley,QB,15.765334125868574,11.829941502890993,3.935392622977581,321,326,-5,5,
D1,N2_spline_two_part,sleeper:7090,Darnell Mooney,WR,54.079178476877495,39.94231950347557,14.136858973401928,237,256,-19,19,
D1,N2_spline_two_part,sleeper:7523,Trevor Lawrence,QB,540.3223387718274,536.2051954847218,4.117143287105591,6,7,-1,1,
D1,N2_spline_two_part,sleeper:7525,DeVonta Smith,WR,260.77873041732215,251.3893443503928,9.389386066929347,73,79,-6,6,
D1,N2_spline_two_part,sleeper:7526,Jaylen Waddle,WR,244.80069289178041,228.33294322309905,16.467749668681364,82,88,-6,6,
D1,N2_spline_two_part,sleeper:7527,Mac Jones,QB,55.17957276020638,32.518188574824535,22.66138418538185,236,279,-43,43,
D1,N2_spline_two_part,sleeper:7528,Najee Harris,RB,59.411342972233605,54.39014329736334,5.021199674870267,229,227,2,2,
D1,N2_spline_two_part,sleeper:7543,Travis Etienne,RB,281.6115096587452,265.06315978170755,16.54834987703765,63,75,-12,12,
D1,N2_spline_two_part,sleeper:7547,Amon-Ra St. Brown,WR,394.3347744526497,471.01489499007107,-76.68012053742137,32,20,12,12,25
D1,N2_spline_two_part,sleeper:7553,Kyle Pitts,TE,200.41572793836184,225.50205851461357,-25.086330576251726,104,92,12,12,100
D1,N2_spline_two_part,sleeper:7564,Ja'Marr Chase,WR,403.6750816194193,497.79175674555444,-94.11667512613514,27,16,11,11,25
D1,N2_spline_two_part,sleeper:7569,Nico Collins,WR,304.715499966166,325.68764724236985,-20.972147276203827,52,57,-5,5,
D1,N2_spline_two_part,sleeper:7571,Rashod Bateman,WR,98.18040424977255,87.28102549950444,10.899378750268113,175,185,-10,10,
D1,N2_spline_two_part,sleeper:7585,Davis Mills,QB,16.471817760573526,12.943854940988464,3.5279628195850616,317,323,-6,6,
D1,N2_spline_two_part,sleeper:7587,Dyami Brown,WR,35.10333983945682,35.93135725296707,-0.8280174135102456,281,266,15,15,
D1,N2_spline_two_part,sleeper:7588,Javonte Williams,RB,336.54575080532925,376.4759334409239,-39.93018263559463,42,40,2,2,
D1,N2_spline_two_part,sleeper:7591,Justin Fields,QB,43.26394206607725,29.108422665250572,14.155519400826677,262,294,-32,32,
D1,N2_spline_two_part,sleeper:7594,Chuba Hubbard,RB,174.5094970795285,128.74185941173226,45.76763766779624,119,143,-24,24,
D1,N2_spline_two_part,sleeper:7600,Pat Freiermuth,TE,133.74043250719566,96.51554869630472,37.224883810890944,145,173,-28,28,
D1,N2_spline_two_part,sleeper:7610,Trey Lance,QB,28.187336995026804,20.58925774648879,7.5980792485380135,289,310,-21,21,
D1,N2_spline_two_part,sleeper:7611,Rhamondre Stevenson,RB,193.15844656973155,159.22151466025272,33.93693190947883,108,120,-12,12,
D1,N2_spline_two_part,sleeper:7694,Tommy Tremble,TE,49.57207977206346,41.325326503075345,8.246753268988115,245,254,-9,9,
D1,N2_spline_two_part,sleeper:7716,John Bates,TE,17.824908059581926,15.708092895753548,2.1168151638283774,312,319,-7,7,
D1,N2_spline_two_part,sleeper:7828,Noah Gray,TE,41.72743482252869,32.7031670233531,9.02426779917559,267,278,-11,11,
D1,N2_spline_two_part,sleeper:7891,Brock Wright,TE,26.638054670315725,30.249181733431193,-3.611127063115468,294,284,10,10,
D1,N2_spline_two_part,sleeper:8110,Jake Ferguson,TE,171.3251203717829,144.53197729058354,26.79314308119936,120,130,-10,10,
D1,N2_spline_two_part,sleeper:8111,Cade Otton,TE,85.77183220090461,67.41746766463001,18.354364536274602,192,211,-19,19,200
D1,N2_spline_two_part,sleeper:8112,Drake London,WR,334.09019863827837,368.8003188670182,-34.71012022873981,44,43,1,1,
D1,N2_spline_two_part,sleeper:8117,Jalen Tolbert,WR,37.198703947659936,29.651974582897587,7.546729364762349,276,289,-13,13,
D1,N2_spline_two_part,sleeper:8119,Jahan Dotson,WR,38.601495728416516,31.740832573745923,6.860663154670593,274,281,-7,7,
D1,N2_spline_two_part,sleeper:8121,Romeo Doubs,WR,166.66946593333904,133.37731451904585,33.29215141429319,121,140,-19,19,
D1,N2_spline_two_part,sleeper:8126,Wan'Dale Robinson,WR,152.37177731997107,163.06680001829324,-10.695022698322163,127,117,10,10,
D1,N2_spline_two_part,sleeper:8127,Charlie Kolar,TE,41.20031002188229,29.58969581292437,11.61061420895792,269,290,-21,21,
D1,N2_spline_two_part,sleeper:8130,Trey McBride,TE,266.6947737875819,345.99081610340295,-79.29604231582107,70,47,23,23,50
D1,N2_spline_two_part,sleeper:8131,Isaiah Likely,TE,126.42115418077563,94.99247824573186,31.42867593504377,151,175,-24,24,
D1,N2_spline_two_part,sleeper:8132,Tyler Allgeier,RB,88.20017478169886,77.73527250501232,10.464902276686544,186,196,-10,10,
D1,N2_spline_two_part,sleeper:8134,Khalil Shakir,WR,178.72157958170533,142.42665700512524,36.29492257658009,117,133,-16,16,
D1,N2_spline_two_part,sleeper:8135,Treylon Burks,WR,41.94208837301579,34.586724017630594,7.355364355385198,265,271,-6,6,
D1,N2_spline_two_part,sleeper:8136,Rachaad White,RB,202.00098862958205,159.9331308265218,42.067857803060264,101,118,-17,17,
D1,N2_spline_two_part,sleeper:8137,George Pickens,WR,293.5279946894038,327.50747976491715,-33.97948507551337,58,56,2,2,
D1,N2_spline_two_part,sleeper:8138,James Cook,RB,360.2409746223577,404.17476685680214,-43.93379223444441,39,32,7,7,
D1,N2_spline_two_part,sleeper:8142,Alec Pierce,WR,218.61355395377552,184.8373022711712,33.77625168260431,92,101,-9,9,100
D1,N2_spline_two_part,sleeper:8144,Chris Olave,WR,317.5506264288705,343.2475496844575,-25.696923255587024,50,48,2,2,
D1,N2_spline_two_part,sleeper:8146,Garrett Wilson,WR,279.86399682416436,276.48305815258067,3.380938671583692,66,68,-2,2,
D1,N2_spline_two_part,sleeper:8148,Jameson Williams,WR,249.98402909544228,256.10526196743814,-6.121232871995858,79,77,2,2,
D1,N2_spline_two_part,sleeper:8150,Kyren Williams,RB,332.7339290134651,362.821499940697,-30.087570927231866,45,45,0,0,
D1,N2_spline_two_part,sleeper:8151,Kenneth Walker,RB,340.04487691688064,367.121940012941,-27.077063096060385,41,44,-3,3,
D1,N2_spline_two_part,sleeper:8154,Brian Robinson,RB,87.00114469464881,64.13367885762071,22.867465837028107,189,216,-27,27,200
D1,N2_spline_two_part,sleeper:8155,Breece Hall,RB,315.42841474337195,322.71823310886253,-7.289818365490589,51,59,-8,8,
D1,N2_spline_two_part,sleeper:8160,Kenny Pickett,QB,8.247347291836014,18.666473243061013,-10.419125951224999,332,313,19,19,
D1,N2_spline_two_part,sleeper:8161,Malik Willis,QB,364.4114919333662,369.55257783364016,-5.141085900273936,37,42,-5,5,
D1,N2_spline_two_part,sleeper:8167,Christian Watson,WR,242.45572743986008,244.67608951590702,-2.220362076046939,83,82,1,1,
D1,N2_spline_two_part,sleeper:8172,Greg Dulcich,TE,130.3472513408076,96.53853112675688,33.80872021405071,146,172,-26,26,
D1,N2_spline_two_part,sleeper:8180,Jalen Nailor,WR,91.95214846410491,74.6015261810569,17.35062228304801,181,202,-21,21,200
D1,N2_spline_two_part,sleeper:8183,Brock Purdy,QB,443.258693166981,449.1936365782864,-5.934943411305369,23,23,0,0,
D1,N2_spline_two_part,sleeper:8188,Tyquan Thornton,WR,68.43837057675255,52.4888863744576,15.949484202294947,212,232,-20,20,
D1,N2_spline_two_part,sleeper:8205,Isiah Pacheco,RB,60.23337757508714,36.638401134323736,23.594976440763404,228,264,-36,36,
D1,N2_spline_two_part,sleeper:8225,Daniel Bellinger,TE,49.710495634124484,40.68451720696736,9.025978427157128,244,255,-11,11,
D1,N2_spline_two_part,sleeper:8228,Jaylen Warren,RB,261.1640134470337,227.7269356534197,33.43707779361401,72,90,-18,18,
D1,N2_spline_two_part,sleeper:827,Tyrod Taylor,QB,16.810328156971305,3.4565124384364605,13.353815718534845,316,334,-18,18,
D1,N2_spline_two_part,sleeper:8408,Jordan Mason,RB,210.74181222166644,171.72499091065632,39.01682131101012,94,111,-17,17,100
D1,N2_spline_two_part,sleeper:8676,Rashid Shaheed,WR,108.7687990387903,96.25726833598154,12.51153070280877,164,174,-10,10,
D1,N2_spline_two_part,sleeper:8698,Jake Tonges,TE,45.682895464940856,33.14741610077952,12.535479364161333,253,275,-22,22,
D1,N2_spline_two_part,sleeper:8800,Malik Davis,RB,43.66181725214303,29.369298034999645,14.292519217143386,261,291,-30,30,
D1,N2_spline_two_part,sleeper:8917,KaVontae Turpin,WR,39.98276921786083,29.9771636871194,10.005605530741427,270,285,-15,15,
D1,N2_spline_two_part,sleeper:9221,Jahmyr Gibbs,RB,493.7886342370721,585.5542023850646,-91.76556814799255,15,3,12,12,
D1,N2_spline_two_part,sleeper:9224,Chase Brown,RB,382.0021786750565,408.45288275854307,-26.450704083486585,35,30,5,5,
D1,N2_spline_two_part,sleeper:9225,Tank Bigsby,RB,65.97053508342488,51.71588099698223,14.254654086442649,218,234,-16,16,
D1,N2_spline_two_part,sleeper:9226,De'Von Achane,RB,367.27050357194906,398.5918198838334,-31.321316311884345,36,36,0,0,
D1,N2_spline_two_part,sleeper:9228,Bryce Young,QB,396.7147506365138,398.6345415837772,-1.9197909472633796,29,35,-6,6,
D1,N2_spline_two_part,sleeper:9230,Tanner McKee,QB,12.35752694242307,15.854874568505743,-3.4973476260826732,327,318,9,9,
D1,N2_spline_two_part,sleeper:9479,Darnell Washington,TE,79.52662805135304,84.72172822349825,-5.195100172145203,197,187,10,10,
D1,N2_spline_two_part,sleeper:9480,Brenton Strange,TE,147.47514641750507,122.72977091574813,24.74537550175694,133,146,-13,13,
D1,N2_spline_two_part,sleeper:9481,Luke Musgrave,TE,25.447290665847312,29.228515733445356,-3.7812250675980437,298,292,6,6,
D1,N2_spline_two_part,sleeper:9482,Michael Mayer,TE,86.09440391592375,82.48145581519341,3.6129481007303355,191,191,0,0,
D1,N2_spline_two_part,sleeper:9484,Tucker Kraft,TE,179.69000917072023,189.19680956191849,-9.506800391198254,115,98,17,17,100
D1,N2_spline_two_part,sleeper:9486,Dontayvion Wicks,WR,78.68201692815543,59.23511334134608,19.446903586809356,199,226,-27,27,200
D1,N2_spline_two_part,sleeper:9487,Parker Washington,WR,223.56045916797297,203.20345736526116,20.357001802711807,89,96,-7,7,
D1,N2_spline_two_part,sleeper:9488,Jaxon Smith-Njigba,WR,395.4001773877835,482.55486308625063,-87.15468569846712,30,19,11,11,25
D1,N2_spline_two_part,sleeper:9493,Puka Nacua,WR,436.2352158103197,510.361802467028,-74.1265866567083,24,10,14,14,
D1,N2_spline_two_part,sleeper:9500,Josh Downs,WR,185.76394359053768,151.52706819859077,34.23687539194691,111,125,-14,14,
D1,N2_spline_two_part,sleeper:9501,DeMario Douglas,WR,79.89392827950103,60.67614444125285,19.217783838248174,196,223,-27,27,200
D1,N2_spline_two_part,sleeper:9502,Tank Dell,WR,25.44266017800836,32.72515095306552,-7.282490775057163,299,277,22,22,
D1,N2_spline_two_part,sleeper:9504,Kayshon Boutte,WR,100.59488191138978,109.25530817874213,-8.66042626735235,171,157,14,14,
D1,N2_spline_two_part,sleeper:9506,Sean Tucker,RB,85.30463115604077,60.843168106547935,24.461463049492835,193,222,-29,29,200
D1,N2_spline_two_part,sleeper:9508,Tyjae Spears,RB,127.19548866448547,100.75767310837566,26.43781555610981,147,166,-19,19,
D1,N2_spline_two_part,sleeper:9509,Bijan Robinson,RB,494.09211195976934,588.0596674759804,-93.96755551621106,14,2,12,12,
D1,N2_spline_two_part,sleeper:9511,Keaton Mitchell,RB,70.07610820747169,45.76941380268169,24.30669440479,210,246,-36,36,
D1,N2_spline_two_part,sleeper:96,Aaron Rodgers,QB,209.52577641718898,171.20060927399282,38.325167143196154,95,112,-17,17,100
D1,N2_spline_two_part,sleeper:9753,Zach Charbonnet,RB,127.1727281854528,107.00911287802136,20.163615307431442,148,159,-11,11,
D1,N2_spline_two_part,sleeper:9754,Quentin Johnston,WR,201.29242994438732,169.20982922988014,32.08260071450718,102,113,-11,11,
D1,N2_spline_two_part,sleeper:9756,Jordan Addison,WR,138.96785520545436,166.65266181840923,-27.684806612954873,141,115,26,26,
D1,N2_spline_two_part,sleeper:9757,Kendre Miller,RB,62.887752797288215,46.387120085738175,16.50063271155004,224,245,-21,21,
D1,N2_spline_two_part,sleeper:9758,C.J. Stroud,QB,410.29653149548864,412.6942154026926,-2.397683907203941,26,28,-2,2,
D1,N2_spline_two_part,sleeper:9997,Zay Flowers,WR,298.64185163863124,324.3557311172616,-25.71387947863036,56,58,-2,2,
N1_histgb,N2_spline_two_part,sleeper:10213,Tre Tucker,WR,122.05393099563096,116.52952139874165,5.524409596889313,140,150,-10,10,
N1_histgb,N2_spline_two_part,sleeper:10218,Xavier Hutchinson,WR,44.244323426123174,35.542624535346846,8.701698890776328,235,267,-32,32,
N1_histgb,N2_spline_two_part,sleeper:10219,Chris Rodriguez,RB,112.13342189798998,107.79281574122264,4.340606156767336,148,158,-10,10,
N1_histgb,N2_spline_two_part,sleeper:10222,Jayden Reed,WR,176.3841873928704,152.435721005388,23.948466387482398,106,123,-17,17,
N1_histgb,N2_spline_two_part,sleeper:10226,Andrei Iosivas,WR,55.39376439371516,50.47744531181892,4.916319081896241,213,237,-24,24,
N1_histgb,N2_spline_two_part,sleeper:10227,Payne Durham,TE,16.351340651323092,29.805200641185667,-13.453859989862575,316,288,28,28,
N1_histgb,N2_spline_two_part,sleeper:10229,Rashee Rice,WR,323.8800071805664,308.26476082401274,15.615246356553655,55,61,-6,6,
N1_histgb,N2_spline_two_part,sleeper:10231,Elijah Higgins,TE,31.207854747743212,34.54363617227504,-3.335781424531831,267,272,-5,5,
N1_histgb,N2_spline_two_part,sleeper:10232,Michael Wilson,WR,152.71103148253968,143.5554480684438,9.155583414095872,120,131,-11,11,
N1_histgb,N2_spline_two_part,sleeper:10235,Roschon Johnson,RB,8.5822917778736,10.086382036131786,-1.504090258258186,334,328,6,6,
N1_histgb,N2_spline_two_part,sleeper:10236,Dalton Kincaid,TE,140.03908678360648,141.66273346157408,-1.6236466779675993,126,134,-8,8,
N1_histgb,N2_spline_two_part,sleeper:10859,Sam LaPorta,TE,203.58230640335168,214.00712501842554,-10.42481861507386,89,94,-5,5,
N1_histgb,N2_spline_two_part,sleeper:10871,Luke Schoonmaker,TE,19.19833705908702,21.04234942772009,-1.84401236863307,307,309,-2,2,
N1_histgb,N2_spline_two_part,sleeper:11199,Emari Demercado,RB,15.990571209602784,17.203469905714808,-1.212898696112024,317,315,2,2,
N1_histgb,N2_spline_two_part,sleeper:11201,Blake Whiteheart,TE,14.335872951353378,19.315424318042105,-4.979551366688726,322,312,10,10,
N1_histgb,N2_spline_two_part,sleeper:11237,Jacob Saylors,RB,13.083848356066735,16.07227337189129,-2.9884250158245536,324,317,7,7,
N1_histgb,N2_spline_two_part,sleeper:11256,Tyson Bagent,QB,35.214256072823225,37.63419822323297,-2.419942150409746,254,260,-6,6,
N1_histgb,N2_spline_two_part,sleeper:11292,Tommy DeVito,QB,11.198497340859557,23.549141374299133,-12.350644033439576,330,306,24,24,
N1_histgb,N2_spline_two_part,sleeper:11370,Chris Brooks,RB,19.725026611745964,21.97686100253457,-2.2518343907886056,305,308,-3,3,
N1_histgb,N2_spline_two_part,sleeper:11435,Emanuel Wilson,RB,15.71741489165825,7.79310405715519,7.924310834503059,318,331,-13,13,
N1_histgb,N2_spline_two_part,sleeper:11559,Michael Penix,QB,115.37676478948161,142.8930171510122,-27.51625236153059,144,132,12,12,
N1_histgb,N2_spline_two_part,sleeper:11560,Caleb Williams,QB,568.1373262188199,543.0558653709281,25.081460847891776,9,6,3,3,
N1_histgb,N2_spline_two_part,sleeper:11562,Spencer Rattler,QB,28.186695199729527,18.057864723595877,10.12883047613365,275,314,-39,39,
N1_histgb,N2_spline_two_part,sleeper:11563,Bo Nix,QB,579.4400641738227,549.7829070909518,29.65715708287098,7,5,2,2,
N1_histgb,N2_spline_two_part,sleeper:11564,Drake Maye,QB,603.334114105344,559.4011975110159,43.93291659432816,3,4,-1,1,
N1_histgb,N2_spline_two_part,sleeper:11565,J.J. McCarthy,QB,77.26861784515998,44.47832907985004,32.79028876530994,177,249,-72,72,200
N1_histgb,N2_spline_two_part,sleeper:11566,Jayden Daniels,QB,603.3913253715152,509.7829816108951,93.60834376062013,2,11,-9,9,
N1_histgb,N2_spline_two_part,sleeper:11570,Rasheen Ali,RB,19.632583247342396,27.675478430635028,-8.042895183292632,306,297,9,9,
N1_histgb,N2_spline_two_part,sleeper:11571,Isaiah Davis,RB,36.486779951028,35.40825261058077,1.0785273404472306,250,268,-18,18,
N1_histgb,N2_spline_two_part,sleeper:11575,Ray Davis,RB,41.35771486063122,37.6645887845582,3.693126076073021,241,259,-18,18,
N1_histgb,N2_spline_two_part,sleeper:11576,Braelon Allen,RB,75.2994802852136,103.34193760315446,-28.04245731794086,179,162,17,17,
N1_histgb,N2_spline_two_part,sleeper:11577,Will Shipley,RB,24.452661022903364,37.30161108491436,-12.848950062011,291,262,29,29,
N1_histgb,N2_spline_two_part,sleeper:11581,MarShawn Lloyd,RB,181.0122300656621,204.51146224930665,-23.49923218364455,100,95,5,5,
N1_histgb,N2_spline_two_part,sleeper:11583,Jonathon Brooks,RB,198.60335252785268,266.7423396228942,-68.1389870950415,91,74,17,17,
N1_histgb,N2_spline_two_part,sleeper:11584,Bucky Irving,RB,314.06538668343285,292.9434299978426,21.12195668559025,60,64,-4,4,
N1_histgb,N2_spline_two_part,sleeper:11586,Blake Corum,RB,125.08659152794652,140.20354461289287,-15.116953084946346,136,135,1,1,
N1_histgb,N2_spline_two_part,sleeper:11597,Theo Johnson,TE,59.92422009802627,53.11350763514132,6.8107124628849505,208,230,-22,22,
N1_histgb,N2_spline_two_part,sleeper:11599,Cade Stover,TE,23.96904554242729,45.282779242243315,-21.313733699816027,293,247,46,46,
N1_histgb,N2_spline_two_part,sleeper:11600,Ja'Tavion Sanders,TE,25.59643943915466,29.97017434206134,-4.37373490290668,287,286,1,1,
N1_histgb,N2_spline_two_part,sleeper:11603,AJ Barner,TE,136.9717214699883,145.86284998904483,-8.891128519056537,129,128,1,1,
N1_histgb,N2_spline_two_part,sleeper:11604,Brock Bowers,TE,355.237081259166,339.47571118086194,15.761370078304083,40,50,-10,10,
N1_histgb,N2_spline_two_part,sleeper:11608,Isaiah Williams,WR,44.38776496652751,38.50101030127734,5.886754665250173,233,258,-25,25,
N1_histgb,N2_spline_two_part,sleeper:11610,Malik Washington,WR,98.33378261856654,90.9361608338408,7.397621784725743,161,181,-20,20,
N1_histgb,N2_spline_two_part,sleeper:11618,Jalen McMillan,WR,87.31066278048907,97.60731420782676,-10.296651427337693,166,171,-5,5,
N1_histgb,N2_spline_two_part,sleeper:11620,Rome Odunze,WR,257.18470464083515,253.95416882071564,3.2305358201195133,72,78,-6,6,
N1_histgb,N2_spline_two_part,sleeper:11623,Jordan Whittington,WR,31.09892477726253,34.94250691465234,-3.843582137389813,268,270,-2,2,
N1_histgb,N2_spline_two_part,sleeper:11624,Xavier Worthy,WR,181.70581279150588,174.20858448887248,7.497228302633403,99,108,-9,9,100
N1_histgb,N2_spline_two_part,sleeper:11625,Adonai Mitchell,WR,86.24328530792351,94.22064477180342,-7.977359463879907,168,176,-8,8,
N1_histgb,N2_spline_two_part,sleeper:11626,Xavier Legette,WR,78.04996039170732,65.72478616230444,12.325174229402876,175,213,-38,38,200
N1_histgb,N2_spline_two_part,sleeper:11627,Troy Franklin,WR,72.66836707938981,86.94526009043828,-14.276893011048472,185,186,-1,1,
N1_histgb,N2_spline_two_part,sleeper:11628,Marvin Harrison,WR,195.33606796441381,188.76506663367823,6.571001330735584,92,99,-7,7,
N1_histgb,N2_spline_two_part,sleeper:11629,Devontez Walker,WR,38.70236290082214,42.627698628090656,-3.925335727268518,246,251,-5,5,
N1_histgb,N2_spline_two_part,sleeper:11631,Brian Thomas,WR,175.7980901280055,223.44486998286067,-47.64677985485517,107,93,14,14,100
N1_histgb,N2_spline_two_part,sleeper:11632,Malik Nabers,WR,323.8508848059819,357.0598802404017,-33.20899543441982,56,46,10,10,50
N1_histgb,N2_spline_two_part,sleeper:11635,Ladd McConkey,WR,248.28570391166642,232.96203414631702,15.323669765349393,76,87,-11,11,
N1_histgb,N2_spline_two_part,sleeper:11637,Keon Coleman,WR,63.02346949798668,74.65791563792877,-11.634446139942085,201,201,0,0,
N1_histgb,N2_spline_two_part,sleeper:11643,Jaylen Wright,RB,72.12640334256092,69.54415446242854,2.582248880132383,186,208,-22,22,200
N1_histgb,N2_spline_two_part,sleeper:11646,Jalen Coker,WR,112.24420611419322,112.97530118432842,-0.731095070135197,147,155,-8,8,
N1_histgb,N2_spline_two_part,sleeper:11647,Kimani Vidal,RB,61.67945946612659,48.98485552055197,12.69460394557462,205,239,-34,34,
N1_histgb,N2_spline_two_part,sleeper:11655,Tyrone Tracy,RB,36.90885198921246,26.35479264608053,10.554059343131929,248,300,-52,52,
N1_histgb,N2_spline_two_part,sleeper:1166,Kirk Cousins,QB,32.953692505563744,28.71765017066016,4.236042334903583,262,296,-34,34,
N1_histgb,N2_spline_two_part,sleeper:11783,Ryan Flournoy,WR,73.79195901834099,70.73905393420766,3.0529050841333287,180,204,-24,24,200
N1_histgb,N2_spline_two_part,sleeper:11834,Devaughn Vele,WR,45.74259326147814,47.73544025556003,-1.9928469940818871,230,241,-11,11,
N1_histgb,N2_spline_two_part,sleeper:12048,George Holani,RB,32.78954390025802,32.39907262156035,0.3904712786976674,264,280,-16,16,
N1_histgb,N2_spline_two_part,sleeper:12467,Jordan James,RB,35.758902771146154,87.346735394306,-51.58783262315984,252,184,68,68,200
N1_histgb,N2_spline_two_part,sleeper:12469,Dylan Sampson,RB,114.93335128501772,130.16016218882785,-15.226810903810133,145,142,3,3,
N1_histgb,N2_spline_two_part,sleeper:12470,Riley Leonard,QB,52.5705706040908,41.786581786315985,10.783988817774812,219,253,-34,34,
N1_histgb,N2_spline_two_part,sleeper:12471,DJ Giddens,RB,35.58557503614025,50.186440394535424,-14.600865358395176,253,238,15,15,
N1_histgb,N2_spline_two_part,sleeper:12472,Raheim Sanders,RB,34.29787011938201,36.151102483011826,-1.8532323636298145,259,265,-6,6,
N1_histgb,N2_spline_two_part,sleeper:12474,Woody Marks,RB,102.48326981418259,98.71938620277898,3.763883611403614,158,169,-11,11,
N1_histgb,N2_spline_two_part,sleeper:12481,Cam Skattebo,RB,351.35277579582765,309.33219169576154,42.02058410006612,43,60,-17,17,50
N1_histgb,N2_spline_two_part,sleeper:12482,Savion Williams,WR,22.92861098025388,33.11335603580673,-10.184745055552852,297,276,21,21,
N1_histgb,N2_spline_two_part,sleeper:12483,Jack Bech,WR,55.31715402686274,66.63283732366867,-11.315683296805929,214,212,2,2,
N1_histgb,N2_spline_two_part,sleeper:12487,Terrance Ferguson,TE,69.31210781066235,90.13662348735194,-20.824515676689586,191,182,9,9,
N1_histgb,N2_spline_two_part,sleeper:12489,RJ Harvey,RB,149.86638348294474,159.81929508222368,-9.952911599278934,122,119,3,3,
N1_histgb,N2_spline_two_part,sleeper:12490,Bhayshul Tuten,RB,217.96806413293186,228.17357949981175,-10.205515366879894,84,89,-5,5,
N1_histgb,N2_spline_two_part,sleeper:12492,Pat Bryant,WR,73.27424665410682,75.56465106819375,-2.290404414086936,182,200,-18,18,
N1_histgb,N2_spline_two_part,sleeper:12493,Oronde Gadsden,TE,107.05260636322824,137.48704012460502,-30.43443376137678,154,138,16,16,
N1_histgb,N2_spline_two_part,sleeper:12495,Ollie Gordon,RB,44.20994450762058,47.60384351109203,-3.3938990034714536,236,242,-6,6,
N1_histgb,N2_spline_two_part,sleeper:12496,Tai Felton,WR,23.790120029292034,26.475071087099636,-2.684951057807602,294,299,-5,5,
N1_histgb,N2_spline_two_part,sleeper:12497,Tory Horton,WR,54.19165808880261,63.98918003334761,-9.797521944544997,215,217,-2,2,
N1_histgb,N2_spline_two_part,sleeper:12498,Mason Taylor,TE,114.70443792656809,144.8709237001749,-30.16648577360681,146,129,17,17,
N1_histgb,N2_spline_two_part,sleeper:12499,Elic Ayomanor,WR,51.08279321132109,70.47092139760169,-19.388128186280596,221,205,16,16,
N1_histgb,N2_spline_two_part,sleeper:12500,Quinn Ewers,QB,61.81603400904084,23.859428540911253,37.95660546812959,204,305,-101,101,
N1_histgb,N2_spline_two_part,sleeper:12501,Matthew Golden,WR,145.06433590755327,172.21740234890962,-27.153066441356344,124,110,14,14,
N1_histgb,N2_spline_two_part,sleeper:12502,Gunnar Helm,TE,115.76680051683772,117.65250809443127,-1.88570757759355,143,148,-5,5,
N1_histgb,N2_spline_two_part,sleeper:12503,Isaiah Bond,WR,53.5485477875095,76.54435816936422,-22.995810381854717,217,198,19,19,200
N1_histgb,N2_spline_two_part,sleeper:12506,Harold Fannin,TE,268.87503986081396,287.95336984472095,-19.078329983906997,68,66,2,2,
N1_histgb,N2_spline_two_part,sleeper:12507,Omarion Hampton,RB,397.4603727963572,393.39998278876135,4.060390007595856,30,38,-8,8,
N1_histgb,N2_spline_two_part,sleeper:12508,Jaxson Dart,QB,518.4899467598987,494.3575082974338,24.132438462464847,17,17,0,0,
N1_histgb,N2_spline_two_part,sleeper:12509,Tre' Harris,WR,67.78186880875687,61.93639251221476,5.84547629654211,195,219,-24,24,200
N1_histgb,N2_spline_two_part,sleeper:12511,Will Howard,QB,35.211337437309595,44.524020468774516,-9.312683031464921,255,248,7,7,
N1_histgb,N2_spline_two_part,sleeper:12512,Quinshon Judkins,RB,304.1402468297,327.5272511530219,-23.38700432332189,62,55,7,7,
N1_histgb,N2_spline_two_part,sleeper:12514,Emeka Egbuka,WR,306.6251393720041,304.33599297601825,2.289146395985881,61,62,-1,1,
N1_histgb,N2_spline_two_part,sleeper:12517,Colston Loveland,TE,233.39349701288822,272.92958322894754,-39.53608621605932,80,71,9,9,
N1_histgb,N2_spline_two_part,sleeper:12518,Tyler Warren,TE,243.36316606085745,256.1515486097684,-12.788382548910931,77,76,1,1,
N1_histgb,N2_spline_two_part,sleeper:12519,Luther Burden,WR,256.4398044706844,270.96145158772026,-14.521647117035855,73,72,1,1,
N1_histgb,N2_spline_two_part,sleeper:12521,Elijah Arroyo,TE,67.25159676568904,79.8887824484865,-12.637185682797451,196,195,1,1,
N1_histgb,N2_spline_two_part,sleeper:12522,Cam Ward,QB,330.83119232159174,396.7642346750186,-65.93304235342686,51,37,14,14,50
N1_histgb,N2_spline_two_part,sleeper:12524,Shedeur Sanders,QB,80.09304442598076,83.50374151518783,-3.410697089207062,171,190,-19,19,
N1_histgb,N2_spline_two_part,sleeper:12526,Tetairoa McMillan,WR,331.9199599045543,333.7493852268103,-1.8294253222560428,50,53,-3,3,50
N1_histgb,N2_spline_two_part,sleeper:12527,Ashton Jeanty,RB,378.4855107968483,399.5676861428795,-21.082175346031192,35,34,1,1,
N1_histgb,N2_spline_two_part,sleeper:12529,TreVeyon Henderson,RB,236.43998164778026,269.50657015250533,-33.066588504725075,78,73,5,5,
N1_histgb,N2_spline_two_part,sleeper:12531,Trevor Etienne,RB,26.215472752498684,33.25885224162579,-7.043379489127105,284,274,10,10,
N1_histgb,N2_spline_two_part,sleeper:12533,Jacory Croskey-Merritt,RB,155.57618055239573,134.37719158534242,21.19898896705331,117,139,-22,22,
N1_histgb,N2_spline_two_part,sleeper:12534,Kyle Monangai,RB,129.92780728382556,151.81840280364727,-21.890595519821716,133,124,9,9,
N1_histgb,N2_spline_two_part,sleeper:12535,Isaac TeSlaa,WR,63.86288776964588,59.977429407773,3.885458361872878,200,225,-25,25,200
N1_histgb,N2_spline_two_part,sleeper:12536,Jaylin Noel,WR,70.5874710344654,73.43117138758734,-2.843700353121946,188,203,-15,15,200
N1_histgb,N2_spline_two_part,sleeper:12540,Chimere Dike,WR,39.51050898042827,46.96036348524588,-7.449854504817608,245,244,1,1,
N1_histgb,N2_spline_two_part,sleeper:12543,Tahj Brooks,RB,20.380321404641727,29.11948163870136,-8.739160234059632,302,293,9,9,
N1_histgb,N2_spline_two_part,sleeper:12544,LeQuint Allen,RB,42.57007407255654,69.96998382974473,-27.399909757188198,238,207,31,31,
N1_histgb,N2_spline_two_part,sleeper:12545,Tyler Shough,QB,442.7678620706998,417.85320888104303,24.914653189656747,24,27,-3,3,25
N1_histgb,N2_spline_two_part,sleeper:12670,KeAndre Lambert-Smith,WR,19.079704642868403,28.921694938512186,-9.841990295643782,308,295,13,13,
N1_histgb,N2_spline_two_part,sleeper:12718,Konata Mumpfield,WR,27.954968487520734,42.05832049787672,-14.103352010355987,277,252,25,25,
N1_histgb,N2_spline_two_part,sleeper:13079,Jahdae Walker,WR,26.00063305846909,38.53592099588378,-12.535287937414687,285,257,28,28,
N1_histgb,N2_spline_two_part,sleeper:13269,Fernando Mendoza,QB,280.906967392496,331.42957364495703,-50.52260625246106,67,54,13,13,
N1_histgb,N2_spline_two_part,sleeper:13272,Carson Beck,QB,44.26187664295817,80.09149151089322,-35.82961486793505,234,193,41,41,200
N1_histgb,N2_spline_two_part,sleeper:13274,Germie Bernard,WR,87.00849967178387,154.69488531103264,-67.68638563924877,167,122,45,45,
N1_histgb,N2_spline_two_part,sleeper:13275,Ty Simpson,QB,34.89364651129603,51.99929017958043,-17.105643668284394,257,233,24,24,
N1_histgb,N2_spline_two_part,sleeper:13276,Omar Cooper,WR,45.72592514328962,102.57460746462,-56.84868232133038,231,165,66,66,200
N1_histgb,N2_spline_two_part,sleeper:13279,Carnell Tate,WR,255.5301875544905,273.89889622739634,-18.368708672905825,75,69,6,6,
N1_histgb,N2_spline_two_part,sleeper:13281,Jordyn Tyson,WR,96.62817772762952,182.84833871716216,-86.22016098953264,163,104,59,59,
N1_histgb,N2_spline_two_part,sleeper:13285,Malachi Fields,WR,60.91972291604333,111.96828267078789,-51.04855975474456,206,156,50,50,200
N1_histgb,N2_spline_two_part,sleeper:13286,Jadarian Price,RB,193.47349073378479,248.53326432765988,-55.05977359387509,93,80,13,13,
N1_histgb,N2_spline_two_part,sleeper:13287,Jeremiyah Love,RB,321.3027830629634,381.14603725184884,-59.84325418888545,57,39,18,18,50
N1_histgb,N2_spline_two_part,sleeper:13288,Nicholas Singleton,RB,18.030438916416504,61.78287781081918,-43.75243889440267,311,220,91,91,
N1_histgb,N2_spline_two_part,sleeper:13293,Ja'Kobi Lane,WR,78.84137593770382,139.77902878323346,-60.93765284552964,173,136,37,37,
N1_histgb,N2_spline_two_part,sleeper:13294,Makai Lemon,WR,164.91971511854697,241.7917026436862,-76.87198752513922,114,84,30,30,100
N1_histgb,N2_spline_two_part,sleeper:13296,Caleb Douglas,WR,71.38389606612523,122.8303666050878,-51.44647053896257,187,145,42,42,
N1_histgb,N2_spline_two_part,sleeper:13298,KC Concepcion,WR,172.40556742954624,233.4320283405762,-61.02646091102997,108,86,22,22,100
N1_histgb,N2_spline_two_part,sleeper:13301,Antonio Williams,WR,48.637837126079845,119.87582242323744,-71.23798529715759,225,147,78,78,200
N1_histgb,N2_spline_two_part,sleeper:13303,Cade Klubnik,QB,68.85049556127754,93.47273366881807,-24.622238107540525,192,177,15,15,
N1_histgb,N2_spline_two_part,sleeper:13305,Mike Washington,RB,51.60107903365689,91.37212621509524,-39.77104718143835,220,180,40,40,200
N1_histgb,N2_spline_two_part,sleeper:13311,Chris Bell,WR,53.9753221098502,124.08126053656487,-70.10593842671467,216,144,72,72,200
N1_histgb,N2_spline_two_part,sleeper:13317,Ted Hurst,WR,25.44959723578344,80.05426253074975,-54.60466529496631,289,194,95,95,200
N1_histgb,N2_spline_two_part,sleeper:13320,Zachariah Branch,WR,49.71128839504729,117.10530306705125,-67.39401467200396,223,149,74,74,200
N1_histgb,N2_spline_two_part,sleeper:13329,Malik Benson,WR,22.816299469852027,68.88990626696786,-46.07360679711583,298,209,89,89,
N1_histgb,N2_spline_two_part,sleeper:13330,Kenyon Sadiq,TE,62.0912054128886,168.1459436317736,-106.054738218885,203,114,89,89,200
N1_histgb,N2_spline_two_part,sleeper:13337,Emmett Johnson,RB,43.91898934937016,92.32977759468038,-48.41078824531022,237,179,58,58,200
N1_histgb,N2_spline_two_part,sleeper:13345,Jonah Coleman,RB,35.80898018010868,77.12842892238297,-41.31944874227429,251,197,54,54,200
N1_histgb,N2_spline_two_part,sleeper:13346,Denzel Boston,WR,108.42804729622624,180.80332530651145,-72.37527801028521,152,105,47,47,
N1_histgb,N2_spline_two_part,sleeper:13347,Demond Claiborne,RB,19.857482108058335,64.4913998042762,-44.633917696217864,304,215,89,89,
N1_histgb,N2_spline_two_part,sleeper:13349,Eli Stowers,TE,18.82682744571276,87.43417315505516,-68.60734570934241,309,183,126,126,200
N1_histgb,N2_spline_two_part,sleeper:13405,Kaytron Allen,RB,26.61285237263602,62.49256659289175,-35.87971422025573,283,218,65,65,
N1_histgb,N2_spline_two_part,sleeper:13413,Cyrus Allen,WR,41.55998108898429,84.28034661154392,-42.72036552255963,240,189,51,51,200
N1_histgb,N2_spline_two_part,sleeper:13414,Kaelon Black,RB,29.03857234935308,51.7058236276845,-22.667251278331424,271,235,36,36,
N1_histgb,N2_spline_two_part,sleeper:13417,De'Zhaun Stribling,WR,124.7049596115723,184.79560397275097,-60.09064436117866,138,102,36,36,
N1_histgb,N2_spline_two_part,sleeper:13424,Seth McGowan,RB,23.017007846132767,48.5520223457249,-25.535014499592133,296,240,56,56,
N1_histgb,N2_spline_two_part,sleeper:13425,Jalon Daniels,QB,26.881078397916948,44.22865713353693,-17.34757873561998,279,250,29,29,
N1_histgb,N2_spline_two_part,sleeper:13434,Will Kacmarek,TE,33.900989200933765,100.22679239590349,-66.32580319496972,260,167,93,93,200
N1_histgb,N2_spline_two_part,sleeper:1373,Geno Smith,QB,211.53873041664042,245.95244708407014,-34.413716667429725,88,81,7,7,
N1_histgb,N2_spline_two_part,sleeper:1466,Travis Kelce,TE,124.9712505695476,113.53493137756423,11.436319191983372,137,154,-17,17,
N1_histgb,N2_spline_two_part,sleeper:1479,Keenan Allen,WR,65.37362070200949,61.253948795775806,4.119671906233684,197,221,-24,24,200
N1_histgb,N2_spline_two_part,sleeper:19,Joe Flacco,QB,15.090219553236796,5.804487521472488,9.285732031764308,320,333,-13,13,
N1_histgb,N2_spline_two_part,sleeper:2133,Davante Adams,WR,230.71730705403522,225.71209287578884,5.005214178246376,81,91,-10,10,
N1_histgb,N2_spline_two_part,sleeper:2216,Mike Evans,WR,125.70064792302375,115.32932863095596,10.371319292067795,135,151,-16,16,
N1_histgb,N2_spline_two_part,sleeper:2306,Jameis Winston,QB,21.315358455085487,11.568760709230801,9.746597745854686,299,327,-28,28,
N1_histgb,N2_spline_two_part,sleeper:2307,Marcus Mariota,QB,26.84705123170335,6.477540867701217,20.36951036400213,280,332,-52,52,
N1_histgb,N2_spline_two_part,sleeper:2449,Stefon Diggs,WR,126.5929791333286,115.15922749114914,11.433751642179459,134,152,-18,18,
N1_histgb,N2_spline_two_part,sleeper:2505,Darren Waller,TE,56.579007832449605,54.07396432989396,2.505043502555644,211,228,-17,17,
N1_histgb,N2_spline_two_part,sleeper:3163,Jared Goff,QB,563.4235854348043,466.68259187791523,96.74099355688907,11,21,-10,10,
N1_histgb,N2_spline_two_part,sleeper:3198,Derrick Henry,RB,336.47606574139826,400.2057548293881,-63.72968908798987,49,33,16,16,
N1_histgb,N2_spline_two_part,sleeper:3202,Austin Hooper,TE,25.47815149727565,26.2450022579908,-0.7668507607151511,288,301,-13,13,
N1_histgb,N2_spline_two_part,sleeper:3214,Hunter Henry,TE,117.62417427078185,102.9865544128853,14.637619857896553,142,164,-22,22,
N1_histgb,N2_spline_two_part,sleeper:3257,Jacoby Brissett,QB,284.86511762823983,300.2537398627508,-15.38862223451099,66,63,3,3,
N1_histgb,N2_spline_two_part,sleeper:3271,Tyler Higbee,TE,28.111935082527367,29.90933840450217,-1.7974033219748016,276,287,-11,11,
N1_histgb,N2_spline_two_part,sleeper:3294,Dak Prescott,QB,552.0111631793143,514.1366829257079,37.87448025360641,13,9,4,4,
N1_histgb,N2_spline_two_part,sleeper:3634,Kalif Raymond,WR,24.668587556186246,24.47806921347442,0.190518342711826,290,303,-13,13,
N1_histgb,N2_spline_two_part,sleeper:4017,Deshaun Watson,QB,155.09198041699688,243.58424453472867,-88.49226411773179,118,83,35,35,100
N1_histgb,N2_spline_two_part,sleeper:4033,David Njoku,TE,47.47389662495337,52.923667100944435,-5.449770475991066,229,231,-2,2,
N1_histgb,N2_spline_two_part,sleeper:4034,Christian McCaffrey,RB,443.21124816478147,506.603218864445,-63.391970699663545,23,14,9,9,
N1_histgb,N2_spline_two_part,sleeper:4035,Alvin Kamara,RB,40.75818585057972,37.22914073763747,3.5290451129422493,242,263,-21,21,
N1_histgb,N2_spline_two_part,sleeper:4037,Chris Godwin,WR,118.92034207347123,104.01995720597574,14.90038486749549,141,161,-20,20,
N1_histgb,N2_spline_two_part,sleeper:4039,Cooper Kupp,WR,48.64392855460994,50.96724576028061,-2.3233172056706692,224,236,-12,12,
N1_histgb,N2_spline_two_part,sleeper:4046,Patrick Mahomes,QB,561.9572448318967,507.7969318386661,54.16031299323055,12,12,0,0,
N1_histgb,N2_spline_two_part,sleeper:4054,Mo Alie-Cox,TE,11.696753127774603,13.463060340037174,-1.7663072122625714,328,322,6,6,
N1_histgb,N2_spline_two_part,sleeper:4066,Evan Engram,TE,77.39514157777874,70.22324840195364,7.1718931758251045,176,206,-30,30,200
N1_histgb,N2_spline_two_part,sleeper:4137,James Conner,RB,11.420470402353367,8.929532927215746,2.4909374751376205,329,330,-1,1,
N1_histgb,N2_spline_two_part,sleeper:4147,Samaje Perine,RB,35.07974540535748,34.95294203077012,0.1268033745873609,256,269,-13,13,
N1_histgb,N2_spline_two_part,sleeper:4177,Mack Hollins,WR,17.71564032696753,16.507761827393438,1.2078784995740932,312,316,-4,4,
N1_histgb,N2_spline_two_part,sleeper:4179,Joshua Dobbs,QB,9.35964794273746,9.777494563062515,-0.4178466203250544,332,329,3,3,
N1_histgb,N2_spline_two_part,sleeper:4199,Aaron Jones,RB,100.10668183274282,99.7221487663527,0.3845330663901194,159,168,-9,9,
N1_histgb,N2_spline_two_part,sleeper:421,Matthew Stafford,QB,420.88133843131885,431.6097965951625,-10.72845816384364,27,26,1,1,
N1_histgb,N2_spline_two_part,sleeper:4217,George Kittle,TE,166.0235055639583,166.09903473030565,-0.0755291663473372,112,116,-4,4,
N1_histgb,N2_spline_two_part,sleeper:4454,Kendrick Bourne,WR,28.499387100822968,27.30169863136502,1.1976884694579475,272,298,-26,26,
N1_histgb,N2_spline_two_part,sleeper:4866,Saquon Barkley,RB,299.91309441531087,336.2081972341501,-36.29510281883921,64,51,13,13,
N1_histgb,N2_spline_two_part,sleeper:4881,Lamar Jackson,QB,587.6000892707855,503.94878000991406,83.65130926087141,4,15,-11,11,
N1_histgb,N2_spline_two_part,sleeper:4892,Baker Mayfield,QB,476.1157442473307,445.43924256684227,30.676501680488457,20,25,-5,5,
N1_histgb,N2_spline_two_part,sleeper:4943,Sam Darnold,QB,434.9457319163172,405.747080879026,29.1986510372912,25,31,-6,6,25
N1_histgb,N2_spline_two_part,sleeper:4981,Calvin Ridley,WR,58.770104154774806,60.06347626541048,-1.2933721106356728,210,224,-14,14,
N1_histgb,N2_spline_two_part,sleeper:4983,DJ Moore,WR,190.04622168828564,179.57722340673448,10.468998281551166,95,106,-11,11,100
N1_histgb,N2_spline_two_part,sleeper:4984,Josh Allen,QB,721.0461263557069,637.6692333138027,83.37689304190417,1,1,0,0,
N1_histgb,N2_spline_two_part,sleeper:4993,Mike Gesicki,TE,67.90006436867289,64.6595504033857,3.2405139652871924,194,214,-20,20,200
N1_histgb,N2_spline_two_part,sleeper:5001,Dalton Schultz,TE,122.81120301824225,114.27212294846254,8.539080069779715,139,153,-14,14,
N1_histgb,N2_spline_two_part,sleeper:5008,Durham Smythe,TE,19.96763533033285,24.32277728369455,-4.355141953361699,303,304,-1,1,
N1_histgb,N2_spline_two_part,sleeper:5012,Mark Andrews,TE,138.35530600731303,133.15014509585117,5.20516091146186,127,141,-14,14,
N1_histgb,N2_spline_two_part,sleeper:5022,Dallas Goedert,TE,136.6277639425207,139.37010572501896,-2.742341782498272,130,137,-7,7,
N1_histgb,N2_spline_two_part,sleeper:5045,Courtland Sutton,WR,176.51955036446736,157.85933098292614,18.660219381541225,105,121,-16,16,
N1_histgb,N2_spline_two_part,sleeper:5127,Kyle Allen,QB,12.992923670064801,15.181727307779903,-2.188803637715102,325,320,5,5,
N1_histgb,N2_spline_two_part,sleeper:5844,T.J. Hockenson,TE,79.98646165020268,84.4884048223263,-4.501943172123617,172,188,-16,16,
N1_histgb,N2_spline_two_part,sleeper:5846,DK Metcalf,WR,176.60012761976893,172.7648336876285,3.8352939321404165,104,109,-5,5,
N1_histgb,N2_spline_two_part,sleeper:5848,Marquise Brown,WR,23.682122569665793,22.26571691112108,1.416405658544715,295,307,-12,12,
N1_histgb,N2_spline_two_part,sleeper:5849,Kyler Murray,QB,381.8796508747823,372.26306706404364,9.616583810738689,34,41,-7,7,
N1_histgb,N2_spline_two_part,sleeper:5850,Josh Jacobs,RB,85.84419339566823,75.71194246693364,10.132250928734592,169,199,-30,30,
N1_histgb,N2_spline_two_part,sleeper:5854,Drew Lock,QB,8.86847604187213,12.493865535609725,-3.625389493737595,333,324,9,9,
N1_histgb,N2_spline_two_part,sleeper:5857,Noah Fant,TE,26.665973788025077,31.342192984752373,-4.6762191967272955,282,283,-1,1,
N1_histgb,N2_spline_two_part,sleeper:5859,A.J. Brown,WR,301.35993612530746,292.4331800391941,8.926756086113357,63,65,-2,2,
N1_histgb,N2_spline_two_part,sleeper:5870,Daniel Jones,QB,447.9452208859942,411.22309035376304,36.722130532231176,21,29,-8,8,25
N1_histgb,N2_spline_two_part,sleeper:5872,Deebo Samuel,WR,95.16339055303946,98.53880346909939,-3.375412916059929,164,170,-6,6,
N1_histgb,N2_spline_two_part,sleeper:5892,David Montgomery,RB,229.47167428626847,236.6219276992033,-7.1502534129348305,82,85,-3,3,
N1_histgb,N2_spline_two_part,sleeper:5906,Dawson Knox,TE,36.85892092611553,37.568215631961884,-0.7092947058463537,249,261,-12,12,
N1_histgb,N2_spline_two_part,sleeper:5927,Terry McLaurin,WR,192.29937736670664,185.832962079346,6.466415287360633,94,100,-6,6,
N1_histgb,N2_spline_two_part,sleeper:5947,Jakobi Meyers,WR,106.54412402434284,103.04871765657657,3.4954063677662646,155,163,-8,8,
N1_histgb,N2_spline_two_part,sleeper:5967,Tony Pollard,RB,178.40882557688124,189.6497458304412,-11.240920253559949,102,97,5,5,100
N1_histgb,N2_spline_two_part,sleeper:5973,Josh Oliver,TE,24.338436973328086,25.041198416584113,-0.7027614432560263,292,302,-10,10,
N1_histgb,N2_spline_two_part,sleeper:5995,Justice Hill,RB,42.52744320252939,47.41517749104915,-4.887734288519759,239,243,-4,4,
N1_histgb,N2_spline_two_part,sleeper:6001,Drew Sample,TE,12.200732833358135,14.10077293341636,-1.9000401000582254,326,321,5,5,
N1_histgb,N2_spline_two_part,sleeper:6039,Ty Johnson,RB,34.580677221454074,33.87609888765851,0.7045783337955669,258,273,-15,15,
N1_histgb,N2_spline_two_part,sleeper:6136,Jarrett Stidham,QB,10.693990128031782,12.082230328019687,-1.388240199987905,331,325,6,6,
N1_histgb,N2_spline_two_part,sleeper:6271,Olamide Zaccheaus,WR,30.80226606638142,31.496540368954694,-0.6942743025732732,270,282,-12,12,
N1_histgb,N2_spline_two_part,sleeper:6768,Tua Tagovailoa,QB,131.4243681866977,179.01462319470676,-47.59025500800905,132,107,25,25,
N1_histgb,N2_spline_two_part,sleeper:6770,Joe Burrow,QB,581.2213773134313,491.88032935706667,89.3410479563646,6,18,-12,12,
N1_histgb,N2_spline_two_part,sleeper:6783,Jerry Jeudy,WR,97.94686930347078,93.11781976563843,4.829049537832347,162,178,-16,16,
N1_histgb,N2_spline_two_part,sleeper:6786,CeeDee Lamb,WR,358.8014435615852,334.498423606792,24.30301995479317,38,52,-14,14,50
N1_histgb,N2_spline_two_part,sleeper:6790,D'Andre Swift,RB,268.5512120180905,273.03072817238916,-4.479516154298665,69,70,-1,1,
N1_histgb,N2_spline_two_part,sleeper:6794,Justin Jefferson,WR,343.15429583346474,341.71673599885145,1.437559834613296,48,49,-1,1,
N1_histgb,N2_spline_two_part,sleeper:6797,Justin Herbert,QB,545.596370990517,507.43269432885165,38.16367666166536,14,13,1,1,
N1_histgb,N2_spline_two_part,sleeper:6801,Tee Higgins,WR,291.08892297136197,279.5545798231505,11.534343148211462,65,67,-2,2,
N1_histgb,N2_spline_two_part,sleeper:6804,Jordan Love,QB,447.71133641674203,446.57097815275927,1.1403582639827619,22,24,-2,2,
N1_histgb,N2_spline_two_part,sleeper:6806,J.K. Dobbins,RB,167.93719275223256,151.44773035189743,16.489462400335128,110,126,-16,16,
N1_histgb,N2_spline_two_part,sleeper:6813,Jonathan Taylor,RB,387.16769121187883,450.61167226099144,-63.44398104911261,31,22,9,9,25
N1_histgb,N2_spline_two_part,sleeper:6819,Michael Pittman,WR,158.38933170769647,146.65281053252596,11.736521175170509,115,127,-12,12,
N1_histgb,N2_spline_two_part,sleeper:6826,Cole Kmet,TE,48.16951365925497,53.93042438118926,-5.7609107219342945,227,229,-2,2,
N1_histgb,N2_spline_two_part,sleeper:6847,Devin Duvernay,WR,5.976209567361456,2.0314080844982367,3.9448014828632196,335,335,0,0,
N1_histgb,N2_spline_two_part,sleeper:6865,Colby Parkinson,TE,59.44641975204708,68.87398466126263,-9.427564909215548,209,210,-1,1,
N1_histgb,N2_spline_two_part,sleeper:6869,Adam Trautman,TE,17.18278395643842,20.258385396634324,-3.0756014401959035,314,311,3,3,
N1_histgb,N2_spline_two_part,sleeper:6904,Jalen Hurts,QB,586.2686614739271,535.7235677489622,50.545093724964886,5,8,-3,3,
N1_histgb,N2_spline_two_part,sleeper:7002,Juwan Johnson,TE,110.51746424226491,105.74637272785108,4.7710915144138255,150,160,-10,10,
N1_histgb,N2_spline_two_part,sleeper:7021,Rico Dowdle,RB,182.67468842361927,183.45477388498801,-0.780085461368742,97,103,-6,6,100
N1_histgb,N2_spline_two_part,sleeper:7049,Jauan Jennings,WR,78.0822118301196,81.2334600907877,-3.1512482606680976,174,192,-18,18,
N1_histgb,N2_spline_two_part,sleeper:7083,Tyler Huntley,QB,17.03936465470564,11.829941502890993,5.209423151814647,315,326,-11,11,
N1_histgb,N2_spline_two_part,sleeper:7090,Darnell Mooney,WR,40.61779198579886,39.94231950347557,0.6754724823232934,243,256,-13,13,
N1_histgb,N2_spline_two_part,sleeper:7523,Trevor Lawrence,QB,579.1690993426623,536.2051954847218,42.96390385794052,8,7,1,1,
N1_histgb,N2_spline_two_part,sleeper:7525,DeVonta Smith,WR,266.01457247844746,251.3893443503928,14.625228128054658,70,79,-9,9,
N1_histgb,N2_spline_two_part,sleeper:7526,Jaylen Waddle,WR,233.89798909560042,228.33294322309905,5.565045872501372,79,88,-9,9,
N1_histgb,N2_spline_two_part,sleeper:7527,Mac Jones,QB,60.189219621690015,32.518188574824535,27.67103104686548,207,279,-72,72,
N1_histgb,N2_spline_two_part,sleeper:7528,Najee Harris,RB,50.82012972696858,54.39014329736334,-3.5700135703947566,222,227,-5,5,
N1_histgb,N2_spline_two_part,sleeper:7543,Travis Etienne,RB,260.4959694221355,265.06315978170755,-4.567190359572066,71,75,-4,4,
N1_histgb,N2_spline_two_part,sleeper:7547,Amon-Ra St. Brown,WR,419.95632486430895,471.01489499007107,-51.05857012576212,28,20,8,8,25
N1_histgb,N2_spline_two_part,sleeper:7553,Kyle Pitts,TE,221.3081303213857,225.50205851461357,-4.193928193227862,83,92,-9,9,
N1_histgb,N2_spline_two_part,sleeper:7564,Ja'Marr Chase,WR,488.4234942491312,497.79175674555444,-9.368262496423256,18,16,2,2,
N1_histgb,N2_spline_two_part,sleeper:7569,Nico Collins,WR,326.11336770669476,325.68764724236985,0.42572046432491106,54,57,-3,3,
N1_histgb,N2_spline_two_part,sleeper:7571,Rashod Bateman,WR,84.29670132107125,87.28102549950444,-2.9843241784331838,170,185,-15,15,
N1_histgb,N2_spline_two_part,sleeper:7585,Davis Mills,QB,18.556223069654195,12.943854940988464,5.6123681286657305,310,323,-13,13,
N1_histgb,N2_spline_two_part,sleeper:7587,Dyami Brown,WR,26.80124489872444,35.93135725296707,-9.130112354242627,281,266,15,15,
N1_histgb,N2_spline_two_part,sleeper:7588,Javonte Williams,RB,347.5051306835941,376.4759334409239,-28.970802757329807,45,40,5,5,
N1_histgb,N2_spline_two_part,sleeper:7591,Justin Fields,QB,65.04277382569164,29.108422665250572,35.93435116044107,198,294,-96,96,200
N1_histgb,N2_spline_two_part,sleeper:7594,Chuba Hubbard,RB,135.52574156022288,128.74185941173226,6.783882148490619,131,143,-12,12,
N1_histgb,N2_spline_two_part,sleeper:7600,Pat Freiermuth,TE,110.80822300148523,96.51554869630472,14.292674305180512,149,173,-24,24,
N1_histgb,N2_spline_two_part,sleeper:7610,Trey Lance,QB,25.6546831220085,20.58925774648879,5.065425375519709,286,310,-24,24,
N1_histgb,N2_spline_two_part,sleeper:7611,Rhamondre Stevenson,RB,157.96020321251245,159.22151466025272,-1.261311447740269,116,120,-4,4,
N1_histgb,N2_spline_two_part,sleeper:7694,Tommy Tremble,TE,39.595024551761036,41.325326503075345,-1.7303019513143099,244,254,-10,10,
N1_histgb,N2_spline_two_part,sleeper:7716,John Bates,TE,11.709687955396248,15.708092895753548,-3.9984049403573003,327,319,8,8,
N1_histgb,N2_spline_two_part,sleeper:7828,Noah Gray,TE,28.2107333002948,32.7031670233531,-4.492433723058301,274,278,-4,4,
N1_histgb,N2_spline_two_part,sleeper:7891,Brock Wright,TE,14.808067699451133,30.249181733431193,-15.44111403398006,321,284,37,37,
N1_histgb,N2_spline_two_part,sleeper:8110,Jake Ferguson,TE,152.95477363217947,144.53197729058354,8.422796341595927,119,130,-11,11,
N1_histgb,N2_spline_two_part,sleeper:8111,Cade Otton,TE,76.162710378895,67.41746766463001,8.74524271426499,178,211,-33,33,200
N1_histgb,N2_spline_two_part,sleeper:8112,Drake London,WR,402.31972685764003,368.8003188670182,33.51940799062186,29,43,-14,14,
N1_histgb,N2_spline_two_part,sleeper:8117,Jalen Tolbert,WR,28.333143105532002,29.651974582897587,-1.3188314773655847,273,289,-16,16,
N1_histgb,N2_spline_two_part,sleeper:8119,Jahan Dotson,WR,31.564069014554555,31.740832573745923,-0.1767635591913681,266,281,-15,15,
N1_histgb,N2_spline_two_part,sleeper:8121,Romeo Doubs,WR,150.00316835105372,133.37731451904585,16.625853832007863,121,140,-19,19,
N1_histgb,N2_spline_two_part,sleeper:8126,Wan'Dale Robinson,WR,166.66037151999438,163.06680001829324,3.593571501701149,111,117,-6,6,
N1_histgb,N2_spline_two_part,sleeper:8127,Charlie Kolar,TE,27.9346508515332,29.58969581292437,-1.6550449613911695,278,290,-12,12,
N1_histgb,N2_spline_two_part,sleeper:8130,Trey McBride,TE,353.46882994351233,345.99081610340295,7.478013840109384,41,47,-6,6,
N1_histgb,N2_spline_two_part,sleeper:8131,Isaiah Likely,TE,105.76480166081541,94.99247824573186,10.772323415083548,157,175,-18,18,
N1_histgb,N2_spline_two_part,sleeper:8132,Tyler Allgeier,RB,73.37373482157005,77.73527250501232,-4.361537683442265,181,196,-15,15,
N1_histgb,N2_spline_two_part,sleeper:8134,Khalil Shakir,WR,140.76331560119263,142.42665700512524,-1.6633414039326055,125,133,-8,8,
N1_histgb,N2_spline_two_part,sleeper:8135,Treylon Burks,WR,32.05393525892245,34.586724017630594,-2.5327887587081435,265,271,-6,6,
N1_histgb,N2_spline_two_part,sleeper:8136,Rachaad White,RB,164.96268990732457,159.9331308265218,5.029559080802784,113,118,-5,5,
N1_histgb,N2_spline_two_part,sleeper:8137,George Pickens,WR,318.4863125974029,327.50747976491715,-9.02116716751425,58,56,2,2,
N1_histgb,N2_spline_two_part,sleeper:8138,James Cook,RB,353.12240448178954,404.17476685680214,-51.05236237501259,42,32,10,10,
N1_histgb,N2_spline_two_part,sleeper:8142,Alec Pierce,WR,202.50792809834866,184.8373022711712,17.670625827177446,90,101,-11,11,100
N1_histgb,N2_spline_two_part,sleeper:8144,Chris Olave,WR,366.98369890040874,343.2475496844575,23.73614921595123,36,48,-12,12,
N1_histgb,N2_spline_two_part,sleeper:8146,Garrett Wilson,WR,314.9150517507609,276.48305815258067,38.43199359818021,59,68,-9,9,
N1_histgb,N2_spline_two_part,sleeper:8148,Jameson Williams,WR,256.25757200096336,256.10526196743814,0.1523100335252252,74,77,-3,3,
N1_histgb,N2_spline_two_part,sleeper:8150,Kyren Williams,RB,330.58134866351753,362.821499940697,-32.24015127717945,52,45,7,7,50
N1_histgb,N2_spline_two_part,sleeper:8151,Kenneth Walker,RB,348.22005797526333,367.121940012941,-18.901882037677694,44,44,0,0,
N1_histgb,N2_spline_two_part,sleeper:8154,Brian Robinson,RB,73.22010418467899,64.13367885762071,9.08642532705828,183,216,-33,33,200
N1_histgb,N2_spline_two_part,sleeper:8155,Breece Hall,RB,343.593195753563,322.71823310886253,20.874962644700474,46,59,-13,13,50
N1_histgb,N2_spline_two_part,sleeper:8160,Kenny Pickett,QB,13.53853386866436,18.666473243061013,-5.127939374396654,323,313,10,10,
N1_histgb,N2_spline_two_part,sleeper:8161,Malik Willis,QB,343.33085832988615,369.55257783364016,-26.221719503754002,47,42,5,5,
N1_histgb,N2_spline_two_part,sleeper:8167,Christian Watson,WR,216.3011640913575,244.67608951590702,-28.37492542454953,85,82,3,3,
N1_histgb,N2_spline_two_part,sleeper:8172,Greg Dulcich,TE,108.5018356622675,96.53853112675688,11.963304535510616,151,172,-21,21,
N1_histgb,N2_spline_two_part,sleeper:8180,Jalen Nailor,WR,73.13015555583542,74.6015261810569,-1.471370625221482,184,202,-18,18,200
N1_histgb,N2_spline_two_part,sleeper:8183,Brock Purdy,QB,424.30295382186995,449.1936365782864,-24.890682756416425,26,23,3,3,25
N1_histgb,N2_spline_two_part,sleeper:8188,Tyquan Thornton,WR,55.81155837386434,52.4888863744576,3.3226719994067366,212,232,-20,20,
N1_histgb,N2_spline_two_part,sleeper:8205,Isiah Pacheco,RB,45.031585353928115,36.638401134323736,8.393184219604379,232,264,-32,32,
N1_histgb,N2_spline_two_part,sleeper:8225,Daniel Bellinger,TE,38.61205782139999,40.68451720696736,-2.072459385567363,247,255,-8,8,
N1_histgb,N2_spline_two_part,sleeper:8228,Jaylen Warren,RB,214.93617490548547,227.7269356534197,-12.790760747934229,87,90,-3,3,
N1_histgb,N2_spline_two_part,sleeper:827,Tyrod Taylor,QB,15.572440270913901,3.4565124384364605,12.11592783247744,319,334,-15,15,
N1_histgb,N2_spline_two_part,sleeper:8408,Jordan Mason,RB,185.6476017856913,171.72499091065632,13.92261087503499,96,111,-15,15,100
N1_histgb,N2_spline_two_part,sleeper:8676,Rashid Shaheed,WR,98.72337363870979,96.25726833598154,2.466105302728252,160,174,-14,14,
N1_histgb,N2_spline_two_part,sleeper:8698,Jake Tonges,TE,32.92192572298996,33.14741610077952,-0.22549037778956205,263,275,-12,12,
N1_histgb,N2_spline_two_part,sleeper:8800,Malik Davis,RB,30.962768648780106,29.369298034999645,1.593470613780461,269,291,-22,22,
N1_histgb,N2_spline_two_part,sleeper:8917,KaVontae Turpin,WR,33.67398015713597,29.9771636871194,3.6968164700165715,261,285,-24,24,
N1_histgb,N2_spline_two_part,sleeper:9221,Jahmyr Gibbs,RB,545.4701680086283,585.5542023850646,-40.08403437643631,15,3,12,12,
N1_histgb,N2_spline_two_part,sleeper:9224,Chase Brown,RB,384.95245930096644,408.45288275854307,-23.50042345757663,33,30,3,3,
N1_histgb,N2_spline_two_part,sleeper:9225,Tank Bigsby,RB,52.69008174082667,51.71588099698223,0.9742007438444418,218,234,-16,16,
N1_histgb,N2_spline_two_part,sleeper:9226,De'Von Achane,RB,386.0447123809706,398.5918198838334,-12.547107502862787,32,36,-4,4,
N1_histgb,N2_spline_two_part,sleeper:9228,Bryce Young,QB,356.4290265655869,398.6345415837772,-42.20551501819028,39,35,4,4,
N1_histgb,N2_spline_two_part,sleeper:9230,Tanner McKee,QB,20.98862649469844,15.854874568505743,5.133751926192698,300,318,-18,18,
N1_histgb,N2_spline_two_part,sleeper:9479,Darnell Washington,TE,62.25212776743143,84.72172822349825,-22.469600456066814,202,187,15,15,200
N1_histgb,N2_spline_two_part,sleeper:9480,Brenton Strange,TE,138.34979761722613,122.72977091574813,15.620026701477997,128,146,-18,18,
N1_histgb,N2_spline_two_part,sleeper:9481,Luke Musgrave,TE,20.730929403054958,29.228515733445356,-8.497586330390398,301,292,9,9,
N1_histgb,N2_spline_two_part,sleeper:9482,Michael Mayer,TE,69.38447722307292,82.48145581519341,-13.096978592120493,190,191,-1,1,
N1_histgb,N2_spline_two_part,sleeper:9484,Tucker Kraft,TE,172.29144713973793,189.19680956191849,-16.90536242218056,109,98,11,11,100
N1_histgb,N2_spline_two_part,sleeper:9486,Dontayvion Wicks,WR,68.03079595548765,59.23511334134608,8.795682614141569,193,226,-33,33,200
N1_histgb,N2_spline_two_part,sleeper:9487,Parker Washington,WR,215.96395867694338,203.20345736526116,12.76050131168222,86,96,-10,10,
N1_histgb,N2_spline_two_part,sleeper:9488,Jaxon Smith-Njigba,WR,480.0576445249636,482.55486308625063,-2.4972185612870135,19,19,0,0,
N1_histgb,N2_spline_two_part,sleeper:9493,Puka Nacua,WR,519.5466407333579,510.361802467028,9.184838266329905,16,10,6,6,
N1_histgb,N2_spline_two_part,sleeper:9500,Josh Downs,WR,179.9343181228238,151.52706819859077,28.407249924233042,101,125,-24,24,
N1_histgb,N2_spline_two_part,sleeper:9501,DeMario Douglas,WR,69.40415180939931,60.67614444125285,8.728007368146457,189,223,-34,34,200
N1_histgb,N2_spline_two_part,sleeper:9502,Tank Dell,WR,17.34103165485798,32.72515095306552,-15.384119298207544,313,277,36,36,
N1_histgb,N2_spline_two_part,sleeper:9504,Kayshon Boutte,WR,95.07969238379933,109.25530817874213,-14.1756157949428,165,157,8,8,
N1_histgb,N2_spline_two_part,sleeper:9506,Sean Tucker,RB,64.47262379595044,60.843168106547935,3.629455689402505,199,222,-23,23,200
N1_histgb,N2_spline_two_part,sleeper:9508,Tyjae Spears,RB,106.2112261166082,100.75767310837566,5.4535530082325465,156,166,-10,10,
N1_histgb,N2_spline_two_part,sleeper:9509,Bijan Robinson,RB,566.4527841439434,588.0596674759804,-21.606883332037,10,2,8,8,
N1_histgb,N2_spline_two_part,sleeper:9511,Keaton Mitchell,RB,48.39491254344561,45.76941380268169,2.6254987407639234,226,246,-20,20,
N1_histgb,N2_spline_two_part,sleeper:96,Aaron Rodgers,QB,181.81123063324614,171.20060927399282,10.610621359253315,98,112,-14,14,100
N1_histgb,N2_spline_two_part,sleeper:9753,Zach Charbonnet,RB,107.76422357598445,107.00911287802136,0.7551106979630902,153,159,-6,6,
N1_histgb,N2_spline_two_part,sleeper:9754,Quentin Johnston,WR,177.23711689904974,169.20982922988014,8.027287669169596,103,113,-10,10,
N1_histgb,N2_spline_two_part,sleeper:9756,Jordan Addison,WR,147.90998801393053,166.65266181840923,-18.7426738044787,123,115,8,8,
N1_histgb,N2_spline_two_part,sleeper:9757,Kendre Miller,RB,47.59737788241652,46.387120085738175,1.2102577966783414,228,245,-17,17,
N1_histgb,N2_spline_two_part,sleeper:9758,C.J. Stroud,QB,364.6609059839838,412.6942154026926,-48.03330941870877,37,28,9,9,
N1_histgb,N2_spline_two_part,sleeper:9997,Zay Flowers,WR,330.4159496787351,324.3557311172616,6.060218561473505,53,58,-5,5,
