player_id,current_player_id,player_name,position,historical_gsis_id,age,experience,career_stage,age_band,mapping_status,history_status,experience_source,source_state,source_percentile,state_percentile,standard_y1_points,league_y1_points,prior1_coverage,prior2_coverage,league_bridge_multiplier,y2_candidate,y2_route_cell,y2_active_probability,y2_standard_conditional_active_points,y2_standard_expected_points,y2_standard_conditional_to_y1_ratio,y2_standard_expected_to_y1_ratio,y2_league_conditional_active_points,y2_league_expected_points,y2_league_bridge_application_count,y2_p_out,y2_p_depth,y2_p_usable,y2_p_starter,y2_p_premium,y2_p_elite,y2_standard_mean_depth,y2_league_mean_depth,y2_standard_mean_usable,y2_league_mean_usable,y2_standard_mean_starter,y2_league_mean_starter,y2_standard_mean_premium,y2_league_mean_premium,y2_standard_mean_elite,y2_league_mean_elite,y3_candidate,y3_route_cell,y3_active_probability,y3_standard_conditional_active_points,y3_standard_expected_points,y3_standard_conditional_to_y1_ratio,y3_standard_expected_to_y1_ratio,y3_league_conditional_active_points,y3_league_expected_points,y3_league_bridge_application_count,y3_p_out,y3_p_depth,y3_p_usable,y3_p_starter,y3_p_premium,y3_p_elite,y3_standard_mean_depth,y3_league_mean_depth,y3_standard_mean_usable,y3_league_mean_usable,y3_standard_mean_starter,y3_league_mean_starter,y3_standard_mean_premium,y3_league_mean_premium,y3_standard_mean_elite,y3_league_mean_elite
sleeper:player:10213,sleeper:10213,Tre Tucker,WR,00-0038563,24.485102363498225,3,developmental,prime,EXACT_NAME_POSITION,MAPPED_2025,PHASE2_ENTRY_SEASON,premium,0.5330578512396694,0.7386363636363636,80.75,106.353,1,1,1.2899047488253008,D1,WR|developmental,0.8054320208512259,75.29886357675784,60.64811585842883,0.9324936665852364,0.7510602583087161,97.12836170880841,78.23029265309438,1,0.1945679791487741,0.039713115378975296,0.06656080854077713,0.1454424532524993,0.34547007364537624,0.20824557003359795,7.033653959479935,9.072743643927048,16.37121126781858,21.11730315838146,34.7036119656341,44.764353875861964,73.22071504092818,94.4477480436774,138.9521141083224,179.23499184764015,D1,WR|developmental,0.6624133690169527,76.63754595244298,50.765735007549274,0.9490717765008418,0.6286778329108269,98.85513446237341,65.48296266384463,1,0.3375866309830473,0.046506516208918845,0.06788010372602069,0.124836254312944,0.23680113324888938,0.1863893615201798,7.819946047432552,10.08698554214089,17.069522843717053,22.018058576292578,33.07059623288338,42.65791912728038,75.66575004902043,97.6016103116597,145.9162187991484,188.21802355965315
sleeper:player:10218,sleeper:10218,Xavier Hutchinson,WR,00-0038618,25.251716325455007,3,developmental,prime,EXACT_NAME_POSITION,MAPPED_2025,PHASE2_ENTRY_SEASON,starter,0.17768595041322313,0.625,33.5,43.0505,1,1,1.2899047488253008,D1,WR|developmental,0.6127051058310359,45.28209144509447,27.744568631117254,1.351704222241626,0.8281960785408136,58.409584791768886,35.78785083138762,1,0.3872948941689641,0.06452493220271976,0.10697721442173497,0.18867226757010505,0.2018631244211587,0.0506675672153174,4.0828269806779645,5.266457911008571,13.955649224953007,18.001458208207012,31.437333300619436,40.55116551487278,68.6447607906691,88.54520292586088,122.36603234927713,157.84052622224294,D1,WR|developmental,0.4713569217445821,48.49705342179938,22.859421814581907,1.4476732364716232,0.6823708004352808,62.55657951281332,29.486476754029876,1,0.5286430782554179,0.05766541896053557,0.091931128878929,0.13450044523143967,0.1254391377711123,0.06182079090256556,5.466560874966561,7.051342832361958,14.443356198777181,18.63055374977803,28.61256144002611,36.907478877545365,71.92605008892949,92.77775357395659,134.99750116624108,174.13391783388346
sleeper:player:10219,sleeper:10219,Chris Rodriguez,RB,00-0038611,25.933455170195145,3,developmental,prime,EXACT_NAME_POSITION,MAPPED_2025,PHASE2_ENTRY_SEASON,premium,0.5449438202247191,0.85,110.8,119.758,1,1,1.1143068393793185,D1,RB|developmental,0.7589720147004992,89.87760708452379,68.21458852540088,0.8111697390299981,0.6156551310956758,100.15123228133194,76.01198253930019,1,0.24102798529950076,0.03680865747013684,0.0588368846295011,0.14139550187591243,0.3282428810420431,0.1936880896829058,9.450017014966072,10.530218592027625,18.016348925194734,20.075740827988728,35.2334344723255,39.26085700733535,83.46835548041463,93.00935938357024,177.74442233622108,198.06182547077725,D1,RB|developmental,0.5554378523292207,78.43907733892772,43.56803265581966,0.7079339110011527,0.3932132911175059,87.40520035337047,48.54815676668134,1,0.4445621476707793,0.0386504922091277,0.06833589082420949,0.1000550642681188,0.23236755514967203,0.11602884987809266,4.988073459574316,5.55824437133012,13.207940240354638,14.717698143940494,27.86878360128776,31.054376172097147,80.7447632371115,89.97444191917711,180.3154014048073,200.92668503080395
sleeper:player:10222,sleeper:10222,Jayden Reed,WR,00-0039146,25.344805163692616,3,developmental,prime,EXACT_NAME_POSITION,MAPPED_2025,PHASE2_ENTRY_SEASON,elite,0.731404958677686,0.2777777777777778,114.9,146.6105,1,1,1.2899047488253008,D1,WR|developmental,0.8532873681398054,101.20420261119993,86.35626769079842,0.8808024596275016,0.751577612626618,130.5437815492647,111.39135978518978,1,0.14671263186019456,0.021233322962551007,0.036624166406437224,0.07108185067767055,0.2834005168568442,0.44094751123630244,4.293041248928901,5.53761429389629,13.252626113368997,17.094625358040858,32.10220434931726,41.40878583794456,71.09244272497253,91.70247947653277,143.6684073551008,185.31856090351232,D1,WR|developmental,0.71928581839706,91.969531636611,66.15237983083404,0.8004310847398693,0.5757387278575634,118.63193560530327,85.33026888988788,1,0.28071418160294004,0.01895243324327372,0.04191682656447855,0.10372076253814412,0.24459749079052107,0.3100983052606425,3.1040675267733917,4.003951443459404,12.491636546196311,16.1130213015383,29.860994991747745,38.51783924450394,71.1479373916328,91.77406231059233,145.34142089602338,187.47658901479736
sleeper:player:10226,sleeper:10226,Andrei Iosivas,WR,00-0038619,25.881434937062362,3,developmental,prime,EXACT_NAME_POSITION,MAPPED_2025,PHASE2_ENTRY_SEASON,premium,0.359504132231405,0.26136363636363635,55.75,71.338,1,1,1.2899047488253008,D1,WR|developmental,0.7331109889010271,53.52473605632569,39.23957218091939,0.960084951682972,0.7038488283572985,69.04181121867532,50.61531049804108,1,0.2668890110989729,0.054822909756661715,0.09425741056797324,0.20068570472442543,0.286526181557069,0.09681878229489774,2.5914661145162654,3.3427444475343817,12.224112871077104,15.767941242578837,30.123038057417503,38.8558498393081,68.1101576201037,87.85561575741151,127.9160968520896,164.99958078070748,D1,WR|developmental,0.5401554954771844,57.62543319438566,31.126694419200778,1.0336400572983975,0.5583263572950812,74.33131993055318,40.15047094656107,1,0.45984450452281556,0.040410213245827144,0.07748706687072542,0.13603491768560683,0.19099702143714745,0.0952262762378776,2.7586949198547686,3.5584536776808986,11.88111471957064,15.32550629811235,26.840515165909572,34.621707973424265,70.17222125420608,90.51548143142013,136.94381671970064,176.64447950900347
sleeper:player:10227,sleeper:10227,Payne Durham,TE,00-0039050,25.213385627357166,3,developmental,prime,EXACT_NAME_POSITION,MAPPED_2025,PHASE2_ENTRY_SEASON,usable,0.0234375,0.75,10.45,15.178,1,1,1.3587707610638076,D1,TE|developmental,0.5436599537852287,26.400772499435494,14.353042756937437,2.5263897128646406,1.3734969145394678,35.87259774173041,19.502494830425253,1,0.4563400462147713,0.1352166280273351,0.16761007625393423,0.15959618031792078,0.06612162567644357,0.015115443509595006,12.249756022330295,16.644610313307695,19.89591156613107,27.033982900770123,29.19670415963079,39.671627931536364,52.371683599211174,71.1611123822931,81.99120834074914,111.40725655770092,D1,TE|developmental,0.4119092805077036,32.69894510231433,13.468998950455196,3.12908565572386,1.288899421096191,44.43037052265531,18.301281954677634,1,0.5880907194922964,0.07419213773883733,0.11720252175145833,0.12122448965866756,0.07342284404575886,0.025867287312981564,15.115416830030831,20.538386429937677,20.398879276831757,27.717400719829417,27.515939430554177,37.38785396143973,56.09766642874796,76.22386890729346,96.7359975601646,131.4420450270915
sleeper:player:10229,sleeper:10229,Rashee Rice,WR,00-0039067,25.361232605734546,3,developmental,prime,EXACT_NAME_POSITION,MAPPED_2025,PHASE2_ENTRY_SEASON,elite,0.9049586776859504,0.7444444444444445,154.35,199.6955,1,1,1.2899047488253008,D1,WR|developmental,0.878746899431275,129.8306065582162,114.08824296431426,0.841144195388508,0.739152853672266,167.46911594231233,147.16296638480367,1,0.12125310056872496,0.013437542597682725,0.020067803723824735,0.03624049484812378,0.1950437245434144,0.6139573337182294,11.616124943168458,14.983694727141021,20.237521612471923,26.104475232382192,39.54362029593716,51.00750360547389,78.92356360961591,101.80387949425926,157.50182740728434,203.162355121319,D1,WR|developmental,0.7666763490253026,114.13533294638354,87.50486035812067,0.7394579393999582,0.5669249132369334,147.22370797629694,112.87293492123466,1,0.23332365097469743,0.018088615961220387,0.03095088717437202,0.0696056556750392,0.20296643984589066,0.4450647503687803,8.515700342283587,10.98444231108484,18.02266950044949,23.247526975138708,36.62185524338379,47.2387049892335,76.67864924908332,98.90815379990217,154.31625344685185,199.0532681420229
sleeper:player:10231,sleeper:10231,Elijah Higgins,TE,00-0039041,24.846506088420707,3,developmental,prime,EXACT_NAME_POSITION,MAPPED_2025,PHASE2_ENTRY_SEASON,starter,0.1953125,0.9545454545454546,24.65,35.158,1,1,1.3587707610638076,D1,TE|developmental,0.7113257065598848,35.427545883771614,25.20052410745658,1.4372229567452988,1.0223336351909365,48.13791348311532,34.24173532069561,1,0.2886742934401152,0.06462781896400831,0.10195804791155369,0.23267012156384842,0.22936008146346207,0.08270963665701234,6.3086009346562975,8.571942493230784,13.928728250923143,18.925948686157795,23.516462442630825,31.953481570701932,48.08275416666294,65.33344047308056,83.09581248131488,112.90816036645165,D1,TE|developmental,0.5969657040185126,42.92269738597714,25.62337826339341,1.7412858980112431,1.0394879620037896,58.32210619405566,34.816297183976886,1,0.40303429598148743,0.05852470037216407,0.09697942175726113,0.18707752555187115,0.16052521639214237,0.09385883994507387,12.70115829663974,17.257962525117073,18.15845938508204,24.673183678414162,25.14494856428179,34.166220897599466,56.04603028094008,76.15370721943816,100.34424032667904,136.3448197970513
sleeper:player:10232,sleeper:10232,Michael Wilson,WR,00-0038559,25.52276911914687,3,developmental,prime,EXACT_NAME_POSITION,MAPPED_2025,PHASE2_ENTRY_SEASON,premium,0.5909090909090909,0.8977272727272727,94.95,125.0955,1,1,1.2899047488253008,D1,WR|developmental,0.7815505279508718,82.05450932262328,64.12974508184595,0.8641865120866064,0.6754054247693096,105.84250123778168,82.72126272202908,1,0.21844947204912823,0.026466142707274234,0.05637105002054926,0.11292518137824388,0.33672429693481826,0.24906385690998614,5.97691877285542,7.709655908449296,15.239135306866046,19.65703300031782,33.70371775861898,43.47458558991024,72.4724156441778,93.48251309826597,140.13792215804312,180.76457128217018,D1,WR|developmental,0.6227571644191878,76.59708567097206,47.70138387522817,0.8067096963767463,0.5023842430250465,98.80294455316526,61.530241586195444,1,0.3772428355808122,0.040813153098635375,0.05610616535110368,0.1361423469106376,0.20813063610645588,0.1815648629523553,6.700397553244137,8.642874622947039,15.996503552928715,20.633965897523545,32.244293458963355,41.59206725523342,74.85759772708941,96.55917079382668,146.28625495306667,188.69533495182938
sleeper:player:10235,sleeper:10235,Roschon Johnson,RB,00-0039021,24.58366701574981,3,developmental,prime,EXACT_NAME_POSITION,MAPPED_2025,PHASE2_ENTRY_SEASON,usable,0.028089887640449437,0.625,8.5,9.208,1,1,1.1143068393793185,D1,RB|developmental,0.5159915458399882,26.466138365282685,13.65630364751723,3.1136633370920808,1.6066239585314388,29.491398992393872,15.217312555069183,1,0.4840084541600118,0.14798776563513028,0.17838298602805838,0.1282893810306296,0.051922784203684104,0.009408628942485816,7.652430105866621,8.527155204839378,16.273113316963645,18.133241467087256,32.64011216308765,36.37110022143665,76.61329464466235,85.37071820993017,154.71284145387847,172.3975773718649,D1,RB|developmental,0.34398419816452286,29.50858469080148,10.150486843835262,3.471598198917821,1.1941749228041485,32.88161774136394,11.310756913115425,1,0.6560158018354771,0.08124263898808247,0.11889143060757865,0.08005528013263284,0.05011529309584665,0.013679555340382198,5.310545778431909,5.917577481743643,13.003348662323312,14.489720349260779,28.16126283220978,31.380287779489954,73.78865235368912,82.22319998629862,162.33419765087973,180.89010670752938
sleeper:player:10236,sleeper:10236,Dalton Kincaid,TE,00-0038933,25.873221216041397,3,developmental,prime,EXACT_NAME_POSITION,MAPPED_2025,PHASE2_ENTRY_SEASON,elite,0.8046875,0.5192307692307693,92.35,121.548,1,1,1.3587707610638076,D1,TE|developmental,0.9276368844499713,83.94959360203988,77.87473945983751,0.9090372885981579,0.8432565182440446,114.06825318964108,105.81391900348915,1,0.07236311555002872,0.012035651992242042,0.020316519819217223,0.0544634383845618,0.2452026147789363,0.5956186594750139,6.921035358597543,9.404100481551104,13.511158787181394,18.358567508112415,24.61763210534405,33.44971871136716,51.06464393784189,69.38514510687378,106.87206393433681,145.21463564851874,D1,TE|developmental,0.847007951253254,77.64462688780135,65.76561634605994,0.8407647740963872,0.7121344487932858,105.50124876885322,89.36039657436625,1,0.152992048746746,0.018693551638761432,0.03139232974619095,0.08782519294530436,0.22474448630417432,0.48435239061882296,5.798202649242356,7.878428226513221,11.703070725014562,15.901790315811603,22.32039920176144,30.328305810625395,50.70521852322862,68.89676836271403,107.22323258769228,145.69179334690028
sleeper:player:10859,sleeper:10859,Sam LaPorta,TE,00-0039065,24.63568724888259,3,developmental,prime,EXACT_NAME_POSITION,MAPPED_2025,PHASE2_ENTRY_SEASON,elite,0.9140625,0.7884615384615384,108.9,145.863,1,1,1.3587707610638076,D1,TE|developmental,0.9290811106051008,87.86864428034323,81.63709761534582,0.8068746031252821,0.749651952390687,119.39334466244695,110.9261012578438,1,0.07091888939489921,0.01211466277106392,0.017932618605444147,0.0448838925537469,0.1840761350715994,0.6700738016032465,3.059449170811561,4.15709007825966,9.423640052989803,12.804566566792335,20.824662418434542,28.295942403193173,47.47559639912177,64.50845225119285,107.08854233655323,145.5087801718522,D1,TE|developmental,0.8643332742041144,77.68334702875767,67.14430168850058,0.7133457027434129,0.6165684268916489,105.55386056424892,91.23371390638182,1,0.13566672579588557,0.01687708258546318,0.028456388474237943,0.08389235279167334,0.21291807572467827,0.5221893746280617,2.1668659293450574,2.944274067939418,8.144676604890925,11.06674842904623,19.592948305376076,26.62232528037969,47.055883163501996,63.93815817860121,105.73408669021345,143.66838544244794
sleeper:player:10871,sleeper:10871,Luke Schoonmaker,TE,00-0038547,26.92731541373197,3,developmental,prime,EXACT_NAME_POSITION,MAPPED_2025,PHASE2_ENTRY_SEASON,starter,0.1484375,0.6818181818181818,20.7,29.2005,1,1,1.3587707610638076,D1,TE|developmental,0.617766620324869,27.135310530033145,16.763289077604405,1.310884566668268,0.8098207283866863,36.870666540595884,22.77746705790915,1,0.38223337967513105,0.08849179426202776,0.1476441369638737,0.21759544171037187,0.13422129527327192,0.029813952115323682,6.643838744531969,9.027453827292915,14.30260816511408,19.433965781709485,23.7952192231715,32.33224813354888,48.084730481600644,65.33612583203258,81.5705872360598,110.83572889916267,D1,TE|developmental,0.44459123801850153,32.13748067516735,14.288042320168323,1.5525352983172636,0.6902435903462958,43.66746907567055,19.414174137487002,1,0.5554087619814985,0.06708552158831677,0.09734954696023229,0.15941888963197462,0.08919928994394903,0.03153798989402887,11.80943987811262,16.046321610920362,17.225007586487244,23.404836667621133,24.109398937684468,32.759146343348476,54.73918691702952,74.37800666726622,98.0646832056226,133.24742423278502
sleeper:player:11199,sleeper:11199,Emari Demercado,RB,00-0038705,26.615194014935284,3,developmental,prime,EXACT_NAME_POSITION,MAPPED_2025,PHASE2_ENTRY_SEASON,starter,0.11797752808988764,0.34210526315789475,20.1,22.588,1,1,1.1143068393793185,D1,RB|developmental,0.5005932935933386,42.10603747040739,21.07799997747576,2.0948277348461386,1.0486567152973014,46.91904553243681,23.48735953533836,1,0.4994067064066614,0.07465632323975802,0.11251173860851058,0.17945515697598435,0.11259268965709034,0.021377385111995325,8.727586707087113,9.725209558983195,17.559650201940705,19.56683831713096,33.956410792570466,37.837860786934975,79.38953537279133,88.46430224104772,159.90867471913703,178.1873299156171,D1,RB|developmental,0.303159280307692,39.90725626809426,12.098255089290086,1.98543563522857,0.6019032382731386,44.46892860040061,13.481168390551591,1,0.696840719692308,0.04801721697221639,0.06775252150982537,0.09920618010346999,0.06504591619780115,0.023137445524379116,3.3098826084138366,3.688224828098197,11.1340939651812,12.406797055693408,25.241481242502353,28.12675518458515,74.6586210157889,83.19261201652209,165.29964177647227,184.19452137847438
sleeper:player:11201,sleeper:11201,Blake Whiteheart,TE,00-0038710,25.44610772295119,3,developmental,prime,EXACT_NAME_POSITION,MAPPED_2025,PHASE2_ENTRY_SEASON,starter,0.0390625,0.045454545454545456,11.3,16.7705,1,1,1.3587707610638076,D1,TE|developmental,0.6100336829147227,21.94517986122272,13.3872988929677,1.942051315152453,1.1847167161918317,29.818468741715737,18.190270305386388,1,0.3899663170852773,0.12204002281611268,0.18572498350070518,0.19897614761152366,0.09066293954335121,0.01262958944302999,6.641385811926739,9.024120854190068,14.284150251684004,19.408885708630454,23.611576460732152,32.08271971746531,46.90970296734373,63.7395328022148,77.02137620590055,104.65439396547333,D1,TE|developmental,0.45329981773583894,23.262014707974902,10.544667027293428,2.058585372387159,0.9331563740967636,31.607745428632544,14.32778524183993,1,0.5467001822641611,0.09337621251527764,0.10739275255378772,0.15856445952257064,0.07409567890562908,0.019870714238573835,7.33168979975482,9.96208572909661,12.630771298952439,17.162322730700502,19.740435732865805,26.82272688447725,48.52127529146422,65.92929015556936,89.4914962604435,121.5984284825417
sleeper:player:11237,sleeper:11237,Jacob Saylors,RB,00-0038896,25.484438421049028,3,developmental,prime,EXACT_NAME_POSITION,MAPPED_2025,PHASE2_ENTRY_SEASON,starter,0.09550561797752809,0.23684210526315788,19.15,20.8905,1,0,1.1143068393793185,D1,RB|developmental,0.6396533614089263,27.686061834831587,17.70948251682541,1.4457473542992998,0.924777154925609,30.850768058031562,19.73379749036702,1,0.36034663859107374,0.16077006893882195,0.2320719474518138,0.17375153865655507,0.06329102921919927,0.009768777142536166,8.340139922870932,9.293474957435581,17.21112552864227,19.17847488998207,33.55137769421239,37.38652963525958,78.91820221944593,87.93909248464871,158.66883475445184,176.80576776323258,D1,RB|developmental,0.42010998206639927,25.122628417983503,10.554266974139862,1.3118866014612796,0.5511366566130477,27.994316669344247,11.760691873919313,1,0.5798900179336007,0.10311684280235686,0.12797805175549254,0.13089537075315227,0.0455589693086669,0.012560747446730726,3.398637110841925,3.787124577179524,11.206512490431201,12.487493513677247,25.17590743317035,28.053685840362345,74.69658973774628,83.2349208230817,164.88773792224143,183.73553409653823
sleeper:player:11256,sleeper:11256,Tyson Bagent,QB,00-0038416,25.232550976406085,3,developmental,prime,EXACT_NAME_POSITION,MAPPED_2025,PHASE2_ENTRY_SEASON,usable,0.28688524590163933,0.34615384615384615,7.57,7.7305,1,1,1.045759529798389,D1,QB|developmental,0.4561457614252361,34.26366156293612,15.629223992842093,4.526243271193675,2.0646266833344904,35.831550605227214,16.344409933868246,1,0.5438542385747639,0.16930750879061646,0.15978426753703925,0.08151074968122148,0.029873074700309935,0.015670160716049004,10.910435412083082,11.409691806435697,20.90124033798447,21.85767126805376,44.37602113633358,46.406646997855574,102.59299988327902,107.28760731854405,239.97359973438023,250.95467882225228,D0,QB|developmental,0.3829575737032226,73.18899366663165,28.02827943635378,9.668295068247245,3.702546821182798,76.53808760323399,29.310840324419186,1,0.6170424262967774,0.10400119896199342,0.1111836078306105,0.0854953344181877,0.046468314181147885,0.03580911831128319,73.18899366663165,76.53808760323399,73.18899366663165,76.53808760323399,73.18899366663165,76.53808760323399,73.18899366663165,76.53808760323399,73.18899366663165,76.53808760323399
sleeper:player:11292,sleeper:11292,Tommy DeVito,QB,00-0038476,27.069686578095375,3,developmental,prime,EXACT_NAME_POSITION,MAPPED_NO_2025_ROW,PHASE2_ENTRY_SEASON,depth,0.040983606557377046,0.19230769230769232,2.79,3.4255,0,0,1.045759529798389,D1,QB|developmental,0.31227432932091803,29.162739519601473,9.106774924644181,10.452594809893,3.2640770339226455,30.497212767651334,9.523496663175658,1,0.687725670679082,0.13988845364321809,0.10402998194715178,0.030995025181631924,0.013199140168587102,0.024161728380329185,1.679892603992137,1.7567636996626084,11.910121071670403,12.455122611751927,34.866265937882105,36.46172987302518,91.7507687633206,95.94924080057086,221.05436886056032,231.1697128394992,D0,QB|developmental,0.37566966585525474,41.48093560080618,15.583129216518197,14.867718853335546,5.585350973662436,43.37908370949632,16.29620588225361,1,0.6243303341447453,0.10128357718354582,0.15575663857902294,0.037670273415631436,0.04310354554275008,0.03785563113430441,41.48093560080618,43.37908370949632,41.48093560080618,43.37908370949632,41.48093560080618,43.37908370949632,41.48093560080618,43.37908370949632,41.48093560080618,43.37908370949632
sleeper:player:11370,sleeper:11370,Chris Brooks,RB,00-0038685,25.640499120447373,3,developmental,prime,EXACT_NAME_POSITION,MAPPED_2025,PHASE2_ENTRY_SEASON,starter,0.1404494382022472,0.4473684210526316,22.35,27.588,1,1,1.1143068393793185,D1,RB|developmental,0.6428421874144978,34.271994737479176,22.03148406409927,1.5334225833324016,0.9857487277001911,38.18951813514506,24.54983337430228,1,0.35715781258550217,0.11945140924067085,0.19413433255645227,0.21443797926416364,0.0995494851028096,0.015268981250401499,8.592475861684221,9.574654619876432,17.418666368695426,19.409739067503832,33.85426399061966,37.72403790690046,79.46125750446551,88.54422270290712,160.6899814723784,179.05794537440724,D1,RB|developmental,0.4299520631873409,30.00496284373255,12.900695680522313,1.3425039303683466,0.5772123346989849,33.43473531209351,14.375333429557244,1,0.5700479368126591,0.08829157379934874,0.12627867213186672,0.13355377682662228,0.06463760759867505,0.017190432830828137,3.6054739560401075,4.0176042884195,11.451969429254376,12.761007859381023,25.55306789922058,28.473958327225606,75.24516614540568,83.8462032660587,166.36270857877815,185.37910398700092
sleeper:player:11435,sleeper:11435,Emanuel Wilson,RB,00-0038797,26.319500058180523,3,developmental,prime,EXACT_NAME_POSITION,MAPPED_2025,PHASE2_ENTRY_SEASON,usable,0.016853932584269662,0.375,7.4,8.363,1,1,1.1143068393793185,D1,RB|developmental,0.4190030335855035,31.547411578437952,13.218461153135939,4.2631637268159395,1.7862785342075593,35.15349648656771,14.729421669009211,1,0.5809969664144965,0.0863128173821242,0.10713657966015189,0.1509910242993917,0.06483745335427109,0.00972515888956458,6.331218547232076,7.054920128785896,14.911535635020009,16.616026143751224,31.28226991116712,34.85804731332339,75.02757579058378,83.60374084549768,152.8495330947995,170.3212801234706,D1,RB|developmental,0.2487676431506174,35.91581184849086,8.934691865390091,4.8534880876339,1.2073907926202825,40.02123478463413,9.95598825335094,1,0.7512323568493826,0.04267576236127677,0.07252866226275198,0.061370162827210445,0.053773084591677504,0.018419971107700713,1.7234301545855786,1.9204300084472663,9.397297430106924,10.47147279804984,24.747400386137507,27.57619750713141,69.7413796878172,77.71329637388459,158.01374716697273,176.07579918411213
sleeper:player:11559,sleeper:11559,Michael Penix,QB,00-0039917,25.31742609362273,2,developmental,prime,EXACT_NAME_POSITION,MAPPED_2025,PHASE2_ENTRY_SEASON,premium,0.4672131147540984,0.16666666666666666,100.09,104.9655,1,1,1.045759529798389,D1,QB|developmental,0.8246187212465678,104.4332594331111,86.11762084934314,1.0433935401449805,0.8604018468312832,109.21207628008345,90.05832268676502,1,0.17538127875343223,0.06399474728281766,0.1050133467394807,0.19896104657260485,0.22376154689092806,0.2328880337607365,1.153764045988396,1.206559746231112,12.087122746370845,12.640223799860188,35.34437095966578,36.96171275579992,98.17781167726946,102.6703821762561,239.48806578955464,250.44692707241032,D0,QB|developmental,0.7513962156945031,94.25041185326998,70.8194027941954,0.9416566275678887,0.7075572264381597,98.56326638298013,74.0600653666605,1,0.2486037843054969,0.06675521365101529,0.0965122515655446,0.13924520439016713,0.2007459922507478,0.2481375538370283,94.25041185326998,98.56326638298013,94.25041185326998,98.56326638298013,94.25041185326998,98.56326638298013,94.25041185326998,98.56326638298013,94.25041185326998,98.56326638298013
sleeper:player:11560,sleeper:11560,Caleb Williams,QB,00-0039918,23.786936076716152,2,developmental,young,EXACT_NAME_POSITION,MAPPED_2025,PHASE2_ENTRY_SEASON,elite,0.8934426229508197,0.7833333333333333,301.92,311.778,1,1,1.045759529798389,D1,QB|developmental,0.9541511733450486,260.0125295339488,248.09126013923134,0.8611967724362374,0.8217119109010047,271.91058062711204,259.4437995502924,1,0.04584882665495138,0.0053763581730508735,0.014817104463475898,0.020590763831486537,0.07736145453127181,0.8360054923457635,27.854039045120274,29.128626774810947,38.182929852902916,39.93016276929662,62.440455225129824,65.29770109662913,126.96684000029875,132.7767828986997,282.6150216294932,295.54735213322033,D0,QB|developmental,0.9373987819798968,239.45750138570284,224.4671701349073,0.7931157306097736,0.7434657198426977,250.4149640558097,234.73868229545565,1,0.06260121802010321,0.011682508803268082,0.03331434086295126,0.0262803529052582,0.08897241645021484,0.7771491629582045,239.45750138570284,250.4149640558097,239.45750138570284,250.4149640558097,239.45750138570284,250.4149640558097,239.45750138570284,250.4149640558097,239.45750138570284,250.4149640558097
sleeper:player:11562,sleeper:11562,Spencer Rattler,QB,00-0039376,24.925905391623374,2,developmental,young,EXACT_NAME_POSITION,MAPPED_2025,PHASE2_ENTRY_SEASON,usable,0.22131147540983606,0.038461538461538464,5.56,5.718,1,1,1.045759529798389,D1,QB|developmental,0.40156382716953576,31.85940733985696,12.79358554274616,5.730109233787224,2.3010045940190937,33.31727883938416,13.37901400161769,1,0.5984361728304642,0.04988980137267732,0.1334121038387495,0.1394206333574365,0.059123872165852236,0.019717416434820324,0.0,0.0,1.3507572769614526,1.412567294826961,24.70313099279378,25.833534651572037,82.46802210074111,86.24172001547417,217.74775724101767,227.7117922270204,D0,QB|developmental,0.37697081343400685,78.23524013708406,29.49240211368144,14.07108635559066,5.304388869367166,81.81524793942108,30.84196056702852,1,0.6230291865659932,0.03940635819348824,0.15018120792095754,0.0625167314465154,0.07920995639846196,0.04565655947458375,78.23524013708406,81.81524793942108,78.23524013708406,81.81524793942108,78.23524013708406,81.81524793942108,78.23524013708406,81.81524793942108,78.23524013708406,81.81524793942108
sleeper:player:11563,sleeper:11563,Bo Nix,QB,00-0039732,25.517293305132892,2,developmental,prime,EXACT_NAME_POSITION,MAPPED_2025,PHASE2_ENTRY_SEASON,elite,0.860655737704918,0.7166666666666667,296.56,308.8555,1,1,1.045759529798389,D1,QB|developmental,0.961530041469184,242.86349200046206,233.52054353455512,0.8189354329662195,0.7874310208205931,253.97681119959802,244.2063338049606,1,0.03846995853081603,0.012083714121566216,0.01466467328688029,0.030847395072253727,0.09127723619721331,0.8126570227912704,17.874180462720943,18.692094556226607,28.289383690678065,29.583892586649707,52.44867561107606,54.848702345587135,116.97442413838716,122.32711878539709,271.448703614207,283.87006865597533,D0,QB|developmental,0.9342065363495495,212.47681429685073,198.49722873884738,0.7164715885380724,0.6693324411210122,222.19965341213424,207.5803685922203,1,0.06579346365045047,0.021882883311111732,0.022331850916295064,0.03534307689823388,0.07184908414715728,0.7827996410767516,212.47681429685073,222.19965341213424,212.47681429685073,222.19965341213424,212.47681429685073,222.19965341213424,212.47681429685073,222.19965341213424,212.47681429685073,222.19965341213424
sleeper:player:11564,sleeper:11564,Drake Maye,QB,00-0039851,23.006632579724428,2,developmental,young,EXACT_NAME_POSITION,MAPPED_2025,PHASE2_ENTRY_SEASON,elite,0.9262295081967213,0.85,317.08,328.3805,1,1,1.045759529798389,D1,QB|developmental,0.9594525829217428,275.1256933364727,263.9700570998141,0.86768542114442,0.8325030184805541,287.7153156990055,276.0492027935555,1,0.04054741707825715,0.0046588706269729725,0.012438095362856765,0.015102273022015925,0.059079875228257764,0.8681734686816395,36.70994735749322,38.389777287495725,46.97105622955058,49.1204296767485,71.3169067880644,74.58033490936177,135.90424116428568,142.12315533757027,292.69328755827394,306.0867947720852,D0,QB|developmental,0.9469544098163035,256.8907630700039,243.26384093021542,0.8101764951116561,0.7672002047754997,268.64596359763664,254.3954799081322,1,0.05304559018369648,0.011104416392320692,0.027018245414291073,0.022594983970802195,0.07587710100036309,0.8103596630385265,256.8907630700039,268.64596359763664,256.8907630700039,268.64596359763664,256.8907630700039,268.64596359763664,256.8907630700039,268.64596359763664,256.8907630700039,268.64596359763664
sleeper:player:11565,sleeper:11565,J.J. McCarthy,QB,00-0039923,22.615111877725074,2,developmental,young,EXACT_NAME_POSITION,MAPPED_2025,PHASE2_ENTRY_SEASON,usable,0.30327868852459017,0.4230769230769231,7.66,8.263,1,0,1.045759529798389,D1,QB|developmental,0.49184551842974455,74.60334842173283,36.69332258108205,9.739340525030396,4.7902509896973955,78.01716256689672,38.372391769132975,1,0.5081544815702554,0.04366048935847125,0.12273143687254472,0.1640463250363428,0.11244718764491453,0.04896007951747129,17.132927471813268,17.916922176993346,27.081485662191092,28.32072171233477,50.60489688964437,52.92055317681046,108.82515393464324,113.80494180892983,246.79108339027607,258.0841273246501,D0,QB|developmental,0.5032369651744906,124.82141379710338,62.81474946804359,16.295223733303313,8.200358938386891,130.53318300122896,65.68912286810487,1,0.49676303482550943,0.045674175405998454,0.1475293006971959,0.07173295718610816,0.12515418869923384,0.11314634318595422,124.82141379710338,130.53318300122896,124.82141379710338,130.53318300122896,124.82141379710338,130.53318300122896,124.82141379710338,130.53318300122896,124.82141379710338,130.53318300122896
sleeper:player:11566,sleeper:11566,Jayden Daniels,QB,00-0039910,24.704134924057303,2,developmental,young,EXACT_NAME_POSITION,MAPPED_2025,PHASE2_ENTRY_SEASON,elite,0.9590163934426229,0.9166666666666666,322.28,333.7555,1,1,1.045759529798389,D1,QB|developmental,0.920710036587603,262.75893885557883,241.9247922074397,0.8153125817785121,0.7506664769996269,274.7826643479338,252.99515694542512,1,0.07928996341239702,0.012944074532672259,0.017735946399124684,0.018013579149038034,0.07128735846896377,0.8007290780378042,30.54924416782658,31.9471632166425,40.72306152354578,42.5865296708141,65.1676690574266,68.14971095155146,129.75245290174854,135.68986413672016,287.7171470473178,300.882948411137,D0,QB|developmental,0.8961904593861268,239.50425595719088,214.6414291712074,0.7431558146865797,0.6660091509594371,250.46385809450496,224.46332004533608,1,0.10380954061387315,0.011525738453461892,0.027400368828251358,0.033111706494295456,0.12129231554681616,0.702860330063302,239.50425595719088,250.46385809450496,239.50425595719088,250.46385809450496,239.50425595719088,250.46385809450496,239.50425595719088,250.46385809450496,239.50425595719088,250.46385809450496
sleeper:player:11570,sleeper:11570,Rasheen Ali,RB,00-0039796,24.539860503637993,2,developmental,prime,EXACT_NAME_POSITION,MAPPED_2025,PHASE2_ENTRY_SEASON,starter,0.10674157303370786,0.2894736842105263,19.3,24.7755,1,1,1.1143068393793185,D1,RB|developmental,0.7070190744660355,32.84762767818712,23.22389931943679,1.701949620631457,1.203310845566673,36.602336179189315,25.878549848705116,1,0.2929809255339645,0.1462735049534084,0.22740992614442035,0.22758832354698855,0.09236032135128766,0.013386998469930507,9.811777234915581,10.933330479332731,18.65396051129988,20.786235779253182,35.02746167638635,39.031340112094284,80.3970320831636,89.58696271606769,160.5485722725424,178.90037213587883,D1,RB|developmental,0.5206791217071666,29.49280668105325,15.35628867937006,1.5281246985001682,0.7956626258740963,32.8640361971897,17.11161750290526,1,0.47932087829283343,0.114965212744094,0.15588217862330314,0.1646851519322464,0.06697350706828815,0.01817307133923484,5.420745514582741,6.040373801434312,13.235107652123077,14.747970976682298,27.3142795618867,30.436488528529086,76.6762079872658,85.44082297788141,167.08476014168173,186.1836909819289
sleeper:player:11571,sleeper:11571,Isaiah Davis,RB,00-0039798,23.526834911052244,2,developmental,prime,EXACT_NAME_POSITION,MAPPED_2025,PHASE2_ENTRY_SEASON,starter,0.1853932584269663,0.6578947368421053,28.75,35.9905,1,1,1.1143068393793185,D1,RB|developmental,0.7469081563857729,46.76572621011558,34.92970234563925,1.626633955134455,1.214946168543974,52.11136856447245,38.92240622122964,1,0.2530918436142271,0.09812296023089052,0.17476395408626463,0.26252974163090004,0.1785233004012456,0.0329682000364721,11.936308766206132,13.300710495126808,20.774429355188566,23.149088714689103,37.27504143186003,41.5358336056691,83.3068340701278,92.82937497138144,165.91251602010493,184.87745133983367,D1,RB|developmental,0.6034668850664279,41.107814989181826,24.80720506340857,1.4298370431019765,0.8628593065533415,45.80671939438498,27.64283826804143,1,0.39653311493357213,0.10570748397763265,0.1615495521851221,0.18181577142940755,0.12022703053156024,0.03416704694270533,8.666454098868705,9.657089075536327,16.56177899181533,18.454903602868537,30.546938295620343,34.03866226490777,81.06010778048879,90.32583250062338,173.14978470255957,192.94198933111863
sleeper:player:11575,sleeper:11575,Ray Davis,RB,00-0039875,25.782870284810777,2,developmental,prime,EXACT_NAME_POSITION,MAPPED_2025,PHASE2_ENTRY_SEASON,premium,0.33707865168539325,0.23333333333333334,52.45,59.533,1,1,1.1143068393793185,D1,RB|developmental,0.8042620087751646,48.341822675220385,38.87949141262555,0.9216744075351837,0.7412677104409064,53.8676236350603,43.32368319267813,1,0.19573799122483537,0.08686202239654273,0.16072925793493184,0.2842351512540733,0.22414282411976122,0.048292753069855546,7.742098308946986,8.627073096806683,16.48194923634371,18.36594876036053,33.2760591768186,37.0797403283199,80.29064692644357,89.46841700832613,167.79054920226858,186.97015655929994,D1,RB|developmental,0.5855990600137565,44.57091293402313,26.100684718118924,0.8497790835848069,0.49762983256661436,49.6656731197621,29.084171493883176,1,0.4144009399862435,0.0754259273436132,0.11358058161047811,0.19829242382722115,0.15170591438092004,0.046594212851523986,2.8690099648506475,3.1969574260804947,10.904201031828755,12.150625787733803,25.102856242625727,27.97228439911367,76.80055926924805,85.57938846187983,172.0594837189792,191.72705948813302
sleeper:player:11576,sleeper:11576,Braelon Allen,RB,00-0039794,21.615775820174267,2,developmental,young,EXACT_NAME_POSITION,MAPPED_2025,PHASE2_ENTRY_SEASON,premium,0.4438202247191011,0.55,66.6,72.458,1,1,1.1143068393793185,D1,RB|developmental,0.8051121681804699,90.17188553399096,72.59848227119261,1.3539322152250897,1.0900673013692586,100.47914877025516,80.89698532334812,1,0.19488783181953007,0.04839070405004419,0.08835281442968405,0.1615535464431468,0.30867643276722223,0.19813867049037268,15.720442409833609,17.517396495346286,24.285003996361482,27.060946047499684,41.342400808044744,46.068119976765324,88.70312975566385,98.84250416108736,179.83634046812307,200.39286415257726,D1,RB|developmental,0.6897701393952913,84.57404456527672,58.336650509014504,1.269880549028179,0.8759256833185362,94.24143629305914,65.00492864867586,1,0.3102298606047087,0.03937667874679752,0.07723867096349683,0.16098279430767126,0.2675668547704438,0.14460514060688193,13.531112897253301,15.07781164582306,21.64562597533211,24.1198690669592,36.45787512809595,40.625259604474465,87.77359018098204,97.80671185554569,185.17714279871478,206.34415671732862
sleeper:player:11577,sleeper:11577,Will Shipley,RB,00-0039746,23.009370486731417,2,developmental,prime,EXACT_NAME_POSITION,MAPPED_2025,PHASE2_ENTRY_SEASON,starter,0.07303370786516854,0.13157894736842105,17.95,21.6855,1,1,1.1143068393793185,D1,RB|developmental,0.740583140247855,35.24913454520121,26.104914752504257,1.963740086083633,1.4543127995824099,39.27835170591951,29.088885050129562,1,0.259416859752145,0.17343266459110862,0.24509321024373987,0.22871892336713875,0.0821323408472555,0.011206001198612266,14.448388725488229,16.099938374822568,23.349126333831038,26.018091167319678,39.63777333894817,44.16864192935716,84.90845077605081,94.61406742085562,163.90692558295837,182.6426081987275,D1,RB|developmental,0.589214546720965,32.8615141781855,19.362482181064134,1.8307250238543455,1.078689815101066,36.61781000111255,21.57574632171995,1,0.41078545327903504,0.13659920030659511,0.17275933421292225,0.19261410447372707,0.06891886784646119,0.018323039881259332,10.166597084230915,11.328708664172346,17.956486062168516,20.009035230293783,31.82792221980505,35.46607141276175,81.34712474661643,90.6456574689973,171.08100605578613,190.6367351358571
sleeper:player:11581,sleeper:11581,MarShawn Lloyd,RB,00-0039811,24.654852597931512,2,developmental,prime,EXACT_NAME_POSITION,MAPPED_NO_2025_ROW,PHASE2_ENTRY_SEASON,elite,0.6685393258426966,0.18055555555555555,148.25,163.5905,0,0,1.1143068393793185,D1,RB|developmental,0.8864267343763935,137.15246100009958,121.57560811600395,0.9251430758860005,0.8200715555885595,152.8299253301162,135.472531625363,1,0.11357326562360648,0.04914926545699896,0.08716751277503644,0.02996567288287899,0.15310203473792336,0.5670422485235558,11.89384984985034,13.253398234238915,20.26736310884175,22.58406132836645,37.78388101893937,42.10283703769855,86.45262684104117,96.33475337128021,184.91758996103243,206.05493521511886,D1,RB|developmental,0.7335587177613621,108.60091643614703,79.66514900860885,0.7325525560617,0.537370313717429,121.01474394766048,88.77142040046537,1,0.26644128223863794,0.03539635071008836,0.06029609135320605,0.10447180408296919,0.2195669870761227,0.31382748453897574,5.486473850102428,6.113615335244917,13.8000135859428,15.377449522343577,29.12703165453489,32.456450583466136,81.67693068742159,91.01316248450442,183.73900530640285,204.7416302736776
sleeper:player:11583,sleeper:11583,Jonathon Brooks,RB,00-0039344,22.116812802453165,2,developmental,prime,EXACT_NAME_POSITION,MAPPED_NO_2025_ROW,PHASE2_ENTRY_SEASON,elite,0.6573033707865169,0.1527777777777778,148.2,164.743,0,0,1.1143068393793185,D1,RB|developmental,0.9286863475748341,139.67274727325452,129.7121735209416,0.9424611826805299,0.8752508334746397,155.63829756148655,144.53916210514217,1,0.07131365242516585,0.054466224342044886,0.10263836757667222,0.03189294572846954,0.16826605755053334,0.5714227523771142,18.128147482537628,20.200318725068655,26.53469866315936,29.567796201227736,44.01570279902363,49.046998669039446,92.69548882119537,103.29121717306717,190.75199278932348,212.5562501903776,D1,RB|developmental,0.8450088422785818,116.11966841756914,98.12214657530289,0.7835335250848121,0.6620927569183731,129.39294070415593,109.33817902343999,1,0.15499115772141825,0.041273143505178335,0.07240288236151923,0.12035879397249333,0.24122294834356545,0.3697510740958254,12.35232007099858,13.764274737316146,20.660135365409623,23.02173014017848,35.85888532322598,39.95780116818937,88.61604711446361,98.74546737840673,190.46413312514116,212.2354861977978
sleeper:player:11584,sleeper:11584,Bucky Irving,RB,00-0039361,23.036749556801304,2,developmental,prime,EXACT_NAME_POSITION,MAPPED_2025,PHASE2_ENTRY_SEASON,elite,0.7808988764044944,0.4583333333333333,184.7,204.538,1,1,1.1143068393793185,D1,RB|developmental,0.9343602564923396,137.89315635675965,128.84188494204022,0.7465790815200848,0.6975738221009217,153.655287231939,143.56939358943865,1,0.06563974350766044,0.01924269330446131,0.02650141108621825,0.07690085084554293,0.3153924970604303,0.49632280419568675,16.05853091329942,17.89413082707376,24.23035546309559,27.00005081311945,42.033200193682816,46.83788245682086,91.01040818613652,101.41352029651544,193.33052477085175,215.42952601295286,D1,RB|developmental,0.8679708593635763,119.93119107559635,104.09677898238263,0.6493296755581828,0.563599236504508,133.6401464704449,115.99575277742626,1,0.13202914063642368,0.024171070270176193,0.04905866495384038,0.11284524376433033,0.3143616008793779,0.3675342794958515,12.095879549080628,13.478521309848972,20.489825253519655,22.83195241768403,36.53770579160573,40.7142154588156,88.48882833405986,98.60370662130534,192.7945583776988,214.83229499538504
sleeper:player:11586,sleeper:11586,Blake Corum,RB,00-0039738,24.76710678521804,2,developmental,prime,EXACT_NAME_POSITION,MAPPED_2025,PHASE2_ENTRY_SEASON,premium,0.5786516853932584,0.95,114.9,122.1455,1,1,1.1143068393793185,D1,RB|developmental,0.8370612338819765,100.34143415211473,83.99192468085626,0.873293595753827,0.7310002148029265,111.81114634883097,93.5927761245107,1,0.1629387661180235,0.026665929930095412,0.04970282511449598,0.1307293676750943,0.38767369415782155,0.24228941700446927,12.430976613165441,13.851922260214609,20.919135464476447,23.310335721968563,38.23156532129932,42.60169471770101,86.50152391462578,96.38923971480119,181.96563373310568,202.7655502007917,D1,RB|developmental,0.6847752796747082,83.93988024768719,57.47995497247151,0.7305472606413158,0.500260704721249,93.5347826566788,64.05030695304028,1,0.3152247203252918,0.04170004882871244,0.08565246278625864,0.1061776423459069,0.3089237231687721,0.1423214025450581,8.604569206497722,9.588130316713087,16.845378193276865,18.77092013269964,31.79960594283971,35.434518391673514,84.2936244911956,93.92896228661128,184.52311398158133,205.61536793324564
sleeper:player:11597,sleeper:11597,Theo Johnson,TE,00-0039847,24.51248143356811,2,developmental,prime,EXACT_NAME_POSITION,MAPPED_2025,PHASE2_ENTRY_SEASON,premium,0.3828125,0.46,40.85,54.1655,1,1,1.3587707610638076,D1,TE|developmental,0.8329736344161918,45.573176022353735,37.961254063228836,1.115622424047827,0.9292840651953203,61.92349906798845,51.58064207443,1,0.16702636558380823,0.040100904935381584,0.061797935657724984,0.18921598718885063,0.35885095988124166,0.1830078467529929,4.219638680141173,5.733521660829703,11.57790896044915,15.73172416971697,21.603503000958852,29.35420821425711,46.92771166666733,63.764002496300485,88.2408575561499,119.89909717849284,D1,TE|developmental,0.7163052522913971,54.56289556373742,39.083688672532084,1.3356889978883089,0.9567610446152285,74.13846713098454,53.105773402757336,1,0.2836947477086029,0.0475313705241797,0.06200634067630911,0.15585445975187223,0.26453564264272,0.18637743869631604,10.791335783612432,14.662951535594164,16.396260722761177,22.278759660866818,24.25952654411317,32.963135345392296,55.017041079031614,74.75554677843455,103.11959418307866,140.11588946873277
sleeper:player:11599,sleeper:11599,Cade Stover,TE,00-0039359,25.22159934837813,2,developmental,prime,EXACT_NAME_POSITION,MAPPED_2025,PHASE2_ENTRY_SEASON,starter,0.1796875,0.8636363636363636,23.2,31.963,1,1,1.3587707610638076,D1,TE|developmental,0.5609171677423574,40.62382292200844,22.786599696280035,1.7510268500865709,0.9821810213913809,55.198462789058766,30.96176541137075,1,0.43908283225764255,0.062214912041604266,0.08613298588048396,0.1754124060477151,0.1660850340184006,0.0710718297541535,12.091595634124218,16.429706602254775,19.72313995661142,26.79922588941289,29.279949076160335,39.78473869012391,53.74921658353919,73.03286392379897,88.25581728531216,119.91942402107195,D1,TE|developmental,0.4468808805302028,44.9819652126919,20.101580222226705,1.9388778108918923,0.8664474233718408,61.12017910619509,27.313439457140163,1,0.5531191194697972,0.048046138515753053,0.0648872026523585,0.14764548581077414,0.12059012422171721,0.0657119293295999,15.620004019120863,21.22400474888059,21.063130546864393,28.619965923549266,28.021977108289747,38.075443161943454,58.81586434740835,79.91727676195372,102.78865622628925,139.66622064932113
sleeper:player:11600,sleeper:11600,Ja'Tavion Sanders,TE,00-0039356,22.434410015263833,2,developmental,prime,EXACT_NAME_POSITION,MAPPED_2025,PHASE2_ENTRY_SEASON,usable,0.0078125,0.25,9.7,13.1855,1,1,1.3587707610638076,D1,TE|developmental,0.6923601541986393,24.708582585863734,17.107238049178427,2.547276555243684,1.7636327885750958,33.57329956500201,23.244814863781897,1,0.3076398458013607,0.1398752904752831,0.1570242057999242,0.25397734427402585,0.12228705880877866,0.01919625484062747,7.7864893862962745,10.580054109433048,15.438346889147965,20.977174352134647,24.71127025099299,33.57695148579517,47.77062403587364,64.90932717771705,76.89388033333776,104.4811563016787,D1,TE|developmental,0.6156561869118279,35.6111048016771,21.92419699391801,3.6712479176986705,2.260226494218352,48.38732797369781,29.789957835138814,1,0.3843438130881721,0.09149204900565529,0.1514372709081393,0.1625449845709474,0.15402661991492955,0.05615526251215635,13.44330058401571,18.266363765752555,18.711559883174296,25.424720463151747,25.825927355916356,35.09151496857707,54.23500727476682,73.69294211103606,94.54331192208872,128.46268789386943
sleeper:player:11603,sleeper:11603,AJ Barner,TE,00-0039793,23.33244351355606,2,developmental,prime,EXACT_NAME_POSITION,MAPPED_2025,PHASE2_ENTRY_SEASON,elite,0.6953125,0.25,79.4,108.3255,1,1,1.3587707610638076,D1,TE|developmental,0.961885439695703,76.13270086613521,73.23093644784389,0.9588501368530882,0.9223039854892177,103.44688789772174,99.50405525065216,1,0.03811456030429705,0.01256977928075495,0.022380996812324815,0.07038109793730046,0.3279950337712042,0.5285585318941185,7.022317139298792,9.54171920379644,13.846670982916791,18.814451669657988,24.65415837649772,33.49934954062145,50.9242561124697,69.1943902345487,102.91135617216548,139.83294174816186,D1,TE|developmental,0.9227517012606762,76.00444083657298,70.13322708531413,0.9572347712414733,0.8832900136689437,103.2726119197394,95.29497834257313,1,0.07724829873932382,0.022906796455215806,0.03938494905947332,0.10264573919275888,0.27018990333638604,0.48762431321684213,8.34885410627465,11.344178847993502,14.182273022148259,19.270457907919095,23.932432625276952,32.51868969235586,53.33416923747254,72.46890972550648,107.69868481001546,146.33782392487583
sleeper:player:11604,sleeper:11604,Brock Bowers,TE,00-0039338,22.719152343990636,2,developmental,prime,EXACT_NAME_POSITION,MAPPED_2025,PHASE2_ENTRY_SEASON,elite,0.9921875,0.9807692307692307,139.05,188.323,1,1,1.3587707610638076,D1,TE|developmental,0.9633548373337366,106.634613331356,102.72697057997435,0.7668796356084573,0.7387772066161405,144.89199471199143,139.5824039967311,1,0.03664516266626339,0.007690535882529529,0.008187417200416627,0.014531095458587585,0.06286165782721036,0.8700841309649925,6.663047618945868,9.053554284199468,12.941129166255479,17.584027926257995,24.512296212006895,33.306591379410094,51.553882451407304,70.04990809429277,113.75086292561855,154.56134658910756,D1,TE|developmental,0.9324199111910771,99.19766916919117,92.49388187709908,0.713395679030501,0.6651843356857179,134.78689243277768,125.67798227189184,1,0.06758008880892286,0.012923017868932544,0.01621332164597506,0.02834514187443564,0.1093479636113955,0.7655904661903384,6.433664588288352,8.741875329057832,12.477124309935483,16.95355169449877,24.190319259857418,32.86909851109294,51.856820465843626,70.46153141072358,112.13871113561322,152.37080187445164
sleeper:player:11608,sleeper:11608,Isaiah Williams,WR,00-0039451,24.589142829763787,2,developmental,prime,EXACT_NAME_POSITION,MAPPED_2025,PHASE2_ENTRY_SEASON,starter,0.24380165289256198,0.9107142857142857,39.2,51.723,1,1,1.2899047488253008,D1,WR|developmental,0.6791534982602713,41.7416394207852,28.34898043574511,1.0648377403261529,0.7231882764220691,53.842738912624206,36.56748448842316,1,0.32084650173972873,0.0856369082097617,0.148265803146902,0.20496106037386788,0.19376658836794686,0.04652313816179284,4.559559726002746,5.88139774312353,14.328254575391227,18.48208361917499,31.970640774934083,41.23908135857527,69.40694148255817,89.52834341979154,125.37075532659057,161.71633265958405,D1,WR|developmental,0.5429686342773771,41.68783092861132,22.63518462529429,1.0634650747094723,0.577428179216691,53.77333108304199,29.197232138704543,1,0.45703136572262293,0.08901405677961857,0.12180988705723114,0.16549721555007135,0.11917022050847724,0.04747725438197874,6.384546399862252,8.235456720277798,15.41127408195144,19.87907562375744,29.941126146276304,38.621200801259185,73.06893905550908,94.25197147932765,137.47235791048737,177.32624730094906
sleeper:player:11610,sleeper:11610,Malik Washington,WR,00-0039880,24.865671437469626,2,developmental,prime,EXACT_NAME_POSITION,MAPPED_2025,PHASE2_ENTRY_SEASON,premium,0.4669421487603306,0.5568181818181818,75.45,99.833,1,1,1.2899047488253008,D1,WR|developmental,0.8034805048484072,63.6964252449294,51.1788359128347,0.8442203478453201,0.6783145912900557,82.16232140663021,66.01582348331632,1,0.19651949515159284,0.04788244475474541,0.07865042004823997,0.18013788681972162,0.34040695947605903,0.15640279374964114,3.3637063484633245,4.3388607925366545,12.856756701852987,16.58399152421168,31.000990019664385,39.98832424465085,69.45640571696246,89.59214757064666,132.8536843780884,171.36859837823388,D1,WR|developmental,0.6542155607651604,66.80848019727092,43.70714733612571,0.8854669343574675,0.579286246999678,86.17657586826084,56.37805690647565,1,0.3457844392348396,0.04739789088413122,0.08156819373450473,0.14170815423519872,0.23581306985042666,0.14772825206089907,4.8921451437417645,6.310401252855136,14.101034306338853,18.188991115094968,29.517216052221404,38.074397157862784,72.88631992089591,94.01641019036376,141.84623948606668,182.9681379160883
sleeper:player:11618,sleeper:11618,Jalen McMillan,WR,00-0039855,23.734915843583373,2,developmental,prime,EXACT_NAME_POSITION,MAPPED_2025,PHASE2_ENTRY_SEASON,premium,0.49173553719008267,0.625,77.3,98.4305,1,1,1.2899047488253008,D1,WR|developmental,0.699211427722294,63.38846272848449,44.321937525505064,0.8200318593594371,0.5733756471604795,81.76507909420774,57.17107769128729,1,0.30078857227770595,0.05479163097260713,0.07664946227188836,0.1345712418396034,0.26260663404892454,0.17059245858927063,0.3832239543024585,0.49432239851835125,9.817231626538636,12.663293695390118,28.032419534881782,36.15915107910714,66.50858290330189,85.78973692461031,130.78246318254162,168.6969203222305,D1,WR|developmental,0.5565050881283784,66.14200502244232,36.808362334001906,0.8556533638090856,0.4761754506339186,85.31688637527525,47.47928137111139,1,0.4434949118716216,0.04345137530457999,0.057384480920214635,0.12837508944459614,0.2018873460952783,0.12540679636370933,3.85349582254198,4.970642561075358,13.077510961290038,16.868743491782944,28.71622618010638,37.041196518060644,71.78670637877605,92.59801346051074,141.2299910051031,182.17323607403702
sleeper:player:11620,sleeper:11620,Rome Odunze,WR,00-0039919,23.247568396339418,2,developmental,prime,EXACT_NAME_POSITION,MAPPED_2025,PHASE2_ENTRY_SEASON,elite,0.7892561983471075,0.43333333333333335,129.75,163.5455,1,1,1.2899047488253008,D1,WR|developmental,0.9293142428056004,119.44903032907598,111.00568517412844,0.9206090969485625,0.8555351458507009,154.0778714640525,143.18676045271457,1,0.07068575719439964,0.014638888722480547,0.02464527293873559,0.057205285418801315,0.2791346890512389,0.5536901066743442,13.019605988609612,16.794051592541866,21.880163374885157,28.223326642337785,40.87458866513418,52.7243260254374,80.03932594250288,103.24310662601057,154.59162826089602,199.40847542236534,D1,WR|developmental,0.8630679810898751,108.7445438290364,93.85393389706589,0.8381082376033634,0.7233443845631282,140.27010349391512,121.06263502976115,1,0.13693201891012485,0.020270251026748943,0.04425969644129498,0.09493408522579208,0.25956778302343597,0.44403616537260315,10.921487914222574,14.087679124793828,20.351323034120945,26.251268226590337,38.07080602556662,49.10771348398526,79.10462265726419,102.03742841963856,154.45719490965686,199.23506920420147
sleeper:player:11623,sleeper:11623,Jordan Whittington,WR,00-0039751,24.91769167060241,2,developmental,prime,EXACT_NAME_POSITION,MAPPED_2025,PHASE2_ENTRY_SEASON,starter,0.14049586776859505,0.4642857142857143,32.6,43.6155,1,1,1.2899047488253008,D1,WR|developmental,0.6592644219493282,31.35205839159438,20.669296652456055,0.9617195825642447,0.6340275046765661,40.44116900476571,26.661423906881957,1,0.3407355780506718,0.10863774993122863,0.18029792541658368,0.2131933031706408,0.1338588772675162,0.023276566163358912,2.55366408523426,3.29398343044829,12.52069224785501,16.150500389088307,29.892927710882162,38.55902941055833,67.08759704056007,86.53661000989663,119.48390742089839,154.12285959041944,D1,WR|developmental,0.5088839931559729,33.20605333228416,16.898029016682962,1.0185905930148513,0.518344448364508,42.83264588305954,21.79684787440708,1,0.4911160068440271,0.0858413896384316,0.14060524401727292,0.16234724925932703,0.09169784659667814,0.028392263644263224,4.275225398708926,5.514633544093184,13.2303471796927,17.06588765569304,27.04112162498903,34.880471197635885,70.86716061087621,91.41188700773453,133.21811342888225,171.8386771414628
sleeper:player:11624,sleeper:11624,Xavier Worthy,WR,00-0039894,22.34953489804719,2,developmental,prime,EXACT_NAME_POSITION,MAPPED_2025,PHASE2_ENTRY_SEASON,elite,0.6570247933884298,0.07777777777777778,102.05,129.9705,1,1,1.2899047488253008,D1,WR|developmental,0.9401510024974582,90.71968617744048,85.29020390597547,0.8889729169763888,0.8357687790884417,117.01975401222148,110.01623904659598,1,0.0598489975025418,0.021755266936641187,0.045284099029250686,0.13363789311678415,0.4050446172879592,0.33442912612682296,9.052624231380292,11.677022985388428,18.161954442557068,23.427191283403133,36.813310457763194,47.48566397944885,75.65218012755113,97.58410640551526,145.64715960875532,187.87096283225003,D1,WR|developmental,0.8820320631072541,88.42040626518721,77.98963335886465,0.866442001618689,0.764229626250511,114.05390193452736,100.5991984287436,1,0.11796793689274587,0.026732659469202696,0.07955547537659025,0.13526607482522665,0.33381612278154993,0.3066617306546846,8.885519076184984,11.46147325214881,18.222781864116605,23.505652863331576,35.04408335783275,45.203529541498156,76.91329152671939,99.21081998810011,149.63459986307433,193.01438095195329
sleeper:player:11625,sleeper:11625,Adonai Mitchell,WR,00-0039890,22.899854206451877,2,developmental,prime,EXACT_NAME_POSITION,MAPPED_2025,PHASE2_ENTRY_SEASON,premium,0.43388429752066116,0.4659090909090909,67.2,85.8155,1,1,1.2899047488253008,D1,WR|developmental,0.8305257172310765,62.295185741146966,51.73775381770921,0.9270116925765918,0.769907050858768,80.35485591645964,66.73677434301744,1,0.1694742827689235,0.054877098870462555,0.08817234625584637,0.20335685842446677,0.34247574148602034,0.14164367219428045,5.505033544375905,7.100968911333058,15.02757550116577,19.384141002284476,33.103527074613,42.70039677641022,71.3710381065228,92.06184098219526,133.68728866574997,172.44386850752971,D1,WR|developmental,0.7130715429818273,66.70728569006843,47.567067135146665,0.9926679418164944,0.7078432609396825,86.0460445928653,61.35698578531758,1,0.2869284570181727,0.052485197366978834,0.09344772265226535,0.1637010430128145,0.25781524339323136,0.14562233655653725,7.620394351627361,9.829582862085632,16.80025483821798,21.67072849729261,32.134655197324165,41.450644340892076,75.3380859840474,97.17895487823158,143.6138206959898,185.2481493127025
sleeper:player:11626,sleeper:11626,Xavier Legette,WR,00-0039342,24.589142829763787,2,developmental,prime,EXACT_NAME_POSITION,MAPPED_2025,PHASE2_ENTRY_SEASON,premium,0.40082644628099173,0.375,61.0,80.848,1,1,1.2899047488253008,D1,WR|developmental,0.7804883940094897,57.762416020271964,45.08289531377008,0.9469248527913436,0.7390638576027883,74.50801472817145,58.152640756025924,1,0.21951160599051034,0.054041313617013864,0.08821278077041889,0.20070338498029497,0.31614986157261055,0.12138105306915141,3.253021708824619,4.1960881502446705,12.816349044830183,16.53186949552906,30.817980082533616,39.75225885766365,68.93434563317285,88.91873978939431,130.14943279068314,167.8803714136215,D1,WR|developmental,0.623275548622333,61.7138309184149,38.464721823260945,1.011702146203523,0.6305692102173925,79.60496356986505,49.61582734206848,1,0.37672445137766697,0.0461349474036783,0.08480612230039082,0.1492361010625403,0.22369404113947883,0.1194043367162448,4.516047879455861,5.825271605632545,13.668912329492152,17.63159492508863,28.87222654817625,37.24242213365247,72.03932824423913,92.92387160442867,139.63998481724877,180.1222795416621
sleeper:player:11627,sleeper:11627,Troy Franklin,WR,00-0039868,22.568567458606267,2,developmental,prime,EXACT_NAME_POSITION,MAPPED_2025,PHASE2_ENTRY_SEASON,starter,0.11983471074380166,0.375,32.15,42.433,1,1,1.2899047488253008,D1,WR|developmental,0.7155452129906871,51.56753011779816,36.89889932154355,1.6039667221710159,1.1477107098458337,66.51720198413956,47.5960654612857,1,0.2844547870093129,0.06500373363623012,0.11150550294497863,0.22938794192977097,0.25137383186200135,0.05827420261770602,9.116087955353812,11.75888514432001,19.136171552956924,24.683838560494767,36.44721788090868,47.013439426054525,73.6371389513709,94.98489522328185,125.29607823906296,161.62000632975375,D1,WR|developmental,0.6236222936227978,54.87936115516201,34.223993076136004,1.706978574033033,1.0645098935034527,70.78914856654222,44.14569119267205,1,0.37637770637720225,0.0697559568916548,0.11827036696798787,0.18003365118611728,0.17279647123578074,0.08276584734125704,11.128901466024736,14.35522285023416,20.0721117610571,25.891112279539726,33.68061989226941,43.44479154241821,77.79964140783713,100.35412690887462,139.75089702913846,180.26534573048133
sleeper:player:11628,sleeper:11628,Marvin Harrison,WR,00-0039849,23.05865281285721,2,developmental,prime,EXACT_NAME_POSITION,MAPPED_2025,PHASE2_ENTRY_SEASON,elite,0.6818181818181818,0.14444444444444443,108.45,139.138,1,1,1.2899047488253008,D1,WR|developmental,0.9298976998569936,101.79233767405502,94.65646066617015,0.9386107669345783,0.872811993233473,131.30241975979214,122.09781812028817,1,0.07010230014300645,0.018241767279637087,0.034934613478977444,0.0936485943244107,0.36088858406775814,0.4221841407062102,10.315146613462609,13.305556601534638,19.38717145281675,25.007604523278633,38.0978591010648,49.14260937454069,77.0282274263197,99.35907635080507,147.86105379491107,190.72667545636907,D1,WR|developmental,0.8624524856291574,95.9881998960204,82.78526159139123,0.8850917463902296,0.7633495766841054,123.81563487706896,106.78510205948034,1,0.13754751437084256,0.02263890726248802,0.059807547949415354,0.11874002126562629,0.3030320952392763,0.35823391391235143,9.070559897386211,11.700158286142807,18.426860914841882,23.76889539999787,35.375798240615254,45.63141014405534,77.19533316977945,99.57462684284977,150.41753440464683,194.024291935147
sleeper:player:11629,sleeper:11629,Devontez Walker,WR,00-0039792,24.203097941778406,2,developmental,prime,EXACT_NAME_POSITION,MAPPED_2025,PHASE2_ENTRY_SEASON,starter,0.19421487603305784,0.6964285714285714,35.35,44.3955,1,1,1.2899047488253008,D1,WR|developmental,0.6693169929816789,41.88625091795068,28.035179511678837,1.1849010160664974,0.793074385054564,54.029273969552705,36.16271118628431,1,0.3306830070183211,0.08768686553179399,0.15594644436882626,0.19172441942779672,0.1885466463864399,0.045412617266822025,5.463867555148191,7.047868706338138,15.319036364543578,19.760097754052232,32.836416026286415,42.35584896671006,70.12833203239882,90.4588685157887,124.39530156510008,160.45809022037798,D1,WR|developmental,0.5470241511720675,41.39488741752386,22.644003152434287,1.171001058487238,0.6405658600405739,53.39546185695272,29.20860719874007,1,0.4529758488279325,0.08784312025964959,0.12100786556846647,0.17611317790092748,0.11634841026391037,0.04571157717911358,6.909752700037849,8.912922820987266,15.900539049718574,20.510180829114127,30.12332871406591,38.856224758699156,73.48635371392903,94.79039662945284,136.89755265346156,176.58480327026172
sleeper:player:11631,sleeper:11631,Brian Thomas,WR,00-0039893,22.899854206451877,2,developmental,prime,EXACT_NAME_POSITION,MAPPED_2025,PHASE2_ENTRY_SEASON,elite,0.6735537190082644,0.12222222222222222,108.15,137.8405,1,1,1.2899047488253008,D1,WR|developmental,0.9349907430055865,99.76339644172856,93.27785216381267,0.9224539661740967,0.8624859192215688,128.6852788291268,120.31954446632632,1,0.06500925699441351,0.01858465856456178,0.036694783895996626,0.104389560200976,0.37938918254244086,0.3959325578016112,11.114929940015529,14.337200912486546,20.209761128120434,26.068666851787516,38.89512606276962,50.17100781452526,77.82875128475776,100.39167587735227,148.3638048434472,191.37517642135273,D1,WR|developmental,0.8711918277977176,94.55409196441823,82.37475220423501,0.8742865646270757,0.7616713102564494,121.9657722457673,106.25558405155016,1,0.12880817220228236,0.023673022501312792,0.06533593989821297,0.12176136090736224,0.31340796603927457,0.3470135384515551,9.410642876803813,12.138832936288228,18.762464417643294,24.201791951983818,35.62357925385369,45.951024049700344,77.57845024017693,100.06881137131153,150.64204999261585,194.31389565825356
sleeper:player:11632,sleeper:11632,Malik Nabers,WR,00-0039337,22.097647453404246,2,developmental,prime,EXACT_NAME_POSITION,MAPPED_2025,PHASE2_ENTRY_SEASON,elite,0.8636363636363636,0.6333333333333333,144.1,186.148,1,1,1.2899047488253008,D1,WR|developmental,0.8980292729249982,126.57803727182876,113.6707827794937,0.8784041448426702,0.7888326355273678,163.27361137391784,146.62448250995817,1,0.10197072707500177,0.018128026912045975,0.024631711360151427,0.044219877430042256,0.21051451787371842,0.6005351393490401,12.692920589847745,16.372658545307043,21.39573137437131,27.59845550439203,40.59265716311492,52.3606612421393,79.8827205179965,103.04110054524799,157.03027315856377,202.5540950565656,D1,WR|developmental,0.8306216255877659,111.01168730238597,92.20870816634857,0.7703795093850518,0.6398938804049172,143.194502626457,118.94045054681932,1,0.16937837441223413,0.02067690919582098,0.03586772419163955,0.08994708463462679,0.248611847961841,0.43551805960383755,11.192560348651675,14.437336745239561,20.671261644308316,26.663958559203593,38.9737323241146,50.272402404321554,79.33364737997982,102.33284849706786,156.15194300389462,201.42113281902138
sleeper:player:11635,sleeper:11635,Ladd McConkey,WR,00-0039915,23.806101425765075,2,developmental,prime,EXACT_NAME_POSITION,MAPPED_2025,PHASE2_ENTRY_SEASON,elite,0.7727272727272727,0.3888888888888889,126.55,164.063,1,1,1.2899047488253008,D1,WR|developmental,0.9340932932934598,112.90680564543793,105.46548992059171,0.8921912733736699,0.8333898847932968,145.63902477674566,136.04043628575815,1,0.0659067067065402,0.014213773363657273,0.02546721480908356,0.06297357731292409,0.3022736517782992,0.5291650760294957,9.261324572010608,11.94622654584893,18.155957452722546,23.419455737736925,37.10590626790756,47.86308470444045,76.23960584324603,98.3418296257722,150.2169318400554,193.76553373445398,D1,WR|developmental,0.8649751918574026,104.9808821594832,90.80585868725835,0.8295605069891996,0.7175492586903071,135.4153384333867,117.13090834185374,1,0.13502480814259743,0.020337363608213775,0.04760627339932681,0.09763569347857384,0.26291701172636084,0.4364788496449273,8.421258976608875,10.862621945015482,17.840058692094978,23.011976426255398,35.43426417798434,45.706825634312246,76.60662103851175,98.8152442690365,151.63268732465977,195.59172345722064
sleeper:player:11637,sleeper:11637,Keon Coleman,WR,00-0039901,22.294776757907417,2,developmental,prime,EXACT_NAME_POSITION,MAPPED_2025,PHASE2_ENTRY_SEASON,starter,0.15289256198347106,0.5178571428571429,32.95,41.738,1,1,1.2899047488253008,D1,WR|developmental,0.6879225505418604,50.22390864761646,34.55015933504971,1.524246089457252,1.0485632575128896,64.78405826912856,44.566414598951425,1,0.31207744945813964,0.07224424046247058,0.11273829053613027,0.21122265858763994,0.2319490327825195,0.059768328173100044,8.237491784252008,10.625579770916065,18.174046074552237,23.442788336934747,35.58226815236577,45.89773666371187,72.78421100019806,93.88469940865816,125.62052042697293,162.03850584865808,D1,WR|developmental,0.600615532058021,53.70950578479016,32.2587633935051,1.6300305245763325,0.979021650789229,69.28014656886079,41.610732092514006,1,0.399384467941979,0.07091240077386717,0.11253622430921603,0.17531767431543305,0.16413100895709956,0.07771822370240518,10.450394167947202,13.480013064331324,19.41290750155091,25.040801574756827,33.339107110374655,43.00427258326762,77.0049252207769,99.3290187252173,139.59679249723095,180.06656556295832
sleeper:player:11643,sleeper:11643,Jaylen Wright,RB,00-0039874,22.420720480228887,2,developmental,prime,EXACT_NAME_POSITION,MAPPED_2025,PHASE2_ENTRY_SEASON,premium,0.398876404494382,0.4166666666666667,62.8,70.173,1,1,1.1143068393793185,D1,RB|developmental,0.8241777648438975,72.11976977158034,59.43951065139757,1.148403977254464,0.9464890231114264,80.3635527109338,66.23385324821216,1,0.1758222351561025,0.06789030814054711,0.09878234000120366,0.23228305607266564,0.30623367919364697,0.11898838143583411,13.33046634160172,14.8542298165626,21.993377255809897,24.507370697198514,38.92679312011918,43.3763918088526,86.22166234409835,96.07738805268303,175.78130155804152,195.87430656112411,D1,RB|developmental,0.6975068117609916,71.11080302050136,49.6002694965938,1.13233762771499,0.7898132085444873,79.23925415950018,55.26991953511186,1,0.3024931882390084,0.06352360099401469,0.09165503516967652,0.18501810984371747,0.2475399560352804,0.10977010971830253,10.8253092844743,12.06271617408615,18.910840891148858,21.07247934342126,33.357587111886446,37.17058746396648,85.11522562640782,94.84447805082007,181.63556734422139,202.39775496620868
sleeper:player:11646,sleeper:11646,Jalen Coker,WR,00-0039491,23.838956309848935,2,developmental,prime,EXACT_NAME_POSITION,MAPPED_2025,PHASE2_ENTRY_SEASON,premium,0.5413223140495868,0.7613636363636364,82.2,107.818,1,1,1.2899047488253008,D1,WR|developmental,0.7988760071144251,70.91139005756908,56.64940814812432,0.8626689788025436,0.6891655492472545,91.46893878106158,73.07234058840825,1,0.20112399288557492,0.04670004693453767,0.07081540054317172,0.1473847019719184,0.3287390409724793,0.20523681669231794,3.757965743077648,4.847417857918658,13.08159085763522,16.87400616945331,31.434569250961058,40.54760015409245,69.9772991883064,90.2640505329653,135.9906496278596,175.41498475081372,D1,WR|developmental,0.6689687868364809,72.59743972941162,48.56542118321903,0.8831805319879759,0.590820209041594,93.6437822595266,62.64476741293509,1,0.33103121316351913,0.0490153927764711,0.07092695964051231,0.13489649800825074,0.24076566454065554,0.1733642718705912,6.251053744472337,8.063263910157046,15.50670717653312,20.002175225653442,31.55686153677087,40.70534555430323,74.11831214572473,95.6055628116863,144.53453803598538,186.4357869818886
sleeper:player:11647,sleeper:11647,Kimani Vidal,RB,00-0039391,24.01144445128921,2,developmental,prime,EXACT_NAME_POSITION,MAPPED_2025,PHASE2_ENTRY_SEASON,premium,0.2752808988764045,0.05,47.15,51.9605,1,1,1.1143068393793185,D1,RB|developmental,0.7867223592692092,72.93450276780834,57.37920408961685,1.5468611403564865,1.2169502458031145,81.27141526089866,63.93803955520182,1,0.2132776407307908,0.06463908006019647,0.07237692559959535,0.22764380429542655,0.30237268823623936,0.11968986107775145,12.93245820571768,14.4107266286184,21.792661178875832,24.283711399897502,38.42425274537074,42.816407632206165,85.29985728300687,95.05021436853433,170.66262474193064,190.1705299763594,D1,RB|developmental,0.6129199083694526,63.81171529798627,39.11147069333934,1.3533767825659866,0.8295115735596892,71.10583078907199,43.58217929177181,1,0.38708009163054735,0.06180889195836775,0.07820761174978026,0.19884137313726466,0.1711835556233671,0.1028784759006729,6.912566525057933,7.702720156536584,14.905230294920834,16.609000060154102,28.666272443432963,31.94302344322824,80.80122406432413,90.03735660509716,174.8337364545134,194.81842828550558
sleeper:player:11655,sleeper:11655,Tyrone Tracy,RB,00-0039384,25.77465656378981,2,developmental,prime,EXACT_NAME_POSITION,MAPPED_2025,PHASE2_ENTRY_SEASON,starter,0.21910112359550563,0.8157894736842105,31.8,36.338,1,1,1.1143068393793185,D1,RB|developmental,0.5812017221505836,63.94944909379965,37.167529943897435,2.0109889652138255,1.1687902498080953,71.25930849976051,41.41603281932053,1,0.41879827784941637,0.04116955265249118,0.06833564138202876,0.16900217457597086,0.2287024918159766,0.07399186172411623,7.6090046244201375,8.478765893860222,16.405786169417226,18.281079733976245,32.98204737717237,36.752120969115886,79.16876561322641,88.2182969880364,162.89682037744439,181.51704105973062,D1,RB|developmental,0.40432412042019106,56.837451357884426,22.980752527202014,1.7873412376693216,0.7226651738113841,63.33436078097995,25.60760971514476,1,0.5956758795798089,0.04706640382807218,0.07247563572834356,0.09854390306251345,0.12807877440204715,0.0581594033992147,3.262041217814904,3.6349148393483888,11.184937656066758,12.463452528186473,25.302676666197613,28.194945663747493,75.85573322000346,84.52656233318282,168.63396250149685,187.90997776705348
sleeper:player:1166,sleeper:1166,Kirk Cousins,QB,00-0029604,37.035668083533544,14,veteran,aging,DIRECT_ID,MAPPED_2025,PHASE2_ENTRY_SEASON,starter,0.4344262295081967,0.25,50.42,54.7655,1,1,1.045759529798389,D1,QB|veteran,0.4042807485337149,34.29827604522614,13.866132712980006,0.6802514090683486,0.2750125488492663,35.867749029951035,14.500640426048031,1,0.5957192514662851,0.07054717260282015,0.11920806115875217,0.1310831343887408,0.06083293744669077,0.022609442936710987,0.0,0.0,1.59557631800876,1.6685891400782857,24.96507075292665,26.107460651964086,86.51664846998402,90.47560962370301,227.35480830139176,237.75845742666633,D1,QB|veteran,0.22287465027584275,44.675534346715125,9.957044093410534,0.8860677181022436,0.19748203279275156,46.71986579191259,10.412673749306828,1,0.7771253497241573,0.04797802824420723,0.0603231342261796,0.05419535555484725,0.040322972134816046,0.02005516011579261,0.0,0.0,1.7512904056653582,1.831428631169035,29.117620125764596,30.450028731567695,88.12364575195775,92.15614234568714,235.34859119785395,246.11803206978104
sleeper:player:11783,sleeper:11783,Ryan Flournoy,WR,00-0039410,25.8485800529785,2,developmental,prime,EXACT_NAME_POSITION,MAPPED_2025,PHASE2_ENTRY_SEASON,premium,0.4256198347107438,0.4431818181818182,66.65,85.2805,1,1,1.2899047488253008,D1,WR|developmental,0.7640945113867011,60.890878681949125,46.52638619439082,0.9135915781237678,0.6980703104934856,78.54343357199146,60.01460649782463,1,0.23590548861329885,0.04591402101827065,0.07733052804077784,0.17585287850798276,0.32338827030541406,0.14160881351425583,2.002944771310908,2.583607972148746,11.545091668795962,14.892068569203328,29.597432324210704,38.17786850803485,67.8577802524859,87.53007299242527,129.8819656864768,167.5353643257512,D1,WR|developmental,0.5891362659058565,63.574938546607235,37.45430190054249,0.9538625438350672,0.5619550172624529,82.00561513754533,48.312481885446246,1,0.41086373409414345,0.042244825874118624,0.07380439347014112,0.1321092645243689,0.21228057190043842,0.12869721013678947,2.8616497873146187,3.691255650132039,12.036454611926203,15.525879962943803,27.29700873158091,35.210541191591915,70.59911087603697,91.06612838184404,138.7136626563543,178.9274121873822
sleeper:player:11834,sleeper:11834,Devaughn Vele,WR,00-0039424,27.721308445758638,2,developmental,aging,EXACT_NAME_POSITION,MAPPED_2025,PHASE2_ENTRY_SEASON,premium,0.3925619834710744,0.3522727272727273,58.1,76.688,1,1,1.2899047488253008,D1,WR|developmental,0.6197130079330774,47.02273985938707,29.140603559515377,0.8093414777863523,0.5015594416439824,60.654855447400145,37.58860291505435,1,0.3802869920669226,0.055852911099241,0.10143401302324546,0.18372203841798532,0.20417714119202987,0.07452690420057571,0.46480222513297775,0.5995505974635946,10.023925668095181,12.9299093211478,28.01467639109029,36.13626411367141,66.04638541894772,85.19354619464677,127.01185543438328,163.83319548192358,D1,WR|developmental,0.40384711512744487,50.220632311293755,20.281457478792127,0.8643826559603056,0.3490784419757681,64.77983210734716,26.161148314992378,1,0.5961528848725551,0.028661236878881457,0.07287698909048507,0.10553920709204562,0.13761443736925574,0.05915524469677699,0.0,0.0,8.604431878227047,11.09889754066887,23.837841063771002,30.748544389900974,66.83093918280264,86.20554582035199,134.2512146171296,173.1712792702001
sleeper:player:12048,sleeper:12048,George Holani,RB,00-0039299,25.711684702629075,2,developmental,prime,EXACT_NAME_POSITION,MAPPED_2025,PHASE2_ENTRY_SEASON,premium,0.29775280898876405,0.11666666666666667,48.95,55.008,1,1,1.1143068393793185,D1,RB|developmental,0.7686601275393948,42.59949488010212,32.744533167653096,0.8702654725250688,0.6689383691042512,47.468908499002055,36.48745726099879,1,0.23133987246060517,0.10785838708428985,0.1613104481166741,0.2608205539850493,0.19102502296841384,0.04764571538496778,4.265203702943765,4.752745657536233,13.080881763727746,14.57611601443403,29.771977577909695,33.17511823691249,76.69564607184691,85.46248296847457,162.8369093917418,181.45028183860828,D1,RB|developmental,0.537644401283121,37.04788988586742,19.918590576490182,0.7568516830616429,0.4069170699997994,41.282717084393944,22.195421710179453,1,0.46235559871687903,0.07870233707969325,0.10837538063031386,0.19987282633744655,0.1124008147105393,0.03829304252512802,0.0,0.0,7.8190439951609605,8.71281420121565,21.742538388744514,24.2278592320454,73.70978039068459,82.13531241848742,168.18764754893905,187.41264596290105
sleeper:player:12467,sleeper:12467,Jordan James,RB,00-0040177,21.42686023669206,1,developmental,young,EXACT_NAME_POSITION,MAPPED_NO_2025_ROW,APPROVED_2025_ROSTER_FIRST_OBSERVED_FALLBACK,starter,0.19662921348314608,0.7105263157894737,30.1,32.118,0,0,1.1143068393793185,D1,RB|developmental,0.6845778818746385,95.7529081436353,65.55032304030668,3.1811597389912056,2.1777515960234775,106.69812043491245,73.04317328733745,1,0.3154221181253615,0.08238323972526722,0.14973178728481612,0.03211441503675654,0.16753476478549226,0.2528136750423064,18.114004273934903,20.18455885099187,26.945430223543767,30.02547718811302,43.46747029938081,48.43609944511743,89.57396532522716,99.81288219222655,172.54113985936678,192.26377221959595,D1,RB|developmental,0.5914602774755442,76.67619643751492,45.35092442070191,2.5473819414456784,1.5066752299236514,85.44081010791501,50.5348452541627,1,0.4085397225244558,0.07086800192163545,0.09208354074558839,0.11925664558255064,0.1800383891415208,0.1292137000842489,12.94530484611061,14.425041727871289,20.851095411027046,23.23451822505816,34.849517085887996,38.83305523787141,85.4571249729795,95.22545883108421,177.7820323580746,198.10373457535783
sleeper:player:12469,sleeper:12469,Dylan Sampson,RB,00-0040162,20.964153952511,1,developmental,young,EXACT_NAME_POSITION,MAPPED_2025,PHASE2_ENTRY_SEASON,premium,0.46629213483146065,0.6166666666666667,71.65,89.493,1,0,1.1143068393793185,D1,RB|developmental,0.9078082742040011,97.17519785007143,88.2164486557057,1.3562483998614294,1.2312135192701423,108.28298758237304,98.30019208280736,1,0.09219172579599888,0.03992687865519856,0.07811451715615438,0.15844939834217142,0.3869504649808522,0.24436701506962455,16.379965614011923,18.252307712491543,24.921142193741453,27.769799191630614,42.02673972790966,46.83068351562425,89.50433917571647,99.73529729762714,181.37835610984013,202.11114272857245,D1,RB|developmental,0.852125668216625,91.92041055282,78.32774126506825,1.2829087306743894,1.0931994593868561,102.42754215756221,87.28113780479923,1,0.14787433178337495,0.04694331262953479,0.08325333141633806,0.17147171329591532,0.33581256624880496,0.21464474462603195,13.77748886810648,15.352350075203477,21.911134271663634,24.41572677747337,36.79354608862363,40.99930005157148,88.18366007928631,98.26365554784971,186.04961358707743,207.31635688395977
sleeper:player:12470,sleeper:12470,Riley Leonard,QB,00-0040206,22.96830188162659,1,developmental,young,EXACT_NAME_POSITION,MAPPED_2025,PHASE2_ENTRY_SEASON,usable,0.3524590163934426,0.6538461538461539,8.67,9.298,1,0,1.045759529798389,D1,QB|developmental,0.4740071829773531,62.537878184160874,29.643403467454963,7.213134738657541,3.419077677907147,65.39958208445701,30.999871671749638,1,0.5259928170226469,0.0739880973402822,0.15386759921728016,0.11522162315874253,0.088503323995773,0.04242653926527525,13.305800566374202,13.914667743882625,23.17485349165574,24.23532389058046,46.81889944368718,48.96131026790836,105.20273251768148,110.01676009119628,244.84043717013338,256.0442204506707,D0,QB|developmental,0.503277561867124,113.62233586213766,57.18357216634413,13.105229049842867,6.595567723915124,118.82164052578372,59.80026554086828,1,0.496722438132876,0.06588430795549148,0.13298581949846905,0.09976679897948482,0.11792471457560826,0.08671592085807041,113.62233586213766,118.82164052578372,113.62233586213766,118.82164052578372,113.62233586213766,118.82164052578372,113.62233586213766,118.82164052578372,113.62233586213766,118.82164052578372
sleeper:player:12471,sleeper:12471,DJ Giddens,RB,00-0040179,22.01824815020158,1,developmental,prime,EXACT_NAME_POSITION,MAPPED_2025,PHASE2_ENTRY_SEASON,starter,0.15168539325842698,0.5,23.65,26.158,1,0,1.1143068393793185,D1,RB|developmental,0.6388212651859867,51.814516109987316,33.10021473638179,2.1908886304434385,1.399586246781471,57.73726968048875,36.883795665674334,1,0.3611787348140133,0.10436064337126402,0.1393550637103832,0.19242756399666192,0.15722158442641015,0.04545640968126743,13.949941970276669,15.544515746423897,22.775300129228818,25.378672702916347,39.22919117824698,43.713356033239435,84.92996777060264,94.63804395504762,166.50973263715076,185.54293390079883,D1,RB|developmental,0.5545252008193865,50.85019474959781,28.19771445522564,2.150113942900542,1.192292365971486,56.662719793247156,31.420906072323003,1,0.4454747991806135,0.09527572232734126,0.09004717760134073,0.1878322240735247,0.13207277627970762,0.04929730053747217,10.534554413037803,11.738726032261606,18.392570645979994,20.494967264582797,32.481338732746686,36.194177902096,82.33501432291517,91.74646958041852,173.69251426658036,193.54675659624036
sleeper:player:12472,sleeper:12472,Raheim Sanders,RB,00-0040466,23.233878861304476,1,developmental,prime,EXACT_NAME_POSITION,MAPPED_2025,PHASE2_ENTRY_SEASON,starter,0.2303370786516854,0.868421052631579,32.75,35.0455,1,0,1.1143068393793185,D1,RB|developmental,0.5806358521335016,66.92780810601691,38.8606848910646,2.0435971940768525,1.1865857982004457,74.57811431720124,43.30272695707783,1,0.41936414786649845,0.06598187021832054,0.09073559542236627,0.14377719056191182,0.19563967008847147,0.08450152584243142,12.478169736491353,13.904509880308343,21.25879035741832,23.68881549220234,37.86154119468804,42.189374302682694,84.09215078507928,93.70445875793078,168.19857525973208,187.42482278577648,D1,RB|developmental,0.48953478104305315,59.76355500473765,29.256338813598706,1.8248413741904626,0.8933233225526322,66.59493808740126,32.60053843519166,1,0.5104652189569469,0.06893762743598716,0.06997193658292823,0.13765322522805024,0.14987451434470192,0.0630974774513856,8.82325172850171,9.83180974663485,16.754910108805795,18.67011092742798,30.927238043886447,34.462432875414926,81.4663186781373,90.77847608210351,174.47214530229027,194.41550479152428
sleeper:player:12474,sleeper:12474,Woody Marks,RB,00-0040583,24.67401794698043,1,developmental,prime,EXACT_NAME_POSITION,MAPPED_2025,PHASE2_ENTRY_SEASON,premium,0.5224719101123596,0.7833333333333333,91.05,103.6705,1,0,1.1143068393793185,D1,RB|developmental,0.8276100616927858,96.8465850088908,80.15120819394375,1.0636637562755717,0.8802988269516062,107.91681204593759,89.3130394750272,1,0.17238993830721416,0.03594771382711453,0.054847874336357856,0.13091372665920153,0.34794082516424724,0.2579599217058647,9.131600952283499,10.1754053956122,17.648147558215612,19.665451526495076,34.85615660943561,38.84045370437074,82.73605107621918,92.19334757746766,176.40176464087375,196.56569281790647,D1,RB|developmental,0.6955104688075815,86.49256763964061,60.1564862674179,0.9499458280026427,0.6606972681759242,96.37925967632985,67.03278408081181,1,0.3044895311924185,0.05263513437429315,0.059384576532420644,0.12069188686944549,0.27593604800384036,0.18686282302758184,5.227352841370795,5.82487502298839,13.414918196853051,14.94833509646743,28.325035388669725,31.562780659255907,80.28861998730439,89.46615837618033,179.33785652604408,199.83740008659785
sleeper:player:12481,sleeper:12481,Cam Skattebo,RB,00-0040715,23.570641423164062,1,developmental,prime,EXACT_NAME_POSITION,MAPPED_2025,PHASE2_ENTRY_SEASON,elite,0.8258426966292135,0.5694444444444444,192.0,216.198,1,0,1.1143068393793185,D1,RB|developmental,0.9326566683298105,147.11459999993065,137.20741269860807,0.7662218749996388,0.7146219411385837,163.9308049524754,152.89115838359973,1,0.06734333167018947,0.017656103870407034,0.02365765622184671,0.050097221643219086,0.24691184112284623,0.5943338454714915,11.645076168712933,12.976188019889932,19.70700946517931,21.959655430762272,37.64000662044401,41.94251681144359,86.64550746988877,96.54968157518888,190.5597732710798,212.34205866653647,D1,RB|developmental,0.8757036054085642,125.00785745890805,109.46983148116566,0.6510825909318128,0.5701553722977378,139.2971105426162,121.98298192516432,1,0.12429639459143582,0.025088385526770472,0.03577440883691934,0.09808517073952144,0.2921208683718209,0.424634771933532,8.45478026536491,9.421219475145408,16.87563014006357,18.804630083908602,33.339401700929855,37.150323336160625,84.7164148100171,94.40008043049744,189.89604894414066,211.60246610956574
sleeper:player:12482,sleeper:12482,Savion Williams,WR,00-0040009,23.7759844486882,1,developmental,prime,EXACT_NAME_POSITION,MAPPED_2025,PHASE2_ENTRY_SEASON,starter,0.05371900826446281,0.08928571428571429,20.7,25.9605,1,0,1.2899047488253008,D1,WR|developmental,0.691018762851998,26.701131801448263,18.45098306418492,1.2899097488622349,0.8913518388495132,34.441916709698376,23.80001067498733,1,0.30898123714800196,0.13419559979182608,0.21626645159410945,0.20328980982317793,0.11853772938330082,0.018729172259583766,1.5940641209264896,2.0561908795151074,11.556291138943386,14.906514818930818,28.79324830972378,37.14054772881877,65.2270678167466,84.13670452877139,114.93226069605582,148.2516688650699,D1,WR|developmental,0.5803180423353073,29.738756587973953,17.257937004619265,1.436654907631592,0.8337167635081771,38.3601633469873,22.26109489718628,1,0.41968195766469274,0.10664274979188813,0.15028822510095075,0.20278121870104743,0.0935841924940691,0.02702165624735182,3.088267072572222,3.983570362551719,11.95239133897654,15.417446347964235,25.907419150718084,33.4181029923188,68.35696591193283,88.17397494509137,128.84563829090058,166.19860069685967
sleeper:player:12483,sleeper:12483,Jack Bech,WR,00-0040729,22.705462808955694,1,developmental,prime,EXACT_NAME_POSITION,MAPPED_2025,PHASE2_ENTRY_SEASON,premium,0.26859504132231404,0.011363636363636364,43.85,58.6455,1,0,1.2899047488253008,D1,WR|developmental,0.8489205329435231,40.971482213935964,34.781532516540594,0.9343553526553241,0.7931934439347912,52.84930947416735,44.86486396450733,1,0.1510794670564769,0.09812373633890555,0.17354770836134775,0.30020415664886824,0.20551904958068148,0.07152588201372004,3.252912498874501,4.195947279811395,13.013731220592113,16.786473701377844,30.6997132117014,39.59970585934846,68.32329940657436,88.13054835995312,125.07249171077368,161.33160100514004,D1,WR|developmental,0.7445006885027098,46.281395082204504,34.45653050356718,1.0554480064356786,0.7857817674701751,59.69859129879551,44.44564232459514,1,0.2554993114972902,0.09305819417409078,0.12970109975662206,0.21709700050121392,0.23844665653135177,0.06619773753943126,4.641521752641282,5.987120950507922,13.692584302304219,17.66212951523298,28.22159420721661,36.40316838730931,71.63677756888583,92.40461957664762,136.56481953650538,176.1556092426085
sleeper:player:12487,sleeper:12487,Terrance Ferguson,TE,00-0040737,22.4891681554036,1,developmental,prime,EXACT_NAME_POSITION,MAPPED_2025,PHASE2_ENTRY_SEASON,premium,0.4453125,0.62,49.3,62.6605,1,0,1.3587707610638076,D1,TE|developmental,0.901311719310202,52.03747366505556,46.901984857610586,1.055526849189768,0.9513587192213101,70.70699769570538,63.729045660378716,1,0.09868828068979796,0.04894278059112537,0.07342071969045831,0.17193160991213222,0.3567495876856584,0.25026702143082774,7.063580410295479,9.597786529932591,14.346964319522726,19.494235627393188,24.511881722831333,33.306028183637565,50.129086857809796,68.11393750121994,93.52015562303592,127.07245303071824,D1,TE|developmental,0.8464188248713935,56.6458721223941,47.946132515652046,1.1490034913264524,0.9725381849016643,76.96875477486856,65.1478029683587,1,0.15358117512860647,0.05965138232655281,0.05579078494772085,0.1899622574285391,0.30035614919562287,0.2406582509729579,10.63173461540503,14.44609013480232,16.288099116445302,22.131792832735115,24.389492692201024,33.13972954734216,55.241156791711376,75.06006865591878,104.6218224062182,142.15707325477962
sleeper:player:12489,sleeper:12489,RJ Harvey,RB,00-0040730,24.572715387721857,1,developmental,prime,EXACT_NAME_POSITION,MAPPED_2025,PHASE2_ENTRY_SEASON,premium,0.5674157303370787,0.9166666666666666,112.95,134.4805,1,0,1.1143068393793185,D1,RB|developmental,0.8555068790498427,109.66875610596006,93.82237526548826,0.9709495892515277,0.8306540528153011,122.20464499509369,104.54691444514657,1,0.14449312095015732,0.02379727571504245,0.0437936294832571,0.09759381587358543,0.36500189345049117,0.32532026452746654,10.391674419964644,11.579513878769715,18.902922738465655,21.063656091731115,36.18515826796967,40.3213693420217,84.4337766533932,94.08513479950186,179.5071640907903,200.02606066395325,D1,RB|developmental,0.7411117606569666,91.96199373876797,68.15411509326327,0.8141832114986097,0.6034007533710781,102.47387858606722,75.94459658026851,1,0.2588882393430334,0.047620665251951536,0.06155114259961564,0.10623891572621275,0.32021377238309556,0.2054872646960911,6.547395230340079,7.295807285287479,14.780689265473143,16.4702231392572,29.650080445965216,33.03928742908604,82.23742529550195,91.6377254597236,182.24490426057847,203.0767432595917
sleeper:player:12490,sleeper:12490,Bhayshul Tuten,RB,00-0040719,23.546000260101167,1,developmental,prime,EXACT_NAME_POSITION,MAPPED_2025,PHASE2_ENTRY_SEASON,elite,0.7247191011235955,0.3194444444444444,162.7,180.0655,1,0,1.1143068393793185,D1,RB|developmental,0.9556180911120714,123.57987388387895,118.09516318078292,0.7595566925868406,0.725846116661235,137.70589867843992,131.59424802996307,1,0.04438190888792859,0.023292654595418297,0.03869859914258955,0.09501814331130476,0.3632977882296108,0.435310905833148,12.48584769031767,13.913065476769447,20.748443016510997,23.120131959770262,38.41351068754716,42.80443768370435,87.2036999317931,97.17167925317887,187.6141996339452,209.05978581678195,D1,RB|developmental,0.908215290963625,110.59795897662623,100.44675749193965,0.6797661891618084,0.6173740472768264,123.2400621090479,111.92850886674415,1,0.09178470903637503,0.031234497028193448,0.0516571197989017,0.1460484452494664,0.3182478390820136,0.36102738980504984,8.23082808435705,9.171668028154436,16.582757774664316,18.478280404079015,32.31418486715199,36.00791720643513,84.44932619536819,94.10246176047382,187.62510571637065,209.0719385390195
sleeper:player:12492,sleeper:12492,Pat Bryant,WR,00-0040134,22.7273660650116,1,developmental,prime,EXACT_NAME_POSITION,MAPPED_2025,PHASE2_ENTRY_SEASON,premium,0.32644628099173556,0.17045454545454544,52.7,69.7655,1,0,1.2899047488253008,D1,WR|developmental,0.8293174333746393,57.721193007650314,47.869191636426734,1.095278804699247,0.9083338071428222,74.45484096842989,61.74669761425522,1,0.17068256662536074,0.06401996206977828,0.10413464221487184,0.21061523586442582,0.32167073106024036,0.12887686216532296,4.858299805333893,6.266743990117223,14.555697047857123,18.775462744493314,32.36748753582134,41.75097587999968,70.28146367657438,90.65639375080617,128.94351290969803,166.32484963243596,D1,WR|developmental,0.7342220584535855,62.925760073762035,46.201481091114005,1.194037193050513,0.8766884457516888,81.16823674258715,59.5955098621903,1,0.26577794154641454,0.059855492765464306,0.08430887663971949,0.1856742513869524,0.2670118838551253,0.1373715538063239,6.3682879318363135,8.214484845162515,15.468024904525244,19.95227877929513,30.191715769748427,38.94443754658222,73.76155744677739,95.14538323134839,139.87739899083473,180.42852121160905
sleeper:player:12493,sleeper:12493,Oronde Gadsden,TE,00-0040189,22.187998384634867,1,developmental,prime,EXACT_NAME_POSITION,MAPPED_2025,PHASE2_ENTRY_SEASON,premium,0.5703125,0.94,65.45,86.5655,1,0,1.3587707610638076,D1,TE|developmental,0.9207039914151746,64.6709467762941,59.542798825532294,0.9880969713719495,0.9097448254473994,87.87299156994213,80.9050140760377,1,0.07929600858482544,0.04139932154977008,0.043491782640350814,0.1591994412877241,0.24595832886114571,0.4306551170761838,6.989608977678898,9.49727631013918,14.069759252574883,19.117577487605722,24.541908965262643,33.3468283226886,50.571101567938086,68.71453416530234,98.21332974325153,133.44940080184858,D1,TE|developmental,0.8777709085157815,67.14427618289251,58.93729230669211,1.0258865726950728,0.9004933889486952,91.23367925010734,80.08226952260412,1,0.12222909148421846,0.04768108808991837,0.04495926996744977,0.136948297596316,0.3060741518141648,0.3421081010479326,11.131376470172583,15.12498887806416,16.88099827140511,22.937406868753943,25.692039284511722,34.90959177189723,56.119732065820266,76.25385104977157,108.01351461419665,146.76560545750868
sleeper:player:12495,sleeper:12495,Ollie Gordon,RB,00-0040198,21.62946535520921,1,developmental,young,EXACT_NAME_POSITION,MAPPED_2025,PHASE2_ENTRY_SEASON,starter,0.16292134831460675,0.5526315789473685,24.45,27.713,1,0,1.1143068393793185,D1,RB|developmental,0.820727245412364,57.583852852465,47.2606369318345,2.3551678058267895,1.9329503857601023,64.16608107131403,52.66285096656599,1,0.17927275458763603,0.0805230270707116,0.18290995997040543,0.25651264780402516,0.2481752055431407,0.05260640502408108,16.427191535174217,18.304931879438676,25.23841456008485,28.123337959393123,41.71771204699402,46.48633185722243,87.46897357141164,97.46727548411285,169.42349643427332,188.78976082826833,D1,RB|developmental,0.7470783954845075,51.84195035937172,38.730001093266914,2.1203251680724633,1.5840491244689945,57.76783985221103,43.15710510739581,1,0.2529216045154925,0.09342698181214538,0.1608125942406084,0.25455746232556764,0.1788551459635097,0.059426211142676356,12.445204445135126,13.867776430687968,20.312347219250434,22.63418743025824,34.44686032615335,38.38437205657678,84.30976072007653,93.9469429968151,175.89649149827454,196.00266349935347
sleeper:player:12496,sleeper:12496,Tai Felton,WR,00-0040154,22.467264899347693,1,developmental,prime,EXACT_NAME_POSITION,MAPPED_2025,PHASE2_ENTRY_SEASON,usable,0.012396694214876033,0.16666666666666666,5.6,8.0605,1,0,1.2899047488253008,D1,WR|developmental,0.6189836136472485,17.46537939039481,10.810783648786757,3.1188177482847874,1.9304970801404924,22.5286758157058,13.94488116709295,1,0.3810163863527515,0.19543671347062447,0.21854930903734293,0.1431082609521067,0.05424480707207856,0.007644523115095865,1.2343599703765165,1.5922067875485262,10.606921630388108,13.681918581455422,28.093532662365753,36.23798119246428,62.25323070297232,80.30073791348102,111.72415784927531,144.11352176828774,D1,WR|developmental,0.5178547650563788,24.97157458219884,12.931648888352422,4.459209746821222,2.3092230157772184,32.210952639223464,16.68059531122721,1,0.48214523494362116,0.11598608260594818,0.17553009125886337,0.13580442468564344,0.07076236424085101,0.01977180226507281,2.5701996672437346,3.315312756206901,11.285276038395473,14.556931153730698,27.873291717601965,35.9538913519277,62.940301609208525,81.1869939382148,122.06854177842553,157.45679172217072
sleeper:player:12497,sleeper:12497,Tory Horton,WR,00-0040648,22.757483042088474,1,developmental,prime,EXACT_NAME_POSITION,MAPPED_2025,PHASE2_ENTRY_SEASON,starter,0.25206611570247933,0.9464285714285714,41.9,52.9755,1,0,1.2899047488253008,D1,WR|developmental,0.6965830754772677,61.717531266922,42.99138774077696,1.472972106609117,1.0260474401140085,79.60973666697667,55.454795205418016,1,0.3034169245227323,0.06273790084763928,0.0959163473626637,0.14014167233453162,0.2702595024519044,0.12752765248052875,7.453671508454391,9.614526274939163,17.236798887425003,22.233828739436174,34.88459614115918,44.99780622333399,72.43884572125788,93.43921109527386,128.6340404091771,165.92565958438317,D1,WR|developmental,0.640630802937209,63.0511372771797,40.39250069998382,1.5048004123431908,0.9640214964196616,81.32996139267004,52.10247846983842,1,0.359369197062791,0.08284996096056559,0.0711621721249735,0.1719171069500002,0.1842120299323262,0.13048953296934354,9.716367052760681,12.533188002685694,18.75427641757401,24.191230211811067,33.20937879434027,42.836935412357754,76.6283405734631,98.84326040031253,141.22038840842293,182.16084963897822
sleeper:player:12498,sleeper:12498,Mason Taylor,TE,00-0040736,21.317343956412522,1,developmental,young,EXACT_NAME_POSITION,MAPPED_2025,PHASE2_ENTRY_SEASON,premium,0.5546875,0.9,59.45,84.028,1,0,1.3587707610638076,D1,TE|developmental,0.9231412842102462,65.61337997675919,60.570419853120335,1.1036733385493556,1.018846423097062,89.15354224698987,82.30131548177867,1,0.07685871578975378,0.03246408601378079,0.04551708782190324,0.12880182203807616,0.2568864399194884,0.4594718484169976,5.673955608083901,7.709604979838421,12.743726112807373,17.31580242908799,23.196605507914015,31.518869320085237,49.05782935513099,66.65834412900973,96.23246067015256,130.75785382382614,D1,TE|developmental,0.8819514578708412,67.35268016726063,59.401794465024,1.1329298598361754,0.9991891415479225,91.51685249055595,80.71342147379653,1,0.11804854212915883,0.03143764323407367,0.04531567651509827,0.13148025685347464,0.3062404809165746,0.36747740035162,9.269248181277227,12.594783405763373,15.000772465631478,20.382611019671092,23.87932811464747,32.44653283603192,53.95019493094988,73.30594742586754,105.50098352396155,143.35165167583347
sleeper:player:12499,sleeper:12499,Elic Ayomanor,WR,00-0040170,22.24823233878861,1,developmental,prime,EXACT_NAME_POSITION,MAPPED_2025,PHASE2_ENTRY_SEASON,starter,0.08677685950413223,0.23214285714285715,23.4,30.903,1,0,1.2899047488253008,D1,WR|developmental,0.7116280949528591,44.66965859045968,31.78818404492344,1.9089597688230635,1.3584694036292069,57.619604744238835,41.003729556079406,1,0.28837190504714094,0.08075625286152013,0.12999841116837887,0.22501151363538618,0.22659531585610695,0.04926660143146691,5.968571237605005,7.698888383088798,15.903147960924933,20.513546076068472,33.207402326765006,42.83438595744653,69.83511962377379,90.08065243748877,120.61805779652127,155.58580554581738,D1,WR|developmental,0.6435036253345838,49.269925868264856,31.705375916194626,2.1055523875326863,1.354930594709172,63.55351135174537,40.896914957590774,1,0.35649637466541617,0.08099462012964435,0.11165244670230344,0.2045823767423243,0.17109525540526543,0.07517892635504629,8.20275792772673,10.580776404439092,17.096242266543364,22.05252408668211,31.12501294247301,40.14830200174489,73.76132070351244,95.14507785508667,134.93566267142174,174.05415206575577
sleeper:player:12500,sleeper:12500,Quinn Ewers,QB,00-0040234,22.467264899347693,1,developmental,young,EXACT_NAME_POSITION,MAPPED_2025,PHASE2_ENTRY_SEASON,depth,0.13934426229508196,0.6538461538461539,4.14,4.2755,1,0,1.045759529798389,D1,QB|developmental,0.36804643366623924,61.83008886369305,22.756343699548882,14.93480407335581,5.496701376702629,64.65940465748825,23.79766328717077,1,0.6319535663337608,0.07166261878260576,0.12066629703194974,0.0886463960077247,0.05441152279930213,0.03265959904465692,17.2804857191676,18.071232620364487,27.40198138549723,28.655883169241793,50.57251215717803,52.886686534213815,107.94781189435618,112.88745300940687,240.50532388337353,251.51073441828598,D0,QB|developmental,0.4459516048614607,92.81750037736813,41.39211325251655,22.41968608148989,9.99809498853057,97.0647855516983,43.28619689231338,1,0.5540483951385393,0.06606786551968692,0.11855096230011467,0.10844870018238406,0.08467321647836451,0.06821086038091047,92.81750037736813,97.0647855516983,92.81750037736813,97.0647855516983,92.81750037736813,97.0647855516983,92.81750037736813,97.0647855516983,92.81750037736813,97.0647855516983
sleeper:player:12501,sleeper:12501,Matthew Golden,WR,00-0040667,22.086695825376292,1,developmental,prime,EXACT_NAME_POSITION,MAPPED_2025,PHASE2_ENTRY_SEASON,premium,0.5743801652892562,0.8522727272727273,93.25,118.4205,1,0,1.2899047488253008,D1,WR|developmental,0.8704162939705005,76.6710633435646,66.73574281028299,0.8222097945690573,0.7156648022550455,98.89836870434942,86.08275156736795,1,0.12958370602949953,0.0500623476150633,0.08592444692360943,0.14499330884847877,0.3562570347261026,0.2331791558572464,8.152147666078974,10.515493987600362,17.452568061610037,22.512150421867563,35.870466596964334,46.26948520600362,74.62156386373485,96.25470959260204,141.70473372672046,182.7856089651215,D1,WR|developmental,0.8024289811300362,75.14199850653246,60.29611730167155,0.8058123164239406,0.6466071560500971,96.92602070979989,77.77624804315352,1,0.19757101886996375,0.06492709179330435,0.072443017534588,0.18858977216276923,0.27505778430338396,0.2014113153359907,9.99897793519316,12.897729122005058,19.28479154873898,24.87554419882444,35.389280913753915,45.64880150816376,78.18840627451385,100.85559655657737,149.29388643506368,192.5748930831738
sleeper:player:12502,sleeper:12502,Gunnar Helm,TE,00-0040584,22.98746723067551,1,developmental,prime,EXACT_NAME_POSITION,MAPPED_2025,PHASE2_ENTRY_SEASON,premium,0.5859375,0.98,65.7,91.3155,1,0,1.3587707610638076,D1,TE|developmental,0.9042680077448698,61.41983141632272,55.53998859086391,0.9348528373869516,0.8453575127985374,83.45547107796759,75.46611256708334,1,0.09573199225513018,0.0505506698957313,0.048006814440853675,0.1915790101275526,0.219560862116456,0.39457065116427625,6.696915093913731,9.09957241893686,13.733089349851568,18.660120267655085,24.25357346605564,32.955046476989395,50.273816626665216,68.3105920793962,98.48055080309986,133.81249296471097,D1,TE|developmental,0.8496258240167623,63.49104181506574,53.94362871980795,0.9663781098183521,0.8210597978661788,86.26977120779091,73.29702545015691,1,0.15037417598323766,0.04806611801628633,0.05087373346832124,0.1397196443175927,0.30849617548335256,0.30247015273120953,9.853449168149915,13.3885786253106,15.611385600249584,21.212294293311693,24.5922107193461,33.41517687536742,54.75421005047164,74.39841966172693,106.94715686872843,145.31666973213254
sleeper:player:12503,sleeper:12503,Isaiah Bond,WR,00-0040782,21.4651909347899,1,developmental,young,EXACT_NAME_POSITION,MAPPED_2025,PHASE2_ENTRY_SEASON,starter,0.10330578512396695,0.30357142857142855,24.0,31.2455,1,0,1.2899047488253008,D1,WR|developmental,0.7432530863818044,48.33868108909327,35.92787391109434,2.014111712045553,1.4969947462955975,62.35229428877317,46.34353517311722,1,0.25674691361819557,0.06765714362204193,0.13788166769028867,0.21251213992330942,0.25987964973493793,0.06532248541122648,6.235466626717333,8.043158012944367,16.13567719072948,20.813486633834046,33.48456345038354,43.19189740699183,70.14237238818507,90.47697923739257,121.5008050993136,156.72446548370192,D1,WR|developmental,0.682754049397132,53.80881716622705,36.73818781351143,2.2420340485927936,1.5307578255629763,69.40824879138864,47.38876292388419,1,0.317245950602868,0.0580082523662218,0.1196363905223537,0.21509021934649586,0.19617952891721846,0.09383965824484225,8.68508399754338,11.202931092377833,17.589551427277264,22.68884591575179,31.744868551950276,40.94785669599561,74.23930719263522,95.76163489728049,135.73992074973205,175.09156838024936
sleeper:player:12506,sleeper:12506,Harold Fannin,TE,00-0040663,21.11747674490236,1,developmental,young,EXACT_NAME_POSITION,MAPPED_2025,PHASE2_ENTRY_SEASON,elite,0.9296875,0.8269230769230769,110.4,151.8455,1,0,1.3587707610638076,D1,TE|developmental,0.9800299270025083,98.95078041649847,96.97472610842223,0.8962933008740803,0.8783942582284622,134.45142721438333,131.76642239829516,1,0.01997007299749165,0.005985836370609325,0.010694856604484555,0.018501161631891232,0.1007363535607197,0.8441117188348035,3.8854042857051567,5.279373738328175,10.211481481594255,13.875062464334803,21.657703656371368,29.42785448006213,48.31876902052534,65.65413055568554,108.48576919982115,147.40729118023356,D1,TE|developmental,0.9654853346386673,91.78213741843079,88.6143076592858,0.8313599403843368,0.802665830247154,124.71088471210417,120.40653025935016,1,0.03451466536133274,0.010861266385555046,0.01779541703913048,0.051998602562464774,0.14585684115336064,0.7389732074981563,4.482842347370401,6.091155108065545,10.47002274898444,14.226360778992968,22.06248562066449,29.9778603777496,49.32686644398754,67.02390385898974,108.30896132119395,147.16704980442918
sleeper:player:12507,sleeper:12507,Omarion Hampton,RB,00-0040666,22.464526992340705,1,developmental,prime,EXACT_NAME_POSITION,MAPPED_2025,PHASE2_ENTRY_SEASON,elite,0.8932584269662921,0.7361111111111112,218.6,243.8555,1,0,1.1143068393793185,D1,RB|developmental,0.9481077880491718,154.82015404971952,146.78619380151162,0.7082349224598331,0.6714830457525691,172.51715653136216,163.5648596794825,1,0.05189221195082816,0.016969238609951223,0.021326704836959018,0.04484288714537697,0.2309679873128191,0.6340009701440655,13.739053127616984,15.309520866699422,21.678783955267825,24.15681723078157,39.78421309221316,44.331820747977346,88.97092047344819,99.14090518943675,195.20039861606438,217.51313922744978,D1,RB|developmental,0.909543444965885,130.55545463678828,118.74585796943174,0.597234467688876,0.5432106951941068,145.47883602004956,132.31932168330295,1,0.09045655503411498,0.024469720693032205,0.03909417210709458,0.08990287031166144,0.30736240695200523,0.44871427490209154,11.64288282356744,12.97374396039319,20.11176224092427,22.410674217032646,37.01324311204898,41.24410994736564,88.01737030489791,98.07835771492988,194.5422387497815,216.77974718704579
sleeper:player:12508,sleeper:12508,Jaxson Dart,QB,00-0040691,22.30572838593537,1,developmental,young,EXACT_NAME_POSITION,MAPPED_2025,PHASE2_ENTRY_SEASON,elite,0.7786885245901639,0.55,286.81,298.428,1,0,1.045759529798389,D1,QB|developmental,0.959006633070607,240.57832427733464,230.71620875497536,0.838807308940883,0.8044217731424126,251.58707527594984,241.27367398447,1,0.04099336692939304,0.008070668052807244,0.02328788439157244,0.026859735651217624,0.10660787611920262,0.7941804688558071,20.789884905866884,21.741220263721978,31.427637967025436,32.86575190307052,55.33772698404218,57.86995535094357,119.88391604727482,125.36974767598767,271.4113723004689,283.8310290788738,D0,QB|developmental,0.9541703967354694,212.2306314106014,202.50418577247274,0.7399694271838548,0.7060569219081368,221.94220531276574,211.7706820956267,1,0.04582960326453056,0.014378601120397823,0.04200920473997367,0.043088767233693134,0.12989396076123597,0.7247998628801688,212.2306314106014,221.94220531276574,212.2306314106014,221.94220531276574,212.2306314106014,221.94220531276574,212.2306314106014,221.94220531276574,212.2306314106014,221.94220531276574
sleeper:player:12509,sleeper:12509,Tre' Harris,WR,00-0040727,23.507669562003326,1,developmental,prime,EXACT_NAME_POSITION,MAPPED_2025,PHASE2_ENTRY_SEASON,premium,0.29338842975206614,0.07954545454545454,47.05,61.848,1,0,1.2899047488253008,D1,WR|developmental,0.8260162644268385,51.0820550456167,42.194608288026444,1.0856972379514709,0.8968035767912104,65.89098538309639,54.42702560554871,1,0.1739837355731615,0.07024950654403132,0.11478486760629912,0.2552642391601089,0.2749354357189482,0.11078221539745096,3.071196375974921,3.961550789945105,12.79989243620254,16.510642037910706,30.542434860801787,39.39683176763564,68.27438848970252,88.06745793601074,125.85218759824475,162.33733443302853,D1,WR|developmental,0.7140444070626831,57.65644849538766,41.16926457922921,1.2254292985204605,0.8750109368592818,74.3713267146019,53.10442988639301,1,0.28595559293731687,0.06410956047834693,0.09459273421173577,0.1748341360463658,0.2643450124923291,0.11616296383390556,4.232767501415587,5.459866900749369,13.303801058237205,17.160636162447233,27.93782085855434,36.03712779727979,71.3626868992906,92.05106872032802,136.79580083388004,176.4535531149819
sleeper:player:12511,sleeper:12511,Will Howard,QB,00-0040203,23.93752096210052,1,developmental,young,EXACT_NAME_POSITION,MAPPED_NO_2025_ROW,APPROVED_2025_ROSTER_FIRST_OBSERVED_FALLBACK,depth,0.20491803278688525,0.9615384615384616,5.11,5.713,0,0,1.045759529798389,D1,QB|developmental,0.4232075566339377,109.11099957053662,46.17659953013343,21.35244609990932,9.036516542100475,114.1038676067166,48.28961901232085,1,0.5767924433660623,0.10668252330319866,0.11617560166215656,0.010790368210502626,0.025407169204444444,0.1641518942536355,12.478435207623207,13.049442535343708,22.50934866507321,23.53936587605496,45.83247807670876,47.92975072299393,103.47608413823133,108.21110109377534,238.23512933658162,249.136656836482,D0,QB|developmental,0.5796121564938533,97.29364966168552,56.39258209356701,19.03985316275646,11.035730350991585,101.74576132257344,58.97308013428569,1,0.42038784350614666,0.08931675164987014,0.11029080775699444,0.05726505600893158,0.08330945142979698,0.2394300896482602,97.29364966168552,101.74576132257344,97.29364966168552,101.74576132257344,97.29364966168552,101.74576132257344,97.29364966168552,101.74576132257344,97.29364966168552,101.74576132257344
sleeper:player:12512,sleeper:12512,Quinshon Judkins,RB,00-0040784,21.843022101754315,1,developmental,young,EXACT_NAME_POSITION,MAPPED_2025,PHASE2_ENTRY_SEASON,elite,0.8146067415730337,0.5416666666666666,191.8,210.4205,1,0,1.1143068393793185,D1,RB|developmental,0.9618314367093159,160.34671820204412,154.2265143398959,0.8360100010534104,0.8041007004165585,178.675444764566,171.85565974257855,1,0.03816856329068408,0.010462345393578478,0.018780488200811966,0.03624185554147617,0.2175603856353919,0.6787863619380574,16.26166375645547,18.12048314350511,24.356215249915863,27.140297234376103,42.2539230580615,47.08383545420542,91.26909798030073,101.70178010343025,194.77565294281732,217.03984221875382,D1,RB|developmental,0.9321557831304695,141.63782154763226,132.02851446562684,0.7384662228760805,0.6883655603004527,157.82799326531403,147.12027666213928,1,0.06784421686953046,0.015781702516633793,0.033237326547594696,0.08007148039019225,0.2688696046127577,0.5341956690632911,13.29754811650205,14.81754881319381,21.71259800826349,24.194496461301778,38.04993383223234,42.39930150718702,89.62940272806168,99.87465646936248,194.59470980973248,216.83821604801867
sleeper:player:12514,sleeper:12514,Emeka Egbuka,WR,00-0040129,22.883426764409947,1,developmental,prime,EXACT_NAME_POSITION,MAPPED_2025,PHASE2_ENTRY_SEASON,elite,0.8388429752066116,0.5666666666666667,140.35,179.628,1,0,1.2899047488253008,D1,WR|developmental,0.9503904432779479,126.51194890233946,120.23574719725148,0.9014032696996043,0.8566850530619985,163.18836367227146,155.09266128829304,1,0.04960955672205214,0.012494965993989799,0.021314998716833924,0.039786169757873975,0.23056499763257626,0.6462293111766739,11.33306718509479,14.618577180809956,20.093560886307984,25.918779608058987,39.22025915171657,50.590398529958165,78.48514904970706,101.23836647147868,154.75852435130406,199.62375548194308,D1,WR|developmental,0.910892176882022,115.99797366330792,105.661646744074,0.8264907279181184,0.7528439383261418,149.62633708241304,136.29345990388245,1,0.08910782311797805,0.022683304385956768,0.03373006008419009,0.08448309010314294,0.23134211104299685,0.5386536112657353,10.308389839882686,13.29684100720716,19.77172043070417,25.50363607601153,37.85759390309151,48.832690154697495,78.50055968277931,101.25824472026099,154.8343938020911,199.72161984680406
sleeper:player:12517,sleeper:12517,Colston Loveland,TE,00-0040126,21.396743259615185,1,developmental,young,EXACT_NAME_POSITION,MAPPED_2025,PHASE2_ENTRY_SEASON,elite,0.9453125,0.8653846153846154,113.85,149.1205,1,0,1.3587707610638076,D1,TE|developmental,0.9797587790518206,100.81723194514471,98.7765680779592,0.8855268506380739,0.8676027059987633,136.98750697845068,134.21471258255963,1,0.020241220948179373,0.005876266877471749,0.01015630952826617,0.015500356677970346,0.08427131963174034,0.863954526336372,3.886041994167101,5.280240237940348,10.184139497636352,13.837910975983329,21.670142826743394,29.444756461055533,48.37432387939865,65.72961687355763,109.07731073765981,148.21106052580345,D1,TE|developmental,0.9647703671491974,93.77620443955199,90.47250318700476,0.8236820767637417,0.7946640596135685,127.42036467600526,122.93139201075421,1,0.035229632850802606,0.010427297501645097,0.01662518785633514,0.04388412316828471,0.12852039884071134,0.7653133597822211,4.259160525703159,5.787222789002608,10.257534556753285,13.937638036317967,21.949947056380303,29.824946267108146,49.131835225628116,66.7589011419883,108.42599297969483,147.326069000119
sleeper:player:12518,sleeper:12518,Tyler Warren,TE,00-0040128,23.2749474664093,1,developmental,prime,EXACT_NAME_POSITION,MAPPED_2025,PHASE2_ENTRY_SEASON,elite,0.9609375,0.9038461538461539,114.3,153.783,1,0,1.3587707610638076,D1,TE|developmental,0.9659024495499338,100.81664004378042,97.37903957368145,0.8820353459648331,0.8519601012570556,136.98670272018347,132.3157917131938,1,0.03409755045006624,0.008051709353998958,0.01047051510265536,0.01918822470640997,0.0905324425559446,0.8376595578309248,4.515296489709144,6.135252847750832,10.76951088011058,14.633296494852809,22.303798935876642,30.30574985471525,48.999332938224484,66.57886090809018,110.26666015876407,149.82711374388808,D1,TE|developmental,0.9400876462112637,92.89336925600614,87.32790885251258,0.812715391566108,0.764023699497048,126.22079404176476,118.65860917363933,1,0.05991235378873627,0.015971834147554553,0.015927597714543065,0.04383158218765166,0.13240738260314577,0.7319492495583687,4.381320582171668,5.953210301901922,10.388025965173277,14.114945946649089,22.249816975521604,30.232400745359914,49.16707571594357,66.80678488983449,108.76047265437573,147.78055020224554
sleeper:player:12519,sleeper:12519,Luther Burden,WR,00-0040735,21.72255419344682,1,developmental,young,EXACT_NAME_POSITION,MAPPED_2025,PHASE2_ENTRY_SEASON,elite,0.78099173553719,0.4111111111111111,129.6,165.5905,1,0,1.2899047488253008,D1,WR|developmental,0.9584671903826615,125.44111942317369,120.2311972919852,0.9679098720923897,0.927709855648034,161.80709564191343,155.08679234388336,1,0.04153280961733852,0.01100338794717371,0.02395746666590485,0.03774025490611791,0.23676605496299277,0.6490000259004722,11.903893422128938,15.354888654714378,20.788212264750847,26.814813719890477,39.75680414457037,51.282490464198716,78.92790702000764,101.80948207994965,153.1807336987181,197.58855582652023,D1,WR|developmental,0.927674905505657,116.71290121581919,108.27162960667614,0.9005625093813209,0.8354292407922542,150.5485255274634,139.66008919270558,1,0.07232509449434299,0.014696803892802613,0.036056185493440085,0.08650189036165888,0.24253122520594736,0.5478888005518081,11.276009609802749,14.544978343484294,20.701537152139025,26.70301108052752,38.32902798167516,49.44079521142063,79.50911921141879,102.55919044572606,154.7038601305463,199.5532438439968
sleeper:player:12521,sleeper:12521,Elijah Arroyo,TE,00-0040739,22.409768852200934,1,developmental,prime,EXACT_NAME_POSITION,MAPPED_2025,PHASE2_ENTRY_SEASON,premium,0.3671875,0.42,40.15,54.223,1,0,1.3587707610638076,D1,TE|developmental,0.8997781006131833,44.48391885118086,40.02565601174649,1.107943184338253,0.9969030139911953,60.443448272519674,54.385691081158946,1,0.10022189938681669,0.06015152471991958,0.09326442742744635,0.21789257259186617,0.3570763483078252,0.17139322756612602,6.6756338619566975,9.070656103194226,14.070037218473061,19.11795517954074,24.051490483518016,32.6804620290087,49.359121240539714,67.0677307334489,90.12174405244261,122.45479075453511,D1,TE|developmental,0.8378617169279193,50.51694115158364,42.32621104721253,1.2582052590680857,1.0542020186105239,68.64094257515288,57.51161799756831,1,0.16213828307208067,0.06890476349765375,0.06704588728751298,0.20979249395083502,0.3005768762970628,0.19154169589485479,9.812534177294289,13.332984532046783,15.40773292268372,20.93557698962284,23.135454237490038,31.43577876183123,54.06883951535026,73.46715821810935,101.86590420779271,138.41241218687543
sleeper:player:12522,sleeper:12522,Cam Ward,QB,00-0040676,23.272209559402313,1,developmental,young,EXACT_NAME_POSITION,MAPPED_2025,PHASE2_ENTRY_SEASON,elite,0.5819672131147541,0.15,244.17,255.333,1,0,1.045759529798389,D1,QB|developmental,0.9533951133626045,193.51566734616847,184.49689160694035,0.7925448144578305,0.7556083532249677,202.3708532925506,192.9393826161383,1,0.04660488663739548,0.010041954385082739,0.04053941560225957,0.06866575750851522,0.21545068260959618,0.6186973032571508,10.232030353552602,10.700243251414014,21.355819195521768,22.333051440368255,44.693531702613186,46.73868669835416,109.13227397583847,114.12611551880181,253.67308154697798,265.2810424810761,D0,QB|developmental,0.9433860713221782,148.05702992252722,139.67493979024314,0.6063686362883534,0.5720397255610564,154.83204999512807,146.06639935966297,1,0.05661392867782178,0.018107165249602823,0.07687895568873664,0.07799193652611519,0.23283819205306142,0.5375698218046622,148.05702992252722,154.83204999512807,148.05702992252722,154.83204999512807,148.05702992252722,154.83204999512807,148.05702992252722,154.83204999512807,148.05702992252722,154.83204999512807
sleeper:player:12524,sleeper:12524,Shedeur Sanders,QB,00-0040668,23.565165609150085,1,developmental,young,EXACT_NAME_POSITION,MAPPED_2025,PHASE2_ENTRY_SEASON,starter,0.45081967213114754,0.75,61.05,65.508,1,0,1.045759529798389,D1,QB|developmental,0.6556513106541275,119.62360131081043,78.43137098459967,1.9594365489076238,1.284707141434884,125.09752105958307,82.02035364229796,1,0.3443486893458725,0.03853932881366974,0.09379822835594395,0.1134901890998325,0.20522497680269686,0.2045985875819845,8.151613188068715,8.524627174653087,18.841543300921842,19.70372346304801,42.20291191941313,44.13409732496831,104.10325317290159,108.86696908857621,245.33749877700853,256.5640273629573,D0,QB|developmental,0.6880781380189738,107.62413912552859,74.0538172553887,1.7628851617613202,1.2130027396460066,112.54896912686918,77.44248511277111,1,0.3119218619810262,0.05171703199913851,0.08718330287793875,0.11379386551445413,0.17972491755122635,0.25565902007621605,107.62413912552859,112.54896912686918,107.62413912552859,112.54896912686918,107.62413912552859,112.54896912686918,107.62413912552859,112.54896912686918,107.62413912552859,112.54896912686918
sleeper:player:12526,sleeper:12526,Tetairoa McMillan,WR,00-0040124,22.409768852200934,1,developmental,prime,EXACT_NAME_POSITION,MAPPED_2025,PHASE2_ENTRY_SEASON,elite,0.8471074380165289,0.5888888888888889,141.65,183.388,1,0,1.2899047488253008,D1,WR|developmental,0.9554227116568857,129.26933884865247,123.50686225687234,0.9125968150275501,0.8719157236630591,166.74513405838377,159.31208813765193,1,0.04457728834311425,0.011691570243110043,0.02026732320546352,0.03666058990294766,0.2186399702895864,0.6681632580157781,12.12765918646231,15.643525176752519,20.8691806261743,26.91925519379519,40.01915151552089,51.62089358382963,79.29326377273587,102.28075749030918,155.85757621673437,201.04142770236692,D1,WR|developmental,0.9213251261476929,118.7012576611089,109.36245118851096,0.837989817586367,0.7720610743982418,153.1133159486,141.06714513123546,1,0.07867487385230709,0.02269071519644138,0.03251027373818762,0.0815725413684469,0.22346146334947528,0.5610901324951417,11.279287229546746,14.549206160756919,20.74778735114645,26.762669431861315,38.90474500251007,50.18341533057513,79.45628529630565,102.49103972772258,155.95181250688748,201.1629835405471
sleeper:player:12527,sleeper:12527,Ashton Jeanty,RB,00-0040122,21.749933263516706,1,developmental,young,EXACT_NAME_POSITION,MAPPED_2025,PHASE2_ENTRY_SEASON,elite,0.8595505617977528,0.6527777777777778,207.65,236.073,1,0,1.1143068393793185,D1,RB|developmental,0.9676448062689819,168.2057225630412,162.76339382284812,0.8100444139804537,0.783835270035387,187.43278707473698,181.36836293738918,1,0.03235519373101814,0.008119817184895668,0.015077469422205511,0.027933307353334137,0.18151640106437678,0.7349978112441697,16.35544389171247,18.224982989619903,24.364296271824912,27.149301972358533,42.37922094715483,47.223455748981905,91.5014297375689,101.96066896955918,196.55900254936086,219.02704088232971,D1,RB|developmental,0.9420660099785101,148.95526526194814,140.32569241061407,0.7173381423643059,0.6757798815825382,165.98187084294943,156.36587879378578,1,0.05793399002148991,0.014724265716033325,0.031129271072906868,0.06596511463026564,0.24455998819987862,0.5856873703594256,13.795284683602496,15.372180074123019,22.241592816304767,24.78395899389832,38.88920507308365,43.334507190962,90.17162935374716,100.47886330685738,196.0303478112085,218.43795729193624
sleeper:player:12529,sleeper:12529,TreVeyon Henderson,RB,00-0040734,22.86152350835404,1,developmental,prime,EXACT_NAME_POSITION,MAPPED_2025,PHASE2_ENTRY_SEASON,elite,0.7134831460674157,0.2916666666666667,162.5,180.8305,1,0,1.1143068393793185,D1,RB|developmental,0.9616926217520207,138.70477692800992,133.39136057342705,0.8535678580185226,0.8208699112210895,154.55968158546415,148.63890540108252,1,0.03830737824797926,0.01566737858792542,0.027208939030280366,0.06800236067169989,0.31762268041422453,0.5331912630478907,15.083183678490599,16.80729473255658,23.37828613875999,26.050584137386977,41.008123848112255,45.69563287406562,89.80762567557491,100.07325151871082,189.81061254946013,211.50726375064133,D1,RB|developmental,0.9244226040075393,124.99228365734257,115.54569233936961,0.769183284045185,0.7110504143961207,139.27975654901664,128.7533552345781,1,0.07557739599246072,0.02873345189185058,0.038869739901756226,0.11932611836949081,0.28690548153114964,0.45058781231329204,10.501986116864309,11.70243495708855,18.848095835271188,21.002562098519533,34.45357205348836,38.391850980250226,86.78989720047687,96.71057603951935,189.7512601136574,211.4411269254925
sleeper:player:12531,sleeper:12531,Trevor Etienne,RB,00-0040644,21.147593721979234,1,developmental,young,EXACT_NAME_POSITION,MAPPED_2025,PHASE2_ENTRY_SEASON,usable,0.0056179775280898875,0.125,6.35,7.5605,1,0,1.1143068393793185,D1,RB|developmental,0.7519955621815471,30.354516081894772,22.82646138575327,4.780238753054295,3.594718328465082,33.824244876104856,25.435682040972786,1,0.24800443781845294,0.20960481078215412,0.28110921256421606,0.18885750409469723,0.06406505334543501,0.00835898139504466,13.457698643820947,14.996005641115461,21.991386535665235,24.505152424126027,38.369205112014335,42.75506767786548,81.86624922811185,91.2241214292169,159.42178325263038,177.64478342445332,D1,RB|developmental,0.6614228379252295,36.114190769494314,23.886750548132056,5.687274136928239,3.761692999705836,40.24228977309697,26.617169506331237,1,0.3385771620747705,0.12742892160292113,0.22290525258279473,0.19642417894395714,0.08964592819605836,0.02501855659949812,11.605715761188868,12.93232844858511,19.25952020846821,21.461015091460325,34.82915437875168,38.81036493404114,79.11799449898658,88.16172238819604,167.112133943596,186.2141937966218
sleeper:player:12533,sleeper:12533,Jacory Croskey-Merritt,RB,00-0040242,24.389275618253624,1,developmental,prime,EXACT_NAME_POSITION,MAPPED_2025,PHASE2_ENTRY_SEASON,elite,0.601123595505618,0.013888888888888888,122.05,129.2955,1,0,1.1143068393793185,D1,RB|developmental,0.9445870896155858,103.25628703025461,97.53455565041976,0.8460162804609145,0.7991360561279784,115.05918684672673,108.6834224370855,1,0.055412910384414205,0.02601129014630824,0.07433356414002312,0.12985859352968238,0.40566743703303454,0.3087162047665375,11.488619747953408,12.801847560172785,19.94610709176895,22.22608355135047,37.310633769097144,41.57549439048191,85.67374662943328,95.46684182442834,181.89165353096524,202.68311355556793,D1,RB|developmental,0.8789252326076183,118.47811901216254,104.13340831167805,0.9707342811320159,0.8532028538441463,132.0209783320496,116.03656908958203,1,0.12107476739238165,0.03223755295962812,0.0542588201910789,0.13632445857687467,0.19977142657420488,0.45633297430583175,5.493064823751219,6.120959702259934,13.751694720851631,15.32360748050144,28.807895498804278,32.100834982442294,81.29286303001378,90.58519326707051,181.9788779547071,202.7803083275044
sleeper:player:12534,sleeper:12534,Kyle Monangai,RB,00-0040236,23.239354675318452,1,developmental,prime,EXACT_NAME_POSITION,MAPPED_2025,PHASE2_ENTRY_SEASON,premium,0.5561797752808989,0.8833333333333333,112.1,123.2955,1,0,1.1143068393793185,D1,RB|developmental,0.8816287570461742,106.42540447107524,93.82769706197041,0.9493791656652564,0.8369999737909939,118.59055608582945,104.55284455936442,1,0.11837124295382584,0.03068409396482231,0.05217953756111598,0.11942499891981385,0.3829019015958799,0.29643822500454214,13.546390956957993,15.094836092244442,22.08639927309772,24.611025767275198,39.335408437906636,43.831714652138324,87.58114315965261,97.59226682346012,182.2536984145525,203.0865426455115,D1,RB|developmental,0.797172471871511,91.86197525060254,73.22983788152239,0.8194645428242867,0.6532545752142943,102.36242730064009,81.6005091980191,1,0.20282752812848903,0.05455786563444362,0.07172427182559797,0.12586864711683157,0.3400904127236238,0.204931274571014,10.061418724583845,11.211507698662919,18.28821838295145,20.37868682418538,33.04801740232072,36.82563181933271,85.79363131912102,95.60043015408425,185.58367218015334,206.79715518747423
sleeper:player:12535,sleeper:12535,Isaac TeSlaa,WR,00-0040669,23.529572818059233,1,developmental,prime,EXACT_NAME_POSITION,MAPPED_2025,PHASE2_ENTRY_SEASON,premium,0.34297520661157027,0.2159090909090909,53.75,67.8655,1,0,1.2899047488253008,D1,WR|developmental,0.8571864879832183,51.385285694307676,44.046772578317906,0.9560053152429335,0.8194748386663796,66.28212403683227,56.81614111920031,1,0.14281351201678172,0.07158736295847049,0.14495180366843502,0.22473338855386193,0.32073313155913247,0.09518080124331842,4.2008215454371935,5.418659660427076,13.86090490866961,17.879247064708853,31.718903438789514,40.914364173225756,69.65337692845684,89.84622167173512,128.89617609254304,166.26378964719348,D1,WR|developmental,0.7563203735185233,52.39326746745403,39.62609562084073,0.9747584645107726,0.7372296859691299,67.5823245127431,51.113888918727916,1,0.24367962648147667,0.07721090292461744,0.10904323951080586,0.2357243079133923,0.23880097725717556,0.09554094591253216,5.43434364507268,7.009785674527845,14.544533181773673,18.761062420617023,29.407639230692457,37.933053495411414,72.80185249605093,93.90745525793517,139.24158874098603,179.60838655097743
sleeper:player:12536,sleeper:12536,Jaylin Noel,WR,00-0040138,22.992943044689486,1,developmental,prime,EXACT_NAME_POSITION,MAPPED_2025,PHASE2_ENTRY_SEASON,premium,0.384297520661157,0.32954545454545453,57.0,73.348,1,0,1.2899047488253008,D1,WR|developmental,0.8709627337509925,50.74362140712342,44.1958032211736,0.8902389720547969,0.7753649687925193,65.4544382256417,57.00837645314035,1,0.12903726624900747,0.07773464724289118,0.152148533003346,0.23581891545450398,0.31332391203150667,0.0919367260187447,4.709296202912256,6.074543535761476,14.281630284599814,18.421942725072533,32.2521891281767,41.60225191644687,70.25592276364391,90.62344840592783,130.94072784359315,168.90106666009208,D1,WR|developmental,0.7778840111255675,52.30152646192351,40.68452119219107,0.9175706396828686,0.7137635296875626,67.46398735404726,52.47915708949085,1,0.2221159888744325,0.08288911714770493,0.11771209697835128,0.24093182056132695,0.24178678969338208,0.09456418674480227,6.090267255763109,7.855864654824067,15.227584459770455,19.642133507796263,30.415062736263444,39.23253385932566,73.4336003239052,94.72234978114446,140.68753679357528,181.47352181056698
sleeper:player:12540,sleeper:12540,Chimere Dike,WR,00-0040705,23.715750494534454,1,developmental,prime,EXACT_NAME_POSITION,MAPPED_2025,PHASE2_ENTRY_SEASON,starter,0.09504132231404959,0.26785714285714285,23.65,31.1655,1,0,1.2899047488253008,D1,WR|developmental,0.681734569879084,43.317610625600466,29.53111264803337,1.8316114429429373,1.2486728392403117,55.87559165372735,38.09232244279315,1,0.318265430120916,0.07472658529408847,0.12429552032215771,0.21362299710452,0.22049452821033227,0.04859493894798553,4.117137230479877,5.31071486516144,14.033363002096742,18.101701578393868,31.360557777005816,40.45213240237002,67.99951968351544,87.7129033576061,119.07228728594995,153.59190882363734,D1,WR|developmental,0.5910326612296463,47.199522418951716,27.896459344041382,1.9957514764884448,1.1795543063019613,60.88288811049207,35.98377538329091,1,0.40896733877035374,0.07475338035543741,0.10301423941955874,0.18594686104194252,0.15615863738797317,0.0711595430247344,5.818345494079537,7.505111483119486,14.717111186224109,18.983671608100433,28.814253615539542,37.16764257254105,71.36625155248427,92.05566678341046,132.70278760361822,171.17395591226241
sleeper:player:12543,sleeper:12543,Tahj Brooks,RB,00-0040208,23.305064443486177,1,developmental,prime,EXACT_NAME_POSITION,MAPPED_2025,PHASE2_ENTRY_SEASON,starter,0.12921348314606743,0.39473684210526316,20.5,22.488,1,0,1.1143068393793185,D1,RB|developmental,0.7389500680831743,35.62977396878355,26.328623900020716,1.7380377545748074,1.2843231170741813,39.70250081895472,29.33816568323887,1,0.2610499319168257,0.15277118592675676,0.23307065553680745,0.2202421306157791,0.11272591046249271,0.02014018554133828,10.41307046345333,11.603355636364816,19.223128221067867,21.420463251001518,35.649503667704806,39.72448575740157,81.10749579951339,90.37863729432712,162.01542538061278,180.53489658656645,D1,RB|developmental,0.6101023877085954,33.06390000949385,20.17236434275045,1.6128731711948219,0.984017772817095,36.84332991713291,22.478203553578314,1,0.3898976122914046,0.14230469094468157,0.14655271705227937,0.20661693313440105,0.08912773333095814,0.025500313246275264,6.521160563554972,7.266573816659996,14.353081920310935,15.993737349974117,28.540574573245323,31.802957446782738,77.87679965681079,86.77865048655723,168.74070480635422,188.02892144740716
sleeper:player:12544,sleeper:12544,LeQuint Allen,RB,00-0040238,21.073670232790544,1,developmental,young,EXACT_NAME_POSITION,MAPPED_2025,PHASE2_ENTRY_SEASON,starter,0.06179775280898876,0.07894736842105263,17.65,23.888,1,0,1.1143068393793185,D1,RB|developmental,0.8275241873076374,42.66255883502536,35.30429932841863,2.4171421436274994,2.000243588012387,47.539181095291326,39.33982220115156,1,0.17247581269236256,0.140924412268862,0.26987220704746884,0.26094812519705224,0.13554650690452372,0.02023293588973062,16.63021998295755,18.53116786739221,25.55465128277696,28.47572270235184,41.812780881343556,46.59226770954994,87.0640847505902,97.01610510188328,165.67075992489455,184.60806086947912,D1,RB|developmental,0.7526473203452767,41.26017487007087,31.054360052936367,2.3376869614771034,1.759453827361834,45.97649505170666,34.60408579953489,1,0.2473526796547233,0.12309483123236845,0.18673473110755434,0.29094447002503315,0.11676569526216522,0.03510759271815553,12.452928630753796,13.876383543551487,20.235411404566328,22.54845732576252,34.01937315702798,37.908020180273475,83.63882197193524,93.19931136095666,173.15117997088112,192.9435440881521
sleeper:player:12545,sleeper:12545,Tyler Shough,QB,00-0040743,25.927979356181165,1,developmental,prime,EXACT_NAME_POSITION,MAPPED_2025,PHASE2_ENTRY_SEASON,elite,0.6967213114754098,0.38333333333333336,278.03,290.4555,1,0,1.045759529798389,D1,QB|developmental,0.9524984917982752,201.99869736377227,192.4034545842093,0.7265356161700978,0.6920240786397487,211.24206277502557,201.2077461975684,1,0.04750150820172483,0.02937753539665859,0.0216137033293562,0.057384246593938724,0.13612028543351465,0.708002721044807,1.4144502693191896,1.4791748485664404,12.2761492355273,12.837900052279881,35.93628886837729,37.580716549693314,100.50746242722632,105.10663664912545,249.08560644741493,260.48364667799524,D0,QB|developmental,0.925760995127306,149.7015630495185,138.5878679808354,0.5384367264306676,0.4984637196735439,156.55183618474837,144.92958365539965,1,0.07423900487269397,0.026483601047422606,0.028361946655564883,0.05685349175911568,0.12655068294396699,0.6875112727212359,149.7015630495185,156.55183618474837,149.7015630495185,156.55183618474837,149.7015630495185,156.55183618474837,149.7015630495185,156.55183618474837,149.7015630495185,156.55183618474837
sleeper:player:12670,sleeper:12670,KeAndre Lambert-Smith,WR,00-0040184,23.877287007946773,1,developmental,prime,EXACT_NAME_POSITION,MAPPED_2025,PHASE2_ENTRY_SEASON,usable,0.024793388429752067,0.6666666666666666,15.8,20.7955,1,0,1.2899047488253008,D1,WR|developmental,0.5840362014618382,27.419731833818382,16.01411602532553,1.735426065431543,1.013551647172502,35.36884230395861,20.656684309306755,1,0.4159637985381618,0.1445862625143323,0.1798599192802666,0.15022897630559748,0.09124943843941347,0.018111604922228398,4.065727549937087,5.244401274093704,13.960444314188713,18.007643416583193,31.187550784724507,40.22896986144638,67.15322904973452,86.6212690502057,116.07889129593988,149.73071312100873,D1,WR|developmental,0.48922344295597886,34.964201513862584,17.105307044818503,2.212924146446999,1.0826143699252215,45.100489571616116,22.064216787226258,1,0.5107765570440211,0.10271229365406716,0.12994211745268425,0.12985622343653358,0.09328911480867962,0.03342369360401427,5.732757557853539,7.394711197739414,14.554686944159734,18.774159806937245,28.845539119297403,37.207997892407704,70.08141051665378,90.39834422980708,129.89617645121993,167.5536948586778
sleeper:player:12718,sleeper:12718,Konata Mumpfield,WR,00-0040590,22.856047694340063,1,developmental,prime,EXACT_NAME_POSITION,MAPPED_2025,PHASE2_ENTRY_SEASON,starter,0.0371900826446281,0.017857142857142856,18.05,24.048,1,0,1.2899047488253008,D1,WR|developmental,0.6561858982502272,26.69339800166482,17.515831345073252,1.4788586150506826,0.9704061687021192,34.43194084463125,22.593754031633043,1,0.3438141017497728,0.13396514598551673,0.20142479787430778,0.19399267281691163,0.10945059378808275,0.017352687785408324,2.069457039135081,2.669402462270287,12.002678142188948,15.482311534231163,29.228888520300153,37.70248210522049,65.42635182239312,84.39376191401975,114.66903414107924,147.91213168178865,D1,WR|developmental,0.5574396761319254,30.460864527121853,16.98009445669726,1.687582522278219,0.9407254546646681,39.29161380685863,21.90270447519596,1,0.44256032386807465,0.10134108408495619,0.13987433277087066,0.19972124043811823,0.09166327060004692,0.024839748237933366,3.7966093082276373,4.897264376117169,12.63834485813559,16.30226104980092,26.743486973125755,34.49655084678248,68.60912281828443,88.4992333360434,128.720423658488,166.03708574788826
sleeper:player:13079,sleeper:13079,Jahdae Walker,WR,00-0040277,23.159955372115785,1,developmental,prime,EXACT_NAME_POSITION,MAPPED_2025,PHASE2_ENTRY_SEASON,starter,0.045454545454545456,0.05357142857142857,19.6,25.3655,1,0,1.2899047488253008,D1,WR|developmental,0.6285676866671149,29.800963319648886,18.731922574283246,1.520457312226984,0.9557103354226145,38.4404041055837,24.162395883195813,1,0.37143231333288507,0.1181401472632194,0.1838872712228753,0.17842174170140299,0.12546463559550028,0.022653890884116994,2.420797178832572,3.122597776919026,12.376357419009942,15.964322207940167,29.603751181643545,38.18601923224462,65.94489792426958,85.06263699331505,115.40486465744715,148.8612829591822,D1,WR|developmental,0.5380402604821365,32.870079641996185,17.6854262126482,1.6770448796936828,0.9023176639106223,42.39927182447672,22.812515256694365,1,0.4619597395178635,0.09424211784987027,0.12037735840319032,0.1982460373055144,0.09661231770499107,0.028562429218570436,4.1233631497366545,5.318745707976561,12.977703403569429,16.740001249110474,26.973578292901195,34.793346732824304,69.2209148476254,89.28838677998377,129.5272201455164,167.07777636784178
sleeper:player:13269,sleeper:13269,Fernando Mendoza,QB,,22.919019555500796,0,developmental,young,UNMATCHED,UNMATCHED_COLD_START,UNMATCHED_COLD_START,elite,0.5163934426229508,0.016666666666666666,186.49,196.753,0,0,1.045759529798389,D1,QB|developmental,0.934422449808847,187.7321265860731,175.421113632383,1.0066605533061992,0.9406462203463081,196.32266042670344,183.44830130891063,1,0.06557755019115297,0.03554371391489987,0.1368737887377573,0.018069255335193497,0.08410716178199544,0.6598285300390009,6.543531302420618,6.842960218040425,17.70087022380916,18.510853722272973,40.91647921829491,42.78879806832964,104.90128596913718,109.70151949033124,247.34224103053532,258.6605056793724,D0,QB|developmental,0.9469662902582366,114.85165950582427,108.76064993223255,0.6158596144877703,0.5831982944513515,120.10721744137547,113.73748613369871,1,0.05303370974176336,0.043095421333398505,0.13871763346406998,0.07785202608405295,0.26122224564490437,0.42607896373181087,114.85165950582427,120.10721744137547,114.85165950582427,120.10721744137547,114.85165950582427,120.10721744137547,114.85165950582427,120.10721744137547,114.85165950582427,120.10721744137547
sleeper:player:13272,sleeper:13272,Carson Beck,QB,,24.78353422725997,0,developmental,young,UNMATCHED,UNMATCHED_COLD_START,UNMATCHED_COLD_START,usable,0.4180327868852459,0.9615384615384616,14.22,15.373,0,0,1.045759529798389,D1,QB|developmental,0.507201925949225,118.82171091842525,60.266600622407346,8.35595716725916,4.238157568383076,124.2589365398925,63.02437192943601,1,0.492798074050775,0.09868465759371053,0.12697222285726037,0.00473087296944156,0.050932108819838756,0.22588206370897376,2.307653299451836,2.413250429372453,12.254020724263405,12.814758950745414,35.960890805760485,37.60644426016329,95.15950342244756,99.51395755490695,236.69940378917863,247.53065721013047,D0,QB|developmental,0.621265102761948,104.15114572183919,64.70547224965304,7.324271851043543,4.5503145041950095,108.91705317803404,67.66636423517987,1,0.378734897238052,0.08043023175032762,0.10658874419501348,0.029299073106867326,0.10914661544847237,0.29580043826126723,104.15114572183919,108.91705317803404,104.15114572183919,108.91705317803404,104.15114572183919,108.91705317803404,104.15114572183919,108.91705317803404,104.15114572183919,108.91705317803404
sleeper:player:13274,sleeper:13274,Germie Bernard,WR,,22.74926932106751,0,developmental,prime,UNMATCHED,UNMATCHED_COLD_START,UNMATCHED_COLD_START,premium,0.41735537190082644,0.42045454545454547,65.45,86.043,0,0,1.2899047488253008,D1,WR|developmental,0.7364938662357186,85.22939764789537,62.77092859063991,1.3022062283864837,0.9590668997805945,109.93780476554016,80.96851887724027,1,0.26350613376428145,0.0818615662495549,0.1150442158465779,0.01851202532291298,0.15301874022330203,0.3680573185933707,5.618340076477715,7.247123545164108,15.174230143679331,19.573311522099996,33.20609417490921,42.83269856615555,71.4402000022172,92.15105323988922,133.18277106880942,171.79308886337014,D1,WR|developmental,0.606853366786989,75.77329276495603,45.98327782694976,1.1577279261261424,0.702571089792968,97.74033017164659,59.31404843553565,1,0.393146633213011,0.06301760955979627,0.054095976145581814,0.09953073549299825,0.20013065345880357,0.1900783921298091,6.133605669739204,7.911767080818389,15.302299838263032,19.73850922932412,30.514598201113493,39.36092512811228,73.84823872078232,95.25719381832157,141.796880941778,182.90447009541523
sleeper:player:13275,sleeper:13275,Ty Simpson,QB,,23.696585145485532,0,developmental,young,UNMATCHED,UNMATCHED_COLD_START,UNMATCHED_COLD_START,depth,0.1557377049180328,0.7307692307692307,4.95,5.053,0,0,1.045759529798389,D1,QB|developmental,0.43249766678839985,89.70997680419447,38.79935565545558,18.123227637211002,7.838253667768804,93.8150631609788,40.57479592672969,1,0.5675023332116002,0.11425742487030804,0.12731332238213783,0.02507410906392356,0.028296183354795057,0.13755662711723537,7.5976828933790586,7.945349290137348,17.75821076322964,18.57081813781572,40.93391204729016,42.80702861538277,98.5770382313467,103.08787714973096,231.57497028947557,242.1717320429979,D0,QB|developmental,0.595501218334423,77.48773915415882,46.14404307228155,15.65408871801188,9.322028903491221,81.03354166299334,48.255572786265766,1,0.40449878166557696,0.09616940955438066,0.1427349185607311,0.06730383273444104,0.09039253657051412,0.19890052091435614,77.48773915415882,81.03354166299334,77.48773915415882,81.03354166299334,77.48773915415882,81.03354166299334,77.48773915415882,81.03354166299334,77.48773915415882,81.03354166299334
sleeper:player:13276,sleeper:13276,Omar Cooper,WR,,22.716414436983648,0,developmental,prime,UNMATCHED,UNMATCHED_COLD_START,UNMATCHED_COLD_START,starter,0.23553719008264462,0.875,37.3,47.8555,0,0,1.2899047488253008,D1,WR|developmental,0.5734691950342846,71.77307387008449,41.1596468974136,1.924211095712721,1.103475788134413,92.58042882281109,53.092023992946366,1,0.4265308049657154,0.08714250900414279,0.11363611506265354,0.016098756448712413,0.12855032755466902,0.22804148696410687,6.653712913811518,8.582655884845707,16.41789665355636,21.177522859145366,34.04956680736414,43.920697920263336,71.40021105810482,92.09947131097816,127.11495548639041,163.96618472861172,D1,WR|developmental,0.4874426089004176,64.66802407365753,31.52195036689864,1.7337271869613282,0.8450925031340119,83.41559134975972,40.66031347049799,1,0.5125573910995824,0.08229877246253765,0.05370158404271649,0.09628986450762421,0.1308189442410297,0.12433344364650954,7.810708599343791,10.07507011398417,16.828040243290197,21.706569023243294,31.38932847683631,40.489243864708406,74.33961935587212,95.89102803300469,138.56240934865602,178.73230982750667
sleeper:player:13279,sleeper:13279,Carnell Tate,WR,,21.615775820174267,0,developmental,young,UNMATCHED,UNMATCHED_COLD_START,UNMATCHED_COLD_START,elite,0.6983471074380165,0.18888888888888888,109.6,142.538,0,0,1.2899047488253008,D1,WR|developmental,0.9147450019623073,133.2049784867512,121.84858830725234,1.2153738913024745,1.1117571925844192,171.8217343172324,157.1730726951838,1,0.08525499803769265,0.02214632255563186,0.048202713541137816,0.0,0.06677296925292252,0.7776229966126151,10.421252140349004,13.442422624542012,19.450632612005847,25.08946337388261,38.21037851902129,49.28774870609783,77.14389442390402,99.50827576027143,148.5669742751483,191.6372456361201,D1,WR|developmental,0.8497749129500227,115.61483666030784,98.2465877587442,1.0548798965356556,0.8964104722513158,149.13212684279256,126.7287401058858,1,0.15022508704997728,0.019020530454373023,0.038864704916054704,0.06501399476077194,0.19286419500164767,0.5340114878171753,8.728972525122252,11.25954311252077,18.094766732045002,23.340525536550917,35.206390326577775,45.412890071249805,76.7892484704106,99.0508162607086,150.33104617713414,193.9127303597609
sleeper:player:13281,sleeper:13281,Jordyn Tyson,WR,,22.053840941292428,0,developmental,prime,UNMATCHED,UNMATCHED_COLD_START,UNMATCHED_COLD_START,premium,0.45041322314049587,0.5113636363636364,69.05,89.908,0,0,1.2899047488253008,D1,WR|developmental,0.7608120227025641,89.69479544414297,68.24087874775114,1.2989832794227802,0.9882820962744554,115.69774258831397,88.02423356073574,1,0.2391879772974359,0.08170705491119523,0.1139602237652754,0.013888916809151828,0.14924292127714225,0.4020129059397994,6.78148934755,8.747475313512936,16.271143701847215,20.988225529831606,34.390936583542064,44.361032415660674,72.69335168948955,93.76749955230027,135.58246071699534,174.88845993627208,D1,WR|developmental,0.6459438365117829,79.16784097303444,51.137978926476585,1.1465291958440904,0.7405934674363011,102.11897402536336,65.9631218625903,1,0.3540561634882171,0.0672059504479334,0.054416061859386224,0.1011251480188244,0.210209656896484,0.21298701928915487,7.544528091781139,9.731722613234377,16.735637778069965,21.587378644552555,32.1901297137216,41.52220118303192,75.26862481696233,97.0893565889496,143.87182334952178,185.58094816070295
sleeper:player:13285,sleeper:13285,Malachi Fields,WR,,23.017584207752382,0,developmental,prime,UNMATCHED,UNMATCHED_COLD_START,UNMATCHED_COLD_START,premium,0.28512396694214875,0.056818181818181816,46.15,61.463,0,0,1.2899047488253008,D1,WR|developmental,0.7069351896437653,71.32253823264743,50.42041209137131,1.5454504492447982,1.0925333064219136,91.999280764566,65.03752899438847,1,0.29306481035623466,0.09127151885832702,0.12483879275820042,0.06735848489497862,0.12393094787477171,0.29953544525748754,3.6711984071102677,4.7354962592114145,13.41303320482384,17.301535227053716,31.13542219565775,40.161728946859604,68.83916640672443,88.79596765320896,126.13642877012491,162.70397847044842,D1,WR|developmental,0.5616274880650327,66.66315357723528,37.439859490076145,1.4444887015652281,0.8112645609983997,85.98911837094613,48.293852551601226,1,0.4383725119349673,0.06416046078482597,0.06032624627628252,0.0894118118540404,0.20669932034764804,0.14102964880223579,3.9884831852883877,5.144763401313353,13.05329730107573,16.837510176486067,27.64170008850504,35.65516020976739,71.09118213602287,91.70085343686029,136.35789912853,175.88870162573218
sleeper:player:13286,sleeper:13286,Jadarian Price,RB,,22.89711629944489,0,developmental,prime,UNMATCHED,UNMATCHED_COLD_START,UNMATCHED_COLD_START,elite,0.6348314606741573,0.09722222222222222,143.35,158.428,0,0,1.1143068393793185,D1,RB|developmental,0.9277160551140977,136.01351163158185,126.18191845306656,0.9488211484588898,0.880236612857109,151.56078625907014,140.6053747382555,1,0.07228394488590228,0.0565548874644619,0.11671214397257831,0.011195921755278329,0.15592567878478605,0.5873274231369932,13.357852164004683,14.884746025768248,21.811114130080554,24.304273649631657,39.23144523009272,43.71586773862746,87.87028191487539,97.91445611593448,185.1443929011271,206.30766328245767,D1,RB|developmental,0.8522927302095573,118.617019103098,101.09642306069861,0.8274643816051482,0.7052418769494149,132.17575565336938,112.65243565332152,1,0.14770726979044269,0.045160784706352146,0.058902427041134416,0.11607367895474253,0.2030265097831863,0.429129329724142,7.240795947279629,8.068468446603742,15.533677060280525,17.309282588980214,30.56043200048684,34.05369839252908,83.51033751381692,93.05614025052147,184.91483133096153,206.05186125476354
sleeper:player:13287,sleeper:13287,Jeremiyah Love,RB,,21.254372095251785,0,developmental,young,UNMATCHED,UNMATCHED_COLD_START,UNMATCHED_COLD_START,elite,0.7696629213483146,0.4305555555555556,183.75,208.8405,0,0,1.1143068393793185,D1,RB|developmental,0.9496194432827184,169.37082889352794,160.83783224220457,0.9217460075838255,0.8753079305698208,188.7310730274025,179.22269649843201,1,0.05038055671728159,0.029032787709516356,0.05532083284893681,0.0,0.07781159885533291,0.7874542238689324,16.088362413011097,17.927372271231423,24.290357600172783,27.06691160484194,42.059221695822515,46.86687839462605,91.0381374000862,101.44441914927019,192.954906819335,215.0109723605841,D1,RB|developmental,0.9065033401230826,136.7786787089556,123.99032910729022,0.744373761681391,0.6747773012641645,152.4134171666556,138.16327174114608,1,0.09349665987691735,0.02518423123826818,0.04745625795707113,0.0814870822321388,0.2412690346128488,0.5111067340827558,12.017678724192265,13.391381595830763,20.40538393701535,22.73785888117709,36.337513944506036,40.49114031440443,88.46306115847138,98.5749940813156,192.5524905646827,214.56255717574763
sleeper:player:13288,sleeper:13288,Nicholas Singleton,RB,,22.65344257582291,0,developmental,prime,UNMATCHED,UNMATCHED_COLD_START,UNMATCHED_COLD_START,usable,0.03932584269662921,0.875,15.6,17.3405,0,0,1.1143068393793185,D1,RB|developmental,0.5467320037297909,67.7744435381929,37.05445731730779,4.344515611422621,2.375285725468448,75.5215259697358,41.2900352181651,1,0.4532679962702091,0.125530701317995,0.1367869725647396,0.05027257020931492,0.11593640336630637,0.11820535627143502,16.32437585983734,18.19036366921539,25.245636898587236,28.131385860582643,41.469764898620305,46.210042653985,86.5177657054611,96.40733805341276,164.43097916794483,183.22656469267918,D1,RB|developmental,0.44575803949900317,63.07281238052706,28.115213192432197,4.043128998751735,1.8022572559251409,70.28246621450987,31.328974350934843,1,0.5542419605009968,0.08756619030898809,0.09799391921532209,0.05344040517179588,0.12933672304801244,0.07742080175488465,10.46329277953209,11.659318706660848,18.221863844424313,20.304747508080734,32.05159412891783,35.715310550863144,81.29251504227724,90.58480550195566,170.32105936225642,189.78992133769324
sleeper:player:13293,sleeper:13293,Ja'Kobi Lane,WR,,22.073006290341347,0,developmental,prime,UNMATCHED,UNMATCHED_COLD_START,UNMATCHED_COLD_START,premium,0.30991735537190085,0.125,51.7,66.2955,0,0,1.2899047488253008,D1,WR|developmental,0.7444790360346176,75.10044923533033,55.91071005248546,1.452619907840045,1.0814450687134518,96.87242610756603,72.11949040689548,1,0.2555209639653824,0.0931934636009416,0.1299492758197892,0.05199882209592113,0.15146489527156418,0.3178725792464015,5.454896482402795,7.036296877001794,15.189946630171661,19.5935842926613,32.955347798518446,42.50925962449836,70.84993005811661,91.38966123590504,128.93062492210237,166.30822535603352,D1,WR|developmental,0.620274358226004,69.9595445624067,43.39411160523034,1.3531826801239206,0.8393445184764089,90.24114875670367,55.97427063064172,1,0.37972564177399604,0.06754258533428374,0.06487085599664753,0.10567547347799237,0.2194917226472044,0.1626937207698759,6.176974083432029,7.967708203589784,15.266319509570415,19.692098032479215,29.849115119999002,38.5025153415198,73.59846796419725,94.93501333328481,139.39068818030012,179.80071062579586
sleeper:player:13294,sleeper:13294,Makai Lemon,WR,,22.24823233878861,0,developmental,prime,UNMATCHED,UNMATCHED_COLD_START,UNMATCHED_COLD_START,premium,0.5991735537190083,0.9204545454545454,95.0,123.6755,0,0,1.2899047488253008,D1,WR|developmental,0.7709277435996607,103.4534325829487,79.75512134881225,1.088983500873144,0.8395275931453922,133.44507397102362,102.87650977097105,1,0.22907225640033935,0.0600314437633864,0.10870872260354493,0.0,0.12298474662496034,0.47920283060776897,7.967274179795119,10.277024799710928,17.20535428708213,22.193268200128987,35.69597064623907,46.04440205051232,74.45708247341902,96.04254426614027,142.42273314926572,183.71175982991645,D1,WR|developmental,0.6623384505849935,81.40558355159894,53.918048078533275,0.8569008794905151,0.5675584008266661,105.00544880410227,69.54914626389096,1,0.3376615494150065,0.06738738733505874,0.04889143529404237,0.12891908559672044,0.1939036057588853,0.22323693660028668,8.70823480218683,11.232793425226546,18.00858089274042,23.22935401315044,34.3499999528099,44.30822806127835,76.81273520745236,99.08111191435319,148.398921410056,191.42047344738384
sleeper:player:13296,sleeper:13296,Caleb Douglas,WR,,22.979253509654544,0,developmental,prime,UNMATCHED,UNMATCHED_COLD_START,UNMATCHED_COLD_START,premium,0.3347107438016529,0.19318181818181818,53.2,71.2555,0,0,1.2899047488253008,D1,WR|developmental,0.7169577499851796,75.84389834054255,54.376870704340085,1.4256371868523035,1.0221216297808287,97.8314046388892,70.14098374778766,1,0.2830422500148204,0.08648240825291166,0.12395899829185274,0.03328312875263276,0.16517079633921117,0.30806241834857123,4.370276415347433,5.637240301835867,14.048768931909713,18.12157376041969,31.883795932502053,41.12705978391121,69.80721424836747,90.04465716123441,128.76008021700892,166.08823893104648,D1,WR|developmental,0.5766247842657525,69.44164501775946,40.04177357742451,1.3052940792811927,0.7526649168688817,89.57310767464871,51.65007388890733,1,0.4233752157342475,0.06010339054065232,0.058574053495501884,0.10484197696735262,0.19509216001759339,0.15801320324465226,4.748887496717444,6.125612533652926,13.853806155145499,17.87009034882736,28.648286362327728,36.95356062447364,72.12747601634112,93.03757383426141,138.40506510882082,178.52935074534292
sleeper:player:13298,sleeper:13298,KC Concepcion,WR,,21.938848846998912,0,developmental,young,UNMATCHED,UNMATCHED_COLD_START,UNMATCHED_COLD_START,premium,0.5661157024793388,0.8295454545454546,93.0,123.118,0,0,1.2899047488253008,D1,WR|developmental,0.7787785325092046,110.95504975704816,86.40941082427975,1.1930650511510554,0.9291334497234381,143.12144558776396,111.4599093654348,1,0.2212214674907954,0.04906927493490926,0.09011323053626817,0.0,0.09165530285799377,0.5479407241800334,8.295938195166372,10.700970073906298,17.61921799066696,22.727112956749487,36.01176544589133,46.4517472622381,74.76629228145352,96.44139546590732,141.55159475127178,182.58807427346,D1,WR|developmental,0.6752406294362308,95.19600026067653,64.2802071358308,1.02361290602878,0.6911850229659227,122.79377280542123,82.91534443998215,1,0.32475937056376925,0.04306978671718084,0.04717013796582126,0.0847727143554073,0.19908647780403668,0.3011415125937847,9.18309645779297,11.845319729827951,18.46444014281368,23.81736902461588,34.48087541483079,44.477044941243804,77.41594441133891,99.85919433098157,148.36286586720797,191.3739652314427
sleeper:player:13301,sleeper:13301,Antonio Williams,WR,,22.133240244495095,0,developmental,prime,UNMATCHED,UNMATCHED_COLD_START,UNMATCHED_COLD_START,starter,0.16115702479338842,0.5535714285714286,33.2,41.4955,0,0,1.2899047488253008,D1,WR|developmental,0.5879847551789864,61.982103541775956,36.44453197648972,1.8669308295715648,1.0977268667617386,79.9510097007183,47.00997486518962,1,0.4120152448210136,0.10234130722497743,0.13128101146376647,0.03304098814829695,0.14392258037825215,0.17739886796369342,6.923160605292267,8.93021774164674,16.839655133928566,21.721551125834814,34.27173132292718,44.20726898390858,71.47935691494617,92.20156192756767,124.60854235223775,160.7331505243501,D1,WR|developmental,0.5073714344581971,59.03472151719435,29.952531339019092,1.7781542625660947,0.9021846788861172,76.14916763060816,38.63591241353937,1,0.4926285655418029,0.08495042464006121,0.06863088893869425,0.11314576187380711,0.13686474241646218,0.10377961658917234,8.308138077290465,10.716706759793276,17.27562521477192,22.283911003460407,31.27765665548174,40.34519785203317,74.83959448950583,96.53594833217338,137.5922779535761,177.48093273400855
sleeper:player:13303,sleeper:13303,Cade Klubnik,QB,,22.8943783924379,0,developmental,young,UNMATCHED,UNMATCHED_COLD_START,UNMATCHED_COLD_START,usable,0.36885245901639346,0.7307692307692307,9.38,10.203,0,0,1.045759529798389,D1,QB|developmental,0.5029869678402604,103.69782835010248,52.15865625343784,11.055205581034379,5.560624334055206,108.44299221651723,54.54541183851096,1,0.4970130321597396,0.10878274990483183,0.14561483541238548,0.021334601381575582,0.054722687126123645,0.1725320940153439,9.758434550618844,10.204975927223517,19.62137040233562,20.519235085946526,43.29472822298717,45.275874629220105,101.79943506689057,106.45772934929312,241.95805494309013,253.02994176821872,D0,QB|developmental,0.6371413800783575,112.33347346863798,71.57230431480356,11.975850049961403,7.630309628443876,117.47380039518266,74.84741930683619,1,0.3628586199216425,0.08950466172460025,0.14254856816055517,0.04215731727499999,0.12272449185979128,0.2402063410584108,112.33347346863798,117.47380039518266,112.33347346863798,117.47380039518266,112.33347346863798,117.47380039518266,112.33347346863798,117.47380039518266,112.33347346863798,117.47380039518266
sleeper:player:13305,sleeper:13305,Mike Washington,RB,,23.165431186129762,0,developmental,prime,UNMATCHED,UNMATCHED_COLD_START,UNMATCHED_COLD_START,premium,0.3651685393258427,0.31666666666666665,54.2,60.273,0,0,1.1143068393793185,D1,RB|developmental,0.771757124911563,91.35733823668441,70.50567669711677,1.685559746064288,1.3008427434892391,101.80010682462718,78.56495775866425,1,0.228242875088437,0.10345697623235571,0.1454859643188086,0.052847638456968056,0.17398977142509223,0.2959767744783384,9.82799644600943,10.951403657183942,18.50402070653766,20.619156829311443,35.37687974392525,39.420699054555584,82.42495386303025,91.84668982509939,170.91254292668054,190.4490155189115,D1,RB|developmental,0.6139894544954718,73.85851996536482,45.34835238337726,1.3627033203941847,0.8366854683279937,82.30105394383996,50.5319792153807,1,0.3860105455045282,0.08276272356954892,0.05992128659756038,0.12855440755294628,0.19790941539958895,0.1448416213758273,4.516976862256676,5.033298210930749,12.569856898346977,14.006677511847343,27.007247132850424,30.094360192942716,78.40173871807882,87.36359367278556,174.2107683397236,194.12425065448005
sleeper:player:13311,sleeper:13311,Chris Bell,WR,,22.23454280375367,0,developmental,prime,UNMATCHED,UNMATCHED_COLD_START,UNMATCHED_COLD_START,starter,0.2024793388429752,0.7321428571428571,35.65,47.4305,0,0,1.2899047488253008,D1,WR|developmental,0.5892920980305292,67.65056796440354,39.86594512870026,1.8976316399552184,1.1182593303983244,87.26278887801288,51.42327193791934,1,0.4107079019694708,0.09515860519721035,0.12331123218719905,0.023732412677390517,0.1386769189734778,0.20841292899525146,7.100480390423719,9.158943374548482,16.93611723796218,21.84597805190945,34.47706879589161,44.472134765397186,71.77638543847047,92.58470043059823,126.33528998484812,162.96049049567705,D1,WR|developmental,0.5087379179575151,62.52731901758637,31.81001809247223,1.7539219920781592,0.89228662250974,80.6542857320992,41.03189339769867,1,0.4912620820424849,0.0855450714928014,0.06164352541732749,0.10629536391476191,0.1373713085883549,0.1178826485442694,8.445437390043317,10.893809795323628,17.441292536341862,22.497606068278643,31.737609839550416,40.93849364840067,75.00279928490298,96.74646697278723,138.5752400024057,178.7488601487089
sleeper:player:13317,sleeper:13317,Ted Hurst,WR,,22.166095128578956,0,developmental,prime,UNMATCHED,UNMATCHED_COLD_START,UNMATCHED_COLD_START,usable,0.024793388429752067,0.6666666666666666,15.8,21.048,0,0,1.2899047488253008,D1,WR|developmental,0.4845273833277933,48.94576192457965,23.715561950301716,3.0978330332012436,1.5009849335633996,63.13537074138789,30.590815980754797,1,0.5154726166722067,0.12273019683121617,0.12258270366981738,0.03568115341463403,0.10419746335352162,0.09933586605860413,7.913733582957825,10.20796252959556,17.80845034720945,22.971204672085047,35.03555681774525,45.192531116948246,71.00123508275527,91.58483030570757,119.92689732896064,154.6942743765106,D1,WR|developmental,0.4190956246406614,57.09376828654597,23.92774848313917,3.6135296383889854,1.5144144609581751,73.64552284114701,30.8645163970986,1,0.5809043753593386,0.07908124953557405,0.07792351763648046,0.0643238637609561,0.11197847119777611,0.08578852250987469,9.296563917754689,11.991681945269717,18.118493304060884,23.37113055446755,32.40934547919855,41.804968639938004,73.64521687655493,94.99531497733739,133.45998281112108,172.1506656062081
sleeper:player:13320,sleeper:13320,Zachariah Branch,WR,,22.426196294242864,0,developmental,prime,UNMATCHED,UNMATCHED_COLD_START,UNMATCHED_COLD_START,starter,0.16942148760330578,0.5892857142857143,33.45,44.223,0,0,1.2899047488253008,D1,WR|developmental,0.5768770582754954,62.67649957000139,36.156634694947755,1.8737369079223134,1.080915835424447,80.84671443509171,46.63861479455474,1,0.4231229417245046,0.0989032600928318,0.1272214582699415,0.0306255496859256,0.1403454774424994,0.1797813127842971,6.563715402876305,8.466567668107919,16.46011820841437,21.2319846432595,33.91606559840375,43.748494076851415,71.12926990595972,91.749983032174,124.5513883367534,160.6594272883624,D1,WR|developmental,0.492533899888395,59.19938887643108,29.15770587431827,1.7697874103566837,0.8716802951963608,76.36157283926414,37.61066327213451,1,0.507466100111605,0.08256625853150897,0.06522096428086778,0.1084932321005255,0.1329433068344833,0.10331013814100948,7.835635047658208,10.107222858036284,16.80809023663899,21.680835414924807,30.88609304190049,39.840118087407525,74.34378455549282,95.89640074377525,137.2572584351385,177.04878946622674
sleeper:player:13329,sleeper:13329,Malik Benson,WR,,23.874549100939785,0,developmental,prime,UNMATCHED,UNMATCHED_COLD_START,UNMATCHED_COLD_START,starter,0.07851239669421488,0.19642857142857142,23.1,30.6005,0,0,1.2899047488253008,D1,WR|developmental,0.48930954617462574,47.42515235768897,23.205579777403273,2.053036898601254,1.0045705531343407,61.17392923994642,29.93298755411685,1,0.5106904538253743,0.09878458389947434,0.12383244332102619,0.04464891489943861,0.12033420690899993,0.10170939714568666,2.952868422779261,3.8089190011992446,12.904493681796161,16.64556768133496,30.186504041495592,38.9377149135593,66.79873760202352,86.16400884838532,117.2941683795567,151.2983048023046,D1,WR|developmental,0.38270101461271033,47.445742231169355,18.157533690921632,2.0539282351155563,0.7860404195204169,61.20048821552648,23.421488934875203,1,0.6172989853872897,0.06431688211749968,0.06329729384722811,0.09616061953007433,0.09940553476770055,0.059520684350207645,3.5189432412496444,4.5391015977346125,12.406911819556875,16.003734474303165,26.372996643908373,34.01865361173113,69.07869807634914,89.10494069135193,130.08979576040514,167.80344532506007
sleeper:player:13330,sleeper:13330,Kenyon Sadiq,TE,,21.495307911866774,0,developmental,young,UNMATCHED,UNMATCHED_COLD_START,UNMATCHED_COLD_START,premium,0.4296875,0.58,48.1,64.9155,0,0,1.3587707610638076,D1,TE|developmental,0.862167765593594,73.64863154481539,63.49747609801936,1.5311565809732928,1.3201138481916708,100.07160713545674,86.2785139233367,1,0.13783223440640602,0.05016062735032875,0.08540557546418137,0.015057385641766625,0.12065285189948535,0.5908913252378318,7.744965058849061,10.523632067424936,15.060128838517798,20.463262723631825,25.183233129128155,34.218240844912756,50.7696914631997,68.98437230842654,93.61799833760236,127.20539885045423,D1,TE|developmental,0.7842842513027635,69.31617208392805,54.36358212601702,1.441084658709523,1.1302200026198965,94.18478789650877,73.86764585952295,1,0.21571574869723653,0.04411816402839494,0.04214198927177974,0.10155591046521444,0.2336648276164712,0.3628033599209031,10.621819650732114,14.432617970707781,16.267674473558472,22.10404042517532,24.25252814684538,32.95362612781051,55.23020712018864,75.04519056241044,104.30187412403635,141.72233688389832
sleeper:player:13337,sleeper:13337,Emmett Johnson,RB,,22.8943783924379,0,developmental,prime,UNMATCHED,UNMATCHED_COLD_START,UNMATCHED_COLD_START,premium,0.2640449438202247,0.016666666666666666,45.6,52.4155,0,0,1.1143068393793185,D1,RB|developmental,0.772273715735273,91.53293860103136,70.6884826055871,2.0073012851103367,1.5501860220523487,101.99577951161648,78.76865963275169,1,0.22772628426472696,0.13029602077871316,0.12106710672319133,0.05988288244725309,0.15614366090090961,0.3048840448852059,11.449916650108548,12.758720433539091,20.323787175829935,22.64693505211698,36.93022232064154,41.15159931168964,83.75382003363246,93.32745448762124,168.74266313181403,188.03110362286074,D1,RB|developmental,0.6160138688257877,66.17608251240733,40.765384612202595,1.4512298796580556,0.8939777327237411,73.7404613469056,45.42514688330578,1,0.3839861311742123,0.09695033892492842,0.06473840875671208,0.17540285275895026,0.14304821776573431,0.13587405061946262,5.04277756700823,5.61920153238587,13.026230640976387,14.515217894572432,26.743569069797196,29.800541923888215,78.86394082626622,87.87862864311431,172.6668453485015,192.4038467058863
sleeper:player:13345,sleeper:13345,Jonah Coleman,RB,,23.034011649794316,0,developmental,prime,UNMATCHED,UNMATCHED_COLD_START,UNMATCHED_COLD_START,starter,0.25280898876404495,0.9736842105263158,41.95,47.5055,0,0,1.1143068393793185,D1,RB|developmental,0.6453661143753967,94.49110053557057,60.981354395696144,2.2524696194414915,1.4536675660475837,105.29207958726506,67.95194027773829,1,0.3546338856246033,0.08973240860445782,0.12565032632939996,0.032929678924547824,0.14661693002089954,0.25043677049609153,14.23404498468274,15.861093678464863,23.09236901009327,25.731984725417956,39.689268511740806,44.22602335259501,86.36577297673543,96.23797151625782,171.03277648397477,190.58299259412735,D1,RB|developmental,0.5304418679553871,69.67004956393492,36.95591123123804,1.6607878322749683,0.8809514000295122,77.63381272898879,41.18022464046352,1,0.46955813204461294,0.08888208679575982,0.08307310640250545,0.08940383940977452,0.16258665583115448,0.10649617951619281,8.66477017918691,9.655212672317937,16.63375464906394,18.535106570009482,30.43492789831344,33.913848313107096,82.20614061486984,91.60286472612744,175.75588057409314,195.8459797848467
sleeper:player:13346,sleeper:13346,Denzel Boston,WR,,22.738317693039555,0,developmental,prime,UNMATCHED,UNMATCHED_COLD_START,UNMATCHED_COLD_START,premium,0.47520661157024796,0.5795454545454546,75.6,100.6905,0,0,1.2899047488253008,D1,WR|developmental,0.7447273998131132,91.6401367974762,68.24692079570245,1.2121711216597382,0.9027370475622017,118.20704763806475,88.03202722708077,1,0.2552726001868868,0.07861261911420912,0.10806311832872373,0.009650171118472542,0.13976156987607136,0.40863992137563643,6.289827124183432,8.113277876774394,15.759601847494693,20.32838526267939,33.92940880402355,43.76570554114495,72.38004017930504,93.36335754745166,136.07592831650948,175.5249861362768,D1,WR|developmental,0.6197992111156442,80.01484275596974,49.593136417692364,1.0583973909519808,0.6559938679588937,103.21152564743508,63.970422174322344,1,0.3802007888843558,0.06443667237831312,0.050245339345539486,0.09363190817844776,0.20006193940456335,0.21142335180878047,6.8457849246427145,8.830410483733292,16.059069103197643,20.714669497928305,31.565122060047525,40.716000842505565,74.79351534306652,96.4765106223595,143.91165798657443,185.6323310482049
sleeper:player:13347,sleeper:13347,Demond Claiborne,RB,,22.89711629944489,0,developmental,prime,UNMATCHED,UNMATCHED_COLD_START,UNMATCHED_COLD_START,starter,0.08426966292134831,0.18421052631578946,18.2,19.9505,0,0,1.1143068393793185,D1,RB|developmental,0.5906251646750849,53.55562872594469,31.63130203553879,2.9426169629639944,1.7379836283263073,59.67740337657967,35.246976196673835,1,0.40937483532491514,0.1441754506328445,0.16543181366186638,0.07347451277052472,0.1209870536416239,0.08655633396822535,11.533852157025386,12.852250342963293,20.409190577619356,22.74210064683719,36.729266919571025,40.927673333866544,82.01376684466871,91.38850131827513,161.4070819571432,179.85701534910285,D1,RB|developmental,0.46056493201008586,47.21527083340812,21.7456980012264,2.5942456501872595,1.194818571495956,52.612299212813525,24.231380009843754,1,0.5394350679899141,0.10397238630034006,0.07173857490487914,0.13153714061612787,0.09900053290382602,0.05431629728491278,5.487272405880482,6.114505171410029,13.284260634886415,14.80274248155138,27.250616809769546,30.365548688431232,76.65004054681438,85.41166442001735,166.6040699425858,185.6480546054537
sleeper:player:13349,sleeper:13349,Eli Stowers,TE,,23.381725839681856,0,developmental,prime,UNMATCHED,UNMATCHED_COLD_START,UNMATCHED_COLD_START,starter,0.1015625,0.4090909090909091,17.8,24.5555,0,0,1.3587707610638076,D1,TE|developmental,0.6093843987220816,45.33763205271871,27.628045647928964,2.5470579804898152,1.5521373959510654,61.603448809103476,37.54018061174205,1,0.3906156012779184,0.09906120846139553,0.12229355995441822,0.06283255187727271,0.1536632288985409,0.17153384953045425,11.072655427271684,15.045200441911245,18.78428775742286,25.523540972195022,28.174171805360302,38.28224086631189,52.233188730226615,70.97292960375951,84.16649012058195,114.36296583721258,D1,TE|developmental,0.5247082690072152,48.08614504659414,25.231197930628287,2.7014688228423673,1.4174830298105778,65.33804790158536,34.283414014751365,1,0.47529173099278477,0.08503804840287853,0.053738837852317714,0.1298042196765903,0.14712702404606598,0.1090001390293627,14.939271032679102,20.299044670811877,20.315664803485383,27.604331326549044,27.035875165907427,36.735556675206126,57.557235728375474,78.20708899537372,99.92148517864726,135.77039246281652
sleeper:player:13405,sleeper:13405,Kaytron Allen,RB,,23.64730281935974,0,developmental,prime,UNMATCHED,UNMATCHED_COLD_START,UNMATCHED_COLD_START,starter,0.17415730337078653,0.6052631578947368,27.3,30.818,0,0,1.1143068393793185,D1,RB|developmental,0.5847455276103574,71.60459475109263,41.87046653705349,2.6228789286114518,1.5337167229689923,79.78948966212697,46.65654723024159,1,0.41525447238964264,0.1058613959448922,0.13888309649114733,0.052314577382743345,0.1372385451711482,0.15044791262042628,11.014043251556515,12.273023724429052,19.855515813803777,22.125137070725764,36.33648721767528,40.489996225674744,82.28269769875129,91.68817280829948,164.53284659354816,183.34007626173891,D1,RB|developmental,0.4486989834847527,56.476447678955424,25.34092466437712,2.0687343472144843,0.9282389986951326,62.93209191250827,28.237565669711486,1,0.5513010165152473,0.08677032600154617,0.07026998206279107,0.1014966355299198,0.11906460335000918,0.07109743654048647,5.119761679575603,5.704985455543242,13.004019291744257,14.490467636211227,26.99050915884093,30.075708954026585,77.37095775889397,86.21498740006389,169.2227088655857,188.5660218672174
sleeper:player:13413,sleeper:13413,Cyrus Allen,WR,,23.554213981122132,0,developmental,prime,UNMATCHED,UNMATCHED_COLD_START,UNMATCHED_COLD_START,starter,0.22727272727272727,0.8392857142857143,36.35,47.148,0,0,1.2899047488253008,D1,WR|developmental,0.5376345341099605,69.34489512662216,37.28221038430558,1.9077000034834157,1.0256454025943762,89.44830953062238,48.09050022141971,1,0.46236546589003946,0.08291261743727975,0.10808760793869365,0.016819132651044476,0.1221620490158123,0.20765312706713035,5.420990505992286,6.9925613970163205,15.19459935350934,19.599585862589542,32.80810175446743,42.31932625303122,70.11844939876484,90.44612085973333,125.55927798964765,161.95950893792258,D1,WR|developmental,0.44081052156557854,62.37400920715364,27.495119530741594,1.715928726469151,0.7563994368842254,80.45653067958052,35.46608525222286,1,0.5591894784344215,0.07440617205667459,0.04976103214946683,0.08838885110723008,0.11847861883254969,0.10977584741965735,6.26393220884917,8.0798759025143,15.274376037393864,19.702490185977727,29.806259692330837,38.4472359218577,72.73863556839578,93.82591144274664,136.79203414095693,176.44869443989302
sleeper:player:13414,sleeper:13414,Kaelon Black,RB,,24.87388515849059,0,developmental,prime,UNMATCHED,UNMATCHED_COLD_START,UNMATCHED_COLD_START,starter,0.24157303370786518,0.9210526315789473,40.5,44.5405,0,0,1.1143068393793185,D1,RB|developmental,0.5539978812905171,87.30596319532768,48.367318634239396,2.1557027949463623,1.1942547810923307,97.28563190715269,53.89603395657172,1,0.4460021187094829,0.08003752171215738,0.11113015787914014,0.031069231270157406,0.1276355537443812,0.20412541668468095,9.88457829897392,11.01445320292703,18.755599356323962,20.899492639410134,35.327861374477884,39.36607755022516,81.94920014689151,91.31655420534587,166.2440096025481,185.24683690596044,D1,RB|developmental,0.40451480340167656,63.30063684408755,25.606044668187,1.5629786875083345,0.6322480164984444,70.53633257243324,28.532990703213105,1,0.5954851965983234,0.06910159116648727,0.06335919846409833,0.07147841363072563,0.12189522365631324,0.07868037648405204,3.6366348719562254,4.052327110146154,11.59623397286716,12.921762827008685,25.357940462769015,28.256526490237075,77.10345825354975,85.91691087172825,170.42280776739037,189.90330028142992
sleeper:player:13417,sleeper:13417,De'Zhaun Stribling,WR,,23.704798866506497,0,developmental,prime,UNMATCHED,UNMATCHED_COLD_START,UNMATCHED_COLD_START,premium,0.5495867768595041,0.7840909090909091,90.25,117.423,0,0,1.2899047488253008,D1,WR|developmental,0.7233558363580277,98.37894064435173,71.1629808898118,1.0900713644803515,0.7885094835436212,126.8994627215517,91.79346699033238,1,0.2766441636419723,0.0718763066266899,0.09539199858847841,0.0,0.11610334136314263,0.43998418977971676,5.809907003431007,7.4942266339590295,15.164323661151776,19.560533103243547,33.5139659304173,43.229823805614615,72.22789035109726,93.16709876151347,138.44345568963402,178.57887093784404,D1,WR|developmental,0.5857727898369203,83.74255451859531,49.05410978842797,0.9278953409262638,0.5435358425310579,108.01991875229774,63.27512916549092,1,0.41422721016307973,0.06105788222917398,0.04186366986696281,0.07933633072164403,0.1826528417865387,0.22086206523260074,6.054818832767062,7.810139565663097,15.324598222075053,19.767272020494374,31.228585049413553,40.281900154333336,74.2685390627134,95.79934122531137,144.88658499193127,186.8898940221727
sleeper:player:13424,sleeper:13424,Seth McGowan,RB,,24.85745771644866,0,developmental,prime,UNMATCHED,UNMATCHED_COLD_START,UNMATCHED_COLD_START,starter,0.20786516853932585,0.7631578947368421,30.15,34.9205,0,0,1.1143068393793185,D1,RB|developmental,0.5322307676976995,76.65708152558872,40.799257349829226,2.542523433684535,1.3532091989993111,85.41951023082152,45.46289150651164,1,0.4677692323023005,0.08586558731306075,0.11709656877051743,0.03957271491518717,0.12533776279623088,0.16435813390270326,8.1961686028326,9.1330467308424,16.995317054999482,18.9379980318059,33.55246430562001,37.38774045378284,79.65039417368556,88.75497898699643,163.02467212452305,181.65950713592696,D1,RB|developmental,0.3789522183643914,57.33048484520914,21.725514411998127,1.901508618414897,0.7205809091873343,63.88375136794892,24.208889298323466,1,0.6210477816356086,0.06925177754007483,0.05938140861600031,0.07669041930478822,0.10712321426454571,0.0665053986389824,2.198411588770462,2.4497050691376794,10.11006345529752,11.265712854796933,24.23343348960521,27.00348067911091,74.64248751262542,83.17463434360388,167.18199667259842,186.2920423133669
sleeper:player:13425,sleeper:13425,Jalon Daniels,QB,,23.841694216855924,0,developmental,young,UNMATCHED,UNMATCHED_COLD_START,UNMATCHED_COLD_START,depth,0.05737704918032787,0.2692307692307692,3.04,3.173,0,0,1.045759529798389,D1,QB|developmental,0.3995525512836199,54.37558792040304,21.72590488114382,17.88670655276416,7.146679237218361,56.86378925615165,22.720072072949485,1,0.6004474487163801,0.12626520795270202,0.1404675058401815,0.03864195654077355,0.02530771640083409,0.06887016454912874,3.9313698539737345,4.111267489955134,14.151310035921512,14.798867329196504,37.13899712138897,38.838460166847455,94.13079718055428,98.43817819908396,223.96274921791832,234.21117931448478,D0,QB|developmental,0.5535051649465471,51.50363553070357,28.507528279768923,16.941985371941964,9.377476407818724,53.860417675496166,29.812019369565427,1,0.4464948350534529,0.10217753845126917,0.19455614276833816,0.07435404261722146,0.07893527169610871,0.10348216941360959,51.50363553070357,53.860417675496166,51.50363553070357,53.860417675496166,51.50363553070357,53.860417675496166,51.50363553070357,53.860417675496166,51.50363553070357,53.860417675496166
sleeper:player:13434,sleeper:13434,Will Kacmarek,TE,,23.551476074115143,0,developmental,prime,UNMATCHED,UNMATCHED_COLD_START,UNMATCHED_COLD_START,premium,0.2578125,0.14,31.3,44.083,0,0,1.3587707610638076,D1,TE|developmental,0.7584675345076137,57.42179774067328,43.552569359363325,1.8345622281365264,1.3914558900755056,78.02305981774666,59.17795781470637,1,0.24153246549238627,0.0712381294899957,0.08616624602769464,0.07342260764319818,0.18841861300225185,0.3392219383444734,8.939898245964862,12.147272343502674,16.513017696150683,22.437405622458787,26.22516859070413,35.63399228501771,51.175196242178046,69.53536034557396,88.21647376695972,119.86596519869728,D1,TE|developmental,0.6334925967473827,56.47830223713195,35.77858634408423,1.804418601825302,1.1430858256895922,76.74106571433953,48.614896996538484,1,0.3665074032526173,0.07675162011516157,0.03731874344233642,0.10447187212057939,0.22682083739727024,0.18812952367203506,11.755452600198929,15.972965276221814,17.269210788516006,23.46489868608321,24.372119726186277,33.11612366908837,55.68663458157501,75.66537085148882,101.28543691638521,137.623690203557
sleeper:player:1373,sleeper:1373,Geno Smith,QB,00-0030565,34.89462480406853,13,veteran,aging,DIRECT_ID,MAPPED_2025,PHASE2_ENTRY_SEASON,elite,0.5327868852459017,0.05,223.02,239.893,1,1,1.045759529798389,D1,QB|veteran,0.8727208662791736,78.82749595204848,68.7944005538898,0.3534548289482938,0.30846740451031207,82.43460510199863,71.94239997599783,1,0.12727913372082644,0.0394419696958986,0.13673706927171023,0.3079004001934247,0.2669848666145957,0.12165656050354431,1.0406319575507865,1.0882507866214877,12.255946485150332,12.81677283354503,35.46659693874486,37.08953173821081,99.78088746335753,104.34681395654674,242.62848902699534,253.73105460056425,D1,QB|veteran,0.7002146068861788,76.12682281226786,53.30511330898592,0.3413452731246877,0.23901494623345854,79.61035042920251,55.74433022985497,1,0.29978539311382124,0.0948213203112646,0.1206315407261768,0.17620668031087808,0.2316076716577072,0.07694739388015207,7.0070913301854105,7.327732534709063,13.893393339173848,14.529148485678514,38.54736185945969,40.31127101311692,105.80017548613355,110.64154176896608,255.60677559025532,267.3032214545478
sleeper:player:1466,sleeper:1466,Travis Kelce,TE,00-0030506,35.907650396654276,13,veteran,aging,DIRECT_ID,MAPPED_2025,PHASE2_ENTRY_SEASON,elite,0.8359375,0.5961538461538461,99.65,136.3255,1,1,1.3587707610638076,D1,TE|veteran,0.6824434652594114,74.75871183067876,51.01859436005817,0.7502128633284371,0.5119778661320438,101.57995177032126,69.32257428702192,1,0.31755653474058865,0.011612185393474913,0.028323145353390165,0.06362015194578788,0.21123733669027092,0.36765064587648744,4.635299059357237,6.298308830641185,11.178012648524813,15.188356753616928,22.359476826254863,30.381403344198887,48.92054724956543,66.47180921794998,105.7846979018849,143.7371544770491,D0,TE|veteran,0.3152390799802277,59.599193470443126,18.787994917186086,0.5980852330200013,0.1885398386069853,80.98164147062312,25.52857815248789,1,0.6847609200197723,0.009861918832074388,0.017213825551735482,0.04064923834630373,0.09927730153286453,0.14823679571724957,59.599193470443126,80.98164147062312,59.599193470443126,80.98164147062312,59.599193470443126,80.98164147062312,59.599193470443126,80.98164147062312,59.599193470443126,80.98164147062312
sleeper:player:1479,sleeper:1479,Keenan Allen,WR,00-0030279,33.34770734512002,13,veteran,aging,DIRECT_ID,MAPPED_2025,PHASE2_ENTRY_SEASON,premium,0.4834710743801653,0.6022727272727273,76.3,103.908,1,1,1.2899047488253008,D1,WR|veteran,0.3623775454571656,47.83663952293132,17.33492401323909,0.6269546464342244,0.22719428588779933,61.70470848847319,22.360400805202843,1,0.6376224545428344,0.02854260304312089,0.06129143727887386,0.09210774600058098,0.12762490310515162,0.052810856029438205,0.0,0.0,6.164119529738173,7.951127053736049,24.357217696101543,31.418490774373034,62.816958294990016,81.02789281146849,126.8038455460361,163.56488253914193,D0,WR|veteran,0.12720933578161975,39.73991156326582,5.055287753983355,0.520837635167311,0.0662554096197032,51.26070064335406,6.520839680541518,1,0.8727906642183803,0.013121884473289491,0.019258024510330127,0.029019034166055023,0.044060088028260815,0.021750304603684236,39.73991156326582,51.26070064335406,39.73991156326582,51.26070064335406,39.73991156326582,51.26070064335406,39.73991156326582,51.26070064335406,39.73991156326582,51.26070064335406
sleeper:player:19,sleeper:19,Joe Flacco,QB,00-0026158,40.62506416969548,18,veteran,aging,DIRECT_ID,MAPPED_2025,PHASE2_ENTRY_SEASON,usable,0.319672131147541,0.5,7.71,8.1655,1,1,1.045759529798389,D1,QB|veteran,0.13113022658039353,48.38570193745754,6.344828058310194,6.275707125480874,0.8229348973164973,50.5998089070806,6.635164406910094,1,0.8688697734196065,0.019733579321979104,0.0348056447097058,0.041065530876558294,0.024382535210430364,0.011142936461719965,0.0,0.0,8.324209872204953,8.70512180190016,31.89775143221626,33.357377539380366,90.11215659941828,94.23564651452647,228.66841682684344,239.13217606058183,D1,QB|veteran,0.056172986080752274,85.39048966902567,4.7966387876068,11.075290488848985,0.622132138470402,89.29791832553448,5.016130723140402,1,0.9438270139192477,0.006584131858639106,0.016834749419481224,0.006909330442351945,0.010986308445828305,0.01485846591445171,1.1480351620522597,1.2005687112597885,7.576881507181888,7.92359604228864,38.260549976745445,40.01133475350908,87.2441660718592,91.23641808896004,231.42893685696532,242.01901618928113
sleeper:player:2133,sleeper:2133,Davante Adams,WR,00-0031381,32.68787175643579,12,veteran,aging,DIRECT_ID,MAPPED_2025,PHASE2_ENTRY_SEASON,elite,0.8966942148760331,0.7222222222222222,151.4,189.5705,1,1,1.2899047488253008,D1,WR|veteran,0.6833133731169032,111.4665807906472,76.16660530986495,0.7362389748391492,0.5030819373174699,143.7812718971749,98.24766589109717,1,0.3166866268830968,0.011619562275312507,0.028341412662724438,0.04534530944734704,0.19161580905426473,0.40639127967725447,3.815668669868458,4.921849137207243,12.450046253511886,16.059373785499627,31.736075891380008,40.93651500137121,71.08729610161807,91.69584082262743,149.3853045318181,192.69281372030588,D0,WR|veteran,0.36113412432588987,86.42121732087666,31.20965064035222,0.5708138528459489,0.2061403609006091,111.47513862146215,40.25747657016892,1,0.6388658756741101,0.012375132906854854,0.022371658575979288,0.03998635072913302,0.11003536646024466,0.17636561565367803,86.42121732087666,111.47513862146215,86.42121732087666,111.47513862146215,86.42121732087666,111.47513862146215,86.42121732087666,111.47513862146215,86.42121732087666,111.47513862146215
sleeper:player:2216,sleeper:2216,Mike Evans,WR,00-0031408,32.03077407475855,12,veteran,aging,DIRECT_ID,MAPPED_2025,PHASE2_ENTRY_SEASON,elite,0.7479338842975206,0.32222222222222224,121.7,155.698,1,1,1.2899047488253008,D1,WR|veteran,0.6040745115507102,88.64877832199271,53.55046746442493,0.7284205285291102,0.4400202749747324,114.34848013509978,69.07500228417649,1,0.39592548844928976,0.01898315822661116,0.043318938063103114,0.07470122272966465,0.22186405243889076,0.24520714009244055,3.149489664591094,4.062541674732256,12.094279931436475,15.600469117182442,30.978025130772508,39.95870172541297,70.06205701736883,90.37338005917304,143.17862269503502,184.68678534459167,D0,WR|veteran,0.3028532895726993,72.81573790217621,22.052485756337546,0.5983215932800017,0.18120366274722716,93.92536610923554,28.445606100502108,1,0.6971467104273007,0.011328356604323526,0.02561282360300791,0.05110345098799336,0.11416545894625128,0.10064319943112322,72.81573790217621,93.92536610923554,72.81573790217621,93.92536610923554,72.81573790217621,93.92536610923554,72.81573790217621,93.92536610923554,72.81573790217621,93.92536610923554
sleeper:player:2306,sleeper:2306,Jameis Winston,QB,00-0031503,31.652942907794134,11,veteran,aging,DIRECT_ID,MAPPED_2025,PHASE2_ENTRY_SEASON,usable,0.4016393442622951,0.8846153846153846,12.08,13.5305,1,1,1.045759529798389,D1,QB|veteran,0.2726238593867488,69.09937162096053,18.838137372505443,5.720146657364282,1.5594484579888612,72.26132637569982,19.700161680948753,1,0.7273761406132512,0.0702218971937374,0.066038492876603,0.07180644073275909,0.041549341672811685,0.023007686910837745,24.029388751841367,25.128962282468326,33.93362101705635,35.486407559153584,57.63697973938403,60.27442083125752,116.55766635209531,121.8912903587647,257.66267880759773,269.45320183642673,D1,QB|veteran,0.1935108556286691,92.39503489848944,17.879442259047433,7.648595604179589,1.4800862797224696,96.62298825115006,18.69759712987889,1,0.8064891443713309,0.04288675620377809,0.039888110550420956,0.03814903800511239,0.04101157882116494,0.0315753720481927,27.17575856852779,28.419308502538165,33.6898732927591,35.23150605360306,64.25391293793405,67.19414178168053,114.49410413267589,119.73330050247493,260.43486616536484,272.3522431841983
sleeper:player:2307,sleeper:2307,Marcus Mariota,QB,00-0032268,31.839120584269356,11,veteran,aging,DIRECT_ID,MAPPED_2025,PHASE2_ENTRY_SEASON,depth,0.12295081967213115,0.5769230769230769,3.8,4.4355,1,1,1.045759529798389,D1,QB|veteran,0.320656752611553,54.390158744923255,17.440571677173953,14.313199669716647,4.589624125572093,56.87902683475068,18.238644036536535,1,0.679343247388447,0.07607280307943372,0.09477770543374932,0.09860177647636076,0.03512616429104996,0.016078303330959356,20.08932345829171,21.008601453710884,30.21838089635318,31.601159797438925,53.35882731809494,55.800502166764396,110.61795551487387,115.67978114649361,242.6519765755063,253.7556169282512,D1,QB|veteran,0.238795328505241,77.35714545244007,18.472524960543133,20.357143540115807,4.861190779090299,80.89697205488932,19.31781901692659,1,0.761204671494759,0.05371964499479911,0.07667620838990284,0.04859333311427777,0.03186097560617849,0.02794516640008278,30.32678068589593,31.714519910381394,36.59189089156703,38.2663186131991,66.57038365613748,69.61661311074069,115.14133742355546,120.410150884415,255.29500677424954,266.9771862441157
sleeper:player:2449,sleeper:2449,Stefon Diggs,WR,00-0031588,31.7569833740597,11,veteran,aging,DIRECT_ID,MAPPED_2025,PHASE2_ENTRY_SEASON,elite,0.7066115702479339,0.2111111111111111,111.8,145.2555,1,1,1.2899047488253008,D1,WR|veteran,0.7336688278349314,88.62260857922658,65.0196453559951,0.7926888066120445,0.5815710675849293,114.3147236596302,83.86914931163498,1,0.26633117216506863,0.016362130562839878,0.04336464396256835,0.09151357076441266,0.2904053783882478,0.29202310415686267,3.0849384066808483,3.9792767006111833,12.101651531763856,15.609977779451174,30.88129881942944,39.83393399707519,69.844558433743,90.09282760329131,141.547334602844,182.58257908777227,D0,WR|veteran,0.43194660334408264,74.97770094878953,32.38636325137804,0.6706413322789762,0.28968124554005403,96.71409250984688,41.77532375513375,1,0.5680533966559174,0.015126677294816147,0.03822754578739452,0.06826443683662685,0.15655645061033072,0.1537714928149144,74.97770094878953,96.71409250984688,74.97770094878953,96.71409250984688,74.97770094878953,96.71409250984688,74.97770094878953,96.71409250984688,74.97770094878953,96.71409250984688
sleeper:player:2505,sleeper:2505,Darren Waller,TE,00-0031610,32.96713827114862,11,veteran,aging,DIRECT_ID,MAPPED_2025,PHASE2_ENTRY_SEASON,elite,0.6015625,0.019230769230769232,72.0,96.398,1,0,1.3587707610638076,D1,TE|veteran,0.7112475017217917,58.68102785032554,41.736734457010925,0.8150142756989659,0.5796768674584851,79.73406487219333,56.710654442470776,1,0.28875249827820826,0.013251580458493516,0.04376978657067265,0.12000042105825161,0.3144087774478811,0.2198169361864929,7.363775002897903,10.005682164990224,14.407710037961316,19.576775133467358,24.948864848450988,33.89978807780783,51.12855242547858,69.47198209125831,99.8075527748259,135.61558444376632,D0,TE|veteran,0.3980391506393193,52.89207663445954,21.05311725913006,0.7346121754786048,0.2924044063768064,71.86820722284982,28.606360160953738,1,0.6019608493606807,0.021568672729871324,0.025927360931661845,0.08333633964630167,0.11622245999870724,0.15098431733277726,52.89207663445954,71.86820722284982,52.89207663445954,71.86820722284982,52.89207663445954,71.86820722284982,52.89207663445954,71.86820722284982,52.89207663445954,71.86820722284982
sleeper:player:3163,sleeper:3163,Jared Goff,QB,00-0033106,30.883591038830364,10,veteran,prime,DIRECT_ID,MAPPED_2025,PHASE2_ENTRY_SEASON,elite,0.7459016393442623,0.48333333333333334,286.0,297.1355,1,1,1.045759529798389,D1,QB|veteran,0.9334450060868715,234.850358664969,219.21989447352595,0.8211551002271643,0.766503127529811,245.597000650461,229.25129376708696,1,0.06655499391312847,0.014736624830145324,0.02718558897586585,0.046303355321930424,0.1344028557994928,0.7108165811594371,28.595708580769227,29.904234759676985,39.32876648736686,41.12843234937941,63.13581379524048,66.02487894794933,127.71063531767733,133.55461394006778,278.048157119552,290.7715100506513,D1,QB|veteran,0.8483885569309217,230.53246596517516,195.5811061259218,0.8060575733048083,0.683850021419307,241.0815232110047,204.5308055796928,1,0.15161144306907826,0.03245921499718733,0.03381386157857492,0.04967873725873028,0.12922053922960614,0.6032162038668231,33.81233817423465,35.35957487047175,40.83320233540266,42.70171047443317,67.28974289665383,70.3688898918592,132.26490521808412,138.31728508969215,286.2466939417711,299.3452080628899
sleeper:player:3198,sleeper:3198,Derrick Henry,RB,00-0032764,31.658418721808115,10,veteran,aging,DIRECT_ID,MAPPED_2025,PHASE2_ENTRY_SEASON,elite,0.9606741573033708,0.9027777777777778,252.05,261.9205,1,1,1.1143068393793185,D1,RB|veteran,0.7689918055291557,155.28012382262403,119.40914278115052,0.6160687316906329,0.4737518063128368,173.0297039952174,133.0584244854576,1,0.23100819447084434,0.007682305685431461,0.02269662157712731,0.04147637812322329,0.15407259760502803,0.5430639025383457,8.559020113066808,9.537374650375492,16.384121762282277,18.256938936934674,34.65793343620433,38.61957226671565,84.05049703061252,93.65804369444263,192.58168534541426,214.595089119591,D0,RB|veteran,0.4397790696188967,101.9467103041604,44.83402940827085,0.4044701856939512,0.17787752195306825,113.59991654414799,49.95886560656971,1,0.5602209303811033,0.013071364286603016,0.02809951823412969,0.025468817296447444,0.12817022767362296,0.24496914212809356,101.9467103041604,113.59991654414799,101.9467103041604,113.59991654414799,101.9467103041604,113.59991654414799,101.9467103041604,113.59991654414799,101.9467103041604,113.59991654414799
sleeper:player:3202,sleeper:3202,Austin Hooper,TE,00-0032392,30.842522433725538,10,veteran,aging,DIRECT_ID,MAPPED_2025,PHASE2_ENTRY_SEASON,premium,0.3515625,0.38,38.25,51.553,1,1,1.3587707610638076,D1,TE|veteran,0.5580297606824629,31.867215459113208,17.782854616265425,0.8331298159245283,0.46491123179778887,43.30024060236359,24.162822900830015,1,0.4419702393175371,0.04835937029519703,0.09410084852646051,0.1787090497019728,0.1746636712004424,0.062196820958390145,2.4941337902818432,3.388956068416219,9.906484677508622,13.460641724725338,19.853520993484977,26.976383830113864,45.08538320211153,61.26070044638649,85.32990534475421,115.94378042679433,D0,TE|veteran,0.28936547568607374,25.03887481594559,7.245385921760148,0.6546111062992311,0.189421854163664,34.0220909898438,9.844818543111034,1,0.7106345243139263,0.03167856419195479,0.04278831470715861,0.0792242888005815,0.09547224683159732,0.04020206115478152,25.03887481594559,34.0220909898438,25.03887481594559,34.0220909898438,25.03887481594559,34.0220909898438,25.03887481594559,34.0220909898438,25.03887481594559,34.0220909898438
sleeper:player:3214,sleeper:3214,Hunter Henry,TE,00-0033090,30.735744060452987,10,veteran,aging,DIRECT_ID,MAPPED_2025,PHASE2_ENTRY_SEASON,elite,0.7890625,0.4807692307692308,90.8,118.773,1,1,1.3587707610638076,D1,TE|veteran,0.8315494009162699,73.00102232075493,60.703956377099004,0.8039760167484024,0.6685457750781829,99.19165465720818,82.48276100609499,1,0.16845059908373006,0.013011602982850362,0.029949133739169537,0.07809108024608631,0.2665481653021817,0.443949418645982,3.9039359866311187,5.304554071699152,10.53026683596267,14.308218682905972,21.592559626573205,29.33933867711452,48.02323552832445,65.2525682875679,103.27999990081648,140.33384406790236,D0,TE|veteran,0.6007186386003912,67.70313017836031,40.67053218972967,0.7456291869863471,0.447913350107155,91.99303371885267,55.26192997630907,1,0.3992813613996088,0.01937935104337011,0.03435992666950585,0.07816472761811948,0.19368380966109391,0.2751308236083018,67.70313017836031,91.99303371885267,67.70313017836031,91.99303371885267,67.70313017836031,91.99303371885267,67.70313017836031,91.99303371885267,67.70313017836031,91.99303371885267
sleeper:player:3257,sleeper:3257,Jacoby Brissett,QB,00-0033119,32.723464547526646,10,veteran,aging,DIRECT_ID,MAPPED_2025,PHASE2_ENTRY_SEASON,elite,0.5491803278688525,0.08333333333333333,226.17,237.498,1,1,1.045759529798389,D1,QB|veteran,0.899932932781488,133.54622291872005,120.1826440531341,0.5904683331950306,0.5313818988068006,139.65723528583152,125.68214533493267,1,0.100067067218512,0.020849376771963156,0.0644868457854141,0.19477784238009382,0.30372343477119484,0.3160954330728221,6.895983376358814,7.2115403331585,18.07115433803058,18.89808186345298,41.3293106541864,43.22052047661352,105.65372491098051,110.48838968435533,249.08290640755462,260.4808230855805,D1,QB|veteran,0.788985034755233,123.60655984882038,97.52372591829634,0.5465205811947668,0.43119655974840315,129.26273790749883,101.98636576050454,1,0.21101496524476704,0.054691118794083136,0.10758878745269139,0.13573115452768722,0.27181604005341514,0.21915793392735605,14.064365488721087,14.707944240397655,20.96047005479445,21.919611308855057,45.76639969586322,47.86064862651106,112.8091141759798,117.97120619764542,262.9344257712914,274.9661814623951
sleeper:player:3271,sleeper:3271,Tyler Higbee,TE,00-0033110,32.66596850037988,10,veteran,aging,DIRECT_ID,MAPPED_2025,PHASE2_ENTRY_SEASON,premium,0.3984375,0.5,45.7,61.0455,1,1,1.3587707610638076,D1,TE|veteran,0.45896628469937417,39.07682051430243,17.934943129313677,0.8550726589562895,0.39244952142918327,53.096441150172524,24.36947632545365,1,0.5410337153006258,0.03634182268390816,0.06676154425799413,0.13312747651255807,0.1532916255263798,0.069443815718534,5.794028061171247,7.872755918302712,13.171661340948297,17.897268304715052,23.21172235881673,31.539409655091205,48.73313855584384,66.21716376455191,90.4978654028612,122.96585344809573,D0,TE|veteran,0.20464750684827981,26.75601695443295,5.475552162915008,0.5854708305127561,0.11981514579682731,36.355293520211,7.440020179648603,1,0.7953524931517202,0.020326013796067504,0.025969350970049602,0.053841119108860705,0.07120283611554912,0.03330818685775294,26.75601695443295,36.355293520211,26.75601695443295,36.355293520211,26.75601695443295,36.355293520211,26.75601695443295,36.355293520211,26.75601695443295,36.355293520211
sleeper:player:3294,sleeper:3294,Dak Prescott,QB,00-0033077,32.09374593591929,10,veteran,aging,DIRECT_ID,MAPPED_2025,PHASE2_ENTRY_SEASON,elite,0.9098360655737705,0.8166666666666667,302.05,313.043,1,1,1.045759529798389,D1,QB|veteran,0.92604537796814,257.81319012048954,238.7467130903007,0.8535447446465471,0.7904211656689313,269.61060047622584,249.67165042222373,1,0.07395462203185998,0.008821685558035804,0.012038059239248059,0.024249463822494606,0.06707376208218739,0.8138624072661742,25.184470681280857,26.336900217877584,35.465122852075055,37.08799019802811,59.774482528133674,62.50973474256309,124.28464305298229,129.9718498802474,280.52883704989114,293.36570472818306,D1,QB|veteran,0.8482766822004939,246.72191825033116,209.2884502395324,0.8168247583192556,0.6928933959262784,258.01179722042286,218.86539131472696,1,0.1517233177995061,0.014882433314986714,0.0315767236338601,0.02396969024422633,0.05697632131635768,0.7208715136910631,22.435644980378356,23.462289545404058,29.545361182646417,30.89734301808789,57.74403083303219,60.38637053261542,120.03445775400539,125.52717810043326,277.16226176692015,289.84507654323244
sleeper:player:3634,sleeper:3634,Kalif Raymond,WR,00-0032464,31.067030808298597,10,veteran,aging,DIRECT_ID,MAPPED_2025,PHASE2_ENTRY_SEASON,starter,0.128099173553719,0.4107142857142857,32.55,42.5905,1,1,1.2899047488253008,D1,WR|veteran,0.3494110095341012,24.429620809546645,8.53597846959898,0.7505259849323087,0.2622420420767736,31.511883894235606,11.010599163806248,1,0.6505889904658988,0.06990506668512897,0.12231543307970795,0.09923026111078723,0.0493790156070622,0.008581233051414817,1.1829223567715772,1.5258571654912743,11.185731841465383,14.428528621392575,28.519142791881983,36.78697771967542,65.72381338606785,84.77745899759678,117.67066224313427,151.78394602483692,D0,WR|veteran,0.17303249420682898,16.716102964218337,2.892428989316866,0.5135515503600104,0.08886110566257653,21.56218059539792,3.7309578889597907,1,0.826967505793171,0.038557479318341956,0.05488529312451835,0.048340137059027295,0.02483919834837878,0.006410386356562623,16.716102964218337,21.56218059539792,16.716102964218337,21.56218059539792,16.716102964218337,21.56218059539792,16.716102964218337,21.56218059539792,16.716102964218337,21.56218059539792
sleeper:player:4017,sleeper:4017,Deshaun Watson,QB,00-0033537,29.966392191489216,9,veteran,prime,DIRECT_ID,MAPPED_NO_2025_ROW,PHASE2_ENTRY_SEASON,premium,0.5,0.8333333333333334,165.69,176.2855,0,0,1.045759529798389,D1,QB|veteran,0.6919074854833458,155.70420591893526,107.73290559655159,0.9397320654169549,0.6502076504107164,162.82915716941727,112.66271270046403,1,0.3080925145166542,0.11755121430248368,0.1358711660961565,0.0,0.05292047253124306,0.38556463255346257,12.229538109239762,12.789156022770053,23.365039779375408,24.43421301340028,46.566284106114324,48.69713537126831,110.33923084917201,115.38830217114602,252.3091095290851,263.8546557449863,D1,QB|veteran,0.6478386362451382,138.07975033622554,89.45339715088951,0.8333620033570255,0.5398841037533316,144.39821478629017,93.54674254338278,1,0.35216136375486184,0.09566567721425703,0.09827384230962682,0.04194298959070333,0.18064904953678013,0.23130707759377084,19.620633537534523,20.518464502558604,26.458515839262873,27.66924508323077,51.50750378824849,53.86446294268749,117.34694189157844,122.71668277581595,266.38702269643983,278.5767675994217
sleeper:player:4033,sleeper:4033,David Njoku,TE,00-0033885,29.145020089392663,9,veteran,aging,DIRECT_ID,MAPPED_2025,PHASE2_ENTRY_SEASON,premium,0.5,0.76,55.95,77.8105,1,1,1.3587707610638076,D1,TE|veteran,0.617300267936327,44.828730684995946,27.67278746309344,0.8012284304735647,0.4945985248095342,60.911968510376404,37.600974481984466,1,0.382699732063673,0.040890640261868026,0.07193734798387379,0.1617496920057085,0.2112429638422728,0.1314796238426039,5.730571568033902,7.786533090828042,12.926445773064714,17.56407656091718,23.22502605126361,31.557486323402216,49.02704875779157,66.61652035333685,94.27549481754743,128.09878584290595,D0,TE|veteran,0.3847411636009259,40.60231412004035,15.621381579434628,0.7256892604118024,0.2792025304635322,55.169237257839,21.225876537556534,1,0.6152588363990741,0.03303002466898307,0.04535097146630651,0.09520025773452116,0.13632786468701505,0.07483204504410013,40.60231412004035,55.169237257839,40.60231412004035,55.169237257839,40.60231412004035,55.169237257839,40.60231412004035,55.169237257839,40.60231412004035,55.169237257839
sleeper:player:4034,sleeper:4034,Christian McCaffrey,RB,00-0033280,29.235371020623283,9,veteran,aging,DIRECT_ID,MAPPED_2025,PHASE2_ENTRY_SEASON,elite,0.9719101123595506,0.9305555555555556,276.7,315.358,1,1,1.1143068393793185,D1,RB|veteran,0.836703147380181,167.92520075383158,140.50354399517963,0.6068854382140643,0.5077829562529079,187.12019970413962,156.56406003086164,1,0.163296852619819,0.006588172773378607,0.020281249256796943,0.03661114980275603,0.13450853069078167,0.6387140448564679,13.559410441794626,15.109343793243099,21.40687139662574,23.853823206973566,39.68657590101418,44.22302295804654,89.24840718433629,99.45011052921623,198.0892887645594,220.73224927813334,D0,RB|veteran,0.6019355734942642,125.5895021406734,75.59678899590537,0.4538832748126975,0.27320848932383585,139.94524118959595,84.23801901325255,1,0.3980644265057358,0.016595570928590316,0.03389808361877066,0.026292223077316126,0.15403507104540923,0.37111462482417784,125.5895021406734,139.94524118959595,125.5895021406734,139.94524118959595,125.5895021406734,139.94524118959595,125.5895021406734,139.94524118959595,125.5895021406734,139.94524118959595
sleeper:player:4035,sleeper:4035,Alvin Kamara,RB,00-0033906,30.106025448845628,9,veteran,aging,DIRECT_ID,MAPPED_2025,PHASE2_ENTRY_SEASON,premium,0.4101123595505618,0.45,63.15,74.238,1,1,1.1143068393793185,D1,RB|veteran,0.4295623197254198,57.85830381285169,24.85374720122667,0.9162043359121408,0.3935668598769069,64.47190365354713,27.694700490531474,1,0.5704376802745802,0.04033096078207578,0.06985396316325679,0.1359025493888098,0.13412468267501587,0.04935016371626159,6.885307291632586,7.672345006294482,15.518252120144517,17.292094472689644,32.48553924544256,36.19885856212191,79.77936653605423,88.89869377247476,169.74198822704994,189.14465841124553,D0,RB|veteran,0.1780238835273259,28.92834488468732,5.149936300389889,0.45808938851444686,0.08155085194599983,32.2350525569308,5.738609241892278,1,0.8219761164726741,0.02173661076320728,0.02994374032729884,0.04699120889412307,0.059030193463041156,0.02032213007965558,28.92834488468732,32.2350525569308,28.92834488468732,32.2350525569308,28.92834488468732,32.2350525569308,28.92834488468732,32.2350525569308,28.92834488468732,32.2350525569308
sleeper:player:4037,sleeper:4037,Chris Godwin,WR,00-0033921,29.51189962832912,9,veteran,aging,DIRECT_ID,MAPPED_2025,PHASE2_ENTRY_SEASON,elite,0.6652892561983471,0.1,107.2,140.903,1,1,1.2899047488253008,D1,WR|veteran,0.7437549324737702,78.90172634542118,58.68354815010263,0.7360235666550483,0.5474211581166291,101.77571150347313,75.69618743673558,1,0.2562450675262298,0.02543763846695019,0.061121037990711814,0.1400569022571429,0.29717378507616454,0.21996556868280076,5.769710902637037,7.4423774926606265,14.883761540605938,19.198634691610977,33.54572167949267,43.27078569714944,72.47092909537372,93.48059559190422,142.71460480769537,184.08824646817237,D0,WR|veteran,0.4982976453101533,75.42480575460385,37.5840031054948,0.703589605919812,0.35059704389454105,97.29081512208938,48.4797840856426,1,0.5017023546898467,0.021709010513187837,0.06024067292433124,0.0941770058241673,0.19773172723483193,0.12443922881363505,75.42480575460385,97.29081512208938,75.42480575460385,97.29081512208938,75.42480575460385,97.29081512208938,75.42480575460385,97.29081512208938,75.42480575460385,97.29081512208938
sleeper:player:4039,sleeper:4039,Cooper Kupp,WR,00-0033908,32.214213844226784,9,veteran,aging,DIRECT_ID,MAPPED_2025,PHASE2_ENTRY_SEASON,premium,0.45867768595041325,0.5340909090909091,70.2,91.073,1,1,1.2899047488253008,D1,WR|veteran,0.4586605601891728,47.54808534975185,21.808431462439785,0.6773231531303682,0.31066141684387155,61.33250109019563,28.130799307832177,1,0.5413394398108272,0.036685462938374935,0.07194655594955102,0.12761411454692187,0.15919282487547756,0.06322160187884752,0.0,0.0,6.968724273730807,8.988990533939512,25.10950996731558,32.38887614751659,63.435025048977515,81.82514005252801,126.60746958202878,163.31157625061374,D0,WR|veteran,0.2015404780874338,26.867131359650728,5.414814499061893,0.3827226689408935,0.07713410967324634,34.656040328126636,6.984594936348028,1,0.7984595219125662,0.020975609862966673,0.03454804698953293,0.04804796560047767,0.06784586175787745,0.03012299387657909,26.867131359650728,34.656040328126636,26.867131359650728,34.656040328126636,26.867131359650728,34.656040328126636,26.867131359650728,34.656040328126636,26.867131359650728,34.656040328126636
sleeper:player:4046,sleeper:4046,Patrick Mahomes,QB,00-0033873,29.95817847046825,9,veteran,prime,DIRECT_ID,MAPPED_2025,PHASE2_ENTRY_SEASON,elite,0.8278688524590164,0.65,293.49,307.2605,1,1,1.045759529798389,D1,QB|veteran,0.9321214533666193,239.89872887728436,223.61475182189886,0.8174000098036879,0.7619160851201024,250.8763819099401,233.84725772125242,1,0.06787854663338067,0.013545821230643034,0.022160413990744768,0.03278420873530932,0.1051746171385712,0.758456392271351,21.87867648235259,22.879834430796116,32.38466726126232,33.86657440781497,56.44333287365936,59.02615324621196,120.98301088904651,126.51913658092266,274.27540964866074,286.826123429444,D1,QB|veteran,0.8588919840822684,227.539626900286,195.43196160572575,0.7752891986108079,0.6658896780323886,237.95173323774398,204.37483627638056,1,0.1411080159177316,0.031715273298896514,0.02642847673381074,0.043745255357269024,0.11191764934970082,0.6450853293425913,22.347285404079017,23.369886676440075,29.412420037416506,30.7583185485614,56.74379820518874,59.340367730032845,120.36669473632003,125.87461809084026,275.92079421041313,288.5468000150797
sleeper:player:4054,sleeper:4054,Mo Alie-Cox,TE,00-0033217,31.951374771555884,9,veteran,aging,DIRECT_ID,MAPPED_2025,PHASE2_ENTRY_SEASON,starter,0.1171875,0.5,18.45,25.458,1,1,1.3587707610638076,D1,TE|veteran,0.3354542380921248,25.009570104356346,8.38956628436844,1.3555322549786637,0.4547190398031675,33.98227260457492,11.399497365206566,1,0.6645457619078752,0.06289538731914344,0.10519896989132907,0.10832416491820884,0.0489119083795633,0.01012380758388022,8.838242565108231,12.00914557665865,16.523982992585182,22.452304946640382,25.95253185192844,35.26354145597752,50.06145984081187,68.02204788786518,82.52702565876405,112.1353094626912,D0,TE|veteran,0.1567684253182886,8.80132404844423,1.3797697117905867,0.4770365337910151,0.07478426622171203,11.958981775673758,1.874790741382486,1,0.8432315746817114,0.034168192308423606,0.040964078404246394,0.05055427058536056,0.024501423933028378,0.006580460087229695,8.80132404844423,11.958981775673758,8.80132404844423,11.958981775673758,8.80132404844423,11.958981775673758,8.80132404844423,11.958981775673758,8.80132404844423,11.958981775673758
sleeper:player:4066,sleeper:4066,Evan Engram,TE,00-0033881,30.998583133123883,9,veteran,aging,DIRECT_ID,MAPPED_2025,PHASE2_ENTRY_SEASON,elite,0.640625,0.11538461538461539,74.9,106.513,1,1,1.3587707610638076,D1,TE|veteran,0.8019160208742849,59.337320941344515,47.58354829862337,0.7922205733156811,0.6352943698080556,80.6258167349581,64.65513413583692,1,0.19808397912571507,0.01702649727100301,0.044146415058726754,0.1363405844912626,0.3484515330619051,0.2559509909913874,6.957753867555482,9.453992517913013,13.909434799218772,18.8997333081019,24.56196892944469,33.374085215487156,50.7768474290829,68.99409562563581,100.83558109592887,137.01243926802655,D0,TE|veteran,0.5451423471902669,57.15657937220844,31.1584718363325,0.7631051985608603,0.41600095909656204,77.66268885337959,42.33722049063872,1,0.4548576528097331,0.02531127155969771,0.04202976663312166,0.10297755205862633,0.18733226924538457,0.1874914876934366,57.15657937220844,77.66268885337959,57.15657937220844,77.66268885337959,57.15657937220844,77.66268885337959,57.15657937220844,77.66268885337959,57.15657937220844,77.66268885337959
sleeper:player:4137,sleeper:4137,James Conner,RB,00-0033553,30.3277959164117,9,veteran,aging,DIRECT_ID,MAPPED_2025,PHASE2_ENTRY_SEASON,starter,0.05056179775280899,0.02631578947368421,17.5,19.993,1,1,1.1143068393793185,D1,RB|veteran,0.13117160015963147,29.95874367038782,3.929736346017001,1.7119282097364468,0.2245563626295429,33.38323297112501,4.3789320873242366,1,0.8688283998403685,0.0342936690701798,0.039297423101069304,0.038032696787817635,0.016020927658956973,0.0035268835416078026,7.378460432345882,8.2218689238527,16.331300011653255,18.198079298940765,32.55639130951429,36.27780950170118,77.80366673653702,86.69715797331239,156.01013679501634,173.84316244318978,D0,RB|veteran,0.053741296722145004,0.0,0.0,0.0,0.0,0.0,0.0,1,0.946258703277855,0.012811026338560504,0.011655491337843882,0.018751895923978124,0.008273101597276886,0.0022497815244856105,0.0,0.0,0.0,0.0,0.0,0.0,0.0,0.0,0.0,0.0
sleeper:player:4147,sleeper:4147,Samaje Perine,RB,00-0033526,29.96091637747524,9,veteran,aging,DIRECT_ID,MAPPED_2025,PHASE2_ENTRY_SEASON,premium,0.38764044943820225,0.38333333333333336,60.8,67.9155,1,1,1.1143068393793185,D1,RB|veteran,0.5184477249047678,52.17517826455326,27.050102467758325,0.858144379351205,0.44490300111444614,58.13915798602686,30.142114185734485,1,0.48155227509523224,0.052056221225379846,0.09739411463045325,0.17545585097262983,0.14767828453719004,0.04586325353911478,6.8089554228051625,7.587265596660692,15.486054713495477,17.256216682250344,32.39403567113618,36.09689550344466,79.6385932575042,88.74182914538461,168.82337955094525,188.12104648074887,D0,RB|veteran,0.22874644534902766,27.827837222225,6.365518846335329,0.4576946911550165,0.10469603365683107,31.008749341859694,7.093141186669406,1,0.7712535546509723,0.029756372315838046,0.04405169072672042,0.06292227785033444,0.06892660083998163,0.023089503616153098,27.827837222225,31.008749341859694,27.827837222225,31.008749341859694,27.827837222225,31.008749341859694,27.827837222225,31.008749341859694,27.827837222225,31.008749341859694
sleeper:player:4177,sleeper:4177,Mack Hollins,WR,00-0033555,31.95958849257685,9,veteran,aging,DIRECT_ID,MAPPED_2025,PHASE2_ENTRY_SEASON,starter,0.1115702479338843,0.3392857142857143,25.3,33.068,1,1,1.2899047488253008,D1,WR|veteran,0.2531186795458169,26.47294410987523,6.700796656781829,1.0463614272677957,0.26485362279770075,34.14757632271483,8.643389428495581,1,0.7468813204541831,0.03788047558954603,0.06635126205866983,0.08490743166701914,0.05297306094370167,0.011006449286880242,0.0,0.0,5.56214400425025,7.1746359647325715,22.92101840780814,29.565930492143856,59.668914668829025,76.96721638857422,111.27398973361716,143.53284777813053,D0,WR|veteran,0.11497313338679793,2.4839199694761476,0.2855840619727122,0.09817865492000583,0.011287907587854236,3.204020164329279,0.36837623772742045,1,0.8850268666132021,0.019374331735878242,0.030654807985123888,0.03300325734824171,0.02405879554867416,0.00788194076887992,2.4839199694761476,3.204020164329279,2.4839199694761476,3.204020164329279,2.4839199694761476,3.204020164329279,2.4839199694761476,3.204020164329279,2.4839199694761476,3.204020164329279
sleeper:player:4179,sleeper:4179,Joshua Dobbs,QB,00-0033949,30.59884871010356,9,veteran,prime,DIRECT_ID,MAPPED_2025,PHASE2_ENTRY_SEASON,depth,0.09016393442622951,0.4230769230769231,3.43,3.5655,1,1,1.045759529798389,D1,QB|veteran,0.30807800181399003,25.939947649941896,7.991527239153606,7.562666953335829,2.329891323368398,27.126947457398064,8.357215767988293,1,0.69192199818601,0.13452112577044703,0.10903495310729698,0.04443927125960031,0.012609509671538026,0.007473142005107784,8.475584662683232,8.863423431614056,18.65365380580201,19.507236232977437,41.7158114993027,43.624707418669026,98.8528964115412,103.37635847054219,229.77951753157407,240.2941202111196,D1,QB|veteran,0.21043170104803544,36.75749130025129,7.734941420570243,10.71646976683711,2.255084962265377,38.439496818719164,8.08888870299362,1,0.7895682989519646,0.08546480421460886,0.05752799466502621,0.040243257665994014,0.01601338624036485,0.011182258262041524,9.800355737663594,10.248815408076025,16.040231917503185,16.774225387905243,45.8513402325312,47.949476002197784,94.48430486332292,98.80786222719622,233.97533235170056,244.68193354453618
sleeper:player:4199,sleeper:4199,Aaron Jones,RB,00-0033293,30.74943359548793,9,veteran,aging,DIRECT_ID,MAPPED_2025,PHASE2_ENTRY_SEASON,premium,0.5898876404494382,0.9833333333333333,116.65,135.3405,1,1,1.1143068393793185,D1,RB|veteran,0.4645425062293975,84.86330983655765,39.422614638396375,0.7275037277030231,0.3379564049583915,94.56376656324238,43.92888911778032,1,0.5354574937706025,0.020024310928608725,0.04400847585724113,0.09379965208457065,0.1991473264288714,0.10756274093010568,7.735009494950411,8.619173982887212,16.19889363065964,18.050537963022116,33.542151568118996,37.37624889985273,81.82959260155604,91.18327469953718,177.6865379413582,197.99732449368824,D0,RB|veteran,0.19989598255742647,47.00468919705431,9.396048531851621,0.4029549009606027,0.08054906585385016,52.37764665517679,10.470081142182266,1,0.8001040174425735,0.016931300297280443,0.033060952858018716,0.03441330966688508,0.08893961912494312,0.026550800610299078,47.00468919705431,52.37764665517679,47.00468919705431,52.37764665517679,47.00468919705431,52.37764665517679,47.00468919705431,52.37764665517679,47.00468919705431,52.37764665517679
sleeper:player:421,sleeper:421,Matthew Stafford,QB,00-0026498,37.566822042889314,17,veteran,aging,DIRECT_ID,MAPPED_2025,PHASE2_ENTRY_SEASON,elite,0.8114754098360656,0.6166666666666667,292.95,303.7605,1,1,1.045759529798389,D1,QB|veteran,0.8819214283334322,251.94944527796557,222.1996146473593,0.860042482601009,0.7584898946829128,263.4785334268502,232.36736453500572,1,0.11807857166656777,0.007762306285514101,0.017268963587389902,0.021612751293015216,0.06998129684402607,0.765296110323487,24.518933683504763,25.640908560019824,35.07232196750067,36.67721492967121,59.07960302999805,61.78305788532624,123.63276756450131,129.29014487592642,276.33065358268334,288.9754143595085,D1,QB|veteran,0.6968447169900359,250.66090061918632,174.67172435244441,0.8556439686608169,0.5962509791856782,262.13102557036103,182.6646203278861,1,0.3031552830099641,0.009218905448253604,0.031018916087231868,0.01683005566628765,0.03487982914321169,0.6048970106450511,24.67840447032855,25.807676655065247,31.735042101353724,33.18722270604375,58.88279093666531,61.57723976314396,122.79886365241956,128.41808191293077,278.0401008351398,290.7630851144525
sleeper:player:4217,sleeper:4217,George Kittle,TE,00-0033288,31.896616631416112,9,veteran,aging,DIRECT_ID,MAPPED_2025,PHASE2_ENTRY_SEASON,elite,0.8984375,0.75,106.55,141.7805,1,1,1.3587707610638076,D1,TE|veteran,0.7809908500148285,87.06841752897645,67.99963741540131,0.8171601832846218,0.6381946261417298,118.3060199504687,92.3959190829878,1,0.21900914998517151,0.011259846215884968,0.0222738579577511,0.05428043470157522,0.17958318065065543,0.5135935304889618,7.417232332867954,10.07831842191807,13.814716943970005,18.771033455839202,25.173116735319155,34.20449498479768,51.79823124884414,70.38192209575105,110.8657162871734,150.64109369540677,D0,TE|veteran,0.5206636229242724,69.32253707114363,36.093723301763816,0.6506103901562049,0.33874916285090395,94.19343645503184,49.043095880364106,1,0.4793363770757276,0.014469311341585042,0.02497092875661699,0.06129519819878669,0.15451778771659486,0.2654103969106888,69.32253707114363,94.19343645503184,69.32253707114363,94.19343645503184,69.32253707114363,94.19343645503184,69.32253707114363,94.19343645503184,69.32253707114363,94.19343645503184
sleeper:player:4454,sleeper:4454,Kendrick Bourne,WR,00-0033307,30.078646378775744,9,veteran,aging,DIRECT_ID,MAPPED_2025,PHASE2_ENTRY_SEASON,starter,0.2603305785123967,0.9821428571428571,42.3,55.588,1,1,1.2899047488253008,D1,WR|veteran,0.35780405658090586,42.64211242335396,15.257520806255089,1.0080877641454837,0.36069789140082953,55.00426331482662,19.680748543289273,1,0.6421959434190941,0.04328794500307871,0.07662272534154535,0.10519779518231978,0.1002153454775567,0.032480245576405296,3.2517050843353346,4.194389830063523,13.015935454349005,16.78931695296838,30.6869650944228,39.58326200233221,68.25068196707697,88.0368787798979,124.73667963212247,160.89843541017495,D0,WR|veteran,0.2017213988330323,33.5690980353704,6.771605413258114,0.793595698235707,0.1600852343559838,43.30093896960636,8.734725979732755,1,0.7982786011669677,0.03486172692321421,0.04364843161098163,0.05193745870824505,0.04916108655062249,0.022112695039968894,33.5690980353704,43.30093896960636,33.5690980353704,43.30093896960636,33.5690980353704,43.30093896960636,33.5690980353704,43.30093896960636,33.5690980353704,43.30093896960636
sleeper:player:4866,sleeper:4866,Saquon Barkley,RB,00-0034844,28.55910798989712,8,established,aging,DIRECT_ID,MAPPED_2025,PHASE2_ENTRY_SEASON,elite,0.8820224719101124,0.7083333333333334,215.0,236.938,1,1,1.1143068393793185,D1,RB|established,0.8419653726653697,141.83284117913377,119.41834097957755,0.6596876333913199,0.5554341440910584,158.0453049745094,133.0686741008748,1,0.15803462733463025,0.013661103757090511,0.026175328246569797,0.0683105447239329,0.25466018522852346,0.4791582107092531,13.696010906315458,15.261558625121053,21.659093591145762,24.13487612337049,39.7341881006253,44.27607755771111,88.90040930560201,99.06233411285314,194.73869726069103,216.99866224940658,D0,RB|established,0.6201845600509016,113.42801717035078,70.34630492624011,0.5275721728853525,0.3271921159360005,126.39361531015665,78.3873687043724,1,0.3798154399490984,0.02148350522606467,0.047995366390756466,0.06972078720004479,0.23562525775768714,0.24535964347634853,113.42801717035078,126.39361531015665,113.42801717035078,126.39361531015665,113.42801717035078,126.39361531015665,113.42801717035078,126.39361531015665,113.42801717035078,126.39361531015665
sleeper:player:4881,sleeper:4881,Lamar Jackson,QB,00-0034796,28.649458921127742,8,established,prime,DIRECT_ID,MAPPED_2025,PHASE2_ENTRY_SEASON,elite,0.9426229508196722,0.8833333333333333,318.16,329.248,1,1,1.045759529798389,D1,QB|established,0.9475974510654467,274.6592165091181,260.26637347567294,0.86327387638018,0.818036124829246,287.22749311136926,272.17604034825166,1,0.05240254893455332,0.016266092828486303,0.03332892872647241,0.02647407822625844,0.1311958781343211,0.7403324731499085,59.14887082744731,61.85549534461695,69.36351182475573,72.53755351102156,93.76024985904996,98.05067480637956,158.33712349365288,165.5825558143519,315.7190252218549,330.1661793644127,D1,QB|established,0.8983187418499471,239.40963405249127,215.0661612487902,0.7524818772079811,0.6759685731983599,250.36490633593766,224.90748766307937,1,0.10168125815005291,0.0432094945362287,0.03333087537016036,0.08159550942096219,0.17447251100037972,0.5657103515222162,56.13128243573786,58.699823526977795,63.26317312106296,66.1580661766369,91.7034410726443,95.89974741702278,153.73716767188304,160.7721081770845,311.51390605861053,325.76863592551206
sleeper:player:4892,sleeper:4892,Baker Mayfield,QB,00-0034855,30.38529196355846,8,established,prime,DIRECT_ID,MAPPED_2025,PHASE2_ENTRY_SEASON,elite,0.680327868852459,0.35,273.01,285.6505,1,1,1.045759529798389,D1,QB|established,0.9385943938726158,229.80437913828317,215.69310194656967,0.8417434494644268,0.7900556827463084,240.32011947326174,225.56311687240068,1,0.061405606127384216,0.013967665794052177,0.029367236866059118,0.055542305765046276,0.15505768377392068,0.6846595016735375,30.831385096577282,32.24221478162972,41.73072067791003,43.6402988342791,65.34469491689109,68.3348374311072,129.89758507511365,135.8416374900971,277.8986187221372,290.61512884648397,D1,QB|established,0.8674208339847785,221.1358423835473,191.81783682426314,0.8099917306455708,0.7026037025173552,231.2549145525891,200.59533084428554,1,0.13257916601522146,0.035041111181120244,0.04799651099725061,0.06519592936205296,0.1547184337958063,0.5644688486485484,37.08493418285988,38.781923333671756,44.06761460837306,46.084127932188835,69.89141154912059,73.08960967855404,135.7722897935428,141.98516593414593,288.48383148692375,301.68471597020306
sleeper:player:4943,sleeper:4943,Sam Darnold,QB,00-0034869,28.241510777086457,8,established,prime,DIRECT_ID,MAPPED_2025,PHASE2_ENTRY_SEASON,elite,0.6475409836065574,0.2833333333333333,265.9,281.7255,1,1,1.045759529798389,D1,QB|established,0.9455448823915067,214.95783796830514,203.25228362087364,0.8084160886359728,0.7643936954527027,224.7942075602131,212.55301254981362,1,0.05445511760849331,0.014486051727547999,0.037810752061830856,0.06475202202347438,0.1886338365963703,0.6398622199822831,26.014975347762686,27.20540838739299,36.99557661719399,38.68847680781706,60.51401589621041,63.28310880983324,125.04984361248354,130.77206565755287,271.8859727580348,284.3273470302201,D1,QB|established,0.8957616360820869,202.22218844565046,181.14287837417595,0.7605197008110209,0.6812443714711394,211.47578070372464,189.43189131490502,1,0.10423836391791308,0.03910847878717809,0.06634598917470574,0.08646887413232174,0.1847134616771477,0.5191248323107337,32.81412890932463,34.31568801895905,39.777380339979885,41.59757456094905,65.2929829980589,68.28075919918429,131.6052666263186,137.62746174613056,283.68017439425466,296.66124578766073
sleeper:player:4981,sleeper:4981,Calvin Ridley,WR,00-0034837,30.700151269362134,8,established,aging,DIRECT_ID,MAPPED_2025,PHASE2_ENTRY_SEASON,premium,0.5,0.6477272727272727,78.85,101.953,1,1,1.2899047488253008,D1,WR|established,0.41907177478451607,50.5735887583042,21.19396359816479,0.6413898384058871,0.26878837790950905,65.23511230447443,27.33819429170332,1,0.5809282252154839,0.03894901309966389,0.06437344289696752,0.10505591564079284,0.1387585224317967,0.07193488071529512,0.0,0.0,7.049496267029433,9.093178711667496,25.28461561161933,32.61474574965011,63.79033973577311,82.28346215435302,128.3440165480303,165.5515564286173,D1,WR|established,0.21127184701257185,48.372747613564286,10.219799733390703,0.6134780927528762,0.12961064975765002,62.39623686046431,13.182568208144211,1,0.7887281529874282,0.022786779239435544,0.03223107260506365,0.051511194820685585,0.072632887653543,0.03210991269384412,0.0,0.0,5.437722136612685,7.014143606809163,21.120241831291565,27.24310023452176,64.17086095563297,82.77429828287906,133.78087730427387,172.56458893679778
sleeper:player:4983,sleeper:4983,DJ Moore,WR,00-0034827,28.383881941449857,8,established,aging,DIRECT_ID,MAPPED_2025,PHASE2_ENTRY_SEASON,elite,0.7975206611570248,0.45555555555555555,130.7,164.2205,1,1,1.2899047488253008,D1,WR|established,0.8572434146391288,101.78017900728325,87.25038819478527,0.778731285442106,0.6675622662187091,131.28673623778386,112.5446900693045,1,0.1427565853608712,0.016138619430188714,0.037178087699778116,0.08397507090471906,0.2977252808768643,0.4222263557275786,5.509522752121882,7.106759561723056,14.349962189269462,18.51008437340219,33.368272703589284,43.04189342045748,72.53850333554296,93.56775992519678,147.38378540496024,190.11104469370727,D1,WR|established,0.6808516854615305,87.92644424530948,59.86486776105825,0.6727348450291468,0.45803265310679614,113.41673797934774,77.2199772127877,1,0.3191483145384695,0.02348821606656772,0.056289496935953365,0.09412880532970473,0.2359834155391317,0.270961751590173,2.5794160625464144,3.327201028274879,12.014214513816533,15.497192354777798,29.80978336366926,38.45178112225043,70.73905331663008,91.24664080052729,146.2523948372898,188.65165862769305
sleeper:player:4984,sleeper:4984,Josh Allen,QB,00-0034857,29.28191543974209,8,established,prime,DIRECT_ID,MAPPED_2025,PHASE2_ENTRY_SEASON,elite,0.9918032786885246,0.9833333333333333,376.13,389.0705,1,1,1.045759529798389,D1,QB|established,0.9482273376858115,292.3793236544874,277.2420676632728,0.7773358244609241,0.7370910793163874,305.75846402768775,289.9285343198773,1,0.05177266231418853,0.01354278774669034,0.005056481697298839,0.01373508581236183,0.036050329815406915,0.8798426526140536,48.17065324047698,50.37491968284245,58.33963277487192,61.00922693926075,82.83890922439535,86.62957875951511,147.68951430244567,154.44771703307805,306.68285223056523,320.7165153458647,D1,QB|established,0.8912304783495868,282.68033332155335,251.93332868618864,0.7515495528714895,0.6698038675090757,295.61565245759954,263.46167934741163,1,0.1087695216504132,0.023799157328364507,0.000949567682220403,0.017491878943587096,0.05847361686686001,0.7905162575285548,47.76329509823452,49.948921023551435,54.9380503269079,57.451989677907434,83.50778479267606,87.32906175929398,145.76752201270412,152.43777527988178,304.5606849009937,318.4972386371385
sleeper:player:4993,sleeper:4993,Mike Gesicki,TE,00-0034829,29.914371958356433,8,established,aging,DIRECT_ID,MAPPED_2025,PHASE2_ENTRY_SEASON,elite,0.640625,0.11538461538461539,74.9,100.063,1,1,1.3587707610638076,D1,TE|established,0.8258965665102938,58.38094316177956,48.216620506946356,0.7794518446165495,0.6437466022289232,79.32631857155411,65.51533414214829,1,0.17410343348970625,0.01753926827690715,0.044208363834509504,0.13356889915764944,0.34850205316630134,0.28207798207492635,4.608337720244975,6.261674551376317,11.560018651908273,15.707415341565214,22.21255278213419,30.181767248950468,48.4274312817724,65.80177765909913,98.48616494861838,133.82012130148988,D1,TE|established,0.6074691963719921,57.68001216150264,35.03883063447474,0.7700936203137868,0.4678081526632141,78.37391402285462,47.6097385679911,1,0.39253080362800785,0.02829961322260192,0.04569512719527574,0.1155669280268949,0.20721147532880363,0.21069605259841595,4.865625800179359,6.611270071561405,10.665158057413699,14.491504930537811,19.93715165403249,27.090018726394277,49.96430030323789,67.89003034905119,103.26030095994267,140.30707772301912
sleeper:player:5001,sleeper:5001,Dalton Schultz,TE,00-0034383,29.142282182385674,8,established,aging,DIRECT_ID,MAPPED_2025,PHASE2_ENTRY_SEASON,elite,0.7421875,0.36538461538461536,85.85,121.473,1,1,1.3587707610638076,D1,TE|established,0.8643306538422547,74.34614964851401,64.25965613635424,0.866000578316995,0.748510846084499,101.01937434007512,87.31414187409261,1,0.13566934615774529,0.014566600660076588,0.03041648306595852,0.09135190298356616,0.30163733134292287,0.4263583357897306,8.708429234443358,11.832759018554912,15.440272678136758,20.979791057904595,26.37168662810933,35.83307671021235,52.743233334818086,71.66596329931676,106.35357495944086,144.51012798949617,D1,TE|established,0.6867471131381574,66.55857517460598,45.70890935574969,0.7752891691858589,0.5324275987856691,90.43784584532202,62.1079295527086,1,0.3132528868618426,0.02333668641252523,0.042474444982234065,0.09441821628232926,0.23772054908602375,0.2887972163750451,6.242201443217134,8.481720805713742,12.107658591613124,16.451532479226913,22.195086535044815,30.158034623099912,51.25118057627289,69.63860563704094,106.54497330993587,144.7701944718646
sleeper:player:5008,sleeper:5008,Durham Smythe,TE,00-0034798,30.064956843740802,8,established,aging,DIRECT_ID,MAPPED_2025,PHASE2_ENTRY_SEASON,premium,0.2109375,0.02,27.1,38.3755,1,1,1.3587707610638076,D1,TE|established,0.5249101699498108,28.731606301820733,15.081512346819775,1.060206874605931,0.556513370731357,39.039666561310646,20.492318009481515,1,0.47508983005018923,0.06032824427223918,0.09343695731891542,0.24439677314350386,0.10216966051940342,0.024578534695748864,7.553928071787105,10.264056595123424,15.182397248655342,20.629397464328477,24.79049142989723,33.68459490734726,49.51811888475864,67.2837720834916,85.00240738135568,115.49878576982047,D1,TE|established,0.25966774598677467,25.578109656036403,6.641810080985529,0.9438416847245905,0.24508524284079442,34.75478752390611,9.024697338581976,1,0.7403322540132253,0.058555156900378616,0.053301322565760985,0.07434782663974303,0.06182036696961725,0.011643072911274735,6.555894451860404,8.907957693808354,12.030926276800201,16.34727085343037,18.95879763467216,25.760659890918205,50.19336579179444,68.20127783727062,94.83292652845515,128.85620775297716
sleeper:player:5012,sleeper:5012,Mark Andrews,TE,00-0034753,29.988295447545124,8,established,aging,DIRECT_ID,MAPPED_2025,PHASE2_ENTRY_SEASON,elite,0.8515625,0.6346153846153846,100.45,131.948,1,1,1.3587707610638076,D1,TE|established,0.8620918529686725,77.07868033969535,66.44890235842796,0.7673338012911434,0.661512218600577,104.7322571469618,90.2888256294158,1,0.13790814703132748,0.013953216897692335,0.02868381210642678,0.08137332787483542,0.25597495800839865,0.4821065380813193,5.156687688376607,7.006756454903849,11.657914473914452,15.840433322137518,22.88638206964164,31.097346782764053,49.446604993590114,67.1866010991619,106.87082370725153,145.21295046421818,D1,TE|established,0.6716611650657116,66.64175951474448,44.76068183770224,0.6634321504703283,0.4456016111269511,90.5508742944806,60.819505726349625,1,0.3283388349342884,0.020611061866677438,0.04125088740548445,0.09038510280318106,0.21879474874852306,0.3006193642418456,3.526280193274836,4.791406421940279,9.463836900950625,12.859184868488427,20.40265729428311,27.722534179477105,48.48322124299433,65.87758342716837,105.93342641445096,143.9392424312604
sleeper:player:5022,sleeper:5022,Dallas Goedert,TE,00-0034351,30.661820571264297,8,established,aging,DIRECT_ID,MAPPED_2025,PHASE2_ENTRY_SEASON,elite,0.8203125,0.5576923076923077,95.05,125.0455,1,1,1.3587707610638076,D1,TE|established,0.8399676357132565,82.79762759436454,69.54732749310507,0.8710955033599637,0.7316920304377178,112.50299546067242,94.49887510776024,1,0.1600323642867435,0.011310667948229363,0.02377781439857868,0.06553953198747342,0.23157979513371524,0.5077598262452598,8.269736711254566,11.236676444948676,14.830692236774446,20.151510977665115,25.977582046492806,35.297578927910536,52.46384215817267,71.28633473759174,108.80936725513851,147.8469867561359,D1,TE|established,0.6269514045754981,73.16716295582444,45.872255583958484,0.7697755176835817,0.4826118420195527,99.4174016943652,62.32987963152877,1,0.37304859542450186,0.01877959609567267,0.03283140737785163,0.07543989223049138,0.19285153479737038,0.3070489740741121,7.200667725749902,9.784056765884792,13.11651557831297,17.822337854849604,23.83898100335437,32.391710360913464,52.1276994754255,70.82959388872935,108.95681830539363,148.0473389319107
sleeper:player:5045,sleeper:5045,Courtland Sutton,WR,00-0034348,29.895206609307515,8,established,aging,DIRECT_ID,MAPPED_2025,PHASE2_ENTRY_SEASON,elite,0.756198347107438,0.34444444444444444,122.65,156.4155,1,1,1.2899047488253008,D1,WR|established,0.8130042627592392,100.1706058787004,81.43912958255913,0.8167191673762771,0.6639961645540899,129.21054021564325,105.04871998874206,1,0.1869957372407608,0.01418408711112646,0.03322871498575886,0.07856864261415343,0.28473906758484835,0.40228375046335213,4.23982744364104,5.468973553752414,13.164782752769959,16.981315790051386,32.072261860432235,41.370162879340114,71.16270818713609,91.79311522985596,144.57174907978737,186.48378568399752,D1,WR|established,0.5904383327248889,86.18697564239515,50.888094200896404,0.7027066909286193,0.41490496698651774,111.17298916801604,65.64079436840552,1,0.4095616672751111,0.01960244669420027,0.04642919383311311,0.08036875831890629,0.20501837799592348,0.23901955588274573,0.28846962665027576,0.37209834130805225,9.695558465660369,12.506346907368657,27.180871045663785,35.06073463900984,68.448785473911,88.29241343412207,143.1453195162851,184.64382741617115
sleeper:player:5127,sleeper:5127,Kyle Allen,QB,00-0034577,29.484520558259238,8,established,prime,DIRECT_ID,MAPPED_2025,PHASE2_ENTRY_SEASON,usable,0.2540983606557377,0.19230769230769232,6.32,6.9805,1,1,1.045759529798389,D1,QB|established,0.33883425483636453,23.134054063291313,7.838609969879482,3.660451592292929,1.2402863876391585,24.192657499558035,8.197301076374131,1,0.6611657451636355,0.1404271925207424,0.13150844107297563,0.04621567547065445,0.01336055111924701,0.007322394652745085,6.174323890400508,6.456858048448195,16.16782162520139,16.907653540634833,39.58908044784643,41.400658154290475,97.53325633614512,101.99633228579286,233.8890366764889,244.5916890198032,D1,QB|established,0.22163151654713664,27.56799959516548,6.109937558447375,4.362025252399602,0.9667622719062302,28.829498294122434,6.389525428219444,1,0.7783684834528634,0.0891552185369338,0.06630218884007587,0.03776928747344566,0.01825038379836187,0.010154437898319536,1.8573194045662191,1.9423094672045933,8.234252108185082,8.611047612897025,38.61821665353648,40.38536808925463,87.63386651340242,91.64395103947051,230.48687698319554,241.0338480986457
sleeper:player:5844,sleeper:5844,T.J. Hockenson,TE,00-0035229,28.16484938089078,7,established,aging,DIRECT_ID,MAPPED_2025,PHASE2_ENTRY_SEASON,elite,0.6171875,0.057692307692307696,74.85,105.2155,1,1,1.3587707610638076,D1,TE|established,0.8795120283267701,62.521987596660516,54.988840126160056,0.8352970954797665,0.7346538427008692,84.95304866993635,74.71722814823853,1,0.12048797167322989,0.015210419108901165,0.041862465422280906,0.14697904181190896,0.39187225920773416,0.2835878427759449,9.714087147086907,13.199217585887428,16.734707010226188,22.738630580464875,27.313148852033294,37.11230805272634,53.55113428254619,72.76371548492544,102.75780509135674,139.6243010292292,D1,TE|established,0.7270891755142004,61.73257867728802,44.88508973283485,0.8247505501307685,0.5996671974994636,83.88042291177003,60.988547536701304,1,0.2729108244857996,0.035949497842953336,0.05443227305029189,0.14349527656456826,0.23045084331639845,0.26276128473998844,8.58486659490545,11.664865716790935,14.372462325116196,19.528881571859035,23.376792355895027,31.763701940650087,53.836551790507784,73.15153244943936,106.68620484970614,144.9620957586445
sleeper:player:5846,sleeper:5846,DK Metcalf,WR,00-0035640,27.71583263174466,7,established,aging,DIRECT_ID,MAPPED_2025,PHASE2_ENTRY_SEASON,elite,0.7644628099173554,0.36666666666666664,124.75,159.478,1,1,1.2899047488253008,D1,WR|established,0.8614092586190152,101.97302966203864,87.84051188031155,0.8174190754472035,0.7041323597620165,131.5354952131669,113.30589341365912,1,0.13859074138098482,0.015340138058388337,0.033933861804191626,0.08160787931082648,0.29450751518992346,0.43601986425568523,4.903384346352723,6.324898753676021,13.813964421940085,17.81869830796427,32.74225811884339,42.23439423475985,71.8568892938386,92.68854273593634,145.54867143960226,187.74392247515638,D1,WR|established,0.70116438046399,88.36773932901913,61.96031119963506,0.708358631895945,0.49667584127963976,113.98596660345808,79.92289965510274,1,0.29883561953601,0.023327986335177686,0.05544838841310019,0.09620300902368101,0.2453038577169147,0.2808811389751164,2.772417455669391,3.5761544417941056,12.185503192721399,15.718138435117197,29.721830903514192,38.33833082622554,70.95096813233168,91.51999072764723,145.81290207058407,188.08475482084492
sleeper:player:5848,sleeper:5848,Marquise Brown,WR,00-0035662,28.244248684093446,7,established,aging,DIRECT_ID,MAPPED_2025,PHASE2_ENTRY_SEASON,starter,0.06611570247933884,0.14285714285714285,22.9,30.4055,1,1,1.2899047488253008,D1,WR|established,0.4267080367837486,32.809996118021054,14.000289030403177,1.4327509221843255,0.6113663332053789,42.321769801575044,18.059039305243825,1,0.5732919632162514,0.05904133203318774,0.10614405343748712,0.15488819859403827,0.08993774442046287,0.01669670829857263,2.531485380921062,3.2653750144319034,12.51479833614517,16.142897804384628,29.76017304841022,38.38778854100707,66.36908386654439,85.60979645464026,116.42235151113137,150.17374408361678,D1,WR|established,0.2666326434989109,31.884114704893218,8.501345789388177,1.3923194194276516,0.37123780739686363,41.12747096993237,10.965926305137785,1,0.7333673565010891,0.04301135221081571,0.07503151592481021,0.0771300144184899,0.05456166275153666,0.016898098193258423,1.3765486334991976,1.7756166193395937,10.257344121670634,13.230996892878235,24.102704643510506,31.090193179197833,66.98252848700716,86.40108158371653,127.75369047715961,164.7900920264458
sleeper:player:5849,sleeper:5849,Kyler Murray,QB,00-0035228,28.06902263564618,7,established,prime,DIRECT_ID,MAPPED_2025,PHASE2_ENTRY_SEASON,elite,0.7131147540983607,0.4166666666666667,278.78,291.4205,1,1,1.045759529798389,D1,QB|established,0.895609260549675,209.8562919134447,187.94923842229696,0.7527666687475598,0.6741847995634442,219.4592171566374,196.5497071984666,1,0.10439073945032495,0.023967505856520112,0.048295150365426164,0.051831269700202756,0.16831713104142423,0.6031982035861018,21.4506119065193,22.432181821249348,32.26542111914812,33.74187161830735,55.97667380674215,58.53814007981647,120.53601348518798,126.05168478604246,269.70776499342037,282.0494655024937,D1,QB|established,0.8341655344317287,176.32339225776164,147.08289673551107,0.632482216291562,0.527594865971415,184.39186777993373,153.81334093151307,1,0.1658344655682713,0.04082953180232319,0.06492863768969279,0.10727070035405742,0.203543091364815,0.4175935732208403,21.359365537014796,22.33676006078051,28.360888104224703,29.65866900853875,54.507114341385765,57.00133426431461,119.91924367304641,125.40669187730346,273.2647900483697,285.7692583514386
sleeper:player:5850,sleeper:5850,Josh Jacobs,RB,00-0035700,27.554296118332342,7,established,aging,DIRECT_ID,MAPPED_2025,PHASE2_ENTRY_SEASON,premium,0.4887640449438202,0.6833333333333333,83.6,90.523,1,1,1.1143068393793185,D1,RB|established,0.6676549479896776,90.78753481165204,60.61474683278459,1.0859752967900962,0.7250567802964665,101.16517097101183,67.54342696301775,1,0.3323450520103224,0.027926512415498154,0.05646890680290828,0.14524061710334105,0.2679247679518574,0.17009414371607273,12.7168097762084,14.170428108714802,21.28259162546815,23.71533740797617,38.410729441208304,42.80133852188696,86.16139900147095,96.01023619782947,178.6906618789236,199.11622666490183,D0,RB|established,0.4149974065274019,62.629521750757654,25.991089098615934,0.7491569587411203,0.31089819495952076,69.78850443392504,28.962048345504982,1,0.5850025934725981,0.04015055054331569,0.05407030929917502,0.07714283014762091,0.1597744788111303,0.08385923772615998,62.629521750757654,69.78850443392504,62.629521750757654,69.78850443392504,62.629521750757654,69.78850443392504,62.629521750757654,69.78850443392504,62.629521750757654,69.78850443392504
sleeper:player:5854,sleeper:5854,Drew Lock,QB,00-0035704,28.808257527533076,7,established,prime,DIRECT_ID,MAPPED_2025,PHASE2_ENTRY_SEASON,depth,0.00819672131147541,0.038461538461538464,2.64,2.7755,1,1,1.045759529798389,D1,QB|established,0.3574247200807994,35.35296936284379,12.636025178539517,13.391276273804465,4.786373173689211,36.97070461786437,13.214243749230091,1,0.6425752799192006,0.18469404832738553,0.10008255830808403,0.055487322594491684,0.010460503317742554,0.006700287533095604,20.595038540674466,21.53745782047543,30.898104142536205,32.31198685976032,53.76322080361501,56.223400508035404,110.60322777862562,115.66437947595965,238.75695036473593,249.68235614952354,D1,QB|established,0.2683524624536541,49.74366548996441,13.3488351257028,18.842297534077424,5.056376941554091,52.019912233233526,13.95967154441118,1,0.7316475375463459,0.10758060740877616,0.08117978177358735,0.048187853938749255,0.01944232190530635,0.011961897427234965,25.471441111180106,26.637002279715063,31.648676269266772,33.096904814089854,61.0305525280349,63.82328191505366,109.8468003226971,114.87333825532126,247.683212574089,259.01707992043373
sleeper:player:5857,sleeper:5857,Noah Fant,TE,00-0035644,27.781542399912386,7,established,aging,DIRECT_ID,MAPPED_2025,PHASE2_ENTRY_SEASON,premium,0.3046875,0.26,33.1,46.6405,1,1,1.3587707610638076,D1,TE|established,0.6830983680861097,37.34366981919569,25.509399911839083,1.1282075474077247,0.770676734496649,50.741486661144066,34.66142673249062,1,0.3169016319138903,0.053652156442940496,0.09603556672674227,0.22580058517478901,0.22964716739048233,0.07796289235115555,7.100234573695836,9.64759113543225,14.56712389677,19.79338202372495,24.410537297323202,33.168324341460306,49.41735870537401,67.14686209786423,88.10633824346132,119.7163162696132,D1,TE|established,0.4667894391780505,41.91366926312694,19.564858169229318,1.2662739958648621,0.591083328375508,56.95106828363571,26.584157224709173,1,0.5332105608219495,0.05127902304987222,0.06778870168320267,0.12524304612112647,0.15868397566430184,0.06379469265954738,10.349666642456434,14.06282442052723,15.892993804191747,21.594935286903997,23.393066707870375,31.78581505426945,54.204811358204445,73.65191278250758,100.72182797864056,136.85787485827535
sleeper:player:5859,sleeper:5859,A.J. Brown,WR,00-0035676,28.173063101911744,7,established,aging,DIRECT_ID,MAPPED_2025,PHASE2_ENTRY_SEASON,elite,0.9297520661157025,0.8111111111111111,158.75,204.5555,1,1,1.2899047488253008,D1,WR|established,0.854408360527152,120.48388517998701,102.94243880657433,0.758953607432989,0.6484563074429879,155.41273565058754,132.78594067225816,1,0.14559163947284803,0.012685348714925701,0.02464596502529262,0.05133247383117966,0.20878210467298117,0.5569624682827728,6.406705286964204,8.264039573979288,14.971462983720642,19.311761199563463,34.34723099271423,44.30465636650164,73.75574561140624,95.13788651730376,153.20632553451918,197.62156685705122,D1,WR|established,0.6900719591955721,100.82211905486442,69.57451722643951,0.6350999625503271,0.43826467544213865,130.05093015549946,89.74450016761202,1,0.30992804080442793,0.022476306316883476,0.04264859615799139,0.06946136825141569,0.21101696920110433,0.3444687192681772,3.5503756760091605,4.579646444598054,13.072903426753413,16.862800211103774,31.884128874849456,41.127489247826205,71.66982811408698,92.44725163185385,149.79273559879977,193.2183609884245
sleeper:player:5870,sleeper:5870,Daniel Jones,QB,00-0035710,28.266151940149353,7,established,prime,DIRECT_ID,MAPPED_2025,PHASE2_ENTRY_SEASON,elite,0.6639344262295082,0.31666666666666665,269.55,283.6855,1,1,1.045759529798389,D1,QB|established,0.9398911354009436,215.81661049204675,202.844119073753,0.8006552049417427,0.7525287296373697,225.69227711084488,212.12617058493638,1,0.06010886459905641,0.013853016103877454,0.03476106693877789,0.055112229455660626,0.1684388516696228,0.6677259712330049,20.538352776914124,21.478178142819154,31.478582935638496,32.919028089492905,55.04464974560005,57.56346703587572,119.58986057722568,125.06223636589444,267.0079753377832,279.22613474166,D1,QB|established,0.8907037878501454,196.3699699962459,174.90747609567563,0.7285103691198141,0.6488869452631261,205.3557674897979,182.9111599600367,1,0.10929621214985463,0.03868247976719852,0.06262305582722036,0.08640349734393499,0.1792827355620749,0.5237120193497166,25.177478292752177,26.329587860937664,32.1504913272715,33.62168269319463,57.81904848863563,60.46482096086585,123.91862697298058,129.58908507652615,276.31206275181364,288.9559728209596
sleeper:player:5872,sleeper:5872,Deebo Samuel,WR,00-0035719,29.62962962962963,7,established,aging,DIRECT_ID,MAPPED_2025,PHASE2_ENTRY_SEASON,premium,0.5826446280991735,0.875,94.9,121.578,1,1,1.2899047488253008,D1,WR|established,0.6122087925039673,65.82078484906383,40.29606321410879,0.6935804515180592,0.4246160507282275,84.90254294821584,51.978083298843444,1,0.3877912074960327,0.028602767542083754,0.06403502766653082,0.12572371108732847,0.24409873376801403,0.14974855244001026,0.0,0.0,9.177644423683311,11.838287125139145,27.61619305487784,35.622258565963214,66.3924764701711,85.63997068514576,133.7578391116266,172.5348718626977,D1,WR|established,0.37775028884347606,57.54839676144927,21.738923499116424,0.6064109247781798,0.22907190199279687,74.23195026987598,28.0411406558602,1,0.6222497111565239,0.03559855807081321,0.05127996404296872,0.08993865746034635,0.12671242770132127,0.07422068156802655,0.0,0.0,9.228843161448353,11.904328620116132,25.383004622514036,32.74165820203542,68.14687604399042,87.90297902675236,139.41800416237504,179.8359456407931
sleeper:player:5892,sleeper:5892,David Montgomery,RB,00-0035685,28.236034963072477,7,established,aging,DIRECT_ID,MAPPED_2025,PHASE2_ENTRY_SEASON,elite,0.7921348314606742,0.4861111111111111,184.75,202.6605,1,1,1.1143068393793185,D1,RB|established,0.8678620746787398,119.30298278948057,103.5385341590406,0.6457536280892047,0.5604250834048206,132.94012968067133,115.37369675272814,1,0.13213792532126023,0.018891637845423935,0.03744602221732617,0.10688388247687694,0.32395748996808826,0.38068304217102444,9.842794623956692,10.96789336808093,17.98154186649444,20.03695508442031,35.81992143084331,39.914383436418525,84.78596103017821,94.47757625927595,187.51460698609188,208.94880904812712,D0,RB|established,0.667576244665111,100.14753108253231,66.8561127125594,0.5420705335996336,0.36187341116405625,111.59507883221865,74.49822364991954,1,0.332423755334889,0.02669268938706867,0.06242704361935493,0.10387065088468568,0.2596340002869253,0.21495186048707643,100.14753108253231,111.59507883221865,100.14753108253231,111.59507883221865,100.14753108253231,111.59507883221865,100.14753108253231,111.59507883221865,100.14753108253231,111.59507883221865
sleeper:player:5906,sleeper:5906,Dawson Knox,TE,00-0035689,28.797305899505123,7,established,aging,DIRECT_ID,MAPPED_2025,PHASE2_ENTRY_SEASON,premium,0.4140625,0.54,46.35,61.1955,1,1,1.3587707610638076,D1,TE|established,0.7006792399369783,39.1801012189497,27.452683542747554,0.8453096271618058,0.5922909070711446,53.2367759518293,37.30190371062296,1,0.29932076006302166,0.04371867561705089,0.08019503933318749,0.2053814823940368,0.25405609768009163,0.11732794491261153,3.377691391922326,4.5895083032409705,10.717370197759344,14.562449260212034,20.802545893983833,28.2658911164332,46.33461168168759,62.958115578322634,88.65310891613157,120.45925227264472,D1,TE|established,0.4747281219127579,44.53781032101943,21.1433510478042,0.9609020565484234,0.4561672286473398,60.51667442600707,28.728967194664165,1,0.5252718780872421,0.044264574982382766,0.0636908397826586,0.11847743817456846,0.16594162269392615,0.08235364627922201,8.642937498342611,11.74377076244991,14.2769751254937,19.399136356956124,22.17700471598244,30.133465576051112,53.197496632311505,72.28320298577525,101.95430703236491,138.53253136009957
sleeper:player:5927,sleeper:5927,Terry McLaurin,WR,00-0035659,29.963654284482228,7,established,aging,DIRECT_ID,MAPPED_2025,PHASE2_ENTRY_SEASON,elite,0.8305785123966942,0.5444444444444444,138.55,174.838,1,1,1.2899047488253008,D1,WR|established,0.7758255634086207,104.34408277921764,80.95280681054228,0.753114996602076,0.5842858665502871,134.59392788873313,104.42140993565565,1,0.22417443659137926,0.01694505240797819,0.03308911697452438,0.07097661723740513,0.24570622280813012,0.40910855398058293,4.690183890594085,6.049890473341235,13.46746006527863,17.371740692818,32.57205658824127,42.014850472178836,71.8205967656462,92.64172883147407,147.80693902558176,190.6568725584296,D1,WR|established,0.5491106797682077,85.31298028073803,46.846268595007764,0.6157559024232264,0.3381181421509041,110.04561840056323,60.42722432544607,1,0.4508893202317923,0.01931954026730623,0.04301805045441943,0.07694970979744944,0.19520826471251823,0.21461511453651436,0.05630483827657429,0.07262787827479374,9.514071783046624,12.272246373616637,27.538420940325373,35.521939946075804,68.24773326609915,88.03307523650375,144.41810856279636,186.28560405151887
sleeper:player:5947,sleeper:5947,Jakobi Meyers,WR,00-0034960,28.810995434540065,7,established,aging,DIRECT_ID,MAPPED_2025,PHASE2_ENTRY_SEASON,premium,0.6239669421487604,0.9886363636363636,97.25,127.418,1,1,1.2899047488253008,D1,WR|established,0.6298577261391566,66.60824764820026,41.953719405809245,0.6849177136061724,0.43140071368441385,85.91829495234519,54.11630189243753,1,0.3701422738608434,0.025649882153337137,0.07163494913046477,0.1309195647712255,0.25525797341033,0.14639535667379916,1.37783777006684,1.77727948272008,10.556430428894082,13.616789740874383,29.11823919603364,37.5597550163948,67.89865105772867,87.58279243819625,136.74169631262697,176.38376343608465,D1,WR|established,0.4055401187762433,52.95563146164488,21.47563307282643,0.544530914772698,0.22082913185425634,68.30772049941824,27.7015210846685,1,0.5944598812237567,0.03806834301059587,0.058700600210017974,0.12485279780341692,0.11991827657829598,0.06400010117391655,1.4084056798206674,1.8167091746732051,10.723797697869358,13.832677575923514,27.289691932463313,35.20110321766393,69.44870973982661,89.58222049319227,141.51790236632897,182.544614306123
sleeper:player:5967,sleeper:5967,Tony Pollard,RB,00-0035261,28.340075429338043,7,established,aging,DIRECT_ID,MAPPED_2025,PHASE2_ENTRY_SEASON,elite,0.7359550561797753,0.3472222222222222,168.35,183.598,1,1,1.1143068393793185,D1,RB|established,0.8520853847001972,115.90985017513589,98.76508927702288,0.6885051985455057,0.5866652169707329,129.159138801586,110.05461447329559,1,0.14791461529980277,0.018425789427879626,0.0368976478116822,0.11052335360323515,0.3265162634674257,0.3597223303899746,9.412363178624922,10.488260664663812,17.66201557084605,19.680904747817774,35.35185220939851,39.39281070165963,84.19640677987833,93.82063192598164,184.97953894422403,206.12396539078185,D0,RB|established,0.6365683685610356,94.23580153066264,59.98753044041546,0.559761220853357,0.356326287142355,105.00759816000944,66.84451544723001,1,0.3634316314389644,0.026117818062092426,0.05497793695451352,0.10463527929197015,0.24327226328473833,0.20756507096772117,94.23580153066264,105.00759816000944,94.23580153066264,105.00759816000944,94.23580153066264,105.00759816000944,94.23580153066264,105.00759816000944,94.23580153066264,105.00759816000944
sleeper:player:5973,sleeper:5973,Josh Oliver,TE,00-0035249,28.449591709617582,7,established,aging,DIRECT_ID,MAPPED_2025,PHASE2_ENTRY_SEASON,premium,0.2421875,0.1,31.25,42.048,1,1,1.3587707610638076,D1,TE|established,0.7017950189632629,31.115401597789727,21.836633854370383,0.9956928511292713,0.6987722833398523,42.27869790983476,29.67097960137455,1,0.2982049810367371,0.06062506255249159,0.10821547374702008,0.29178549384696756,0.1957366837076147,0.045432305109168944,5.877005050472263,7.985502625206038,13.495419956362625,18.33718204498254,23.158530943467312,31.46713471517482,48.121802563397964,65.38649829283054,84.59622170687012,114.94687255176652,D1,TE|established,0.46490197513912446,33.70872310921549,15.67125195289213,1.0786791394948958,0.5014800624925482,45.80242735359789,21.29363894285392,1,0.5350980248608755,0.07881864159175114,0.08932118950145337,0.13566134728699175,0.13003510866749216,0.03106568809143602,10.738805922160218,14.591575495770163,16.2444869501629,22.072533896363936,23.17185157331828,31.485234397535265,54.76717096466167,74.416030572965,100.06787295486114,135.96929989291309
sleeper:player:5995,sleeper:5995,Justice Hill,RB,00-0034975,27.797969841954316,7,established,aging,DIRECT_ID,MAPPED_2025,PHASE2_ENTRY_SEASON,premium,0.4550561797752809,0.5833333333333334,66.65,82.0105,1,1,1.1143068393793185,D1,RB|established,0.6535468012170175,53.30912510684396,34.84000818925566,0.7998368358116122,0.52273080554022,59.40272270788397,38.82245940931905,1,0.34645319878298253,0.06971505789376173,0.13831440577055304,0.21135818498605424,0.1778240191501731,0.056335133416475384,9.179491137174828,10.22876975617575,17.71125662539381,19.73577439167859,34.804037908178074,38.7823774790999,82.15451374661184,91.54533655373181,173.69575247212288,193.5503649508237,D0,RB|established,0.37793901584063483,43.57193760926317,16.467535218314467,0.6537424997638885,0.24707479697396048,48.552508083010906,18.34988712148761,1,0.6220609841593652,0.05862156059898645,0.08571635694292072,0.10840571565065478,0.09973071224776371,0.025464670400309218,43.57193760926317,48.552508083010906,43.57193760926317,48.552508083010906,43.57193760926317,48.552508083010906,43.57193760926317,48.552508083010906,43.57193760926317,48.552508083010906
sleeper:player:6001,sleeper:6001,Drew Sample,TE,00-0035631,29.377742184986687,7,established,aging,DIRECT_ID,MAPPED_2025,PHASE2_ENTRY_SEASON,starter,0.0859375,0.3181818181818182,16.95,23.9505,1,1,1.3587707610638076,D1,TE|established,0.4534233545328721,23.668295117687148,10.731757768335704,1.3963595939638436,0.6331420512292452,32.15978737014257,14.581998670433935,1,0.5465766454671279,0.08784645751467261,0.14100377344282317,0.15208821663011693,0.06158211463505516,0.010902792310204261,8.212635281839596,11.159088692244666,15.942816686688168,21.66263316287205,25.297962139483786,34.37413126962977,49.28316843211458,66.96452827814014,80.69729668030698,109.64912722609259,D1,TE|established,0.2653003730464837,26.449109208884586,7.016958539864268,1.560419422353073,0.4139798548592489,35.93827624921587,9.534438095564555,1,0.7346996269535163,0.06176826256331722,0.07256332916070839,0.08243743168063014,0.03899789369343989,0.009533455948388057,11.956406517344526,16.24601558316049,17.319909348093923,23.533786406465733,23.981340926680723,32.5851448622766,54.47718830385822,74.02201061224979,96.5217705169006,131.1509595844752
sleeper:player:6039,sleeper:6039,Ty Johnson,RB,00-0035537,27.95676844835965,7,established,aging,DIRECT_ID,MAPPED_2025,PHASE2_ENTRY_SEASON,premium,0.28651685393258425,0.08333333333333333,48.6,60.158,1,1,1.1143068393793185,D1,RB|established,0.6881942547769803,46.07293643988588,31.707130158634442,0.9480028074050593,0.6524100855686099,51.33938818525346,35.33147199285661,1,0.31180574522301974,0.09140852627448078,0.15172190244452236,0.2517541980986269,0.15503022953935766,0.03827939841999254,9.681130462875068,10.787749887705155,18.52584108437864,20.64347142557749,35.18356479415806,39.20528688387573,82.10523676762269,91.49042687902025,167.8451819613075,187.03103421635117,D0,RB|established,0.3980544117213758,28.278422022233414,11.25635064246892,0.5818605354369015,0.23161215313722058,31.510839066229433,12.543028507354904,1,0.6019455882786242,0.0736929119087447,0.09645745124140405,0.13497691346644308,0.07086338813473876,0.022063746970045157,28.278422022233414,31.510839066229433,28.278422022233414,31.510839066229433,28.278422022233414,31.510839066229433,28.278422022233414,31.510839066229433,28.278422022233414,31.510839066229433
sleeper:player:6136,sleeper:6136,Jarrett Stidham,QB,00-0035264,29.065620786189996,7,established,prime,DIRECT_ID,MAPPED_2025,PHASE2_ENTRY_SEASON,depth,0.02459016393442623,0.11538461538461539,2.76,3.393,1,1,1.045759529798389,D1,QB|established,0.299324161140767,21.920699294085622,6.561394927821182,7.942282352929574,2.377317002833762,22.923780186634858,6.861641274539814,1,0.700675838859233,0.1460328957179928,0.10276482532001313,0.03610305495303714,0.007991404524325174,0.006431980625398733,7.285425767474912,7.618803424975631,17.559396222703498,18.36290593739802,40.46611114730103,42.317821366170875,97.3522024478054,101.80699345665455,226.06780710506973,236.41256366075064,D1,QB|established,0.22577408067254878,28.38920974729234,6.409547731715089,10.285945560613168,2.322299902795322,29.68828663667628,6.702845622138703,1,0.7742259193274512,0.10055207491062507,0.06498073402194114,0.039067098972368305,0.012262576185072838,0.008911596582541398,7.065287659545312,7.388591900736467,13.254313855213503,13.860825025028346,42.739917623579416,44.695676157656294,91.47260027345399,95.65834345140324,229.63663288757502,240.14469723299572
sleeper:player:6271,sleeper:6271,Olamide Zaccheaus,WR,00-0035208,28.110091240751007,7,established,aging,DIRECT_ID,MAPPED_2025,PHASE2_ENTRY_SEASON,premium,0.2768595041322314,0.03409090909090909,45.0,58.303,1,1,1.2899047488253008,D1,WR|established,0.5839695640649882,37.9662924379293,22.171159244141432,0.84369538750954,0.49269242764758736,48.972900910975106,28.59868359598,1,0.41603043593501177,0.06198846813189789,0.10680462947446727,0.22709888126005176,0.1352191865004519,0.05285839869811942,0.0,0.0,9.048019347403915,11.67108312367951,26.752104865199442,34.50766710669319,64.41637862245688,83.09099268723571,121.43927261308471,156.64509443750828,D1,WR|established,0.3514678289431644,41.34636623764762,14.531917576234962,0.9188081386143916,0.3229315016941103,53.33287415661175,18.74478949112333,1,0.6485321710568356,0.04153770414763091,0.07565357205171155,0.08317261488404903,0.11798990570187365,0.033114032157899265,0.0,0.0,7.75201667787227,9.999363125760373,22.309906775806105,28.777654695962053,65.74438079126836,84.80398899123594,130.84191103447193,168.7736023887429
sleeper:player:6768,sleeper:6768,Tua Tagovailoa,QB,00-0036212,27.50227588519956,6,established,prime,EXACT_NAME_POSITION,MAPPED_2025,PHASE2_ENTRY_SEASON,premium,0.48360655737704916,0.5,137.37,147.188,1,1,1.045759529798389,D1,QB|established,0.8534320018272563,102.07249209650843,87.11193126141998,0.7430479150943322,0.6341408696325251,106.74328134019443,91.09813227577214,1,0.14656799817274369,0.03974092270057733,0.1173188833352443,0.1337374428064942,0.29841856994590965,0.2642161830390309,0.0,0.0,0.0,0.0,20.132630679779865,21.053890393291212,83.56014045347354,87.38381319051183,225.13211119224525,235.43405074292102,D1,QB|established,0.7727343035858745,93.37452128293248,72.15369567623124,0.679730081407385,0.5252507510827054,97.64729547198914,75.45541486359164,1,0.22726569641412553,0.11094672273526857,0.11484109031688136,0.15665895715753092,0.1631025200311666,0.22718501334502703,0.0,0.0,0.0,0.0,23.891690171706664,24.984962680052753,88.76136574971933,92.82304411068932,237.3996646165398,248.26296164368793
sleeper:player:6770,sleeper:6770,Joe Burrow,QB,00-0036442,28.72612031732342,6,established,prime,EXACT_NAME_POSITION,MAPPED_2025,PHASE2_ENTRY_SEASON,elite,0.8770491803278688,0.75,297.69,311.1805,1,1,1.045759529798389,D1,QB|established,0.9257709421784772,246.97649357581446,228.64366115361838,0.8296432314683545,0.7680595960684551,258.27802179309856,239.10628757939014,1,0.07422905782152278,0.031221778648053873,0.01963775846358528,0.03984572041045059,0.12553139850713368,0.7095342861492537,37.0352445355391,38.729959911453726,47.404219578519346,49.57341437689198,71.61427081237603,74.89130617160485,136.1303387446386,142.35959903688868,291.1970462196956,304.52208613338865,D1,QB|established,0.8587218464184334,232.69834444780886,199.82315200273504,0.7816800848124185,0.6712457657386377,243.34651127460418,208.9669654812122,1,0.1412781535815666,0.03799138024893223,0.028879812682384064,0.059523947929346385,0.11820954495489884,0.6141171606028719,34.75249906614965,36.342757082735616,41.8440564166042,43.75882076308527,69.70372253783452,72.8933321063632,132.50637850800456,138.5698080838182,289.0032391422204,302.22789147557984
sleeper:player:6783,sleeper:6783,Jerry Jeudy,WR,00-0036407,26.357830756278364,6,established,prime,EXACT_NAME_POSITION,MAPPED_2025,PHASE2_ENTRY_SEASON,premium,0.5247933884297521,0.7159090909090909,80.5,106.598,1,1,1.2899047488253008,D1,WR|established,0.7316656038255567,66.35506193889272,48.54971646040215,0.824286483712953,0.6031020678310827,85.59170950357469,62.624509816394614,1,0.2683343961744433,0.05003512456399636,0.06905111293190462,0.14943965182018873,0.30899401868310566,0.15414569582636128,4.13925503166022,5.339244721937538,13.499428458191545,17.412976874648685,31.806608158846796,41.02749490812204,70.32634896504118,90.7142914975519,135.76031437831128,175.1178742185995,D1,WR|established,0.5355610958535908,62.32007135098193,33.37620570640585,0.7741623770308314,0.4146112510112528,80.38695598276317,43.05212623846301,1,0.4644389041464092,0.06412664854501293,0.06393327421889626,0.12013334260451844,0.17418679427049105,0.11318103621467211,4.333703073846877,5.5900641749538895,13.578766156060532,17.515314947890754,29.492847537068513,38.04296409444525,72.22115876081006,93.15841565123488,142.3128726364668,183.57005023274874
sleeper:player:6786,sleeper:6786,CeeDee Lamb,WR,00-0036358,26.40163726839018,6,established,prime,EXACT_NAME_POSITION,MAPPED_2025,PHASE2_ENTRY_SEASON,elite,0.9628099173553719,0.9,167.95,214.5355,1,1,1.2899047488253008,D1,WR|established,0.8892877761048724,137.87544183452792,122.61094504850404,0.8209314786217798,0.7300443289580473,177.8461871687441,158.15644027602335,1,0.11071222389512758,0.011870160464090031,0.014753135118363016,0.02515267570815436,0.13200026014132882,0.7055115446729362,9.485574163212,12.235487158461737,17.98603000139574,23.200265511314697,37.44869282732481,48.30524671526626,76.93181106842566,99.2347084328931,157.52548114744786,203.1928661930834,D1,WR|established,0.7657825926077533,119.97090920271576,91.87163388676504,0.7143251515493645,0.5470177665183986,154.75104550147205,118.50565683287765,1,0.23421740739224672,0.02497885726463644,0.0233305871067172,0.05033313460031462,0.16628372322400437,0.5008562904120807,6.910614099843592,8.914033944687331,16.45590542100357,21.22655054877252,35.50088189682377,45.79275614619913,75.0535835329001,96.81197381544425,153.83260668887846,198.42940989215904
sleeper:player:6790,sleeper:6790,D'Andre Swift,RB,00-0036275,26.631621456977214,6,established,prime,EXACT_NAME_POSITION,MAPPED_2025,PHASE2_ENTRY_SEASON,elite,0.8033707865168539,0.5138888888888888,187.25,207.6305,1,1,1.1143068393793185,D1,RB|established,0.9057409557301382,139.78119449015188,126.6055526906105,0.7464950306550167,0.6761311225132737,155.75914103698696,141.07743326654597,1,0.09425904426986176,0.015017285028544231,0.022590476282836384,0.06005510992029784,0.2899929568943031,0.5180851276041567,11.988851978399957,13.359259755837346,20.10235723987087,22.40019416003447,37.97208208250985,42.3125507700136,86.9524558489685,96.89171625333383,190.07566183184895,211.80260997877977,D0,RB|established,0.7627675695970714,114.9560869383004,87.68477504431704,0.6139176872539407,0.4682765022393433,128.0963539036317,97.70774454131946,1,0.23723243040292863,0.03394299981609898,0.04589232003386957,0.10107522778598596,0.24460025181503017,0.3372567701460867,114.9560869383004,128.0963539036317,114.9560869383004,128.0963539036317,114.9560869383004,128.0963539036317,114.9560869383004,128.0963539036317,114.9560869383004,128.0963539036317
sleeper:player:6794,sleeper:6794,Justin Jefferson,WR,00-0036322,26.212721684907972,6,established,prime,EXACT_NAME_POSITION,MAPPED_2025,PHASE2_ENTRY_SEASON,elite,0.9545454545454546,0.8777777777777778,167.45,216.2255,1,1,1.2899047488253008,D1,WR|established,0.9032352660820646,135.85718019747313,122.71099630482364,0.8113298309792364,0.7328217157648471,175.2428218987352,158.28549686667594,1,0.09676473391793539,0.013211472969698554,0.017249184582796805,0.03294837749660844,0.1708181050631506,0.6690081259698102,12.489137333567207,16.109797555299696,21.012268471457688,27.103824884925416,40.4496786558214,52.17623258660144,79.93562725287615,103.10934519381408,160.23175816500788,206.68370576967084,D1,WR|established,0.7882960441947924,116.87309644126215,92.13059959744342,0.69795817522402,0.5501976685425107,150.7551621095014,118.83969793286461,1,0.21170395580520762,0.027519710108074146,0.030542532119321918,0.06143192991925716,0.18939832964389483,0.4794035424042443,8.620280667736658,11.11934096952045,18.16106892623965,23.426049051700133,37.11879502769881,47.87970997690166,76.80533185827437,99.07156229909128,155.42564786068098,200.48428126474136
sleeper:player:6797,sleeper:6797,Justin Herbert,QB,00-0036355,27.480372629143652,6,established,prime,EXACT_NAME_POSITION,MAPPED_2025,PHASE2_ENTRY_SEASON,elite,0.8442622950819673,0.6833333333333333,294.67,307.828,1,1,1.045759529798389,D1,QB|established,0.9557429291035768,240.46982196569223,229.82733200650634,0.8160648249421123,0.7799481861285721,251.47360794954463,240.34412265394232,1,0.04425707089642317,0.015453688045303043,0.019161421916854007,0.03419632433693222,0.11567023581831415,0.7712612589861734,22.877418576402064,23.924278493459152,33.337305913786295,34.86280535714621,57.44666413921419,60.07539647871061,121.97706757677605,127.55868083527565,275.8616719346488,288.4849723317758,D1,QB|established,0.9142469080357001,229.16093485772558,209.5096761362461,0.7776866829257324,0.7109976452853908,239.64723148497436,219.0967404044535,1,0.08575309196429992,0.037777611201842407,0.030017607560399198,0.052029783853140915,0.09354484034457512,0.7008770650757424,22.37656741971012,23.400508623338006,29.450431959278855,30.798069878094907,56.95979002161751,59.5662432304217,120.30433086294141,125.80940047593944,276.1723360940578,288.80985233704456
sleeper:player:6801,sleeper:6801,Tee Higgins,WR,00-0036410,26.62066982894926,6,established,prime,EXACT_NAME_POSITION,MAPPED_2025,PHASE2_ENTRY_SEASON,elite,0.8801652892561983,0.6777777777777778,147.9,184.028,1,1,1.2899047488253008,D1,WR|established,0.901093315957841,122.69382179634992,110.55858273001338,0.8295728316183226,0.74752253367149,158.26334338663696,142.61004088683916,1,0.09890668404215897,0.012988028314736775,0.020649784754398604,0.039928465446267464,0.22886643801075476,0.5986605994316835,7.8779484684906365,10.161803140507077,16.547325611798122,21.344473887016925,35.788384676151715,46.16360734655472,75.11157484843892,96.88677708874839,152.8329594716867,197.13996019955343,D1,WR|established,0.7804180070875358,105.53972126051455,82.3650989347048,0.7135883790433709,0.5568972206538526,136.13618764363628,106.24313225334146,1,0.21958199291246416,0.030803839802694178,0.03970979092848592,0.08626343896729369,0.20002790986483807,0.423613027524224,5.642333881242088,7.2780732678720605,15.132186101239803,19.519078712097436,33.55713217547306,43.285504150101,73.78585794152967,95.17672855492816,150.93117708879248,194.68684207262586
sleeper:player:6804,sleeper:6804,Jordan Love,QB,00-0036264,26.831488668487374,6,established,prime,EXACT_NAME_POSITION,MAPPED_2025,PHASE2_ENTRY_SEASON,elite,0.7622950819672131,0.5166666666666667,286.26,296.978,1,1,1.045759529798389,D1,QB|established,0.9552919570628331,212.50126682873545,203.000751067154,0.7423365710498688,0.7091481557575421,222.22522488038038,212.2899699847068,1,0.0447080429371669,0.016782607912391008,0.03119342713431344,0.04651284859439393,0.16802795560466413,0.6927751178170706,11.713271036286358,12.24926481130791,22.39837527866017,23.423314399659517,46.25710451518977,48.3738078676398,110.81662932177258,115.88754617337926,261.74965542283354,273.7271965798728,D1,QB|established,0.9191174893461864,195.13765439244662,179.35443098208935,0.6816797819899624,0.6265438097606699,204.06706170340553,187.56160541108738,1,0.08088251065381358,0.043247480019013504,0.05520599726308241,0.08382591080590616,0.13570665766012885,0.6011314435980555,11.888072634807152,12.432065248785023,18.917333701471016,19.782981996689546,45.55993159532363,47.64473264277241,110.23554821994716,115.27987507355958,264.5297507771615,276.63450779040943
sleeper:player:6806,sleeper:6806,J.K. Dobbins,RB,00-0036158,26.708282853172893,6,established,prime,EXACT_NAME_POSITION,MAPPED_2025,PHASE2_ENTRY_SEASON,elite,0.6797752808988764,0.20833333333333334,150.25,160.068,1,1,1.1143068393793185,D1,RB|established,0.8663353999980852,119.97106718324731,103.93518247639571,0.7984763206871701,0.6917483026715189,133.6845806899282,115.81568468558524,1,0.13366460000191482,0.025043144277682384,0.03496928641026354,0.09724000888730816,0.3472222059034069,0.3618607545194242,14.392750132937167,16.03793991060948,22.740986816649027,25.34043714402693,40.28886850259124,44.894161723291425,88.97183589395263,99.14192524876576,187.83142071778974,209.30183675616732,D0,RB|established,0.6876190881384536,97.04899515305559,66.73274155189729,0.6459167730652619,0.4441447025084678,108.14235905394017,74.3607503218116,1,0.3123809118615464,0.036824244932825,0.04574950542113924,0.13469523481145107,0.23629054123525867,0.23405956173777967,97.04899515305559,108.14235905394017,97.04899515305559,108.14235905394017,97.04899515305559,108.14235905394017,97.04899515305559,108.14235905394017,97.04899515305559,108.14235905394017
sleeper:player:6813,sleeper:6813,Jonathan Taylor,RB,00-0036223,26.617931921942272,6,established,prime,EXACT_NAME_POSITION,MAPPED_2025,PHASE2_ENTRY_SEASON,elite,0.949438202247191,0.875,241.85,264.0855,1,1,1.1143068393793185,D1,RB|established,0.9175002733597999,173.26044520444304,158.96650583751713,0.7163963002044368,0.6572938012715202,193.06529908521654,177.1374646869777,1,0.08249972664020011,0.0067200062822345245,0.013461297638166574,0.02521353501057868,0.1385889402729454,0.7335164941558747,14.274462184984678,15.906130841189878,22.10819371915553,24.6353114675779,40.35954261647992,44.97291437176465,89.68370269534466,99.93516329428398,197.8499481405658,220.46555038387595,D0,RB|established,0.7917919448248172,133.3862029699395,105.6141210623662,0.5515245109362807,0.43669266513279387,148.63315824824153,117.68653743482999,1,0.20820805517518282,0.02692900724566281,0.033513686683159336,0.04391719433581298,0.17146688112066494,0.5159651754395171,133.3862029699395,148.63315824824153,133.3862029699395,148.63315824824153,133.3862029699395,148.63315824824153,133.3862029699395,148.63315824824153,133.3862029699395,148.63315824824153
sleeper:player:6819,sleeper:6819,Michael Pittman,WR,00-0036252,27.90748612223386,6,established,aging,EXACT_NAME_POSITION,MAPPED_2025,PHASE2_ENTRY_SEASON,elite,0.7231404958677686,0.25555555555555554,112.65,150.583,1,1,1.2899047488253008,D1,WR|established,0.8739065174476879,90.1926953591315,78.81998430051885,0.8006453205426676,0.6996891637862304,116.3399860530974,101.67027205157493,1,0.12609348255231212,0.02011612476375052,0.043537547788646415,0.10452797881238284,0.3526440416958143,0.3530808243870938,3.296498430672024,4.252168980218995,12.26880569840251,15.825590732784308,31.098453114828207,40.11404235393787,70.05912698064128,90.36960059088395,142.35529713411174,183.62477379372746,D1,WR|established,0.709652740688269,79.92232042359332,56.717093730769015,0.7094746597744636,0.5034806367578253,103.09218065153036,73.15964854288865,1,0.290347259311731,0.027167788342213922,0.07259893597157946,0.12169201643673756,0.23776344215140208,0.250430557786336,1.4705940758528087,1.8969262820368926,10.8518687229408,13.99787699935009,28.17742772798072,36.34619783600404,69.48421799266856,89.62802275715559,143.51096884470311,185.11548022130233
sleeper:player:6826,sleeper:6826,Cole Kmet,TE,00-0036290,26.481036571592846,6,established,prime,EXACT_NAME_POSITION,MAPPED_2025,PHASE2_ENTRY_SEASON,premium,0.4609375,0.66,50.7,67.5455,1,1,1.3587707610638076,D1,TE|established,0.793745113329515,44.98434720922252,35.70610577363858,0.8872652309511344,0.7042624412946465,61.12341569343385,48.516412516671714,1,0.20625488667048497,0.05135994563277448,0.07033637900685594,0.19016976982316192,0.31876988832103226,0.16310913054569043,4.957130808419002,6.735604401248335,12.210712621234208,16.591559281485846,22.416385619812438,30.458729348932337,48.07077485008713,65.31716332797983,92.00107939815427,125.00837667252188,D1,TE|established,0.6225223225882144,46.480306959344595,28.935028642944342,0.9167713404209978,0.5707106241211901,63.15608206162805,39.316070890576555,1,0.3774776774117856,0.06705448280520832,0.06414608585142863,0.16013667218544234,0.19935144022732584,0.13183364151880925,8.06284242907774,10.95555454369552,13.730072565594156,18.656021149413675,21.93937176039733,29.810576864136884,52.6876717975499,71.590467907037,102.37893079698097,139.1094977159127
sleeper:player:6847,sleeper:6847,Devin Duvernay,WR,00-0036331,27.970457983394592,6,established,aging,EXACT_NAME_POSITION,MAPPED_2025,PHASE2_ENTRY_SEASON,depth,0.004132231404958678,0.5,0.9,1.3605,1,1,1.2899047488253008,D1,WR|established,0.26922977379891533,7.482214952348978,2.0144350391357775,8.313572169276643,2.238261154595308,9.651344598766618,2.5984293231813202,1,0.7307702262010847,0.13480797775360026,0.08629262094864343,0.03864071535547197,0.008026080684570018,0.0014623790566296844,0.0,0.0,5.801607900245081,7.483521581348512,23.660256069458597,30.51947666241729,55.404411780324914,71.46641386131354,105.90249344560596,136.60412920792743,D1,WR|established,0.1438309253181621,8.525081355763131,1.2261703398120232,9.47231261751459,1.3624114886800258,10.996542924920897,1.5816429441922615,1,0.8561690746818379,0.054781193928972495,0.05821718435420394,0.021290417103097932,0.0071952305629574805,0.0023468993689302513,0.0,0.0,2.5347083028516906,3.2695322767353145,22.279214521799233,28.738064611766433,48.97056781410138,63.1673679760808,107.34097357386756,138.45963155646288
sleeper:player:6865,sleeper:6865,Colby Parkinson,TE,00-0036244,26.650786806026133,6,established,prime,EXACT_NAME_POSITION,MAPPED_2025,PHASE2_ENTRY_SEASON,premium,0.5234375,0.82,56.85,76.248,1,1,1.3587707610638076,D1,TE|established,0.7902803776914961,50.88626229418682,40.214414585158494,0.8950969620789239,0.7073775652622426,69.14276534516476,54.64217071161129,1,0.20971962230850394,0.03946005237485969,0.051532917167652716,0.14865699296319956,0.30486020144487425,0.24577021374090988,2.618753236535298,3.558285328245376,9.754672711626554,13.254364064305168,20.122541418164417,27.341920917297255,45.93069913414169,62.409291018690475,92.0151904158015,125.02755031070977,D1,TE|established,0.6245742903673701,53.30663954214485,33.29395656390431,0.9376717597562858,0.5856456739473054,72.43150318043422,45.23885469916161,1,0.3754257096326299,0.05800214201509046,0.050408526904439255,0.14060446850721667,0.20234950160134643,0.1732096513392773,8.613936415432327,11.70436493895223,14.324907349598583,19.464265261582597,22.95907950534746,31.196125932805437,53.31162968396211,72.43828363922907,104.24650887584517,141.6471082034771
sleeper:player:6869,sleeper:6869,Adam Trautman,TE,00-0036422,28.570059617925075,6,established,aging,EXACT_NAME_POSITION,MAPPED_2025,PHASE2_ENTRY_SEASON,starter,0.1640625,0.7727272727272727,21.8,30.3005,1,1,1.3587707610638076,D1,TE|established,0.555717306695204,29.43067036906161,16.355132871729264,1.3500307508743856,0.7502354528316176,39.989534375987894,22.22287633941927,1,0.444282693304796,0.09765978900548622,0.15538137649982756,0.18566656157294287,0.09514492014328708,0.021864659473660286,11.474010852728796,15.590550458816693,19.116134123208333,25.97444411118961,28.642466281034316,38.918545707425444,53.01198184480583,72.03113091676757,87.01361908002983,118.23156142028837,D1,TE|established,0.360420025696774,28.236886573183348,10.177139384303635,1.295270026292814,0.46684125616071714,38.367455859116745,13.828399426662699,1,0.639579974303226,0.07581837698797467,0.10135293200036351,0.11434056899439513,0.051011960921029914,0.017896186793010836,12.391868934411491,16.837709183013256,17.82067006879891,24.214205432048914,24.755532687382747,33.63709399017502,55.43262743693111,75.32023337024538,99.07932538232188,134.62609035542613
sleeper:player:6904,sleeper:6904,Jalen Hurts,QB,00-0036389,27.069686578095375,6,established,prime,EXACT_NAME_POSITION,MAPPED_2025,PHASE2_ENTRY_SEASON,elite,0.9754098360655737,0.95,323.3,332.603,1,1,1.045759529798389,D1,QB|established,0.959074061961191,273.6650218391289,262.4650241119514,0.8464739308355362,0.811831191190694,286.1878045607533,274.4753002038371,1,0.04092593803880895,0.014358153279998754,0.010112729753820306,0.015941342238550187,0.0604017637261221,0.8582600729626997,36.07508779038645,37.72586684511014,46.20229406491057,48.31648931692778,70.69786564717838,73.93296673694294,135.27172263897222,141.4616930619497,293.82952743679726,307.275028453188,D1,QB|established,0.9222173005402359,256.9722291532836,236.98423548354808,0.7948414140219102,0.73301650319687,268.73115753058175,247.82852266890595,1,0.07778269945976413,0.032156886200293826,0.008400263800424726,0.0340887945035805,0.06859769435330172,0.7789736616826352,32.20667050353732,33.68043260215083,39.356879888679195,41.157832206716826,68.1322740135902,71.2499748365471,129.6639432538055,135.59730432890464,288.0723411767851,301.25439605695584
sleeper:player:7002,sleeper:7002,Juwan Johnson,TE,00-0036040,28.96705613393841,6,established,aging,EXACT_NAME_POSITION,MAPPED_2025,PHASE2_ENTRY_SEASON,elite,0.7578125,0.40384615384615385,86.2,119.068,1,1,1.3587707610638076,D1,TE|established,0.8891251285349446,69.81099540844562,62.07071026568664,0.8098723365248912,0.7200778453095898,94.85713936175563,84.33986622747813,1,0.11087487146505537,0.01629528148144697,0.03146488466017033,0.09224237379785606,0.3217062330384051,0.42741635555706614,4.601148265804483,6.251905730894575,11.289175190937584,15.339401165972916,22.268838259430254,30.258246309772883,48.631954668829295,66.07967805738576,102.80651792658294,139.69049060542307,D1,TE|established,0.7317313146449069,64.683341950148,47.33082684080786,0.7503867975655221,0.5490815178748011,87.88983376975311,64.31174360826378,1,0.2682686853550931,0.027206416992006786,0.05211886519852917,0.11235240966300344,0.23054536361282216,0.30950825917854535,5.118421935068888,6.954762068159239,10.992222421011405,14.935910424780316,21.248738146373512,28.872164102793498,50.040965444306345,67.99420070112782,105.63405106068721,143.53245995398308
sleeper:player:7021,sleeper:7021,Rico Dowdle,RB,00-0036139,27.217533556472755,6,established,aging,EXACT_NAME_POSITION,MAPPED_2025,PHASE2_ENTRY_SEASON,elite,0.702247191011236,0.2638888888888889,154.45,174.2555,1,1,1.1143068393793185,D1,RB|established,0.8923441153686081,111.87262471340703,99.82887833384949,0.7243290690411592,0.6463507823493008,124.66043085746523,111.24000189497436,1,0.10765588463139186,0.02160586590493647,0.043383590126206024,0.12214497537940805,0.366746465963252,0.3384632179948056,11.154165196517184,12.429162566045859,19.452307695685114,21.675839507012874,37.06267152380411,41.29918836464403,85.77557590450397,95.58031088208864,185.42358586068605,206.61876990680076,D0,RB|established,0.7222834304443323,97.8009350289563,70.63999485337783,0.6332206864937281,0.45736480966900506,108.98025080045838,78.71462939883878,1,0.2777165695556677,0.03411227942142224,0.06923344311030413,0.13762486043627326,0.24580861625997089,0.2355042312163618,97.8009350289563,108.98025080045838,97.8009350289563,108.98025080045838,97.8009350289563,108.98025080045838,97.8009350289563,108.98025080045838,97.8009350289563,108.98025080045838
sleeper:player:7049,sleeper:7049,Jauan Jennings,WR,00-0036259,28.145684031841856,6,established,aging,EXACT_NAME_POSITION,MAPPED_2025,PHASE2_ENTRY_SEASON,premium,0.5165289256198347,0.6931818181818182,80.15,103.298,1,1,1.2899047488253008,D1,WR|established,0.6802249087273436,59.337354334569895,40.362746436354854,0.7403288126583891,0.5035900990187754,76.53953513889125,52.064098303885615,1,0.31977509127265635,0.04599938072973944,0.08173995255808146,0.15668152053562964,0.2673257070500779,0.1284783478538152,1.0239456591563183,1.3207923682847877,10.405992977305381,13.422739757668941,28.688348549971124,37.00523703056319,67.20831127469523,86.6923198737584,132.34616632508272,170.71394843154732,D1,WR|established,0.45665961790683085,56.433903562108824,25.771084837663555,0.7041036002758431,0.32153568106879044,72.79436019951324,33.24224471448193,1,0.5433403820931691,0.04936121007272967,0.07307133263094087,0.10236279740553292,0.14409373247461546,0.08777054532301194,1.406911097841565,1.8147813062808522,10.647326880986462,13.734037506079716,26.47765656062316,34.1536549353132,69.33062470911801,89.42990205131606,139.26298521733975,179.6359859674342
sleeper:player:7083,sleeper:7083,Tyler Huntley,QB,00-0035993,27.57619937438825,6,established,prime,EXACT_NAME_POSITION,MAPPED_2025,PHASE2_ENTRY_SEASON,depth,0.10655737704918032,0.5,3.6,4.2355,1,1,1.045759529798389,D1,QB|established,0.38936202772023987,33.85667504238161,13.182503646366941,9.404631956217115,3.6618065684352614,35.405940572857844,13.785728814790241,1,0.6106379722797601,0.1397838877170837,0.11661423200717161,0.08307118865143366,0.03432632989603626,0.015566389448514694,6.874766333278359,7.189352408162971,17.02686336906853,17.80600463077852,40.12894943435831,41.965231291777876,97.32228359644171,101.77570553272035,228.8052188240203,239.275238052825,D1,QB|established,0.328660686732296,46.1766382805099,15.17644564826121,12.826843966808305,4.215679346739225,48.28965953589633,15.87091266513645,1,0.671339313267704,0.12094290775157737,0.079869728059446,0.07054950043785219,0.02941685975976693,0.027881690723653495,10.261726176580652,10.731297941340802,16.513955474656136,17.269626312287933,46.41515718027223,48.53909294835981,95.00032383353823,99.34749398285564,234.82148994135073,245.56681090762407
sleeper:player:7090,sleeper:7090,Darnell Mooney,WR,00-0036309,27.841776354066134,6,established,aging,EXACT_NAME_POSITION,MAPPED_2025,PHASE2_ENTRY_SEASON,premium,0.3512396694214876,0.23863636363636365,54.75,72.0755,1,1,1.2899047488253008,D1,WR|established,0.6458428127434075,38.94427323253062,25.151878964745368,0.7113109266215638,0.45939504958439026,50.2344029821913,32.44352811850424,1,0.3541571872565925,0.0720966487157373,0.12077546585629075,0.20864074116576956,0.19178422104281287,0.05254573596279703,0.0,0.0,8.105856088537095,10.455782261898477,25.98426648936573,33.517228739374985,63.94537624578637,82.48344448486043,123.46957386806457,159.26398966785277,D1,WR|established,0.41004652643804507,40.324400928033214,16.5348805312351,0.7365187384115656,0.3020069503421936,52.014636250605406,21.32842091849917,1,0.5899534735619549,0.04852215799928892,0.09271247138964017,0.11329027891377659,0.11247862072674307,0.04304299740859627,0.0,0.0,8.065047728783242,10.40314336486021,22.975880843583276,29.636697808582326,66.33994267898443,85.57220709842026,132.94568613380892,171.48727187983806
sleeper:player:7523,sleeper:7523,Trevor Lawrence,QB,00-0036971,25.906076100125258,5,established,prime,EXACT_NAME_POSITION,MAPPED_2025,PHASE2_ENTRY_SEASON,elite,0.7950819672131147,0.5833333333333334,290.96,305.793,1,1,1.045759529798389,D1,QB|established,0.9627236029027165,254.1207956953371,244.64808800432007,0.8733873924090498,0.8408306571498491,265.74924381834825,255.84306947747265,1,0.037276397097283476,0.01479750919836967,0.01364896032678411,0.036971115515888026,0.10053564616317785,0.7967703716984968,34.37762579899459,35.950729791141555,44.97544640839122,47.03350168851185,68.9329284050481,72.08726679648912,133.48992833863633,139.598364692233,285.59858813629444,298.66744524049506,D1,QB|established,0.9315780506607891,251.29942630286595,234.1050296873985,0.863690632055492,0.8045952353842402,262.79876988909,244.81756576933176,1,0.06842194933921086,0.03592488979187696,0.024810178838755463,0.04303238409307822,0.08261382911491393,0.7451967688221646,38.34858864138555,40.10340202604719,45.3961956008181,47.47350416614724,72.37326006169684,75.68502641209662,136.54854971038728,142.79694713978654,291.4745336348276,304.812271242162
sleeper:player:7525,sleeper:7525,DeVonta Smith,WR,00-0036912,26.798633784403513,5,established,prime,EXACT_NAME_POSITION,MAPPED_2025,PHASE2_ENTRY_SEASON,elite,0.8553719008264463,0.6111111111111112,143.15,185.398,1,1,1.2899047488253008,D1,WR|established,0.9019210842878904,115.14368232667327,103.85051481297356,0.8043568447549652,0.7254663975757845,148.52438263040773,133.95727222520685,1,0.09807891571210958,0.014707164086284422,0.022187640121168268,0.05013107198250152,0.26313948630966255,0.5517557217882737,5.663055369519853,7.304802014004277,14.386385302762129,18.557066720463382,33.55921134567802,43.288186081621994,72.84508717759957,93.96322387897871,149.69894478164574,193.09737976798132,D1,WR|established,0.7799396392883107,99.09004617140674,77.28425486798902,0.692211290055234,0.5398830238769753,127.81672111781587,99.68932736364391,1,0.22006036071168933,0.031396049067519,0.04631325807973673,0.095792204914177,0.21993297229841532,0.3865051549284626,4.1338733370492164,5.332302848502078,13.607683508727789,17.552615578419704,31.832316830247027,41.06065664544719,72.30137337505431,93.26188486307372,148.95922323721646,192.1432094350136
sleeper:player:7526,sleeper:7526,Jaylen Waddle,WR,00-0036613,26.768516807326638,5,established,prime,EXACT_NAME_POSITION,MAPPED_2025,PHASE2_ENTRY_SEASON,elite,0.8057851239669421,0.4777777777777778,131.85,169.8455,1,1,1.2899047488253008,D1,WR|established,0.9013034771779513,116.27737936124902,104.80120633543349,0.8818913868885022,0.794851773495893,149.98674381903612,135.18357373469587,1,0.09869652282204866,0.014455984041199493,0.023048144337809422,0.052733860850739535,0.27532136666571844,0.5357441212824845,9.430225344740137,12.164092454673012,18.25141682983209,23.542589241590427,37.29314738006008,48.10460790418132,76.47170304867619,98.64121291324565,151.60841378007723,195.5604128967928,D1,WR|established,0.7786342605947848,99.3901495737523,77.38857562376369,0.7538122834565969,0.5869440699564936,128.20382592164003,99.8238912019187,1,0.2213657394052152,0.03086001876004107,0.04690012431288062,0.09962080582043545,0.22263176433373646,0.37862154736769116,5.910893555419328,7.624489666936258,15.350811919031209,19.801085192682386,33.21866851831272,42.84891827142509,74.05335558990488,95.52177504186695,149.72816789928908,193.13507480620495
sleeper:player:7527,sleeper:7527,Mac Jones,QB,00-0036972,26.990287274892708,5,established,prime,EXACT_NAME_POSITION,MAPPED_2025,PHASE2_ENTRY_SEASON,usable,0.38524590163934425,0.8076923076923077,11.32,11.703,1,1,1.045759529798389,D1,QB|established,0.5435222787179456,82.4780323806141,44.828648103683875,7.286045263305132,3.9601279243536993,86.2521883610473,46.8799859624059,1,0.45647772128205444,0.08902223211010102,0.08324753379670002,0.15874585003548253,0.13419628216750637,0.07831038060815562,14.765697841261918,15.441369231623153,24.682621800653187,25.812086968442543,48.35315319921788,50.56577075388356,107.17436523512532,112.07861379472547,247.74674079298057,259.0835151607507,D1,QB|established,0.456012604369898,116.69189678346645,53.212975761091855,10.30847144730269,4.7007929117572305,122.03166311156002,55.647976511092494,1,0.543987395630102,0.09873875443727922,0.05752604796396802,0.06362646799909456,0.0844731931211126,0.15164814084844358,17.15069462656303,17.93550234839031,23.65006604063725,24.73228194235766,54.18199002645281,56.66133241360429,104.31788288733833,109.09142015782635,249.91779766512087,261.3539185745257
sleeper:player:7528,sleeper:7528,Najee Harris,RB,00-0036893,27.48311053615064,5,established,aging,EXACT_NAME_POSITION,MAPPED_2025,PHASE2_ENTRY_SEASON,premium,0.47752808988764045,0.65,74.65,81.9805,1,1,1.1143068393793185,D1,RB|established,0.5151050326693775,55.84047437935815,28.763709379452813,0.7480304672385552,0.38531425826460564,62.22342251510439,32.051598087443324,1,0.48489496733062254,0.06568209644901112,0.09098632012485612,0.1423479476603584,0.1448677701675204,0.07122089826763141,3.778856427047131,4.210805561691113,12.310996952676554,13.718228103945432,29.439274442424008,32.80438485755784,76.98395539915596,85.7837480237519,169.22363934841079,188.5670587105933,D0,RB|established,0.27744701116057535,28.363706523705687,7.8694256004378556,0.3799558810945169,0.10541762358255666,31.60587216951304,8.768954768554602,1,0.7225529888394246,0.0397322301018563,0.053246618290920235,0.07581544784489373,0.07994629934998199,0.02870641557292311,28.363706523705687,31.60587216951304,28.363706523705687,31.60587216951304,28.363706523705687,31.60587216951304,28.363706523705687,31.60587216951304,28.363706523705687,31.60587216951304
sleeper:player:7543,sleeper:7543,Travis Etienne,RB,00-0036973,26.59876657289335,5,established,prime,EXACT_NAME_POSITION,MAPPED_2025,PHASE2_ENTRY_SEASON,elite,0.7584269662921348,0.4027777777777778,180.05,201.1105,1,1,1.1143068393793185,D1,RB|established,0.91182964289757,138.46871706907896,126.25988083758293,0.7690570234328185,0.7012489910446149,154.29663847015448,140.6922487565364,1,0.08817035710243004,0.014365486888757478,0.021712545120014647,0.06284525424324172,0.2995846527811066,0.5133217038644495,12.53990845943951,13.973305761544019,20.763041856210002,23.136399546693866,38.50275496360243,42.90388319088819,87.45397947178532,97.4505674563489,188.98350534263415,210.5856125331752,D0,RB|established,0.7770207172519638,106.66836896934952,82.88353256466108,0.59243748386198,0.4603361986373845,118.86129308798283,92.35768720872031,1,0.22297928274803624,0.035167398570350845,0.044685683988146964,0.10762936068124061,0.2433039531718666,0.34623432084035877,106.66836896934952,118.86129308798283,106.66836896934952,118.86129308798283,106.66836896934952,118.86129308798283,106.66836896934952,118.86129308798283,106.66836896934952,118.86129308798283
sleeper:player:7547,sleeper:7547,Amon-Ra St. Brown,WR,00-0036963,25.856793773999467,5,established,prime,EXACT_NAME_POSITION,MAPPED_2025,PHASE2_ENTRY_SEASON,elite,0.9793388429752066,0.9444444444444444,196.7,255.1355,1,1,1.2899047488253008,D1,WR|established,0.9206722142447895,148.79644650051577,136.9927538713862,0.756463886632007,0.6964552815017093,191.9332429493451,176.70760377335668,1,0.07932778575521049,0.00816860039902783,0.009922491497912226,0.0167988787725274,0.08790787272612918,0.7978743708491929,12.75957233322692,16.458632945609327,21.305125109439174,27.48158205298275,40.76993084453871,52.58932740564959,80.54177864109195,103.89122274798069,161.56927112727135,208.40897009130987,D1,WR|established,0.830028903761123,132.5411766800212,110.01300758292733,0.6738239790545054,0.5592933786625691,170.96549321445258,141.9063009137718,1,0.16997109623887696,0.022857268486454366,0.017354592847437185,0.03471580830958612,0.13531720940041403,0.6197840247172314,9.524534043778395,12.285741693417998,19.095110123364584,24.630873227470055,37.91972440531802,48.912832584566374,78.24062228250465,100.9229502332494,157.40999194258873,203.04389611929756
sleeper:player:7553,sleeper:7553,Kyle Pitts,TE,00-0036970,24.904002135567463,5,established,prime,EXACT_NAME_POSITION,MAPPED_2025,PHASE2_ENTRY_SEASON,elite,0.8828125,0.7115384615384616,106.3,146.703,1,1,1.3587707610638076,D1,TE|established,0.9459593505064275,86.74852385421279,82.06057728252247,0.8160726609051062,0.7719715642758465,117.87135777855057,111.50151304750845,1,0.05404064949357246,0.011224917460327548,0.015378360868668874,0.04536034745286668,0.21089978325737152,0.663095941467193,3.7724671178357525,5.125918016789874,10.214781837442374,13.879546891362333,21.524390542879992,29.246712519383667,48.1612344044476,65.44007712550369,106.6626907136177,144.93014543805586,D1,TE|established,0.8879027028194886,76.19106247358114,67.6502503009812,0.7167550561954952,0.6364087516555146,103.52618794348795,91.9211820876213,1,0.11209729718051142,0.028978472152553197,0.03420625434982114,0.0995411072555222,0.21609207685789864,0.5090847922036934,4.000300159192967,5.435490891790299,9.959712705941733,13.532966413429323,21.111322748619465,28.685448078205344,48.99308527988,66.57037177260658,107.06503531636722,145.47683952014373
sleeper:player:7564,sleeper:7564,Ja'Marr Chase,WR,00-0036900,25.50360377009795,5,established,prime,EXACT_NAME_POSITION,MAPPED_2025,PHASE2_ENTRY_SEASON,elite,0.987603305785124,0.9666666666666667,201.4,259.543,1,1,1.2899047488253008,D1,WR|established,0.9190691584480418,154.49351638710564,141.99022609157595,0.7670978966589158,0.7050160183295727,199.281920450447,183.15386692230194,1,0.08093084155195818,0.008483284281309025,0.009473639737549772,0.016038285849328617,0.08008229524511137,0.8049916533347431,17.386258762501917,22.42661774205672,25.92141641675073,33.43615813224488,45.404908572099764,58.56800718713009,85.21389575550606,109.91780880093141,166.5170334853459,214.7911122530493,D1,WR|established,0.8310544859492224,136.51764165807614,113.4535985111526,0.6778433051543006,0.5633247195191291,176.09475427318313,146.34433549085483,1,0.16894551405077762,0.02197782010041919,0.01577456047869072,0.03161734449259678,0.13380506296929542,0.6278796979082203,12.289015422038666,15.851659351275034,21.866304735102297,28.205450317069616,40.72455834509789,52.5308012031548,81.05226196391072,104.54969761028075,160.39024087514971,206.8881333700895
sleeper:player:7569,sleeper:7569,Nico Collins,WR,00-0036554,26.45639540852995,5,established,prime,EXACT_NAME_POSITION,MAPPED_2025,PHASE2_ENTRY_SEASON,elite,0.9380165289256198,0.8333333333333334,161.5,204.5555,1,1,1.2899047488253008,D1,WR|established,0.9047148302422764,131.83543017733274,119.27346883280308,0.8163184531104194,0.7385354107294309,170.05514744916786,153.8514138562992,1,0.09528516975772361,0.011378016472755234,0.015716968686919332,0.030181403031694674,0.17259043262511614,0.674848009425791,8.16538431141285,10.532567999275045,16.715902603331102,21.561922148938,36.11241257384435,46.58157247054034,75.54555413852805,97.44656903592619,155.27863315024513,200.29464629160296,D1,WR|established,0.7930765680775952,113.41071188829062,89.94337816760245,0.7022335101442144,0.5569249422142566,146.28901583236407,116.01839062378028,1,0.2069234319224048,0.028825319973158365,0.03198873674943314,0.06800017917839153,0.1836094726977587,0.48065285947885344,6.073218496163221,7.833873378854591,15.601767591227201,20.124794105992642,34.46341518855648,44.45452291245701,74.21189283092922,95.7262729819299,152.50030973673267,196.71087372674074
sleeper:player:7571,sleeper:7571,Rashod Bateman,WR,00-0036550,25.758229121747878,5,established,prime,EXACT_NAME_POSITION,MAPPED_2025,PHASE2_ENTRY_SEASON,premium,0.5082644628099173,0.6704545454545454,79.05,101.2055,1,1,1.2899047488253008,D1,WR|established,0.7526633974044966,62.84234968782922,47.29913641692295,0.7949696355196613,0.5983445467036427,81.06064528967107,61.011380679524635,1,0.24733660259550339,0.061154671405549456,0.08279312273255955,0.16835857146655273,0.30070758179908386,0.13964945000075105,4.880687802348234,6.295622373782709,14.279020121092614,18.418575862769384,32.53953995047553,41.97290710670898,71.04153377097322,91.63681177501134,135.89324270765624,175.28933910187496,D1,WR|established,0.5713020222093969,58.36322839804318,33.343030406470966,0.7383077596210396,0.42179671608438923,75.28300546741154,43.0093332615333,1,0.42869797779060315,0.07266330243585334,0.07728699722666008,0.13915011894656795,0.1782393229163039,0.10396228068401157,4.777696649672578,6.162773596859387,14.012459252228545,18.074737732170625,29.78343641279716,38.41779606520344,72.69705371012157,93.77227480629377,142.46555425943683,183.76699498327613
sleeper:player:7585,sleeper:7585,Davis Mills,QB,00-0036898,26.864343552571235,5,established,prime,EXACT_NAME_POSITION,MAPPED_2025,PHASE2_ENTRY_SEASON,usable,0.27049180327868855,0.2692307692307692,6.85,7.508,1,1,1.045759529798389,D1,QB|established,0.42512951596248516,33.10205190907757,14.072659305471204,4.832416337091616,2.054402818316964,34.61678623979882,14.71661757830249,1,0.5748704840375148,0.07916484817904149,0.14805158350907116,0.11075629742173487,0.06541557060755307,0.021741216245084575,0.0,0.0,4.032014392711581,4.2165174754624,27.482888704190152,28.740492768795352,85.54609017281416,89.46063903521272,222.42379810571305,232.6018065230023,D1,QB|established,0.3663622637268401,37.715658238942396,13.817593930366785,5.505935509334656,2.0171669971338373,39.441509025993135,14.449880531565443,1,0.6336377362731599,0.106748186573578,0.11366046646500794,0.06631098213630614,0.04261395838251731,0.037028670169430726,0.0,0.0,0.6244131343642678,0.652985985792715,31.014269758892528,32.43346816009985,80.2030117762513,83.87306388354722,223.40171306338385,233.62447040931892
sleeper:player:7587,sleeper:7587,Dyami Brown,WR,00-0036626,25.834890517943556,5,established,prime,EXACT_NAME_POSITION,MAPPED_2025,PHASE2_ENTRY_SEASON,starter,0.14049586776859505,0.4642857142857143,32.6,42.128,1,1,1.2899047488253008,D1,WR|established,0.5362645506564893,40.71336615867861,21.8331350087969,1.2488762625361536,0.6697280677545061,52.51636434874283,28.162664529591048,1,0.46373544934351074,0.08103741224874025,0.10449397316141736,0.16834573296827288,0.14891845169151155,0.033468980586547216,4.97023873176952,6.411134542904944,14.93726689439027,19.26765150154496,32.30950235741742,41.676180523014985,69.50417168709534,89.65376112235329,121.90048206743364,157.24001070287608,D1,WR|established,0.3898605228971661,38.1694408430912,14.880758165779984,1.1708417436531042,0.45646497441042894,49.234943003509734,19.194760624160473,1,0.6101394771028339,0.0785112005312151,0.0831421234345851,0.11602255614987572,0.07849330427457163,0.033691338506918606,4.934003874662025,6.364395028648981,13.889125655645799,17.915649140248835,27.69990010094213,35.730232682191684,71.52593908682931,92.26164849229033,133.87689190483536,172.6884386260186
sleeper:player:7588,sleeper:7588,Javonte Williams,RB,00-0036997,25.35301888471358,5,established,prime,EXACT_NAME_POSITION,MAPPED_2025,PHASE2_ENTRY_SEASON,elite,0.9044943820224719,0.7638888888888888,219.45,237.0055,1,1,1.1143068393793185,D1,RB|established,0.9298433009656105,156.95984411430692,145.9480595702948,0.7152419417375572,0.665062928094303,174.90142780448386,162.6309209733197,1,0.07015669903438948,0.012371587242435948,0.016549363603247488,0.04341317499435844,0.23454471146179792,0.6229644636637707,14.782721779003396,16.47248798298509,22.69152492756723,25.28532142273446,40.83133949029206,45.4986408550513,90.01387512674178,100.3030766927643,196.6480501395012,219.12626722105335,D0,RB|established,0.8331053479292974,133.62493685686468,111.32364951216864,0.6089083474908393,0.5072848006934092,148.89918105123388,124.04870403607565,1,0.16689465207070264,0.032808700540259854,0.0487493811260532,0.08433044550777045,0.26312528658850814,0.4040915341667057,133.62493685686468,148.89918105123388,133.62493685686468,148.89918105123388,133.62493685686468,148.89918105123388,133.62493685686468,148.89918105123388,133.62493685686468,148.89918105123388
sleeper:player:7591,sleeper:7591,Justin Fields,QB,00-0036945,26.494726106627787,5,established,prime,EXACT_NAME_POSITION,MAPPED_2025,PHASE2_ENTRY_SEASON,usable,0.3360655737704918,0.5769230769230769,7.94,8.6005,1,1,1.045759529798389,D1,QB|established,0.5481334384796345,68.14213721225612,37.350983975505,8.582133150158201,4.7041541530862725,71.26028937054626,39.060147439731274,1,0.45186656152036553,0.12027439392880347,0.11803787169651589,0.1687676891171922,0.09839451128641379,0.04265897245070913,21.27152562172187,22.244900632266248,31.142125908348426,32.56717494683668,54.75930342070777,57.26506339732667,113.00738914348628,118.17855413443579,252.13232576114933,263.6697824349538,D1,QB|established,0.4502393184604232,92.50083055586833,41.647510906497246,11.64997865942926,5.245278451699905,96.73362506806532,43.55328142285184,1,0.5497606815395768,0.1242534791828157,0.07872700508407618,0.08420871367144787,0.07928495750849643,0.08376516301358702,26.343143839547473,27.548593715056494,32.7830953421801,34.28323437037402,63.58712838320034,66.49684547924538,112.44353437386098,117.58889763567785,256.95285261375403,268.71089432971416
sleeper:player:7594,sleeper:7594,Chuba Hubbard,RB,00-0036555,26.226411219942914,5,established,prime,EXACT_NAME_POSITION,MAPPED_2025,PHASE2_ENTRY_SEASON,elite,0.6123595505617978,0.041666666666666664,122.3,137.538,1,1,1.1143068393793185,D1,RB|established,0.902587698671227,95.64997519860566,86.33249099246942,0.7820930106181984,0.7059075306007312,106.58342155026848,96.20088517356209,1,0.09741230132877299,0.033339263136213486,0.07591851351355992,0.1584971381784012,0.39965689788146014,0.23517588596159228,13.055558230997825,14.547897828715833,21.48102120525415,23.936448845866874,38.88051970967509,43.32482903111335,87.23589129740395,97.207550312048,183.86045032229356,204.87695728549315,D0,RB|established,0.7548308351416727,88.23332054366003,66.6012310332938,0.7214498817960755,0.5445726167889926,98.3189925429481,74.2142072514814,1,0.2451691648583273,0.04463801546385781,0.07258396599115152,0.1536276649278232,0.19428288272921893,0.2896983060296212,88.23332054366003,98.3189925429481,88.23332054366003,98.3189925429481,88.23332054366003,98.3189925429481,88.23332054366003,98.3189925429481,88.23332054366003,98.3189925429481
sleeper:player:7600,sleeper:7600,Pat Freiermuth,TE,00-0036894,26.85339192454328,5,established,prime,EXACT_NAME_POSITION,MAPPED_2025,PHASE2_ENTRY_SEASON,elite,0.7109375,0.28846153846153844,79.75,107.908,1,1,1.3587707610638076,D1,TE|established,0.9220866628906731,71.61890123487382,66.0388336395615,0.8980426487131513,0.8280731490854107,97.31366893746316,89.73163624419315,1,0.07791333710932691,0.016125462619187226,0.024551316511908325,0.07483715696132817,0.32902873681796463,0.47754398998028474,4.3918199632474995,5.967476553917028,11.172549851004462,15.180934064072662,22.028183399669047,29.93125152282144,48.29047759485914,65.6156889937015,100.84145597401049,137.02042188058869,D1,TE|established,0.8211836985955914,66.25295634507566,54.40584773434148,0.8307580732924847,0.68220498726447,90.02257991572567,73.9250751323128,1,0.17881630140440863,0.03538485085953711,0.04243536058393898,0.12066049541697979,0.2497917807770585,0.372911210958077,4.763820955855614,6.472940625759648,10.605617866466211,14.41060345997021,20.52402458879186,27.887444510605015,49.664099816511296,67.48212670522996,104.32806354433237,141.75792230244576
sleeper:player:7610,sleeper:7610,Trey Lance,QB,00-0037012,25.31468818661574,5,established,prime,EXACT_NAME_POSITION,MAPPED_2025,PHASE2_ENTRY_SEASON,depth,0.1885245901639344,0.8846153846153846,5.05,5.208,1,1,1.045759529798389,D1,QB|established,0.39638627526869374,62.44119315966724,24.750831979893537,12.364592704884602,4.901154847503671,65.298472798704,25.883418413412397,1,0.6036137247313063,0.14975928768400124,0.08200307082506866,0.09205067296291675,0.0431115236679349,0.029461720128772143,25.981543346036958,27.17044655298807,36.05504954357234,37.70491165754383,59.329363517174954,62.04424729495858,116.97081746249874,122.32334706971588,251.1439161762142,262.6361436921638,D1,QB|established,0.3667090948210545,85.58057586534784,31.383175509846293,16.946648686207492,6.214490199969563,89.49670277682152,32.81925486475718,1,0.6332909051789455,0.12539355793324483,0.051608027284804646,0.08767435458487297,0.045489714229570134,0.05654344078856193,30.398313761798413,31.789326306202206,36.72153610636552,38.40189633206737,66.84937883727656,69.90837498018472,115.78273101086933,121.08089434070007,257.2959314380363,269.06967227967937
sleeper:player:7611,sleeper:7611,Rhamondre Stevenson,RB,00-0036875,27.521441234248478,5,established,aging,EXACT_NAME_POSITION,MAPPED_2025,PHASE2_ENTRY_SEASON,elite,0.6460674157303371,0.125,144.1,163.1905,1,1,1.1143068393793185,D1,RB|established,0.8863062827964878,95.73989124585643,84.85486712545502,0.6643989677019877,0.5888609793577725,106.68361561668996,94.55435879251782,1,0.11369371720351218,0.028277845950207294,0.06569206401064746,0.15628041024413394,0.37786186535830724,0.25819409723319187,8.62251018248758,9.608122068963727,17.045633417951173,18.994065899175663,34.49992809233317,38.443505831381536,83.1371609159786,92.64030701525392,180.81456218220046,201.48290329900306,D0,RB|established,0.7091339498886458,82.58377424975558,58.56295803044141,0.5731004458692268,0.40640498286218885,92.02366446826029,65.25710466760485,1,0.29086605011135425,0.03621129288690211,0.07951728452703292,0.14844399259866162,0.21504722922481065,0.22991415065123844,82.58377424975558,92.02366446826029,82.58377424975558,92.02366446826029,82.58377424975558,92.02366446826029,82.58377424975558,92.02366446826029,82.58377424975558,92.02366446826029
sleeper:player:7694,sleeper:7694,Tommy Tremble,TE,00-0037005,25.24897841844802,5,established,prime,EXACT_NAME_POSITION,MAPPED_2025,PHASE2_ENTRY_SEASON,premium,0.3359375,0.34,34.45,48.243,1,1,1.3587707610638076,D1,TE|established,0.8127383474007124,35.90238357180819,29.179243891897872,1.042159174798496,0.8470027254542197,48.78310904987055,39.64790343026053,1,0.18726165259928762,0.06114286764324494,0.08471978988356119,0.23011485538426016,0.32261294711297406,0.11414788737667203,1.863985964541655,2.53272962765252,9.261653632868885,12.584464155442634,19.191720688899743,26.077148926580325,44.24160719995366,60.114202285767064,84.02620495887797,114.1723504612781,D1,TE|established,0.6634014467328629,41.046354535016825,27.230210981640173,1.1914761838901835,0.7904270241404985,55.77258639043968,36.99961449945127,1,0.33659855326713706,0.08434303487798535,0.07573728222446495,0.18181650462645643,0.2091620040830547,0.11234262092090154,7.544480170573507,10.251219063200969,13.10780766465804,17.810505796385414,20.86567834827104,28.35167364939285,51.360549167837625,69.78721248143783,98.49099753629338,133.82668768032295
sleeper:player:7716,sleeper:7716,John Bates,TE,00-0036628,27.819873098010227,5,established,aging,EXACT_NAME_POSITION,MAPPED_2025,PHASE2_ENTRY_SEASON,starter,0.0703125,0.22727272727272727,15.75,21.753,1,1,1.3587707610638076,D1,TE|established,0.5418742075975231,24.652678456217327,13.358650603619294,1.5652494257915763,0.8481682922932885,33.49733866821575,18.15134384746528,1,0.45812579240247686,0.12113471043214065,0.16904742017368882,0.1711577513062196,0.06976693955820022,0.010767386127273874,10.152706594580913,13.795200866376245,17.887725158767097,24.305317927678185,27.215463789038402,36.97957644533621,51.082229661349345,69.40904007378785,82.0016312883086,111.42141895408881,D1,TE|established,0.35963215197563847,26.20636015379243,9.424649697556996,1.6638958827804717,0.5983904569877457,35.60843593088078,12.805938442309303,1,0.6403678480243615,0.09416615462257935,0.10348300475718704,0.10650502640950074,0.04358040925274054,0.011897556933630862,13.201467822814664,17.937768480765246,18.54961186036578,25.204670224947442,25.21212617706277,34.25749987364433,55.52542220121419,75.44632018273305,97.2392806005848,132.12589130695375
sleeper:player:7828,sleeper:7828,Noah Gray,TE,00-0036637,26.34140331423643,5,established,prime,EXACT_NAME_POSITION,MAPPED_2025,PHASE2_ENTRY_SEASON,premium,0.3203125,0.3,33.65,45.6905,1,1,1.3587707610638076,D1,TE|established,0.75645365983853,34.37409164738978,26.002407430293047,1.0215183253310485,0.7727312757887979,46.706510668600885,35.33131093355049,1,0.24354634016147003,0.06757517946799456,0.09103203946971648,0.23361214061864213,0.2749780991329463,0.08925620114923052,3.114870458400347,4.232394903375811,10.545107820899922,14.328384179304097,20.432939444822686,27.763680680212417,45.45464988741719,61.76244922141477,84.6950776048796,115.0811950555405,D1,TE|established,0.5649388335765588,37.67047858386552,21.281516231439724,1.1194793041267612,0.6324373322864703,51.18554485503681,28.916702006385126,1,0.43506116642344117,0.0774464828267441,0.06914344505789433,0.16207142326888963,0.17296870181046348,0.08330878061256732,6.423240933405026,8.727711971578948,11.976200900749319,16.27291161256421,19.61408358224019,26.651043276609638,50.24401487344825,68.27009832849654,97.0661015040834,131.89058061420022
sleeper:player:7891,sleeper:7891,Brock Wright,TE,00-0036754,26.76304099331266,5,established,prime,EXACT_NAME_POSITION,MAPPED_2025,PHASE2_ENTRY_SEASON,starter,0.1328125,0.5909090909090909,20.25,27.0305,1,1,1.3587707610638076,D1,TE|established,0.5325137675981401,35.50247682276069,18.90555769195394,1.7532087319881824,0.9336077872569848,48.23972745211273,25.68831901343198,1,0.46748623240185994,0.06961941617934372,0.08489755714098332,0.17451201237822786,0.15797146972378562,0.04551331217579954,10.020452704384056,13.615498147339812,17.712910396739574,24.06778474043286,27.162687918309558,36.90786613530017,51.427663874720814,69.87840598278808,84.36735631266473,114.63589694590088,D1,TE|established,0.38856384048585846,38.61948779648562,15.006136495799197,1.9071351998264505,0.7410437775703307,52.475030825125195,20.389899507024452,1,0.6114361595141415,0.07173125998161088,0.06050553980966627,0.12901137248903533,0.08560245974510376,0.041713208460442276,15.050249790293961,20.449839361758137,20.455651292106772,27.794540874231778,27.21517131482984,36.97917903993324,57.992830476233614,78.79896240243632,101.01086698989226,137.25061261557096
sleeper:player:8110,sleeper:8110,Jake Ferguson,TE,00-0038041,26.62066982894926,4,established,prime,EXACT_NAME_POSITION,MAPPED_2025,PHASE2_ENTRY_SEASON,elite,0.7734375,0.4423076923076923,89.9,126.618,1,1,1.3587707610638076,D1,TE|established,0.9304884860889301,82.03290444333675,76.33067306495828,0.9124905944753808,0.849061991823785,111.46391200274728,103.71588673298604,1,0.06951151391106991,0.01220048499620621,0.017105194811963986,0.05542650448804468,0.26705235907851466,0.5787039427142006,6.744396063770765,9.16408817248555,13.411056129822612,18.222550944188512,24.42696446512521,33.19064509675676,50.85472013160034,69.09990677690153,105.55348026621104,143.42298271425318,D1,TE|established,0.8443254565352195,75.23545382309847,63.52320889682204,0.8368793528709506,0.7065985416776644,102.22773485019245,86.31347889795012,1,0.1556745434647805,0.03147500792272818,0.03644618696511284,0.10440570015975549,0.2308535414574293,0.4411450200301937,7.949313455901155,10.80129469440958,13.835497740639767,18.799269794745687,24.163093730505977,32.83210525785572,52.9485630331464,71.94495928978333,108.85904377176612,147.914485754441
sleeper:player:8111,sleeper:8111,Cade Otton,TE,00-0038129,26.38247191934126,4,established,prime,EXACT_NAME_POSITION,MAPPED_2025,PHASE2_ENTRY_SEASON,premium,0.5390625,0.86,59.1,83.183,1,1,1.3587707610638076,D1,TE|established,0.7986995906386536,52.36878614269919,41.82692805441704,0.8861046724652993,0.7077314391610328,71.15717540310317,56.833206865461364,1,0.2013004093613464,0.042972028413726666,0.044205586261890646,0.16613030744890803,0.2849266939462191,0.2604649745679091,3.5059466638875207,4.763777816739564,10.618466108023952,14.428061274929952,21.02366722007396,28.56634430897212,46.889846588841124,63.712552535684836,93.50215962232676,127.04800059113855,D1,TE|established,0.6457570216032782,52.619997959551206,33.97973315913036,0.8903552954238783,0.5749531837416305,71.49851467467539,46.17066788537666,1,0.3542429783967218,0.058659597583027884,0.05509986005279971,0.1411033966528699,0.21820699522134784,0.17268717209323287,8.177484006057618,11.111326166498024,13.900472811323972,18.88755602098944,22.614601362995195,30.7280591051516,52.93710828110534,71.92939490763469,104.18774315101754,141.5672590548286
sleeper:player:8112,sleeper:8112,Drake London,WR,00-0037238,24.10727119653381,4,established,prime,EXACT_NAME_POSITION,MAPPED_2025,PHASE2_ENTRY_SEASON,elite,0.9462809917355371,0.8555555555555555,163.1,211.368,1,1,1.2899047488253008,D1,WR|established,0.9255226776434091,139.2833036960659,128.90985618780306,0.8539748847091717,0.7903731219362542,179.66219486963197,166.28143566703375,1,0.07447732235659088,0.011662471779390926,0.014020137654049475,0.027427017831837434,0.1505190531980217,0.7218939971801096,12.38096498652525,15.970265531158695,20.91289560847644,26.97564335706154,40.33247256151255,52.02504788896119,79.77608826084503,102.90355509037033,159.79941873942215,206.1260290915034,D1,WR|established,0.8538776335498484,120.12085861644684,102.56851449538753,0.7364859510511762,0.6288688810262878,154.94446596232734,132.30361392755708,1,0.14612236645015164,0.029437757258311673,0.03012563811046384,0.06605716787502376,0.19459645019062582,0.5336606201154233,10.448380841385422,13.477416064838348,19.982168685524314,25.775094279286034,38.913221467031775,50.19434916241492,78.57467822697302,101.35385058239247,157.02509833868655,202.54742003183162
sleeper:player:8117,sleeper:8117,Jalen Tolbert,WR,00-0037666,26.511153548669718,4,established,prime,EXACT_NAME_POSITION,MAPPED_2025,PHASE2_ENTRY_SEASON,starter,0.1859504132231405,0.6607142857142857,33.6,45.598,1,1,1.2899047488253008,D1,WR|established,0.5374203763911645,39.132985764166456,21.030863938688416,1.1646721953620969,0.6259185696038219,50.477824172911205,27.12781126641296,1,0.46257962360883553,0.07367527471378578,0.09494252463541374,0.16490586098746482,0.16229222634861518,0.041604489705884956,0.32194259171465944,0.41527527790186414,10.172047975887438,13.120972989375995,27.67900691549749,35.703282463068554,64.88346877807233,83.69349449709364,118.90235360022712,153.37271055543806,D1,WR|established,0.38329126686353965,36.92377159146015,14.152559190670736,1.0989217735553616,0.42120711876996236,47.628148320365185,18.25545330807734,1,0.6167087331364604,0.07819526416668253,0.07795627443505233,0.1100252701598569,0.07948238028509205,0.037632077816855944,1.9248224215038263,2.4828375821432003,10.906113327984137,14.067847372993644,25.162750382033884,32.45755121129116,68.34192785856082,88.15457728863373,131.5720525772996,169.7154154321509
sleeper:player:8119,sleeper:8119,Jahan Dotson,WR,00-0037741,25.44610772295119,4,established,prime,EXACT_NAME_POSITION,MAPPED_2025,PHASE2_ENTRY_SEASON,starter,0.21074380165289255,0.7678571428571429,36.25,46.5355,1,1,1.2899047488253008,D1,WR|established,0.6480579178012772,37.298676105025876,24.17170237336732,1.0289289960007137,0.6668055827135813,48.11173943276965,31.179193678598303,1,0.3519420821987228,0.0989675587609488,0.1449170904949512,0.20003757509791462,0.1687488825444792,0.0353868109029834,3.2737084109604666,4.222772025567235,13.094609779388698,16.890799338447707,30.65656855016618,39.544053355547724,67.97889750729723,87.6863027145711,122.82118557671114,158.42763053175324,D1,WR|established,0.4941908996732437,32.7505660249996,16.18503168870252,0.9034638903448166,0.44648363279179365,42.24511064236354,20.877149235145357,1,0.5058091003267563,0.12500735173702765,0.11372071853706026,0.14315592316262327,0.08116673923660234,0.031140166999930316,4.769713112032271,6.152475593744731,13.771500319832029,17.763923661000483,28.12040546248874,36.27264454495715,71.34269193148295,92.02527711640033,135.0802420615461,174.24064570765947
sleeper:player:8121,sleeper:8121,Romeo Doubs,WR,00-0037816,25.385873768797442,4,established,prime,EXACT_NAME_POSITION,MAPPED_2025,PHASE2_ENTRY_SEASON,elite,0.6322314049586777,0.011111111111111112,100.1,128.798,1,1,1.2899047488253008,D1,WR|established,0.918082901971877,87.39521213643232,80.2360499766636,0.8730790423220013,0.8015589408258101,112.73149915937861,103.49686189188253,1,0.08191709802812297,0.02183354106624441,0.043698953757618494,0.14164882342718257,0.41263387239708743,0.29826771132374413,8.670392140387236,11.18397999606306,17.841639880354123,23.014016008499656,36.42050412159141,46.978981221052194,75.24798322591553,97.06273090263502,144.36123561812343,186.21224337010557,D1,WR|established,0.8195315037524742,77.73392883088853,63.705403587365886,0.7765627255833021,0.6364176182554034,100.26936394381107,82.17390261317561,1,0.1804684962475258,0.044479685830229675,0.09731743296941443,0.13962759652630669,0.29672137086394285,0.24138541756258056,6.21398245163244,8.015445473477769,15.536636674845774,20.040781427656896,32.12285409635919,41.435422044715985,74.32361064296148,95.87037831819869,146.56387204599423,189.0534345583517
sleeper:player:8126,sleeper:8126,Wan'Dale Robinson,WR,00-0038117,24.654852597931512,4,established,prime,EXACT_NAME_POSITION,MAPPED_2025,PHASE2_ENTRY_SEASON,premium,0.6074380165289256,0.9431818181818182,95.7,130.818,1,1,1.2899047488253008,D1,WR|established,0.8023237060497759,84.72729103190602,67.97871414427678,0.8853426440115572,0.71033139126726,109.29013505715889,87.68606619374026,1,0.19767629395022412,0.02926756397314844,0.05532695350972874,0.1156897969744666,0.35077896959794613,0.25126042199448595,8.817599081843213,11.373862928907172,18.035576614736684,23.26417592315139,36.55006997708105,47.146108833333905,75.3167252008074,97.15140150249167,143.5753282165721,185.19849768070756,D1,WR|established,0.6648627504180341,68.90934607304708,45.81525735963424,0.7200558628322579,0.4787383214172857,88.88649273806952,59.097318036845515,1,0.3351372495819659,0.07084920310033647,0.06559276870165788,0.18186601638624797,0.19498193725708138,0.1515728249727104,9.111770804039473,11.753316430338247,18.417082993090013,23.756282812296494,34.83452079074658,44.93321379103769,77.19288544855337,99.57146951561646,148.93985331681145,192.11822408269882
sleeper:player:8127,sleeper:8127,Charlie Kolar,TE,00-0038046,26.557697967788524,4,established,prime,EXACT_NAME_POSITION,MAPPED_2025,PHASE2_ENTRY_SEASON,premium,0.2734375,0.18,32.3,44.8305,1,1,1.3587707610638076,D1,TE|established,0.8093216189865714,34.466101213431976,27.894160834209803,1.0670619570721975,0.8635963106566503,46.83153057667719,37.90177014593551,1,0.1906783810134286,0.07636251166509903,0.1197997930226189,0.27408954531728397,0.2744285455112526,0.06464122347031684,6.772267079417929,9.20195849362807,14.317401194010145,19.45406611684103,24.069336260303274,32.70471034871298,49.06246123277528,66.66463778892162,86.63973549755038,117.7235393403735,D1,TE|established,0.6309162600417192,33.33761319837306,21.03324223783499,1.032124247627649,0.6511839702116097,45.2981740576042,28.579354563142473,1,0.3690837399582808,0.11275703012569427,0.09448566787433788,0.20276633781499762,0.16389914464385374,0.057008079582835706,8.879326947121129,12.064969833674152,14.404277749223034,19.57211143988625,21.607160951002406,29.359178529821722,52.83911852285722,71.79624928924343,98.74997918416545,134.17858437110365
sleeper:player:8130,sleeper:8130,Trey McBride,TE,00-0037744,25.7773944707968,4,established,prime,EXACT_NAME_POSITION,MAPPED_2025,PHASE2_ENTRY_SEASON,elite,0.9765625,0.9423076923076923,127.1,174.3455,1,1,1.3587707610638076,D1,TE|established,0.9429343161767266,109.79427028075591,103.52878516730728,0.8638416229799836,0.8145459100496245,149.1852441898281,140.67188621379353,1,0.05706568382327337,0.006366460026032706,0.006649160519001406,0.014050980325486902,0.06635666963201901,0.8495110456741866,10.454231956950942,14.20490471248381,16.725190435778742,22.7256997373602,28.27534580282969,38.419713135853236,55.159563257854934,74.94920174782278,116.88314060591318,158.8173939166247,D1,TE|established,0.8805071140678877,98.40865381909627,86.64951977355828,0.7742616350833696,0.6817428778407418,133.7148014450382,117.73683392853123,1,0.11949288593211228,0.02063813821522883,0.015852540486999245,0.035357921176029525,0.10539449334485608,0.7032640208447741,8.25410950303445,11.215442651342125,14.280057844844471,19.40332506587452,26.046549787508347,35.39129027785907,53.393522988178965,72.54955786652583,113.33504573769625,153.99634635221096
sleeper:player:8131,sleeper:8131,Isaiah Likely,TE,00-0037838,25.3721842337625,4,established,prime,EXACT_NAME_POSITION,MAPPED_2025,PHASE2_ENTRY_SEASON,elite,0.6796875,0.21153846153846154,78.9,106.288,1,1,1.3587707610638076,D1,TE|established,0.9322004874222447,66.55051902954818,62.03842627754818,0.8434793286381265,0.7862918412870492,90.42689939097059,84.29599968834506,1,0.0677995125777553,0.019614810930731457,0.02829941105978288,0.08900952639499118,0.3540617770933555,0.44121496194338367,2.866456413881181,3.894857163045565,9.733301056437057,13.225324884118141,20.493248194889397,27.845626446439365,46.76746125216264,63.54625891862316,98.19270326044798,133.42137414011154,D1,TE|established,0.8558344462464584,63.017037865781774,53.932151705953444,0.7986950299845598,0.6835507187066342,85.62570850087508,73.28143081930709,1,0.14416555375354156,0.04000739197284054,0.04870807160642294,0.13929938754966248,0.2777174920701862,0.3501021030473463,5.004170457813046,6.799520501455655,10.829007434803351,14.71413867375338,20.415866893409543,27.740482996535476,50.066287207365164,68.02860717239074,104.13044090573558,141.48939843939618
sleeper:player:8132,sleeper:8132,Tyler Allgeier,RB,00-0037263,25.380397954783465,4,established,prime,EXACT_NAME_POSITION,MAPPED_2025,PHASE2_ENTRY_SEASON,premium,0.43258426966292135,0.5166666666666667,65.4,73.5005,1,1,1.1143068393793185,D1,RB|established,0.8003066315410299,78.60327787341197,62.906724542953896,1.2018849827738831,0.9618765220635151,87.58817013197601,70.09739340116435,1,0.19969336845897012,0.05048341546384111,0.07143856006161103,0.20056614384308952,0.338099319161859,0.13971919301062924,12.019596658827894,13.393518763512727,20.60668372802307,22.96216861506262,37.634187775383715,41.936032832595615,84.97174084815843,94.68459198106996,175.71523468890945,195.80068779699388,D0,RB|established,0.6065686730951859,57.1968228748644,34.69380095646688,0.8745691571080183,0.5304862531569859,63.73481092022886,38.659539689855784,1,0.3934313269048141,0.08055407498345601,0.08109945647445471,0.14777846646699527,0.19680133504976285,0.10033534012051704,57.1968228748644,63.73481092022886,57.1968228748644,63.73481092022886,57.1968228748644,63.73481092022886,57.1968228748644,63.73481092022886,57.1968228748644,63.73481092022886
sleeper:player:8134,sleeper:8134,Khalil Shakir,WR,00-0037261,25.577527259286637,4,established,prime,EXACT_NAME_POSITION,MAPPED_2025,PHASE2_ENTRY_SEASON,elite,0.640495867768595,0.03333333333333333,101.05,135.7205,1,1,1.2899047488253008,D1,WR|established,0.9118628025742956,89.1679837168807,81.30896753197399,0.8824144850755141,0.8046409453931123,115.01820563958151,104.88082334157545,1,0.08813719742570436,0.022364430589923018,0.042670552484988945,0.13756041100814567,0.4074429111750648,0.30182449731617317,9.783789919071538,12.620157078119481,18.93618368715468,24.425873262689016,37.538257302772536,48.42077635747232,76.37534377748999,98.51691863174922,145.77932241744807,188.0414402668009,D1,WR|established,0.8061929332708041,78.46099628748783,63.25470074435948,0.7764571626668761,0.6259742775295347,101.20721170879484,81.59253887567259,1,0.1938070667291959,0.04267203920038605,0.09274343490668627,0.13922632171592714,0.29238885211634774,0.23916228533145692,6.524340824138562,8.415778212011109,15.852185867745483,20.44780983006622,32.50897105631561,41.93347614496576,74.6196568500663,96.25224972661492,147.02170672697346,189.64399768752375
sleeper:player:8135,sleeper:8135,Treylon Burks,WR,00-0037742,25.4433698159442,4,established,prime,EXACT_NAME_POSITION,MAPPED_2025,PHASE2_ENTRY_SEASON,starter,0.2190082644628099,0.8035714285714286,36.3,46.848,1,1,1.2899047488253008,D1,WR|established,0.5382881522518367,46.83951558925673,25.213156298912104,1.2903447820731881,0.6945773085099753,60.418513591258964,32.52257004284127,1,0.4617118477481633,0.07241274395817553,0.09019513272244076,0.14972645248332886,0.1715444384294966,0.05440938465839494,4.847783747831315,6.253179277605728,14.645039393181598,18.890705859998544,32.232769691713116,41.577202693132975,69.54910974149372,89.71172693212475,124.69066711356925,160.83908364398775,D1,WR|established,0.4046815548169266,42.64858236065922,17.25909462044932,1.1748920760512183,0.47545715207849376,55.012608917681284,22.262588111342783,1,0.5953184451830734,0.08356054965508411,0.0720022323144377,0.1161778495003352,0.08753199503981506,0.04540892830725461,5.291822459525349,6.8259469204821315,14.29793807441412,18.44297822059685,28.738330127204406,37.06970850439018,71.81566745414769,92.6353704891637,135.71114223877328,175.0544468422995
sleeper:player:8136,sleeper:8136,Rachaad White,RB,00-0037256,26.63709727099119,4,established,prime,EXACT_NAME_POSITION,MAPPED_2025,PHASE2_ENTRY_SEASON,elite,0.6235955056179775,0.06944444444444445,137.15,158.978,1,1,1.1143068393793185,D1,RB|established,0.9099583274623579,98.65594647181747,89.77280004571094,0.7193288113147464,0.6545592420394527,109.93299589898616,100.03444508116769,1,0.09004167253764206,0.030707026013642426,0.06391450976248825,0.15231656474346017,0.4078148155593953,0.25520541138337177,12.326020449801455,13.734968889543104,20.78626285542898,23.162274864940795,38.185013138681164,42.54982130222156,86.75007766343168,96.66620485704897,183.66218652182465,204.6560305766293,D0,RB|established,0.7673629170338014,81.73892104388068,62.72341688742786,0.5959819252196914,0.4573344286360033,91.08223876268235,69.8931324269011,1,0.23263708296619856,0.04417272023891416,0.07361783197044452,0.1551285761757529,0.2096675854242863,0.28477620322440356,81.73892104388068,91.08223876268235,81.73892104388068,91.08223876268235,81.73892104388068,91.08223876268235,81.73892104388068,91.08223876268235,81.73892104388068,91.08223876268235
sleeper:player:8137,sleeper:8137,George Pickens,WR,00-0037247,24.49605399152618,4,established,prime,EXACT_NAME_POSITION,MAPPED_2025,PHASE2_ENTRY_SEASON,elite,0.8884297520661157,0.7,148.15,186.463,1,1,1.2899047488253008,D1,WR|established,0.9377963236664452,134.02936522123778,125.69224596782409,0.9046869066570218,0.8484120551321235,172.88511468091522,162.13102496441405,1,0.062203676333554836,0.010033946263129584,0.015371411259636073,0.032753717005080674,0.1975670124895351,0.6820702366490637,13.106597723048296,16.90626264390287,21.752530224227634,28.05869203519711,41.019253298183116,52.91092962259428,80.33710904500238,103.62721846404459,158.35740447032896,204.26596803792626,D1,WR|established,0.8692100123503774,115.68433941761604,100.5539860939313,0.7808595303247792,0.6787309219975113,149.22177877950088,129.70506417587524,1,0.13078998764962257,0.03228483271931678,0.03866273755515956,0.08247619135193511,0.19955353965045738,0.5162327110735085,10.616713089847629,13.69454863151019,20.11092990722876,25.94118399062714,38.62648504110035,49.82448648494479,78.71256458071593,101.53171084488366,156.01597052377633,201.24574127120724
sleeper:player:8138,sleeper:8138,James Cook,RB,00-0037248,25.936193077202134,4,established,prime,EXACT_NAME_POSITION,MAPPED_2025,PHASE2_ENTRY_SEASON,elite,0.9269662921348315,0.8194444444444444,231.05,248.7555,1,1,1.1143068393793185,D1,RB|established,0.9308871363661378,163.97576106553385,152.64292665175284,0.7096981651830073,0.660648892671512,182.71931204775333,170.09105715092386,1,0.06911286363386215,0.00868540091005379,0.012728002972813988,0.03161022953619582,0.17923018829948328,0.6986333146475909,11.345090908944819,12.641912393217341,19.218090056272374,21.41484918951198,37.41274578820082,41.68927851175197,86.67173035896336,96.57890191983299,194.0688530083164,216.2522502176666,D0,RB|established,0.8314946420043066,126.37988633834448,105.0841983474467,0.546980680970978,0.4548115055072352,140.82597170679816,117.09604092925274,1,0.16850535799569344,0.030056265158349436,0.04152101068700037,0.0644922661878509,0.22628327747334542,0.46914182249776043,126.37988633834448,140.82597170679816,126.37988633834448,140.82597170679816,126.37988633834448,140.82597170679816,126.37988633834448,140.82597170679816,126.37988633834448,140.82597170679816
sleeper:player:8142,sleeper:8142,Alec Pierce,WR,00-0037664,25.333853535664662,4,established,prime,EXACT_NAME_POSITION,MAPPED_2025,PHASE2_ENTRY_SEASON,elite,0.7396694214876033,0.3,118.45,148.6605,1,1,1.2899047488253008,D1,WR|established,0.9225652846417637,110.05628105422558,101.53410425740556,0.9291370287397684,0.857189567390507,141.96211956989757,130.96932324935062,1,0.07743471535823632,0.014502297238591854,0.023705704546214176,0.058887159921971556,0.30005050096511104,0.525419621969875,6.741057059683968,8.695321513388668,15.694239189491071,20.244073659724673,34.56036911284224,44.57958423981045,73.60074136925121,94.93794580925992,146.44523334755468,188.9004019378401,D1,WR|established,0.8321973584393246,96.48344886618666,80.2932712795562,0.814550011533868,0.6778663679152064,124.45445887553726,103.57067192221767,1,0.16780264156067537,0.032264613325994514,0.052675458823456,0.11359816243865589,0.24603119774914187,0.38762792610207636,5.726051322320778,7.386060792678965,15.121052120031003,19.504716936862874,32.506620499150834,41.93044415011653,73.84609217197149,95.2544249748169,148.21140418132273,191.17859408355423
sleeper:player:8144,sleeper:8144,Chris Olave,WR,00-0037239,25.180530743273305,4,established,prime,EXACT_NAME_POSITION,MAPPED_2025,PHASE2_ENTRY_SEASON,elite,0.9214876033057852,0.7888888888888889,157.1,206.6455,1,1,1.2899047488253008,D1,WR|established,0.9233750858468203,131.51493999072798,121.43761900407787,0.8371415658225843,0.7729956652073703,169.6417456355145,156.64296143939765,1,0.07662491415317974,0.01130417870979521,0.015544275658294722,0.03363952992543197,0.19704850872866114,0.6658385928246372,10.348387098928981,13.34843366159097,18.931382953791427,24.41968077392591,38.284270864546755,49.38306279349297,77.68117375111491,100.20131491588643,156.84212534051892,202.3114022925884,D1,WR|established,0.8392779230560525,112.60968746842572,94.51082461449153,0.7168025936882605,0.6015965920718748,145.2557706292553,121.90996148562775,1,0.16072207694394747,0.03189174486483386,0.0382587837390952,0.08129754627180064,0.20277749735351647,0.48505235082680637,8.546453697044058,11.024111209432679,18.063679794011783,23.30042634755543,36.80702590690051,47.477557507446846,76.67574318135075,98.90440524933352,154.63636563193998,199.46618236972492
sleeper:player:8146,sleeper:8146,Garrett Wilson,WR,00-0037740,25.112083068098592,4,established,prime,EXACT_NAME_POSITION,MAPPED_2025,PHASE2_ENTRY_SEASON,elite,0.871900826446281,0.6555555555555556,146.5,195.468,1,1,1.2899047488253008,D1,WR|established,0.8818098008180671,120.83377286276414,106.5524051802096,0.8248039103260351,0.7273201718785639,155.86405743415722,137.44245344070995,1,0.11819019918193285,0.017743922292786048,0.02128936144563194,0.04400889336022118,0.22348740993210053,0.5752802137873274,7.827331503702943,10.096512077256309,16.515506395397743,21.303430128678176,35.73338614812137,46.09266448406998,75.0467859527705,96.80320558455455,152.47754456728256,196.68150882655922,D1,WR|established,0.7744627509824075,100.71573756741684,78.00058718368385,0.6874794373202514,0.5324272162708795,129.91370816965372,100.61332781939569,1,0.22553724901759253,0.03178835042234844,0.040791094355013685,0.0987615298991835,0.22863503533458185,0.37448674097128,6.362765817645972,8.207361843844836,15.847417098216503,20.441658571604737,34.202040857904734,44.117374922128285,74.52019346714526,96.12395143665083,151.50367880482602,195.42531475484816
sleeper:player:8148,sleeper:8148,Jameson Williams,WR,00-0037240,24.43582003737243,4,established,prime,EXACT_NAME_POSITION,MAPPED_2025,PHASE2_ENTRY_SEASON,elite,0.8140495867768595,0.5,133.8,165.318,1,1,1.2899047488253008,D1,WR|established,0.9377422716208105,119.56606602062625,112.12215435894586,0.8936178327401064,0.8379832164345729,154.22883635836524,144.62689935612767,1,0.06225772837918953,0.013058374637704371,0.020607641888315386,0.04881115538163716,0.26577493603362845,0.5894901636795252,9.341403245828687,12.049520407486503,18.14686219500136,23.407723721610576,37.21013308518758,47.9975273710049,76.40845582996809,98.55963002548408,151.83032770405305,195.84666072115965,D1,WR|established,0.8675957815209212,104.20956959547046,90.41178297514102,0.7788458116253396,0.6757233406213827,134.420418694238,116.6225882093969,1,0.1324042184790788,0.033506744207252054,0.049788692486838634,0.10394996880016341,0.23689381608453283,0.4434565599421343,8.181847862709454,10.553804412275062,17.627518838802203,22.737820260178413,35.55231608576392,45.85910135076501,76.33268120922668,98.4618879823493,152.1717989563408,196.28712611107295
sleeper:player:8150,sleeper:8150,Kyren Williams,RB,00-0037840,25.016256322853994,4,established,prime,EXACT_NAME_POSITION,MAPPED_2025,PHASE2_ENTRY_SEASON,elite,0.8707865168539326,0.6805555555555556,212.9,230.6555,1,1,1.1143068393793185,D1,RB|established,0.9399848313555019,154.1139453481895,144.86477092764895,0.7238794990520878,0.680435748838182,171.73022334521806,161.42380502979748,1,0.060015168644498074,0.01179228651648679,0.0159670717831223,0.04494400612696679,0.24119872112435325,0.6260827458045728,13.128358825490963,14.629020029070418,21.118836352122152,23.53286378690229,39.16143444687549,43.6378542440582,88.32032865446483,98.41594627589936,193.7602183183028,215.90833647171473,D0,RB|established,0.8581427730097535,129.35231468775146,111.0027540213773,0.607573107974408,0.5213844716833128,144.13816894610733,123.69112799596088,1,0.1418572269902465,0.03423392670518268,0.04903771257340392,0.09023178725529253,0.2648420713107848,0.4197972751650896,129.35231468775146,144.13816894610733,129.35231468775146,144.13816894610733,129.35231468775146,144.13816894610733,129.35231468775146,144.13816894610733,129.35231468775146,144.13816894610733
sleeper:player:8151,sleeper:8151,Kenneth Walker,RB,00-0038134,24.865671437469626,4,established,prime,EXACT_NAME_POSITION,MAPPED_2025,PHASE2_ENTRY_SEASON,elite,0.9157303370786517,0.7916666666666666,222.75,244.508,1,1,1.1143068393793185,D1,RB|established,0.9400093842482622,147.8066202361621,138.93961007601146,0.6635538506673944,0.6237468465814207,164.70192783469702,154.82135776839525,1,0.05999061575173781,0.014816885622563666,0.018099520769430968,0.05272451068298996,0.26557772133125673,0.5887907458420208,10.756435070476996,11.98596916637208,18.640886992501166,20.771667867841025,36.811570546325,41.019384828064226,86.01133959371224,95.84302397345073,193.03848653661754,215.10410581118543,D0,RB|established,0.8595794901040508,132.59315844138155,113.97435952432836,0.5952554812183234,0.5116694030272878,147.74946330613707,127.00240833183646,1,0.14042050989594923,0.034829081452041465,0.059844901838592104,0.09567066944069633,0.29455089693683756,0.3746839404358833,132.59315844138155,147.74946330613707,132.59315844138155,147.74946330613707,132.59315844138155,147.74946330613707,132.59315844138155,147.74946330613707,132.59315844138155,147.74946330613707
sleeper:player:8154,sleeper:8154,Brian Robinson,RB,00-0037746,26.448181687508985,4,established,prime,EXACT_NAME_POSITION,MAPPED_2025,PHASE2_ENTRY_SEASON,premium,0.5,0.7166666666666667,84.65,90.563,1,1,1.1143068393793185,D1,RB|established,0.7748259508303558,71.35414553020507,55.28704365612873,0.8429314297720623,0.6531251465579294,79.51041238237474,61.60673087508721,1,0.22517404916964423,0.057381186849067525,0.07526209539984412,0.1993065437336033,0.31268802794543227,0.13018809690240857,6.310552041160356,7.031891299724104,14.850473320839669,16.547983989431742,32.010287174665805,35.66928192922619,79.7732775090615,88.89190872805159,172.6982032745072,192.43878905730318,D0,RB|established,0.551135301040776,49.91089128916262,27.507654095866087,0.5896147819156836,0.3249575203291918,55.61604752303156,30.651967094304105,1,0.448864698959224,0.07334708243816511,0.08947000086832785,0.12732331451576756,0.1812065885791401,0.07978831463937539,49.91089128916262,55.61604752303156,49.91089128916262,55.61604752303156,49.91089128916262,55.61604752303156,49.91089128916262,55.61604752303156,49.91089128916262,55.61604752303156
sleeper:player:8155,sleeper:8155,Breece Hall,RB,00-0038120,24.25511817491119,4,established,prime,EXACT_NAME_POSITION,MAPPED_2025,PHASE2_ENTRY_SEASON,elite,0.8370786516853933,0.5972222222222222,197.8,218.3705,1,1,1.1143068393793185,D1,RB|established,0.9425267842400806,145.43932004038754,137.08045461973038,0.735284732256762,0.6930255541947946,162.06402903568141,152.74968812799185,1,0.05747321575991937,0.015134860383383159,0.019589529149304653,0.05876459601680746,0.28582328728914713,0.5632145114014382,13.71833639742313,15.286436072554835,21.764741102165857,24.25259986746358,39.72388977831034,44.26460206672141,88.7753401087567,98.92296865141272,193.06684825593072,215.13570946899264,D0,RB|established,0.8695281706606843,131.94806192800132,114.73255691047768,0.6670781695045567,0.5800432604169751,147.03062784921775,127.84727286482217,1,0.13047182933931567,0.03715816286944683,0.055195801885923435,0.10920109086434912,0.2887970507285152,0.3791760643124497,131.94806192800132,147.03062784921775,131.94806192800132,147.03062784921775,131.94806192800132,147.03062784921775,131.94806192800132,147.03062784921775,131.94806192800132,147.03062784921775
sleeper:player:8160,sleeper:8160,Kenny Pickett,QB,00-0038102,27.239436812528663,4,established,prime,EXACT_NAME_POSITION,MAPPED_2025,PHASE2_ENTRY_SEASON,usable,0.23770491803278687,0.11538461538461539,6.08,6.738,1,1,1.045759529798389,D1,QB|established,0.4744787059434452,12.664841510512838,6.009197610886959,2.0830331431764537,0.9883548702116709,13.244378703005024,6.284175668026749,1,0.5255212940565548,0.16495385823250286,0.18434733925024493,0.08885849371843114,0.027783517892093774,0.00853549685017255,0.0,0.0,0.0,0.0,21.947897234752283,22.95222269227791,79.84423448086403,83.49786910782069,215.63909369881912,225.50663723262784,D1,QB|established,0.373335626498126,16.75324330251466,6.254582584219845,2.7554676484399114,1.0287142408256325,17.519863838635743,6.540789342358938,1,0.626664373501874,0.14807539555927585,0.12929297013852378,0.055953102337012,0.024912217728216526,0.01510194073509786,0.0,0.0,0.0,0.0,22.275955034658686,23.295292262854726,71.36899715140606,74.63480890323697,213.89395264433776,223.68163934406155
sleeper:player:8161,sleeper:8161,Malik Willis,QB,00-0038128,26.27295563906172,4,established,prime,EXACT_NAME_POSITION,MAPPED_2025,PHASE2_ENTRY_SEASON,elite,0.6147540983606558,0.21666666666666667,254.73,266.498,1,1,1.045759529798389,D1,QB|established,0.941999474881427,174.54398163205664,164.4203390411108,0.6852117207712348,0.6454690811491022,182.5310321606782,171.94413644492374,1,0.05800052511857301,0.06152508882532329,0.056595875336325374,0.12177476337643683,0.2233654780762895,0.478738269267052,21.61805021364745,22.60728202658192,32.670071365628225,34.165038469799185,56.09824024514646,58.66526934128142,120.58495921495005,126.10287024938408,266.27373762049206,278.4582986516654,D1,QB|established,0.8983557808918532,158.41787426647014,142.3156131438822,0.6219050534545211,0.5586919999367259,165.66700170456411,148.82790868431567,1,0.1016442191081468,0.0630739733984517,0.08921454275432862,0.16523490747222053,0.22122595737821227,0.35960639988864007,27.296354029475857,28.545422355075036,34.23840442967376,35.80513771742271,59.48879621691839,62.21097556007676,126.11972437666697,131.89090366244568,277.5500590728876,290.25061927157805
sleeper:player:8167,sleeper:8167,Christian Watson,WR,00-0038124,26.30854843015257,4,established,prime,EXACT_NAME_POSITION,MAPPED_2025,PHASE2_ENTRY_SEASON,elite,0.8223140495867769,0.5222222222222223,137.2,170.5155,1,1,1.2899047488253008,D1,WR|established,0.8929205909949164,118.73726758428649,106.02295114448262,0.8654319794773068,0.7727620345807772,153.1597653195116,136.75950816574098,1,0.10707940900508361,0.015940812116798337,0.022420060469437897,0.048833050934451415,0.25227169148971085,0.5534549759845179,9.51173158186377,12.269227736997669,18.307641450304146,23.615113646538237,37.38914638178555,48.228437472389494,76.62736222359497,98.84199842217161,152.32337096237785,196.48263956144913,D1,WR|established,0.7764552224281194,99.10493817785937,76.95054681661482,0.72233919954708,0.5608640438528777,127.83593038765865,99.2588757634551,1,0.22354477757188063,0.031174674677371363,0.04512234266517187,0.10176316691489383,0.2266124683205144,0.3717825698501679,6.005953684271169,7.747108178566193,15.458490163269467,19.939979871270484,33.413233212285455,43.099888194134266,74.21009351617869,95.72395203728856,150.21850271815887,193.76756001757948
sleeper:player:8172,sleeper:8172,Greg Dulcich,TE,00-0037252,25.435156094923236,4,established,prime,EXACT_NAME_POSITION,MAPPED_2025,PHASE2_ENTRY_SEASON,elite,0.6640625,0.17307692307692307,76.3,103.6855,1,1,1.3587707610638076,D1,TE|established,0.9200972466052717,70.78279360383331,65.12705350191627,0.9276906107972912,0.8535655766961503,96.177590335303,88.49273605264207,1,0.0799027533947283,0.018413856345112854,0.027268861939796486,0.08391613049641457,0.3429956590767245,0.44750273874722324,6.554662204017106,8.906283351468497,13.447942021624733,18.272670415464997,24.168933860476365,32.8400406557003,50.39500410641229,68.47525808348352,101.28701310472565,137.62583188218792,D1,TE|established,0.8361591097286799,64.97606114069548,54.330325437080205,0.8515866466670443,0.7120619323339477,88.2875720470713,73.82245764298581,1,0.1638408902713201,0.040433102620151214,0.04257579378091252,0.13777476893958845,0.26078337191478496,0.35459207247324276,6.22930483893871,8.46419727690321,12.042670206215284,16.36322816133958,21.53632287023511,29.262925816905245,51.251546976341245,69.63910349074068,105.00239237925749,142.67418060668425
sleeper:player:8180,sleeper:8180,Jalen Nailor,WR,00-0037291,26.502939827648753,4,established,prime,EXACT_NAME_POSITION,MAPPED_2025,PHASE2_ENTRY_SEASON,premium,0.44214876033057854,0.48863636363636365,68.9,90.473,1,1,1.2899047488253008,D1,WR|established,0.7700743690434461,61.20925286014968,47.135676775900514,0.8883781256915774,0.6841172246139406,78.9541059363557,60.80053331232852,1,0.22992563095655394,0.05151612458431625,0.07507816563743638,0.1765133776538963,0.328116939686881,0.13884976148091616,2.6986109532930556,3.480951083884684,12.211431195478646,15.751583089001326,30.30570911769688,39.09147810743542,68.61255135481227,88.50365582159218,131.20324656196482,169.23969080157525,D1,WR|established,0.584634477827395,56.79844489408612,33.206329172062105,0.8243605935281003,0.4819496251387823,73.26458379477384,42.83300169009903,1,0.41536552217260503,0.0691576954443579,0.08134403979694413,0.14083434047233406,0.18419943442526082,0.10909896768849804,2.834739518429352,3.6565439665047674,12.021434437500119,15.506505368623412,27.38653425896588,35.32602059450688,70.60448310576592,91.07305804648318,139.04937006958545,179.36044277392492
sleeper:player:8183,sleeper:8183,Brock Purdy,QB,00-0037834,25.681567725552203,4,established,prime,EXACT_NAME_POSITION,MAPPED_2025,PHASE2_ENTRY_SEASON,elite,0.7295081967213115,0.45,282.93,299.533,1,1,1.045759529798389,D1,QB|established,0.9475985088844588,207.2578711496445,196.39724965597043,0.7325411626538172,0.694154913427245,216.74189388046733,205.38429545392447,1,0.052401491115541154,0.016393247803050952,0.0379430794418388,0.04351234734230818,0.17959131665612035,0.6701585176411405,10.461963542887418,10.940698075377835,21.237084265593793,22.20888325587613,44.995599486228244,47.05457696171468,109.56654408640111,114.58025762542928,259.3190641875931,271.1853826325756,D1,QB|established,0.9210193361120951,172.5947199295523,158.96307436596925,0.6100262253191683,0.5618459490544278,180.49257315921326,166.23714990426234,1,0.07898066388790492,0.04783948423311542,0.07644367979102526,0.11849062162731201,0.16142768464503618,0.5168178658156062,8.953748563507318,9.363467887706415,15.965155591804596,16.695713604843696,42.26135624391167,44.19521603427528,107.46859826851258,112.38631079337168,261.1332230846828,273.08255658777574
sleeper:player:8188,sleeper:8188,Tyquan Thornton,WR,00-0038104,25.068276555986774,4,established,prime,EXACT_NAME_POSITION,MAPPED_2025,PHASE2_ENTRY_SEASON,premium,0.3181818181818182,0.14772727272727273,52.3,64.6405,1,1,1.2899047488253008,D1,WR|established,0.7668476592661781,55.913600995938125,42.8772140448782,1.06909370929136,0.8198320085062754,72.12321944858365,55.307522012887276,1,0.23315234073382185,0.06228075628583036,0.08941585659306808,0.2161135561852127,0.2917343302949373,0.1073031599071297,4.822919965940599,6.221107367271137,14.540293305218945,18.755593383714647,32.32827441769484,41.70039469271207,70.23629550021515,90.59813110562463,128.6056178862242,165.88899723705262,D1,WR|established,0.5993008501732745,53.27474555696808,31.927600305055847,1.0186375823512062,0.6104703691215267,68.71934728639272,41.18356325208766,1,0.4006991498267255,0.0735490500824202,0.09238494852128912,0.15533927064408315,0.18962381703246295,0.0884037638930191,4.713936058015072,6.080528506892461,13.808684168922056,17.811887284521312,28.456908454570275,36.70670135243705,72.12967222061705,93.04040672858632,138.0846301140207,178.11602012386047
sleeper:player:8205,sleeper:8205,Isiah Pacheco,RB,00-0037197,26.502939827648753,4,established,prime,EXACT_NAME_POSITION,MAPPED_2025,PHASE2_ENTRY_SEASON,premium,0.3539325842696629,0.2833333333333333,54.0,60.303,1,1,1.1143068393793185,D1,RB|established,0.7032901031942722,61.67785282989888,43.37742348154072,1.1421824598129422,0.8032856200285318,68.72805324658738,48.335759660133874,1,0.2967098968057278,0.06373706446659172,0.08186129991356952,0.2144380224947221,0.2602796873194052,0.08297402899998364,7.050510963642665,7.856432587905892,15.757602524399019,17.558804265158642,32.59600148046612,36.32194738610179,79.6487017857511,88.7530931475462,167.73134505333798,186.90418497122693,D0,RB|established,0.4600473611275677,33.27124682075744,15.306349301313437,0.616134200384397,0.28345091298728586,37.074377887047426,17.055969712382417,1,0.5399526388724323,0.06903151833194107,0.06301830386516973,0.1343248771188447,0.1348111520496732,0.058861509761939115,33.27124682075744,37.074377887047426,33.27124682075744,37.074377887047426,33.27124682075744,37.074377887047426,33.27124682075744,37.074377887047426,33.27124682075744,37.074377887047426
sleeper:player:8225,sleeper:8225,Daniel Bellinger,TE,00-0038115,24.942332833665304,4,established,prime,EXACT_NAME_POSITION,MAPPED_2025,PHASE2_ENTRY_SEASON,premium,0.2890625,0.22,32.75,44.5355,1,1,1.3587707610638076,D1,TE|established,0.8241438495899528,37.30258869879715,30.742699049897354,1.1390103419480047,0.938708367935797,50.685666835914795,41.772280585184625,1,0.1758561504100472,0.06160780249448753,0.08419237202732358,0.2340305059047244,0.33329883983320785,0.11101432933020941,3.676824746510661,4.995961959114532,11.183765358511572,15.196173367743816,20.98094291198062,28.508291768348204,45.98393948038733,62.48163244447796,84.11541028887521,114.2935600554094,D1,TE|established,0.6890974700697885,42.26143300298545,29.122246563881138,1.2904254352056626,0.8892289027139278,57.423599485113655,39.57045712749263,1,0.3109025299302115,0.0907458708655227,0.07786338274849648,0.18963019336706208,0.21783892662165397,0.1130190964670533,9.426893228929963,12.808986887140419,14.961199391863175,20.3288402841093,22.308622215451223,30.312303585973623,53.34111164200017,72.4783428617901,99.55579929408239,135.273509175136
sleeper:player:8228,sleeper:8228,Jaylen Warren,RB,00-0037228,26.834226575494363,4,established,prime,EXACT_NAME_POSITION,MAPPED_2025,PHASE2_ENTRY_SEASON,elite,0.7471910112359551,0.375,168.5,189.318,1,1,1.1143068393793185,D1,RB|established,0.9071100155553726,131.44487094405613,119.23495892673671,0.7800882548608673,0.7076258690014048,146.4699186942936,132.86433022517485,1,0.09288998444462737,0.01621796270169184,0.022974479663766787,0.07135352427758414,0.31685357797627633,0.47971047093605357,10.018960156836854,11.164195826232197,18.235903761611425,20.320392283826653,35.961078186073735,40.07167537419638,84.79566382832911,94.48838815361661,185.98666834207444,207.24621656694652,D0,RB|established,0.7658850940266875,95.46179397076332,73.11276505125434,0.5665388366217408,0.4339036501558121,106.37372992104096,81.47005414254592,1,0.23411490597331253,0.03588616050955574,0.048385889130003024,0.11621081685282865,0.2501290959523488,0.31527313158195125,95.46179397076332,106.37372992104096,95.46179397076332,106.37372992104096,95.46179397076332,106.37372992104096,95.46179397076332,106.37372992104096,95.46179397076332,106.37372992104096
sleeper:player:827,sleeper:827,Tyrod Taylor,QB,00-0028118,36.08013853809455,15,veteran,aging,DIRECT_ID,MAPPED_2025,PHASE2_ENTRY_SEASON,depth,0.1721311475409836,0.8076923076923077,4.99,5.6505,1,1,1.045759529798389,D1,QB|veteran,0.21094693943196963,69.56047855054084,14.67357005565976,13.93997566143103,2.9405952015350216,72.74353334156451,15.34502572187047,1,0.7890530605680304,0.05384848409118922,0.05838891584150052,0.05037251640259845,0.028918602544533056,0.01941842055214844,25.653929266820903,26.827841007551758,35.769969374290895,37.40678635376122,58.99549936639143,61.695105677618656,116.63460971408642,121.97175461282164,250.22186682949933,261.67190180089233,D1,QB|veteran,0.12143749364002887,105.4058102901692,12.800217416734512,21.123408875785408,2.56517383100892,110.22913060706554,13.385949347041434,1,0.8785625063599711,0.017193969435370406,0.03534007953037028,0.022986251007500045,0.01731271216778342,0.028604481499004693,31.13272672964742,32.55734566613783,37.44657672821331,39.16011447185565,67.41202291582984,70.49676538721644,116.58285007905081,121.91762648122426,257.7792664642968,269.5751244894767
sleeper:player:8408,sleeper:8408,Jordan Mason,RB,00-0037525,26.27569354606871,4,established,prime,EXACT_NAME_POSITION,MAPPED_2025,PHASE2_ENTRY_SEASON,elite,0.6910112359550562,0.2361111111111111,152.7,161.5255,1,1,1.1143068393793185,D1,RB|established,0.9160365439837826,119.09051161602493,109.09126068200399,0.7798985698495412,0.7144155905828684,132.70337159891875,121.56113789446918,1,0.08396345601621735,0.022741610806567978,0.03258142042242931,0.10498161655076343,0.3775558428937218,0.37817605331030013,13.301288823758718,14.82171710887403,21.625898068442055,24.097886125384974,39.20426173569537,43.68557698490226,87.90681833456925,97.95516889828579,187.15808467170848,208.55153379481837,D0,RB|established,0.7879574919337482,92.87547015688017,73.18192252698297,0.6082218084929939,0.479252930759548,103.49177160638136,81.54711679074455,1,0.2120425080662518,0.04155212958741662,0.060050225336202474,0.15144202358727998,0.2675132355915166,0.26739987783133257,92.87547015688017,103.49177160638136,92.87547015688017,103.49177160638136,92.87547015688017,103.49177160638136,92.87547015688017,103.49177160638136,92.87547015688017,103.49177160638136
sleeper:player:8676,sleeper:8676,Rashid Shaheed,WR,00-0037545,27.00397680992765,4,established,aging,EXACT_NAME_POSITION,MAPPED_2025,PHASE2_ENTRY_SEASON,premium,0.5578512396694215,0.8068181818181818,92.1,117.7405,1,1,1.2899047488253008,D1,WR|established,0.7598491438237102,61.6020686545906,46.80827912496008,0.6688606802887145,0.508233215254724,79.46080089501862,60.3782215276262,1,0.24015085617628984,0.050810529819518856,0.08384824146632552,0.17911430420715224,0.29992152769278346,0.1461545406379301,2.235440464133333,2.883505270401821,11.57741403473581,14.933761342522407,29.946837772932938,38.62856825560709,68.6912358267425,88.60515129559379,135.18609765836095,174.37718934468066,D1,WR|established,0.5725445939844581,57.4961871282338,32.91913111498905,0.624279990534569,0.3574281337132362,74.16460481605691,42.46254355242709,1,0.4274554060155419,0.06255968548247844,0.09792281552194489,0.12743307027795736,0.17891945662210318,0.10570956607997428,3.299548780542466,4.256103641002457,12.575672813155897,16.22142008136302,28.522239682349607,36.7909724133962,71.54554474935897,92.2869379294912,142.33054855698828,183.59285048656923
sleeper:player:8698,sleeper:8698,Jake Tonges,TE,00-0037112,26.152487730754224,4,established,prime,EXACT_NAME_POSITION,MAPPED_2025,PHASE2_ENTRY_SEASON,premium,0.2265625,0.06,29.85,41.1305,1,1,1.3587707610638076,D1,TE|established,0.7468864994590929,42.1271257020878,31.46418144790554,1.4112939933697755,1.0540764304155958,57.24110665165653,42.752609772220346,1,0.2531135005409071,0.04089475442896396,0.03575451543587569,0.22667459502547652,0.32918391072465614,0.11437872384412064,5.978035588840143,8.122779966714848,13.616127298141215,18.501195651637026,23.24389669261732,31.583127199116156,48.13702823195831,65.40718648608798,84.09026364299842,114.25939152825319,D1,TE|established,0.5756515794051168,43.448567061382015,25.011236251773692,1.4555633856409385,0.8378973618684653,59.03664253312592,33.984536516969236,1,0.4243484205948832,0.08851655574009623,0.05417691653785864,0.13661202006112977,0.20782712748879617,0.08851895957723598,10.462157878771983,14.215674223308717,15.95515093390177,21.679392577345627,22.818813496250833,31.005536580873827,54.40153521747381,73.91921541048642,99.38347931231172,135.03936582235897
sleeper:player:8800,sleeper:8800,Malik Davis,RB,00-0037563,27.765114957870455,4,established,aging,EXACT_NAME_POSITION,MAPPED_2025,PHASE2_ENTRY_SEASON,premium,0.33707865168539325,0.23333333333333334,52.45,57.2555,1,0,1.1143068393793185,D1,RB|established,0.6456550429561767,46.08816135389895,29.757053798722826,0.8787066035061762,0.5673413498326563,51.35635341106719,33.15848856769517,1,0.3543449570438233,0.08325897046159961,0.12386049458545506,0.226089695426736,0.16654727727606905,0.04589860520631701,5.378726981960519,5.9935522631526865,14.11857790935725,15.732427926706542,30.912687849832132,34.446219494665904,77.92727559945712,86.83489617467215,165.4271778752821,184.33663572564592,D0,RB|established,0.37477713795406487,14.871643645811787,5.573552042250096,0.28353944033959555,0.10626409994757094,16.571574227340058,6.21064716031585,1,0.6252228620459351,0.057580584557625526,0.08123127751590446,0.1147706259952509,0.08958161983059877,0.03161303005468531,14.871643645811787,16.571574227340058,14.871643645811787,16.571574227340058,14.871643645811787,16.571574227340058,14.871643645811787,16.571574227340058,14.871643645811787,16.571574227340058
sleeper:player:8917,sleeper:8917,KaVontae Turpin,WR,00-0037801,29.082048228231926,4,established,aging,EXACT_NAME_POSITION,MAPPED_2025,PHASE2_ENTRY_SEASON,premium,0.30165289256198347,0.10227272727272728,48.45,58.508,1,1,1.2899047488253008,D1,WR|established,0.6809002323324568,31.80000594753851,21.652631437852477,0.656346871982219,0.44690673762337413,41.01897868440273,27.929832116249912,1,0.3190997676675432,0.08355533743423135,0.15518929425696595,0.24813285340739455,0.15452643964321194,0.03949630759065296,0.0,0.0,7.006554251839191,9.037787602349475,24.766112158612387,31.94592568333414,62.54537646800875,80.67757812315071,120.39324936774463,155.29582408596244,D1,WR|established,0.4254413482568765,29.58915348425619,12.588449352121609,0.6107152421931102,0.2598235160396617,38.16718959306276,16.237900599648444,1,0.5745586517431235,0.06628341931940704,0.11809593087065583,0.11857751431501316,0.09667013054750442,0.025814353204296172,0.0,0.0,5.6752253896659965,7.320500180784087,20.329241855943913,26.222785610000123,63.79670321709867,82.29167043913391,129.40094623747598,166.9148950542077
sleeper:player:9221,sleeper:9221,Jahmyr Gibbs,RB,00-0039139,23.452911421863558,3,developmental,prime,EXACT_NAME_POSITION,MAPPED_2025,PHASE2_ENTRY_SEASON,elite,0.9943820224719101,0.9861111111111112,292.3,328.023,1,1,1.1143068393793185,D1,RB|developmental,0.9562612782128315,180.61426034241745,172.71442345850522,0.6179071513596218,0.5908806823760014,201.25970558899257,192.4568633192682,1,0.04373872178716853,0.005656542703552713,0.016249337432543212,0.026484032776541704,0.11549967146226296,0.7923716938379309,16.984351556102567,18.92577910138786,24.798025738987896,27.63260968405859,43.13149279839022,48.061717417886044,92.77633873010593,103.3813087795294,202.37657149545862,225.50959774752718,D1,RB|developmental,0.90609149153729,165.94211207858893,150.35873584213678,0.5677116389961988,0.5143986857411453,184.91043043022108,167.5457677093213,1,0.09390850846271004,0.01664473998714267,0.03514677223200678,0.024602132070634695,0.15527837804759342,0.6744194691999124,13.612502086072816,15.16850417557618,22.163729070415776,24.697194889314524,39.47185287428871,43.98375562079412,90.57228338803297,100.92531483748698,199.16116435397333,221.92664757838102
sleeper:player:9224,sleeper:9224,Chase Brown,RB,00-0038597,25.44884562995818,3,developmental,prime,EXACT_NAME_POSITION,MAPPED_2025,PHASE2_ENTRY_SEASON,elite,0.9382022471910112,0.8472222222222222,231.25,262.053,1,1,1.1143068393793185,D1,RB|developmental,0.9289345074316033,157.2823714920147,146.10502228960914,0.6801399848303339,0.6318055017929044,175.26082226735073,162.80582560497925,1,0.07106549256839667,0.00936274127490091,0.01734802450414179,0.03938637015318141,0.19834871665019974,0.6644886548491795,8.95512188344324,9.978753562196207,16.795397986853445,18.71522684684843,35.02539912763861,39.02904179991812,84.27436836795984,93.90750505678974,192.07938878410334,214.03537662592552,D1,RB|developmental,0.8311624740370279,137.25999542811348,114.08535738634195,0.5935567369864367,0.49334208599499224,152.94975167872084,127.1260940086347,1,0.16883752596297208,0.018273766177073318,0.0401687019427574,0.05393752501773222,0.23130223991535248,0.4874802409841125,6.182212001115822,6.888881115336264,14.679873942005479,16.357883934802942,31.951683527603223,35.60397948449178,82.50122750663046,91.93168206782748,189.90841551705373,211.61624626634247
sleeper:player:9225,sleeper:9225,Tank Bigsby,RB,00-0038555,23.006632579724428,3,developmental,prime,EXACT_NAME_POSITION,MAPPED_2025,PHASE2_ENTRY_SEASON,premium,0.37640449438202245,0.35,59.85,63.4755,1,1,1.1143068393793185,D1,RB|developmental,0.8689049988170565,55.620254483326306,48.328717156039026,0.9293275602894955,0.8074973626740021,61.978029978788705,53.853020065402895,1,0.13109500118294348,0.09066166122524037,0.16916331600536932,0.28972973053794926,0.25775557041228797,0.06159472063620962,12.345096671748337,13.756225654128034,21.046168520682563,23.451889525326294,37.92348296147888,42.25839643706097,85.14957464054764,94.88275339220202,173.9420641190382,193.82483170360024,D1,RB|developmental,0.7351221827995922,53.35317423125221,39.22110190016508,0.891448190998366,0.6553233400194667,59.45180694848075,43.70434209534714,1,0.2648778172004078,0.09096080491268008,0.13825659506338667,0.2392624563325699,0.20330222562117442,0.06334010086978113,9.347618837914496,10.41611560299908,17.416677471885052,19.40752282618521,31.728754392358436,35.3555680243916,83.58121793143647,93.13512278465299,179.65107330011116,200.18641968014916
sleeper:player:9226,sleeper:9226,De'Von Achane,RB,00-0039040,23.88550072896774,3,developmental,prime,EXACT_NAME_POSITION,MAPPED_2025,PHASE2_ENTRY_SEASON,elite,0.848314606741573,0.625,202.25,233.843,1,1,1.1143068393793185,D1,RB|developmental,0.94637040358466,157.7005083425012,149.2430937255989,0.7797305727688564,0.7379139368385607,175.72675501964437,166.30260006856352,1,0.05362959641534004,0.00964871468931982,0.016934101422841897,0.04232767151769844,0.22716886193471833,0.6502910540200815,14.836854341112911,16.53280826717685,22.863261525325782,25.47668868818855,40.85095126232247,45.52049438675713,89.93380552412609,100.21385458694323,194.6105235228232,216.85583737667164,D1,RB|developmental,0.8798636017102428,138.29881045602806,121.68408948008303,0.683801287792475,0.6016518639311893,154.10731036917608,135.5934131513015,1,0.1201363982897572,0.020874444812595976,0.03822343720312136,0.07300461780321942,0.24758380958966056,0.5001772923016455,10.93110683183101,12.180607104695287,19.368903891241644,21.58290207729126,35.9558420206877,40.065840679294595,87.26820588172663,97.24355867437045,192.9004509489961,214.95029181182113
sleeper:player:9228,sleeper:9228,Bryce Young,QB,00-0039150,24.10453328952682,3,developmental,young,EXACT_NAME_POSITION,MAPPED_2025,PHASE2_ENTRY_SEASON,elite,0.5983606557377049,0.18333333333333332,252.28,264.778,1,1,1.045759529798389,D1,QB|developmental,0.9455957656621465,186.49223019326217,176.34626319963903,0.739227168991843,0.6990100808611028,195.02602695795878,184.41578528535746,1,0.05440423433785346,0.009641086749204268,0.037284786680116276,0.07145994789083289,0.20893164053907737,0.6182783038029157,2.0044322716706375,2.096154149935003,13.099190846600834,13.69860366048065,36.47846692603766,38.14770442033923,100.96350469602378,105.58354719771127,246.06607866663205,257.32594672575055,D0,QB|developmental,0.9227332830541378,162.8038202526252,150.2245035554606,0.6453298725726383,0.595467351971859,170.25364651676676,157.0987062023549,1,0.07726671694586218,0.015221969173976939,0.08007494769596818,0.07107186396091279,0.21532730009630396,0.5410372021269759,162.8038202526252,170.25364651676676,162.8038202526252,170.25364651676676,162.8038202526252,170.25364651676676,162.8038202526252,170.25364651676676,162.8038202526252,170.25364651676676
sleeper:player:9230,sleeper:9230,Tanner McKee,QB,00-0038400,25.347543070699604,3,developmental,prime,EXACT_NAME_POSITION,MAPPED_2025,PHASE2_ENTRY_SEASON,depth,0.07377049180327869,0.34615384615384615,3.24,3.373,1,1,1.045759529798389,D1,QB|developmental,0.37691680418051343,28.43378520913713,10.71717145178312,8.77585963244973,3.307768966599728,29.734901850695636,11.207584178185433,1,0.6230831958194866,0.14830598464316455,0.1208729527199685,0.07364647548145088,0.02261071530916093,0.011480676026768574,6.532777188634789,6.831714001064359,16.73312231203228,17.49882212108981,39.7573279559705,41.57660458927606,96.82613339773914,101.25685173421577,227.20303011304412,237.59973393978623,D0,QB|developmental,0.34480320433392586,57.68185734540794,19.888889244629055,17.803042390558005,6.138546063157116,60.321352015431565,20.798995464675517,1,0.6551967956660741,0.09610642959981788,0.10351714258599683,0.08284768592095977,0.03456283055623003,0.027769115670921454,57.68185734540794,60.321352015431565,57.68185734540794,60.321352015431565,57.68185734540794,60.321352015431565,57.68185734540794,60.321352015431565,57.68185734540794,60.321352015431565
sleeper:player:9479,sleeper:9479,Darnell Washington,TE,00-0038558,24.041561428366084,3,developmental,prime,EXACT_NAME_POSITION,MAPPED_2025,PHASE2_ENTRY_SEASON,premium,0.4765625,0.7,50.9,69.973,1,1,1.3587707610638076,D1,TE|developmental,0.8387324697278502,51.05492761874276,42.821425533444746,1.003043764611842,0.8412853739380107,69.37194285657671,58.18450096191588,1,0.1612675302721498,0.046204113840170445,0.07028141811840474,0.18990896059550727,0.331550522965623,0.20078745420814478,8.483669457191283,11.527362004961578,15.693338556389833,21.323649573897807,25.947312109065308,35.25644902199482,51.592957944635224,70.10300273196502,96.08765562882147,130.5610969676108,D1,TE|developmental,0.7294306617609522,54.76333912233483,39.94605869624414,1.075900572148032,0.7847948663309261,74.41082397765028,54.277536576195175,1,0.27056933823904783,0.04645953485508702,0.06613150264834859,0.16551937341393783,0.26219424155244675,0.189126009291132,10.541363583434368,14.323296618913423,16.216919744433035,22.035076383253962,24.59572667580653,33.419954254203034,55.07905827854339,74.83981393581422,105.06953259399461,142.76540876736058
sleeper:player:9480,sleeper:9480,Brenton Strange,TE,00-0038935,24.679493760994408,3,developmental,prime,EXACT_NAME_POSITION,MAPPED_2025,PHASE2_ENTRY_SEASON,elite,0.7265625,0.3269230769230769,84.4,113.323,1,1,1.3587707610638076,D1,TE|developmental,0.9337577582421799,76.84246389940259,71.7522468285118,0.9104557334052439,0.8501451046032203,104.41129315460941,97.49485503121515,1,0.06624224175782012,0.014155215653098034,0.02381129729475838,0.06801154672149845,0.30058877801434025,0.5271909205584848,6.411588366317432,8.711878804128991,13.17958371372876,17.908032993207392,24.066846821151472,32.701327771582065,50.42187689928926,68.51177204871288,103.48166187938756,140.60785646800304,D1,TE|developmental,0.8668173542806574,73.52030388001249,63.72867529518238,0.8710936478674465,0.7550790911751466,99.89723925668697,86.59266063242323,1,0.13318264571934257,0.02128925623134551,0.035158515765094885,0.09865834413525357,0.2576573727308452,0.4540538654181182,5.699378302181266,7.744148593245391,11.555112645369242,15.700749203326392,21.506913887802725,29.22296575146348,50.73909429739941,68.9427977741657,105.72741380098373,143.65931851567078
sleeper:player:9481,sleeper:9481,Luke Musgrave,TE,00-0039144,24.997090973805076,3,developmental,prime,EXACT_NAME_POSITION,MAPPED_2025,PHASE2_ENTRY_SEASON,starter,0.0546875,0.13636363636363635,14.85,21.0855,1,1,1.3587707610638076,D1,TE|developmental,0.6306650624707114,30.793682584570416,19.42049975090136,2.0736486588936307,1.3077777610034587,41.84155552139406,26.388007226771727,1,0.3693349375292886,0.0903793339003925,0.13178387275280876,0.2352563371716751,0.1484037487974474,0.024841769848387676,10.405590157833146,14.138811658077008,18.153797461635072,24.666849193144106,27.44966367241844,37.297800399117556,51.22517199771367,69.60326594095785,81.63495724685153,110.92319298771584,D1,TE|developmental,0.5001521547968678,34.254418544921904,17.13242124655648,2.3066948515098926,1.1536984004415138,46.54390235608174,23.279033056049293,1,0.4998478452031322,0.07230849132727436,0.09621059392916798,0.1664587211704299,0.12149498105538797,0.0436793673146076,11.700227557654827,15.897927103134384,17.034515908837314,23.146002145804413,23.661652827115034,32.15076201992669,53.88804546791937,73.22150055268587,95.27791433423013,129.46084417249415
sleeper:player:9482,sleeper:9482,Michael Mayer,TE,00-0039066,24.156553522659603,3,developmental,prime,EXACT_NAME_POSITION,MAPPED_2025,PHASE2_ENTRY_SEASON,premium,0.5,0.76,55.95,78.533,1,1,1.3587707610638076,D1,TE|developmental,0.8362289133934302,49.46938246379909,41.367727943946726,0.8841712683431473,0.739369578980281,67.21755045969287,56.20925918187703,1,0.1637710866065698,0.04447013951091863,0.06597176666738153,0.1808857798882956,0.3279502602137263,0.2169509671131081,5.165460802856117,7.018677106342072,12.361335007886929,16.79622057643121,22.65991528608582,30.789630338916236,48.461937992613784,65.84866436885088,93.71038405236963,127.33092985841998,D1,TE|developmental,0.726694692938731,55.050868301402396,40.005173836298134,0.9839297283539302,0.7150165118194483,74.80151021911998,54.357860500036736,1,0.273305307061269,0.04442176723459151,0.06347824527312512,0.16071181082458372,0.2613547821674861,0.19672808743894457,9.536949342100506,12.958527915792883,15.23436678404152,20.700012149477285,23.640097318027877,32.12147302443921,54.322365104048835,73.81164137521446,104.8036523048849,142.40413840457512
sleeper:player:9484,sleeper:9484,Tucker Kraft,TE,00-0038996,24.827340739371788,3,developmental,prime,EXACT_NAME_POSITION,MAPPED_2025,PHASE2_ENTRY_SEASON,elite,0.8671875,0.6730769230769231,102.75,133.9855,1,1,1.3587707610638076,D1,TE|developmental,0.9251564459573487,87.57971417502554,81.02493710412706,0.8523573155720248,0.7885638647603607,119.0007548833502,110.09431545412187,1,0.0748435540426513,0.01140853227839933,0.017376418472255035,0.04219664865053591,0.18700895846364834,0.6671658880925101,3.919659859699692,5.325919210675408,10.388073257166631,14.11501020562689,21.6589065883334,29.42948898883969,48.24651240146878,65.55595037441816,106.2153356303935,144.32229243115754,D1,TE|developmental,0.8572620223955574,79.92993756750171,68.52089992906716,0.7779069349635203,0.6668700723023567,108.60646210037692,93.10419534539558,1,0.14273797760444262,0.017162717902880573,0.026556167184391525,0.08054812050381344,0.20820975136804876,0.5247852654364231,4.355489556261155,5.918111859166435,10.303369930958304,13.999917802610165,21.363242210434457,29.027748877062486,49.305954739462805,66.99548964631752,107.06432514663604,145.4758745622776
sleeper:player:9486,sleeper:9486,Dontayvion Wicks,WR,00-0038393,24.21131166279937,3,developmental,prime,EXACT_NAME_POSITION,MAPPED_2025,PHASE2_ENTRY_SEASON,premium,0.371900826446281,0.29545454545454547,56.35,74.1655,1,1,1.2899047488253008,D1,WR|developmental,0.7722052689538107,54.50679715895376,42.09043595994069,0.9672901004250889,0.7469465121551143,70.30857649859188,54.29265322485471,1,0.2277947310461893,0.059803583624387924,0.10100939238590659,0.2075077162602788,0.2983410402649888,0.10554353641824858,3.3417365814692133,4.310521885760365,12.94400181523099,16.69652941026977,30.878864236991365,39.83079361762691,68.87355789871094,88.84032940204155,129.11933153022233,166.55163890598217,D1,WR|developmental,0.6131633497589225,59.74158117199343,36.63134803131407,1.0601877759005045,0.6500682880446153,77.0609492560865,47.25094978146435,1,0.3868366502410775,0.04661113095175663,0.0868418830315022,0.15513519765203046,0.2162018649109473,0.10837327321268592,4.814965384756533,6.210846715226894,13.94479335804212,17.987455173926044,29.019215801555752,37.432024269612974,72.19175866381002,93.12049232649859,139.20434305361067,179.56034316195868
sleeper:player:9487,sleeper:9487,Parker Washington,WR,00-0038606,23.450173514856566,3,developmental,prime,EXACT_NAME_POSITION,MAPPED_2025,PHASE2_ENTRY_SEASON,elite,0.7148760330578512,0.23333333333333334,112.35,143.8155,1,1,1.2899047488253008,D1,WR|developmental,0.9363356961053629,108.75799891409858,101.8339966202588,0.9680284727556616,0.9063996138874838,140.28745927203266,131.35615583233147,1,0.06366430389463706,0.014315377935231686,0.028709152407416512,0.06935444738175099,0.3274871036079841,0.49646961477297963,9.497085985634833,12.250336312872584,18.492260351539656,23.85325444396483,37.296552571598866,48.10900027691786,76.26068106245873,98.3690146511172,148.25897009788676,191.2399495852124,D1,WR|developmental,0.8683852476839983,103.26170249737609,89.67093909945528,0.9191072763451366,0.7981391998171365,133.19776042315084,115.66697017601172,1,0.13161475231600173,0.02029725867203103,0.049066261490110855,0.10394345924978493,0.2681311124542639,0.42694715581780757,8.7537716714114,11.291531649085956,18.13057777548743,23.386718371547698,35.368049079806326,45.62141446472849,76.8108711453124,99.07870745174674,150.67906950009873,194.3616472967549
sleeper:player:9488,sleeper:9488,Jaxon Smith-Njigba,WR,00-0038543,23.546000260101167,3,developmental,prime,EXACT_NAME_POSITION,MAPPED_2025,PHASE2_ENTRY_SEASON,elite,0.9710743801652892,0.9222222222222223,192.4,243.758,1,1,1.2899047488253008,D1,WR|developmental,0.9453191410163583,153.67565188997494,145.27253523976,0.7987299994281442,0.7550547569634095,198.2269531517025,187.3877330796573,1,0.05468085898364172,0.006519343794604816,0.010329199757913477,0.016224201688998626,0.08638677940240877,0.8258596163724325,17.18550129934094,22.16765973696326,25.74234940099815,33.205178738267655,45.18798737629332,58.288199506538504,84.92562578443341,109.54596799630106,165.67586808390288,213.70608900718042,D1,WR|developmental,0.8907644864321179,141.65246415891278,126.17898448835793,0.7362394187053678,0.655815927694168,182.7181862013873,162.75887129348686,1,0.10923551356788208,0.01476436854320726,0.017185580708770774,0.02990459948509265,0.12465722187849056,0.7042527158165567,14.14964529863957,18.251694664908772,23.71367016222957,30.588375754336763,42.500715136335,54.82187428282986,82.82511701357738,106.83651175782468,161.8266032998436,208.74090408273636
sleeper:player:9493,sleeper:9493,Puka Nacua,WR,00-0039075,24.260593988925166,3,developmental,prime,EXACT_NAME_POSITION,MAPPED_2025,PHASE2_ENTRY_SEASON,elite,0.9958677685950413,0.9888888888888889,217.6,276.308,1,1,1.2899047488253008,D1,WR|developmental,0.9376431997432308,157.93221327376156,148.08406579654016,0.7257914212948602,0.6805333906091,203.71751189431524,191.01433969631546,1,0.06235680025676916,0.006063370345984309,0.008469334784669628,0.01211823922830219,0.058023644653436714,0.8529686107308381,17.27310760945123,22.280663532401583,25.829870907286548,33.3180731448534,45.31493864676603,58.45195455319065,85.26522188278341,109.98401461624528,166.78695174851129,215.13928110250103,D1,WR|developmental,0.8748937800879513,146.54713861231042,128.21318006159723,0.6734703061227502,0.5892149819007225,189.03185002277883,165.38278982344764,1,0.12510621991204873,0.012523307054194965,0.012227662739304779,0.01981588766740576,0.10131082296788274,0.729016099659163,13.97390291342262,18.025003727647544,23.563664917174258,30.394883276391212,42.315853482848574,54.58342035812202,83.0168573450577,107.08383852194248,162.54924926288854,209.67304854218744
sleeper:player:9500,sleeper:9500,Josh Downs,WR,00-0038997,24.05525096340103,3,developmental,prime,EXACT_NAME_POSITION,MAPPED_2025,PHASE2_ENTRY_SEASON,elite,0.6487603305785123,0.05555555555555555,101.85,135.7755,1,1,1.2899047488253008,D1,WR|developmental,0.923810271066161,87.75651492633229,81.07036984191663,0.8616250851873568,0.7959781035043362,113.1975453438344,104.57305504811171,1,0.07618972893383902,0.021731936194367925,0.04844650930104978,0.14220374606584538,0.4087226689943067,0.3027054105105912,8.876850551770843,11.450291681341703,18.009466832059097,23.230496790484775,36.63524362678803,47.25597472856572,75.47893159574471,97.36063230161115,145.1752829894631,187.26228694016538,D1,WR|developmental,0.8385807084640053,85.7589502481253,71.9158012562023,0.842012275386601,0.7060952504290849,110.62087717932954,92.76453355595189,1,0.16141929153599466,0.026314994160751927,0.07990027315278508,0.1289520040556127,0.32008818401430894,0.2833252530805467,7.361443839528015,9.495561366817942,16.69431349030574,21.534074249523655,33.42569819981465,43.115966840742225,75.43573650925383,97.30491475442064,147.99883018476578,190.90439387591866
sleeper:player:9501,sleeper:9501,DeMario Douglas,WR,00-0038621,24.731513994127187,3,developmental,prime,EXACT_NAME_POSITION,MAPPED_2025,PHASE2_ENTRY_SEASON,premium,0.371900826446281,0.29545454545454547,56.35,72.1805,1,1,1.2899047488253008,D1,WR|developmental,0.7890084765571952,55.910243562542206,44.113656097223156,0.9921959815890364,0.7828510398797366,72.1188886793024,56.90241448785434,1,0.2109915234428048,0.05563098839155115,0.09954687635918476,0.21043757020475629,0.3143549147206031,0.10903812688109986,3.863242265526523,4.983214544165276,13.465507499288293,17.36922206867467,31.40036992104868,40.50348627603183,69.39506358276824,89.51302206044645,129.64083721427963,167.2243315643871,D1,WR|developmental,0.6263705018870728,60.29740967855853,37.76851876284915,1.0700516358218017,0.6702487801747852,77.7779150862373,48.71779170829659,1,0.3736294981129272,0.046772641818135854,0.0895526457078676,0.15478256112091252,0.21986319625021528,0.1153994569899415,4.601724224163135,5.935785929532451,13.731552197448721,17.7123943882316,28.80597464096236,37.15696348391854,71.97851750321664,92.84543154080417,138.99110189301726,179.2852823762642
sleeper:player:9502,sleeper:9502,Tank Dell,WR,00-0038977,25.84310423896452,3,developmental,prime,EXACT_NAME_POSITION,MAPPED_NO_2025_ROW,PHASE2_ENTRY_SEASON,starter,0.06611570247933884,0.14285714285714285,22.9,30.4105,0,0,1.2899047488253008,D1,WR|developmental,0.36258354022859063,39.64763885366325,14.375581257265843,1.7313379412080023,0.627754640055277,51.14167763705073,18.5431305308712,1,0.6374164597714094,0.08114859293924258,0.10173077598065568,0.04321749479332486,0.08172090078288578,0.054765775732481724,2.010647617893092,2.593543910534578,11.993960573117207,15.471066700487311,29.239335285382253,37.71595743710975,65.84824610351642,84.93796535074294,115.90151374810341,149.5019129797195,D1,WR|developmental,0.2251698181628754,41.18039157777176,9.272581283442872,1.798270374575186,0.4049162132507804,53.11878265465321,11.960746631381562,1,0.7748301818371246,0.03627266866275406,0.04919265258251124,0.055537431809230244,0.055428230919395735,0.02873883418898412,1.355438901176683,1.748387075370351,10.23623438934812,13.203767348908993,24.08159491118799,31.062963635228588,66.96141875468464,86.37385203974728,127.7325807448371,164.76286248247655
sleeper:player:9504,sleeper:9504,Kayshon Boutte,WR,00-0038608,23.321491885528108,3,developmental,prime,EXACT_NAME_POSITION,MAPPED_2025,PHASE2_ENTRY_SEASON,premium,0.4090909090909091,0.3977272727272727,62.85,80.683,1,1,1.2899047488253008,D1,WR|developmental,0.8257327822760543,66.0974244359013,54.578810180738046,1.0516694420986683,0.8683979344588392,85.25938166499057,70.40146643736868,1,0.1742672177239457,0.048777855090543776,0.0878069283070517,0.18638585106804326,0.3504019867397583,0.15236016107065725,7.485237247990526,9.655243072267005,17.041702539026197,21.982173033158077,35.060130857754054,45.22422928785342,73.22513531762307,94.45344977957726,134.70956871253514,173.76251239450724,D1,WR|developmental,0.701109353138487,69.28087502682924,48.5734694749286,1.102321002813512,0.7728475652335497,89.36572969987922,62.65514894263119,1,0.298890646861513,0.05000649339242233,0.08568628957377877,0.15791181664292933,0.2508012460613702,0.15670350746798636,8.233428565398945,10.620338605621983,17.393642127630457,22.436141579798335,32.61517147135994,42.070464564658664,75.8295421064198,97.81288646431899,143.60165682038786,185.23245907179944
sleeper:player:9506,sleeper:9506,Sean Tucker,RB,00-0038951,23.852645844883877,3,developmental,prime,EXACT_NAME_POSITION,MAPPED_2025,PHASE2_ENTRY_SEASON,premium,0.42134831460674155,0.48333333333333334,64.5,68.9505,1,1,1.1143068393793185,D1,RB|developmental,0.8441181756555138,72.64536830077819,61.32127575987578,1.1262847798570261,0.950717453641485,80.94923074678668,68.3307169786948,1,0.15588182434448616,0.057027855347832404,0.0985756193162292,0.23542560184526223,0.33219356167886854,0.12089553746732143,12.411000361471537,13.829662586326927,21.023163295975337,23.426254646093575,38.01941088728081,42.365289580869536,85.34208911638214,95.09727358930392,175.69131909246408,195.77403848430697,D1,RB|developmental,0.692929178923802,71.10412582335852,49.27012352487452,1.1023895476489691,0.7638778841065818,79.23181371305601,54.90203562083153,1,0.307070821076198,0.06074505170893285,0.09795500456618668,0.1701675896640764,0.24543186872273368,0.1186296642618724,8.762871707939233,9.764527876760217,16.862610886921445,18.790122641088722,31.498977131394557,35.0995256509657,83.01763523323623,92.50711872949262,179.97831376080384,200.55106596362063
sleeper:player:9508,sleeper:9508,Tyjae Spears,RB,00-0039032,24.21404956980636,3,developmental,prime,EXACT_NAME_POSITION,MAPPED_2025,PHASE2_ENTRY_SEASON,premium,0.5112359550561798,0.75,89.6,108.023,1,1,1.1143068393793185,D1,RB|developmental,0.8066568300324463,83.40392314487883,67.27834425631774,0.9308473565276656,0.7508743778606891,92.93756199140552,74.96871914693115,1,0.19334316996755374,0.05003027952961409,0.07580229692296822,0.1844913216637769,0.33087384568820877,0.16545908622787825,12.3148619226927,13.72253486646842,20.8551501238533,23.239036419292173,38.03261615434654,42.38000430027671,85.89329297126507,95.71148381469222,179.16712149729966,199.64714887634634,D1,RB|developmental,0.6429543604934685,77.798433275563,50.02084191408339,0.8682860856647656,0.5582683249339665,86.6913262919554,55.7385662563748,1,0.35704563950653145,0.050217749525547785,0.08496193429581322,0.1318851207400658,0.2518100842224358,0.12407947170960594,9.040686487246411,10.074098785422862,17.22085426026014,19.18931568216235,32.04328791554285,35.706054880490065,84.10766742857584,93.72174905990319,182.93541928418946,203.8461888730956
sleeper:player:9509,sleeper:9509,Bijan Robinson,RB,00-0038542,23.587068865205993,3,developmental,prime,EXACT_NAME_POSITION,MAPPED_2025,PHASE2_ENTRY_SEASON,elite,0.9831460674157303,0.9583333333333334,289.4,329.2355,1,1,1.1143068393793185,D1,RB|developmental,0.9533976524434852,178.3509865898798,170.0394119257709,0.6162784609187277,0.5875584378913992,198.73772416715218,189.4760796729238,1,0.04660234755651482,0.005978033463953751,0.01567180647679467,0.027131481220109745,0.1238810704998777,0.7807352607827494,16.150980360855243,17.99714787878205,23.99194955879257,26.734393483406183,42.29297358091487,47.127349718902266,91.93016759735016,102.4384144990143,201.13218004926466,224.12296384816813,D1,RB|developmental,0.8996606651354514,162.64380979839933,146.3242381033918,0.5620034892826515,0.5056124329764747,181.2351096410654,163.05009928557735,1,0.1003393348645486,0.016832135284241972,0.034827655186370585,0.028436683391221886,0.16632431601716705,0.6532398752564499,12.67513856872732,14.123993597213438,21.21960751059627,23.64515377800218,38.42453476511645,42.81672188873765,89.66645637053537,99.91594559659482,198.03671794655483,220.67366925607908
sleeper:player:9511,sleeper:9511,Keaton Mitchell,RB,00-0038454,23.62266165629684,3,developmental,prime,EXACT_NAME_POSITION,MAPPED_2025,PHASE2_ENTRY_SEASON,premium,0.3202247191011236,0.18333333333333332,51.5,59.5655,1,1,1.1143068393793185,D1,RB|developmental,0.814176901495941,57.951285550892116,47.18259810753184,1.125267680599847,0.9161669535443075,64.57551384018296,52.57589177090842,1,0.18582309850405898,0.08230473682554475,0.12730050450211963,0.2700107305438986,0.26075528913547863,0.07380564048889938,10.43449917738721,11.627233798860441,19.21348126995605,21.40971358739846,35.959895188831624,40.070357152278525,82.95710942695827,92.43967440959814,169.86291064190783,189.27940308515593,D1,RB|developmental,0.6486799587805,59.496586527961824,38.59424329653873,1.1552735248147927,0.7494027824570627,66.29745328783129,43.00582926600252,1,0.3513200412195,0.06748537987099262,0.09815179037164533,0.2011997204333236,0.19822184789108488,0.08362122021345354,7.0604558770302575,7.867514272910721,15.085183874488045,16.809523564636635,29.13695202674728,32.46750492207159,81.02614679560843,90.28798954289913,175.95568157591575,196.06861940769247
sleeper:player:96,sleeper:96,Aaron Rodgers,QB,00-0023459,41.75034394956775,21,veteran,aging,DIRECT_ID,MAPPED_2025,PHASE2_ENTRY_SEASON,elite,0.5655737704918032,0.11666666666666667,233.9,243.698,1,1,1.045759529798389,D1,QB|veteran,0.6606839987325569,91.73341380051043,60.60679864710955,0.3921907387794375,0.2591141455626744,95.93109168282284,63.38013725578692,1,0.3393160012674431,0.02068562188549364,0.07038499929892186,0.15594973709118595,0.22625591300277478,0.18740772745418066,0.0,0.0,0.0,0.0,12.277458629670988,12.839269363683906,76.6499545540901,80.15742043355316,220.63992405284978,230.73630323226044,D1,QB|veteran,0.35170771897597897,88.2122082487062,31.024914548986494,0.37713641833564004,0.1326417894355985,92.24875742064458,32.444600050783315,1,0.648292281024021,0.025539100489939723,0.050642759335751276,0.06518182387506585,0.12150528914835317,0.08883874612686894,0.0,0.0,0.0,0.0,12.967511663025952,13.560898899381145,79.93368901623481,83.59141704066836,230.3871157954903,240.92952188589894
sleeper:player:9753,sleeper:9753,Zach Charbonnet,RB,00-0039165,24.646638876910544,3,developmental,prime,EXACT_NAME_POSITION,MAPPED_2025,PHASE2_ENTRY_SEASON,premium,0.5337078651685393,0.8166666666666667,95.5,104.208,1,1,1.1143068393793185,D1,RB|developmental,0.8212865148770806,97.61612496508081,80.1708070683768,1.022158376597705,0.8394848907683435,108.77431568229579,89.33487863485209,1,0.1787134851229194,0.030493649539813136,0.05273344986418364,0.1362658617056405,0.3553216280822527,0.24647192568519063,10.578342176888242,11.787519037001276,19.089888260847005,21.27199305204878,36.31841946524098,40.46986320556499,84.27853036330731,93.91214279667089,178.3027161261757,198.6839360593067,D1,RB|developmental,0.6593035908190495,88.19388997678804,58.14654834999654,0.923496230123435,0.608864380628236,98.27505479260205,64.79309651270138,1,0.34069640918095045,0.044646982263988666,0.06980932942294803,0.10662392133572647,0.2643408615145613,0.17388249628182506,7.4242599882837155,8.272903682274764,15.622595920837533,17.408365483448705,30.53857954789295,34.02934805514649,82.61600473185047,92.05957911489512,181.90183778190507,202.69446193604415
sleeper:player:9754,sleeper:9754,Quentin Johnston,WR,00-0038544,23.986803288226316,3,developmental,prime,EXACT_NAME_POSITION,MAPPED_2025,PHASE2_ENTRY_SEASON,elite,0.6900826446280992,0.16666666666666666,109.1,136.863,1,1,1.2899047488253008,D1,WR|developmental,0.9222015030094473,102.71962018874194,94.72818812661738,0.941518058558588,0.8682693687132667,132.49852587898948,122.19033971214024,1,0.07779849699055275,0.01533655840679999,0.031009141661269172,0.07643354819583124,0.33578601996315877,0.4636362347823881,6.516576987791254,8.405763602637613,15.567695387442797,20.080844208528195,34.30268986633173,44.247202556062824,73.23598515290497,94.46744503363135,144.36319704631865,186.21477342564907,D1,WR|developmental,0.8408046996662089,98.41803793902106,82.75034883105616,0.902090173593227,0.7584816574798915,126.94989450761189,106.74006792412952,1,0.15919530033379115,0.02066003439743549,0.050606160903453316,0.10510226463027997,0.2736335342962941,0.39080270543874596,6.636320623684746,8.560221487218236,15.997443060978249,20.6351777734182,33.02590852470887,42.600276240291954,74.7318664455385,96.39698941667827,148.11420115082242,191.05321143291167
sleeper:player:9756,sleeper:9756,Jordan Addison,WR,00-0038994,23.595282586226958,3,developmental,prime,EXACT_NAME_POSITION,MAPPED_2025,PHASE2_ENTRY_SEASON,premium,0.6157024793388429,0.9659090909090909,95.95,121.863,1,1,1.2899047488253008,D1,WR|developmental,0.8173203096781303,82.13992369541108,67.13462787167138,0.8560700749912568,0.6996834587980342,105.9526776428586,86.59727530228831,1,0.1826796903218697,0.02995885346742706,0.07112038825453018,0.12832581704784735,0.354311932967752,0.23360331794057376,9.557234704406945,12.327922430852487,18.752308537825797,24.18869183437873,37.29217666728254,48.10335577715983,76.05525813539334,98.10403864197797,144.61180752444966,186.53545726199798,D1,WR|developmental,0.6957428406993637,72.92965101046438,50.740282565233706,0.7600797395566897,0.5288200371572038,94.0723031685699,65.45013143763258,1,0.30425715930063635,0.047319210096274274,0.07053636835384455,0.19145675389276365,0.22216269860395552,0.1642678097525257,10.115212495474076,13.047660633289032,19.424986640080967,25.056382512908463,35.9306719271885,46.34714434736437,78.15258560122683,100.80939129999832,150.0580764533454,193.56062541676027
sleeper:player:9757,sleeper:9757,Kendre Miller,RB,00-0038551,23.22566514028351,3,developmental,prime,EXACT_NAME_POSITION,MAPPED_2025,PHASE2_ENTRY_SEASON,premium,0.3089887640449438,0.15,51.05,55.133,1,1,1.1143068393793185,D1,RB|developmental,0.7612797799173368,62.162564461514975,47.32310339235938,1.21768000904045,0.9269951692920545,69.2681707328239,52.73245777076068,1,0.23872022008266325,0.08708715376274172,0.11409618084514203,0.2379384309548433,0.24062865066383285,0.08152936369077687,12.915820793756083,14.392187446680023,21.722892392541205,24.20596756410963,38.436438459046364,42.82998625629764,85.42858670598613,95.19365844498948,171.93475113544622,191.58806911720876,D1,RB|developmental,0.5924968920320665,61.14689543976751,36.22934550547199,1.1977844356467682,0.7096835554450929,68.136403795345,40.370607482983814,1,0.40750310796793354,0.0636082523519617,0.08147437789293596,0.19345672504875375,0.17671110718243632,0.07724642955597875,8.805773626608449,9.81233377815582,16.823886573104673,18.74697187335242,30.768989699943475,34.28609566343882,82.80877461290557,92.27438391178116,177.52033063970643,197.81211856070286
sleeper:player:9758,sleeper:9758,C.J. Stroud,QB,00-0039163,23.912879799037626,3,developmental,young,EXACT_NAME_POSITION,MAPPED_2025,PHASE2_ENTRY_SEASON,elite,0.6311475409836066,0.25,261.48,273.508,1,1,1.045759529798389,D1,QB|developmental,0.9423299476460348,194.91914652478633,183.67814913991168,0.7454457186965975,0.7024558250723255,203.83855501846384,192.08317487879242,1,0.05767005235396516,0.010470394525162232,0.035372837859988765,0.06348171476980652,0.1891102965868997,0.6438947039041776,4.7197031795224405,4.935674577805349,15.738811644578902,16.45901226502024,39.21062002960422,41.00487956526221,103.73099792628093,108.47767961690522,249.98846456945182,261.4278191631712,D0,QB|developmental,0.9203300427346223,172.84817694135555,159.0773700710393,0.6610378497068821,0.6083729924699376,180.75762824470073,166.35667572705438,1,0.07966995726537773,0.014509522939550459,0.0731439701798892,0.06692198084836133,0.20284817883789263,0.5629063899289286,172.84817694135555,180.75762824470073,172.84817694135555,180.75762824470073,172.84817694135555,180.75762824470073,172.84817694135555,180.75762824470073,172.84817694135555,180.75762824470073
sleeper:player:9997,sleeper:9997,Zay Flowers,WR,00-0039064,24.972449810742177,3,developmental,prime,EXACT_NAME_POSITION,MAPPED_2025,PHASE2_ENTRY_SEASON,elite,0.9132231404958677,0.7666666666666667,156.65,197.4455,1,1,1.2899047488253008,D1,WR|developmental,0.9280746724523167,128.857115078892,119.58902486999317,0.8225797323899905,0.7634154157037546,166.2134046601911,154.2584510871912,1,0.07192532754768333,0.010509729761736548,0.01874040900188198,0.03687783714537469,0.20952805422830412,0.6524186423150193,9.59840701083197,12.38103078443022,18.204146042869027,23.481614429006065,37.53174501792012,48.412376130315494,76.93169918924215,99.234564119403,155.79499059526057,200.96069821201968,D1,WR|developmental,0.8469673290828958,116.9490328028961,99.05200995189688,0.746562609657811,0.6323141394950327,150.85311278298155,127.76765801764274,1,0.15303267091710415,0.019477124040149372,0.03558803450032895,0.06935535880674479,0.20038611609906504,0.5221606956366077,8.119955982330865,10.473969781860992,17.632691233142218,22.744492156200398,36.288490641913995,46.80869640670735,76.29182048972726,98.40918154622658,154.09379051960966,198.76631215573562
